Workbook

Sheet Лист1
A1: Device 0: Tesla V100-SXM2-16GB | B1: Max thread in blocks: 1024 Total Global Memory: 16151,1 MB GPU Global Memory Usage: 0,250568 MB GPU Global Memory Hash Table: 1024 MB Max PARAMETR_SIZE in GPU Global Memory: 2574989 Shared memory per block: 49152 bytes (48 KB) Shared memory per multiprocessor: 98304 bytes (96 KB) Data size in Shared memory per block: 336 bytes (0,328125 KB) Constant Memory: 65536 bytes Parameter data size (in Constant Memory): 1680 bytes (1,64062 KB) Registers per Block: 65536 Warp Size: 32 Compute Capability: 7,0 Can Map Host Memory: Yes Clock Rate: 1530 MHz L2 Cache Size: 6291456 bytes Multiprocessor Count: 80 | C1: Max thread in blocks by axis: (1024, 1024, 64) | D1: Max blocks by axis: (2147483647, 65535, 65535) | E1: Device 1: Tesla V100-SXM2-16GB | F1: Max thread in blocks: 1024 Total Global Memory: 16151,1 MB GPU Global Memory Usage: 0,250568 MB GPU Global Memory Hash Table: 1024 MB Max PARAMETR_SIZE in GPU Global Memory: 2574989 Shared memory per block: 49152 bytes (48 KB) Shared memory per multiprocessor: 98304 bytes (96 KB) Data size in Shared memory per block: 336 bytes (0,328125 KB) Constant Memory: 65536 bytes Parameter data size (in Constant Memory): 1680 bytes (1,64062 KB) Registers per Block: 65536 Warp Size: 32 Compute Capability: 7,0 Can Map Host Memory: Yes Clock Rate: 1530 MHz L2 Cache Size: 6291456 bytes Multiprocessor Count: 80 | G1: Max thread in blocks by axis: (1024, 1024, 64) | H1: Max blocks by axis: (2147483647, 65535, 65535) | I1: Device 2: Tesla V100-SXM2-16GB | J1: Max thread in blocks: 1024 Total Global Memory: 16151,1 MB GPU Global Memory Usage: 0,250568 MB GPU Global Memory Hash Table: 1024 MB Max PARAMETR_SIZE in GPU Global Memory: 2574989 Shared memory per block: 49152 bytes (48 KB) Shared memory per multiprocessor: 98304 bytes (96 KB) Data size in Shared memory per block: 336 bytes (0,328125 KB) Constant Memory: 65536 bytes Parameter data size (in Constant Memory): 1680 bytes (1,64062 KB) Registers per Block: 65536 Warp Size: 32 Compute Capability: 7,0 Can Map Host Memory: Yes Clock Rate: 1530 MHz L2 Cache Size: 6291456 bytes Multiprocessor Count: 80 | K1: Max thread in blocks by axis: (1024, 1024, 64) | L1: Max blocks by axis: (2147483647, 65535, 65535) | M1: Device 3: Tesla V100-SXM2-16GB | N1: Max thread in blocks: 1024 Total Global Memory: 16151,1 MB GPU Global Memory Usage: 0,250568 MB GPU Global Memory Hash Table: 1024 MB Max PARAMETR_SIZE in GPU Global Memory: 2574989 Shared memory per block: 49152 bytes (48 KB) Shared memory per multiprocessor: 98304 bytes (96 KB) Data size in Shared memory per block: 336 bytes (0,328125 KB) Constant Memory: 65536 bytes Parameter data size (in Constant Memory): 1680 bytes (1,64062 KB) Registers per Block: 65536 Warp Size: 32 Compute Capability: 7,0 Can Map Host Memory: Yes Clock Rate: 1530 MHz L2 Cache Size: 6291456 bytes Multiprocessor Count: 80 | O1: Max thread in blocks by axis: (1024, 1024, 64) | P1: Max blocks by axis: (2147483647, 65535, 65535) | Q1: PARAMETR_SIZE: 42 | R1: MAX_VALUE_SIZE: 5 | S1: SET_PARAMETR_SIZE_ONE_X: 21 | T1: ANT_SIZE: 500 | U1: MAX_THREAD_CUDA: 512 | V1: NAME_FILE_GRAPH: Parametr_Graph/test42,txt | W1: KOL_ITERATION: 500 | X1: KOL_PROGREV: 5 | Y1: KOL_PROGON_STATISTICS: 50 | Z1: PARAMETR_RO: 0,999 | AA1: PARAMETR_Q: 1 | AB1: PRINT_INFORMATION: 0 | AC1: MAX_PARAMETR_VALUE_TO_MIN_OPT: 1 | AD1: OPTIMIZE: OPTIMIZE_MIN_1 | AE1: FUNCTION: SHAFFERA GO_HASH: 1 | AF1: HASH_TABLE_SIZE: 67108864 | AG1: ZERO_HASH_RESULT: -1 | AH1: ZERO_HASH: 18446744073709551615 | AI1: MAX_PROBES: 10000
A2: Run 4 function ACO 4start0 | B2: 87.1499 | C2: 80.2928 | D2: 2.99009 | E2: 4.96027 | F2: 61.7248 | G2: 6.85704 | H2: 85.4896 | I2: 100 | J2: 0.497134 | K2: 0.00123005 | L2: 0.996599
A3: Run 4 function ACO 4start1 | B3: 86.5451 | C3: 79.8074 | D3: 2.84059 | E3: 4.93467 | F3: 61.5066 | G3: 6.73769 | H3: 88.4084 | I3: 100 | J3: 0.500608 | K3: 0.00123005 | L3: 0.996524
A4: Run 4 function ACO 4start2 | B4: 87.0999 | C4: 80.2846 | D4: 3.0075 | E4: 4.98177 | F4: 61.6365 | G4: 6.8153 | H4: 87.4448 | I4: 100 | J4: 0.497419 | K4: 0.00123008 | L4: 0.995117
A5: Run 4 function ACO 4start3 | B5: 87.1133 | C5: 80.2765 | D5: 2.95425 | E5: 5.04833 | F5: 61.6201 | G5: 6.83688 | H5: 87.6588 | I5: 100 | J5: 0.497342 | K5: 0.00123005 | L5: 0.997923
A6: Run 4 function ACO 4start4 | B6: 87.1472 | C6: 80.3503 | D6: 2.97269 | E6: 5.03195 | F6: 61.7124 | G6: 6.79696 | H6: 86.9784 | I6: 100 | J6: 0.497149 | K6: 0.00123008 | L6: 0.997921
A7: Run 4 function ACO 4start5 | B7: 86.5994 | C7: 79.8576 | D7: 2.87745 | E7: 4.96846 | F7: 61.567 | G7: 6.74188 | H7: 86.3516 | I7: 100 | J7: 0.500293 | K7: 0.00123008 | L7: 0.995627
A8: Run 4 function ACO 4start6 | B8: 87.0387 | C8: 80.2753 | D8: 2.96961 | E8: 4.99815 | F8: 61.6376 | G8: 6.76341 | H8: 87.4776 | I8: 100 | J8: 0.497768 | K8: 0.00123005 | L8: 0.997921
A9: Run 4 function ACO 4start7 | B9: 87.0886 | C9: 80.2539 | D9: 2.93275 | E9: 5.08929 | F9: 61.6365 | G9: 6.83479 | H9: 87.07 | I9: 100 | J9: 0.497483 | K9: 0.00123005 | L9: 0.996921
A10: Run 4 function ACO 4start8 | B10: 87.1729 | C10: 80.3646 | D10: 3.01057 | E10: 5.04424 | F10: 61.6828 | G10: 6.80831 | H10: 86.1972 | I10: 100 | J10: 0.497002 | K10: 0.00123005 | L10: 0.995116
A11: Run 4 function ACO 4start9 | B11: 87.1399 | C11: 80.2754 | D11: 2.94401 | E11: 5.0811 | F11: 61.6654 | G11: 6.86449 | H11: 85.3564 | I11: 100 | J11: 0.497191 | K11: 0.00123005 | L11: 0.995116
A12: Run 4 function ACO 4start10 | B12: 86.716 | C12: 79.9631 | D12: 2.91534 | E12: 5.0002 | F12: 61.5834 | G12: 6.75291 | H12: 84.3288 | I12: 100 | J12: 0.499621 | K12: 0.00123005 | L12: 0.995613
A13: Run 4 function ACO 4start11 | B13: 86.9728 | C13: 80.1689 | D13: 2.93685 | E13: 5.07393 | F13: 61.5956 | G13: 6.80393 | H13: 83.7524 | I13: 100 | J13: 0.498146 | K13: 0.00123005 | L13: 0.995116
... A151: Run Combined Run 2start49 | B151: 79.0935 | C151: 72.3292 | D151: 60.4179 | E151: 6.60072 | F151: 0 | G151: 6.76436 | H151: 72.38 | I151: 100 | J151: 0.557662 | K151: 0.0290376 | L151: 0.92863
A152: Device 0: Tesla V100-SXM2-16GB | B152: Max thread in blocks: 1024 Total Global Memory: 16151,1 MB GPU Global Memory Usage: 0,497303 MB GPU Global Memory Hash Table: 1024 MB Max PARAMETR_SIZE in GPU Global Memory: 2574989 Shared memory per block: 49152 bytes (48 KB) Shared memory per multiprocessor: 98304 bytes (96 KB) Data size in Shared memory per block: 672 bytes (0,65625 KB) Constant Memory: 65536 bytes Parameter data size (in Constant Memory): 3360 bytes (3,28125 KB) Registers per Block: 65536 Warp Size: 32 Compute Capability: 7,0 Can Map Host Memory: Yes Clock Rate: 1530 MHz L2 Cache Size: 6291456 bytes Multiprocessor Count: 80 | C152: Max thread in blocks by axis: (1024, 1024, 64) | D152: Max blocks by axis: (2147483647, 65535, 65535) | E152: Device 1: Tesla V100-SXM2-16GB | F152: Max thread in blocks: 1024 Total Global Memory: 16151,1 MB GPU Global Memory Usage: 0,497303 MB GPU Global Memory Hash Table: 1024 MB Max PARAMETR_SIZE in GPU Global Memory: 2574989 Shared memory per block: 49152 bytes (48 KB) Shared memory per multiprocessor: 98304 bytes (96 KB) Data size in Shared memory per block: 672 bytes (0,65625 KB) Constant Memory: 65536 bytes Parameter data size (in Constant Memory): 3360 bytes (3,28125 KB) Registers per Block: 65536 Warp Size: 32 Compute Capability: 7,0 Can Map Host Memory: Yes Clock Rate: 1530 MHz L2 Cache Size: 6291456 bytes Multiprocessor Count: 80 | G152: Max thread in blocks by axis: (1024, 1024, 64) | H152: Max blocks by axis: (2147483647, 65535, 65535) | I152: Device 2: Tesla V100-SXM2-16GB | J152: Max thread in blocks: 1024 Total Global Memory: 16151,1 MB GPU Global Memory Usage: 0,497303 MB GPU Global Memory Hash Table: 1024 MB Max PARAMETR_SIZE in GPU Global Memory: 2574989 Shared memory per block: 49152 bytes (48 KB) Shared memory per multiprocessor: 98304 bytes (96 KB) Data size in Shared memory per block: 672 bytes (0,65625 KB) Constant Memory: 65536 bytes Parameter data size (in Constant Memory): 3360 bytes (3,28125 KB) Registers per Block: 65536 Warp Size: 32 Compute Capability: 7,0 Can Map Host Memory: Yes Clock Rate: 1530 MHz L2 Cache Size: 6291456 bytes Multiprocessor Count: 80 | K152: Max thread in blocks by axis: (1024, 1024, 64) | L152: Max blocks by axis: (2147483647, 65535, 65535) | M152: Device 3: Tesla V100-SXM2-16GB | N152: Max thread in blocks: 1024 Total Global Memory: 16151,1 MB GPU Global Memory Usage: 0,497303 MB GPU Global Memory Hash Table: 1024 MB Max PARAMETR_SIZE in GPU Global Memory: 2574989 Shared memory per block: 49152 bytes (48 KB) Shared memory per multiprocessor: 98304 bytes (96 KB) Data size in Shared memory per block: 672 bytes (0,65625 KB) Constant Memory: 65536 bytes Parameter data size (in Constant Memory): 3360 bytes (3,28125 KB) Registers per Block: 65536 Warp Size: 32 Compute Capability: 7,0 Can Map Host Memory: Yes Clock Rate: 1530 MHz L2 Cache Size: 6291456 bytes Multiprocessor Count: 80 | O152: Max thread in blocks by axis: (1024, 1024, 64) | P152: Max blocks by axis: (2147483647, 65535, 65535) | Q152: PARAMETR_SIZE: 84 | R152: MAX_VALUE_SIZE: 5 | S152: SET_PARAMETR_SIZE_ONE_X: 21 | T152: ANT_SIZE: 500 | U152: MAX_THREAD_CUDA: 512 | V152: NAME_FILE_GRAPH: Parametr_Graph/test84,txt | W152: KOL_ITERATION: 500 | X152: KOL_PROGREV: 5 | Y152: KOL_PROGON_STATISTICS: 50 | Z152: PARAMETR_RO: 0,999 | AA152: PARAMETR_Q: 1 | AB152: PRINT_INFORMATION: 0 | AC152: MAX_PARAMETR_VALUE_TO_MIN_OPT: 1 | AD152: OPTIMIZE: OPTIMIZE_MIN_1 | AE152: FUNCTION: SHAFFERA GO_HASH: 1 | AF152: HASH_TABLE_SIZE: 67108864 | AG152: ZERO_HASH_RESULT: -1 | AH152: ZERO_HASH: 18446744073709551615 | AI152: MAX_PROBES: 10000
A153: Run 4 function ACO 4start0 | B153: 94.9932 | C153: 88.5267 | D153: 2.95425 | E153: 5.97915 | F153: 69.3954 | G153: 6.46654 | H153: 99.2596 | I153: 100 | J153: 0.892565 | K153: 0.00123848 | L153: 0.995114
A154: Run 4 function ACO 4start1 | B154: 94.9181 | C154: 88.4345 | D154: 2.92865 | E154: 6.02523 | F154: 69.2613 | G154: 6.48354 | H154: 99.1496 | I154: 100 | J154: 0.893271 | K154: 0.00123011 | L154: 0.995114
A155: Run 4 function ACO 4start2 | B155: 94.2638 | C155: 87.9296 | D155: 2.88052 | E155: 5.91873 | F155: 69.1733 | G155: 6.33417 | H155: 99.1048 | I155: 100 | J155: 0.899472 | K155: 0.00123066 | L155: 0.995116
A156: Run 4 function ACO 4start3 | B156: 94.9936 | C156: 88.5225 | D156: 2.93377 | E156: 6.0836 | F156: 69.2633 | G156: 6.47113 | H156: 99.0728 | I156: 100 | J156: 0.892561 | K156: 0.00123174 | L156: 0.995116
A157: Run 4 function ACO 4start4 | B157: 94.7373 | C157: 88.3075 | D157: 2.92456 | E157: 5.98632 | F157: 69.2441 | G157: 6.42983 | H157: 99.0272 | I157: 100 | J157: 0.894976 | K157: 0.00123217 | L157: 0.995116
A158: Run 4 function ACO 4start5 | B158: 94.5588 | C158: 88.1395 | D158: 2.87643 | E158: 5.9812 | F158: 69.1897 | G158: 6.41928 | H158: 99.3052 | I158: 100 | J158: 0.896665 | K158: 0.00123065 | L158: 0.995116
A159: Run 4 function ACO 4start6 | B159: 95.0807 | C159: 88.5983 | D159: 2.98805 | E159: 6.03034 | F159: 69.3002 | G159: 6.48241 | H159: 99.28 | I159: 100 | J159: 0.891744 | K159: 0.00123076 | L159: 0.995116
A160: Run 4 function ACO 4start7 | B160: 95.015 | C160: 88.4949 | D160: 2.90612 | E160: 6.06722 | F160: 69.2511 | G160: 6.52001 | H160: 99.2552 | I160: 100 | J160: 0.892361 | K160: 0.00126087 | L160: 0.995116
A161: Run 4 function ACO 4start8 | B161: 94.338 | C161: 88.0269 | D161: 2.89076 | E161: 5.94843 | F161: 69.1866 | G161: 6.31114 | H161: 99.1792 | I161: 100 | J161: 0.898764 | K161: 0.00123075 | L161: 0.995116
A162: Run 4 function ACO 4start9 | B162: 95.0541 | C162: 88.5636 | D162: 2.91534 | E162: 6.10101 | F162: 69.2787 | G162: 6.49049 | H162: 99.1604 | I162: 100 | J162: 0.891994 | K162: 0.0012447 | L162: 0.995116
A163: Run 4 function ACO 4start10 | B163: 95.006 | C163: 88.5257 | D163: 2.93377 | E163: 6.07745 | F163: 69.2932 | G163: 6.48029 | H163: 99.2192 | I163: 100 | J163: 0.892445 | K163: 0.00123068 | L163: 0.995116
A164: Run 4 function ACO 4start11 | B164: 94.4911 | C164: 88.1354 | D164: 2.86312 | E164: 6.01601 | F164: 69.1968 | G164: 6.35574 | H164: 99.052 | I164: 100 | J164: 0.897307 | K164: 0.00125935 | L164: 0.995116
... A302: Run Combined Run 2start49 | B302: 87.945 | C302: 81.7336 | D302: 68.0622 | E302: 8.59546 | F302: 0 | G302: 6.21146 | H302: 97.4192 | I302: 100 | J302: 0.981889 | K302: 0.0108572 | L302: 0.995099
A303: Device 0: Tesla V100-SXM2-16GB | B303: Max thread in blocks: 1024 Total Global Memory: 16151,1 MB GPU Global Memory Usage: 0,990772 MB GPU Global Memory Hash Table: 1024 MB Max PARAMETR_SIZE in GPU Global Memory: 2574989 Shared memory per block: 49152 bytes (48 KB) Shared memory per multiprocessor: 98304 bytes (96 KB) Data size in Shared memory per block: 1344 bytes (1,3125 KB) Constant Memory: 65536 bytes Parameter data size (in Constant Memory): 6720 bytes (6,5625 KB) Registers per Block: 65536 Warp Size: 32 Compute Capability: 7,0 Can Map Host Memory: Yes Clock Rate: 1530 MHz L2 Cache Size: 6291456 bytes Multiprocessor Count: 80 | C303: Max thread in blocks by axis: (1024, 1024, 64) | D303: Max blocks by axis: (2147483647, 65535, 65535) | E303: Device 1: Tesla V100-SXM2-16GB | F303: Max thread in blocks: 1024 Total Global Memory: 16151,1 MB GPU Global Memory Usage: 0,990772 MB GPU Global Memory Hash Table: 1024 MB Max PARAMETR_SIZE in GPU Global Memory: 2574989 Shared memory per block: 49152 bytes (48 KB) Shared memory per multiprocessor: 98304 bytes (96 KB) Data size in Shared memory per block: 1344 bytes (1,3125 KB) Constant Memory: 65536 bytes Parameter data size (in Constant Memory): 6720 bytes (6,5625 KB) Registers per Block: 65536 Warp Size: 32 Compute Capability: 7,0 Can Map Host Memory: Yes Clock Rate: 1530 MHz L2 Cache Size: 6291456 bytes Multiprocessor Count: 80 | G303: Max thread in blocks by axis: (1024, 1024, 64) | H303: Max blocks by axis: (2147483647, 65535, 65535) | I303: Device 2: Tesla V100-SXM2-16GB | J303: Max thread in blocks: 1024 Total Global Memory: 16151,1 MB GPU Global Memory Usage: 0,990772 MB GPU Global Memory Hash Table: 1024 MB Max PARAMETR_SIZE in GPU Global Memory: 2574989 Shared memory per block: 49152 bytes (48 KB) Shared memory per multiprocessor: 98304 bytes (96 KB) Data size in Shared memory per block: 1344 bytes (1,3125 KB) Constant Memory: 65536 bytes Parameter data size (in Constant Memory): 6720 bytes (6,5625 KB) Registers per Block: 65536 Warp Size: 32 Compute Capability: 7,0 Can Map Host Memory: Yes Clock Rate: 1530 MHz L2 Cache Size: 6291456 bytes Multiprocessor Count: 80 | K303: Max thread in blocks by axis: (1024, 1024, 64) | L303: Max blocks by axis: (2147483647, 65535, 65535) | M303: Device 3: Tesla V100-SXM2-16GB | N303: Max thread in blocks: 1024 Total Global Memory: 16151,1 MB GPU Global Memory Usage: 0,990772 MB GPU Global Memory Hash Table: 1024 MB Max PARAMETR_SIZE in GPU Global Memory: 2574989 Shared memory per block: 49152 bytes (48 KB) Shared memory per multiprocessor: 98304 bytes (96 KB) Data size in Shared memory per block: 1344 bytes (1,3125 KB) Constant Memory: 65536 bytes Parameter data size (in Constant Memory): 6720 bytes (6,5625 KB) Registers per Block: 65536 Warp Size: 32 Compute Capability: 7,0 Can Map Host Memory: Yes Clock Rate: 1530 MHz L2 Cache Size: 6291456 bytes Multiprocessor Count: 80 | O303: Max thread in blocks by axis: (1024, 1024, 64) | P303: Max blocks by axis: (2147483647, 65535, 65535) | Q303: PARAMETR_SIZE: 168 | R303: MAX_VALUE_SIZE: 5 | S303: SET_PARAMETR_SIZE_ONE_X: 21 | T303: ANT_SIZE: 500 | U303: MAX_THREAD_CUDA: 512 | V303: NAME_FILE_GRAPH: Parametr_Graph/test168,txt | W303: KOL_ITERATION: 500 | X303: KOL_PROGREV: 5 | Y303: KOL_PROGON_STATISTICS: 50 | Z303: PARAMETR_RO: 0,999 | AA303: PARAMETR_Q: 1 | AB303: PRINT_INFORMATION: 0 | AC303: MAX_PARAMETR_VALUE_TO_MIN_OPT: 1 | AD303: OPTIMIZE: OPTIMIZE_MIN_1 | AE303: FUNCTION: SHAFFERA GO_HASH: 1 | AF303: HASH_TABLE_SIZE: 67108864 | AG303: ZERO_HASH_RESULT: -1 | AH303: ZERO_HASH: 18446744073709551615 | AI303: MAX_PROBES: 10000
A304: Run 4 function ACO 4start0 | B304: 101.274 | C304: 93.316 | D304: 3.28194 | E304: 8.46848 | F304: 70.6162 | G304: 7.95766 | H304: 99.9836 | I304: 100 | J304: 1.65603 | K304: 0.0129673 | L304: 0.995102
A305: Run 4 function ACO 4start1 | B305: 100.231 | C305: 93.231 | D305: 3.2717 | E305: 8.51148 | F305: 70.44 | G305: 6.99989 | H305: 99.982 | I305: 100 | J305: 1.67326 | K305: 0.0122035 | L305: 0.981016
A306: Run 4 function ACO 4start2 | B306: 100.167 | C306: 93.1666 | D306: 3.2932 | E306: 8.46029 | F306: 70.4738 | G306: 7.00091 | H306: 99.9784 | I306: 100 | J306: 1.67432 | K306: 0.0136972 | L306: 0.981019
A307: Run 4 function ACO 4start3 | B307: 97.8145 | C307: 91.3655 | D307: 2.93992 | E307: 8.25037 | F307: 70.0038 | G307: 6.44901 | H307: 99.9752 | I307: 100 | J307: 1.7146 | K307: 0.0125838 | L307: 0.980849
A308: Run 4 function ACO 4start4 | B308: 97.5472 | C308: 91.1558 | D308: 2.93377 | E308: 8.17358 | F308: 69.9352 | G308: 6.39141 | H308: 99.9784 | I308: 100 | J308: 1.7193 | K308: 0.0119196 | L308: 0.981016
A309: Run 4 function ACO 4start5 | B309: 97.877 | C309: 91.4118 | D309: 2.93787 | E309: 8.2596 | F309: 70.0089 | G309: 6.46519 | H309: 99.9704 | I309: 100 | J309: 1.7135 | K309: 0.0197938 | L309: 0.980721
A310: Run 4 function ACO 4start6 | B310: 97.9065 | C310: 91.4504 | D310: 2.97166 | E310: 8.24935 | F310: 70.0028 | G310: 6.45605 | H310: 99.9656 | I310: 100 | J310: 1.71299 | K310: 0.0128157 | L310: 0.981015
A311: Run 4 function ACO 4start7 | B311: 97.2641 | C311: 90.9244 | D311: 2.86209 | E311: 8.20839 | F311: 69.8839 | G311: 6.33976 | H311: 99.9608 | I311: 100 | J311: 1.7243 | K311: 0.013763 | L311: 0.981009
A312: Run 4 function ACO 4start8 | B312: 97.9056 | C312: 91.4712 | D312: 2.99214 | E312: 8.2299 | F312: 70.0376 | G312: 6.43436 | H312: 99.9576 | I312: 100 | J312: 1.713 | K312: 0.0154241 | L312: 0.980998
A313: Run 4 function ACO 4start9 | B313: 97.8429 | C313: 91.2743 | D313: 2.89281 | E313: 8.25959 | F313: 69.9617 | G313: 6.56853 | H313: 99.9604 | I313: 100 | J313: 1.7141 | K313: 0.011879 | L313: 0.981019
A314: Run 4 function ACO 4start10 | B314: 97.3741 | C314: 91.0422 | D314: 2.89588 | E314: 8.17358 | F314: 69.9218 | G314: 6.33187 | H314: 99.978 | I314: 100 | J314: 1.72235 | K314: 0.0111973 | L314: 0.988792
A315: Run 4 function ACO 4start11 | B315: 97.8949 | C315: 91.4446 | D315: 2.96654 | E315: 8.27802 | F315: 69.9997 | G315: 6.45026 | H315: 99.976 | I315: 100 | J315: 1.71319 | K315: 0.0124759 | L315: 0.980985
... A453: Run Combined Run 2start49 | B453: 91.0912 | C453: 84.8384 | D453: 69.377 | E453: 10.6189 | F453: 0 | G453: 6.25283 | H453: 99.9624 | I453: 100 | J453: 1.8755 | K453: 0.0152417 | L453: 0.98095
A454: Device 0: Tesla V100-SXM2-16GB | B454: Max thread in blocks: 1024 Total Global Memory: 16151,1 MB GPU Global Memory Usage: 1,97771 MB GPU Global Memory Hash Table: 1024 MB Max PARAMETR_SIZE in GPU Global Memory: 2574989 Shared memory per block: 49152 bytes (48 KB) Shared memory per multiprocessor: 98304 bytes (96 KB) Data size in Shared memory per block: 2688 bytes (2,625 KB) Constant Memory: 65536 bytes Parameter data size (in Constant Memory): 13440 bytes (13,125 KB) Registers per Block: 65536 Warp Size: 32 Compute Capability: 7,0 Can Map Host Memory: Yes Clock Rate: 1530 MHz L2 Cache Size: 6291456 bytes Multiprocessor Count: 80 | C454: Max thread in blocks by axis: (1024, 1024, 64) | D454: Max blocks by axis: (2147483647, 65535, 65535) | E454: Device 1: Tesla V100-SXM2-16GB | F454: Max thread in blocks: 1024 Total Global Memory: 16151,1 MB GPU Global Memory Usage: 1,97771 MB GPU Global Memory Hash Table: 1024 MB Max PARAMETR_SIZE in GPU Global Memory: 2574989 Shared memory per block: 49152 bytes (48 KB) Shared memory per multiprocessor: 98304 bytes (96 KB) Data size in Shared memory per block: 2688 bytes (2,625 KB) Constant Memory: 65536 bytes Parameter data size (in Constant Memory): 13440 bytes (13,125 KB) Registers per Block: 65536 Warp Size: 32 Compute Capability: 7,0 Can Map Host Memory: Yes Clock Rate: 1530 MHz L2 Cache Size: 6291456 bytes Multiprocessor Count: 80 | G454: Max thread in blocks by axis: (1024, 1024, 64) | H454: Max blocks by axis: (2147483647, 65535, 65535) | I454: Device 2: Tesla V100-SXM2-16GB | J454: Max thread in blocks: 1024 Total Global Memory: 16151,1 MB GPU Global Memory Usage: 1,97771 MB GPU Global Memory Hash Table: 1024 MB Max PARAMETR_SIZE in GPU Global Memory: 2574989 Shared memory per block: 49152 bytes (48 KB) Shared memory per multiprocessor: 98304 bytes (96 KB) Data size in Shared memory per block: 2688 bytes (2,625 KB) Constant Memory: 65536 bytes Parameter data size (in Constant Memory): 13440 bytes (13,125 KB) Registers per Block: 65536 Warp Size: 32 Compute Capability: 7,0 Can Map Host Memory: Yes Clock Rate: 1530 MHz L2 Cache Size: 6291456 bytes Multiprocessor Count: 80 | K454: Max thread in blocks by axis: (1024, 1024, 64) | L454: Max blocks by axis: (2147483647, 65535, 65535) | M454: Device 3: Tesla V100-SXM2-16GB | N454: Max thread in blocks: 1024 Total Global Memory: 16151,1 MB GPU Global Memory Usage: 1,97771 MB GPU Global Memory Hash Table: 1024 MB Max PARAMETR_SIZE in GPU Global Memory: 2574989 Shared memory per block: 49152 bytes (48 KB) Shared memory per multiprocessor: 98304 bytes (96 KB) Data size in Shared memory per block: 2688 bytes (2,625 KB) Constant Memory: 65536 bytes Parameter data size (in Constant Memory): 13440 bytes (13,125 KB) Registers per Block: 65536 Warp Size: 32 Compute Capability: 7,0 Can Map Host Memory: Yes Clock Rate: 1530 MHz L2 Cache Size: 6291456 bytes Multiprocessor Count: 80 | O454: Max thread in blocks by axis: (1024, 1024, 64) | P454: Max blocks by axis: (2147483647, 65535, 65535) | Q454: PARAMETR_SIZE: 336 | R454: MAX_VALUE_SIZE: 5 | S454: SET_PARAMETR_SIZE_ONE_X: 21 | T454: ANT_SIZE: 500 | U454: MAX_THREAD_CUDA: 512 | V454: NAME_FILE_GRAPH: Parametr_Graph/test336,txt | W454: KOL_ITERATION: 500 | X454: KOL_PROGREV: 5 | Y454: KOL_PROGON_STATISTICS: 50 | Z454: PARAMETR_RO: 0,999 | AA454: PARAMETR_Q: 1 | AB454: PRINT_INFORMATION: 0 | AC454: MAX_PARAMETR_VALUE_TO_MIN_OPT: 1 | AD454: OPTIMIZE: OPTIMIZE_MIN_1 | AE454: FUNCTION: SHAFFERA GO_HASH: 1 | AF454: HASH_TABLE_SIZE: 67108864 | AG454: ZERO_HASH_RESULT: -1 | AH454: ZERO_HASH: 18446744073709551615 | AI454: MAX_PROBES: 10000
A455: Run 4 function ACO 4start0 | B455: 101.211 | C455: 94.1631 | D455: 2.85595 | E455: 13.7144 | F455: 67.9381 | G455: 7.0481 | H455: 100 | I455: 100 | J455: 3.29571 | K455: 0.0832809 | L455: 0.931808
A456: Run 4 function ACO 4start1 | B456: 100.483 | C456: 94.0566 | D456: 2.83649 | E456: 13.7195 | F456: 67.8286 | G456: 6.42622 | H456: 100 | I456: 100 | J456: 3.3196 | K456: 0.056163 | L456: 0.941174
A457: Run 4 function ACO 4start2 | B457: 100.384 | C457: 94.0904 | D457: 2.87131 | E457: 13.7154 | F457: 67.8297 | G457: 6.29382 | H457: 100 | I457: 100 | J457: 3.32286 | K457: 0.0832556 | L457: 0.931741
A458: Run 4 function ACO 4start3 | B458: 100.325 | C458: 94.0216 | D458: 2.84571 | E458: 13.7083 | F458: 67.8532 | G458: 6.30327 | H458: 100 | I458: 100 | J458: 3.32482 | K458: 0.0832571 | L458: 0.931426
A459: Run 4 function ACO 4start4 | B459: 100.615 | C459: 94.1619 | D459: 2.88667 | E459: 13.7349 | F459: 67.8388 | G459: 6.45264 | H459: 100 | I459: 100 | J459: 3.31525 | K459: 0.0539449 | L459: 0.931305
A460: Run 4 function ACO 4start5 | B460: 100.496 | C460: 93.9899 | D460: 2.83649 | E460: 13.7267 | F460: 67.8091 | G460: 6.5061 | H460: 100 | I460: 100 | J460: 3.31916 | K460: 0.0572599 | L460: 0.931483
A461: Run 4 function ACO 4start6 | B461: 100.395 | C461: 93.9604 | D461: 2.81806 | E461: 13.6868 | F461: 67.8142 | G461: 6.43483 | H461: 100 | I461: 100 | J461: 3.32249 | K461: 0.055662 | L461: 0.957663
A462: Run 4 function ACO 4start7 | B462: 100.356 | C462: 94.0597 | D462: 2.83035 | E462: 13.7185 | F462: 67.8368 | G462: 6.29627 | H462: 100 | I462: 100 | J462: 3.32379 | K462: 0.0539699 | L462: 0.931783
A463: Run 4 function ACO 4start8 | B463: 100.386 | C463: 94.1017 | D463: 2.90715 | E463: 13.7298 | F463: 67.845 | G463: 6.28447 | H463: 100 | I463: 100 | J463: 3.32279 | K463: 0.0663013 | L463: 0.931732
A464: Run 4 function ACO 4start9 | B464: 100.395 | C464: 94.0761 | D464: 2.82932 | E464: 13.7359 | F464: 67.8275 | G464: 6.31889 | H464: 100 | I464: 100 | J464: 3.3225 | K464: 0.0832596 | L464: 0.931751
A465: Run 4 function ACO 4start10 | B465: 100.542 | C465: 94.4198 | D465: 2.8539 | E465: 13.7052 | F465: 67.8614 | G465: 6.12221 | H465: 100 | I465: 100 | J465: 3.31764 | K465: 0.0541298 | L465: 0.931723
A466: Run 4 function ACO 4start11 | B466: 100.437 | C466: 94.0707 | D466: 2.83956 | E466: 13.7339 | F466: 67.8173 | G466: 6.36649 | H466: 100 | I466: 100 | J466: 3.32111 | K466: 0.0560218 | L466: 0.931836
... A604: Run Combined Run 2start49 | B604: 95.88 | C604: 88.6619 | D604: 67.8952 | E604: 15.3723 | F604: 0 | G604: 7.21805 | H604: 100 | I604: 100 | J604: 3.54423 | K604: 0.0644902 | L604: 0.927613
A605: Device 0: Tesla V100-SXM2-16GB | B605: Max thread in blocks: 1024 Total Global Memory: 16151,1 MB GPU Global Memory Usage: 3,95159 MB GPU Global Memory Hash Table: 1024 MB Max PARAMETR_SIZE in GPU Global Memory: 2574989 Shared memory per block: 49152 bytes (48 KB) Shared memory per multiprocessor: 98304 bytes (96 KB) Data size in Shared memory per block: 5376 bytes (5,25 KB) Constant Memory: 65536 bytes Parameter data size (in Constant Memory): 26880 bytes (26,25 KB) Registers per Block: 65536 Warp Size: 32 Compute Capability: 7,0 Can Map Host Memory: Yes Clock Rate: 1530 MHz L2 Cache Size: 6291456 bytes Multiprocessor Count: 80 | C605: Max thread in blocks by axis: (1024, 1024, 64) | D605: Max blocks by axis: (2147483647, 65535, 65535) | E605: Device 1: Tesla V100-SXM2-16GB | F605: Max thread in blocks: 1024 Total Global Memory: 16151,1 MB GPU Global Memory Usage: 3,95159 MB GPU Global Memory Hash Table: 1024 MB Max PARAMETR_SIZE in GPU Global Memory: 2574989 Shared memory per block: 49152 bytes (48 KB) Shared memory per multiprocessor: 98304 bytes (96 KB) Data size in Shared memory per block: 5376 bytes (5,25 KB) Constant Memory: 65536 bytes Parameter data size (in Constant Memory): 26880 bytes (26,25 KB) Registers per Block: 65536 Warp Size: 32 Compute Capability: 7,0 Can Map Host Memory: Yes Clock Rate: 1530 MHz L2 Cache Size: 6291456 bytes Multiprocessor Count: 80 | G605: Max thread in blocks by axis: (1024, 1024, 64) | H605: Max blocks by axis: (2147483647, 65535, 65535) | I605: Device 2: Tesla V100-SXM2-16GB | J605: Max thread in blocks: 1024 Total Global Memory: 16151,1 MB GPU Global Memory Usage: 3,95159 MB GPU Global Memory Hash Table: 1024 MB Max PARAMETR_SIZE in GPU Global Memory: 2574989 Shared memory per block: 49152 bytes (48 KB) Shared memory per multiprocessor: 98304 bytes (96 KB) Data size in Shared memory per block: 5376 bytes (5,25 KB) Constant Memory: 65536 bytes Parameter data size (in Constant Memory): 26880 bytes (26,25 KB) Registers per Block: 65536 Warp Size: 32 Compute Capability: 7,0 Can Map Host Memory: Yes Clock Rate: 1530 MHz L2 Cache Size: 6291456 bytes Multiprocessor Count: 80 | K605: Max thread in blocks by axis: (1024, 1024, 64) | L605: Max blocks by axis: (2147483647, 65535, 65535) | M605: Device 3: Tesla V100-SXM2-16GB | N605: Max thread in blocks: 1024 Total Global Memory: 16151,1 MB GPU Global Memory Usage: 3,95159 MB GPU Global Memory Hash Table: 1024 MB Max PARAMETR_SIZE in GPU Global Memory: 2574989 Shared memory per block: 49152 bytes (48 KB) Shared memory per multiprocessor: 98304 bytes (96 KB) Data size in Shared memory per block: 5376 bytes (5,25 KB) Constant Memory: 65536 bytes Parameter data size (in Constant Memory): 26880 bytes (26,25 KB) Registers per Block: 65536 Warp Size: 32 Compute Capability: 7,0 Can Map Host Memory: Yes Clock Rate: 1530 MHz L2 Cache Size: 6291456 bytes Multiprocessor Count: 80 | O605: Max thread in blocks by axis: (1024, 1024, 64) | P605: Max blocks by axis: (2147483647, 65535, 65535) | Q605: PARAMETR_SIZE: 672 | R605: MAX_VALUE_SIZE: 5 | S605: SET_PARAMETR_SIZE_ONE_X: 21 | T605: ANT_SIZE: 500 | U605: MAX_THREAD_CUDA: 512 | V605: NAME_FILE_GRAPH: Parametr_Graph/test672,txt | W605: KOL_ITERATION: 500 | X605: KOL_PROGREV: 5 | Y605: KOL_PROGON_STATISTICS: 50 | Z605: PARAMETR_RO: 0,999 | AA605: PARAMETR_Q: 1 | AB605: PRINT_INFORMATION: 0 | AC605: MAX_PARAMETR_VALUE_TO_MIN_OPT: 1 | AD605: OPTIMIZE: OPTIMIZE_MIN_1 | AE605: FUNCTION: SHAFFERA GO_HASH: 1 | AF605: HASH_TABLE_SIZE: 67108864 | AG605: ZERO_HASH_RESULT: -1 | AH605: ZERO_HASH: 18446744073709551615 | AI605: MAX_PROBES: 10000
A606: Run 4 function ACO 4start0 | B606: 121.365 | C606: 114.834 | D606: 2.90612 | E606: 32.7261 | F606: 68.8628 | G606: 6.53119 | H606: 100 | I606: 100 | J606: 5.48151 | K606: 0.178473 | L606: 0.836896
A607: Run 4 function ACO 4start1 | B607: 121.067 | C607: 114.592 | D607: 2.86516 | E607: 32.6667 | F607: 68.7543 | G607: 6.47536 | H607: 100 | I607: 100 | J607: 5.49497 | K607: 0.148962 | L607: 0.836905
A608: Run 4 function ACO 4start2 | B608: 121.282 | C608: 114.784 | D608: 2.93275 | E608: 32.722 | F608: 68.7911 | G608: 6.49834 | H608: 100 | I608: 100 | J608: 5.48526 | K608: 0.178462 | L608: 0.836926
A609: Run 4 function ACO 4start3 | B609: 121.273 | C609: 114.735 | D609: 2.89896 | E609: 32.7404 | F609: 68.7635 | G609: 6.53806 | H609: 100 | I609: 100 | J609: 5.48564 | K609: 0.167638 | L609: 0.837047
A610: Run 4 function ACO 4start4 | B610: 121.23 | C610: 114.737 | D610: 2.91739 | E610: 32.6831 | F610: 68.7748 | G610: 6.49291 | H610: 100 | I610: 100 | J610: 5.48759 | K610: 0.14846 | L610: 0.836974
A611: Run 4 function ACO 4start5 | B611: 121.018 | C611: 114.572 | D611: 2.85902 | E611: 32.6954 | F611: 68.7543 | G611: 6.44643 | H611: 100 | I611: 100 | J611: 5.49721 | K611: 0.178456 | L611: 0.836981
A612: Run 4 function ACO 4start6 | B612: 121.268 | C612: 114.763 | D612: 2.91124 | E612: 32.7189 | F612: 68.7911 | G612: 6.50495 | H612: 100 | I612: 100 | J612: 5.48588 | K612: 0.164117 | L612: 0.836926
A613: Run 4 function ACO 4start7 | B613: 121.297 | C613: 114.782 | D613: 2.91329 | E613: 32.7701 | F613: 68.7717 | G613: 6.51497 | H613: 100 | I613: 100 | J613: 5.48459 | K613: 0.148181 | L613: 0.836767
A614: Run 4 function ACO 4start8 | B614: 121.251 | C614: 114.78 | D614: 2.93582 | E614: 32.7169 | F614: 68.7911 | G614: 6.47043 | H614: 100 | I614: 100 | J614: 5.48666 | K614: 0.147292 | L614: 0.836927
A615: Run 4 function ACO 4start9 | B615: 121.277 | C615: 114.757 | D615: 2.89691 | E615: 32.7619 | F615: 68.7584 | G615: 6.5199 | H615: 100 | I615: 100 | J615: 5.48549 | K615: 0.151929 | L615: 0.836285
A616: Run 4 function ACO 4start10 | B616: 121.754 | C616: 115.178 | D616: 2.96245 | E616: 32.7118 | F616: 69.1353 | G616: 6.57648 | H616: 100 | I616: 100 | J616: 5.46398 | K616: 0.148174 | L616: 0.835755
A617: Run 4 function ACO 4start11 | B617: 121.296 | C617: 114.76 | D617: 2.89179 | E617: 32.7118 | F617: 68.7922 | G617: 6.53584 | H617: 100 | I617: 100 | J617: 5.48463 | K617: 0.14996 | L617: 0.836785
... A755: Run Combined Run 2start49 | B755: 113.868 | C755: 106.867 | D755: 68.2956 | E755: 33.451 | F755: 0 | G755: 7.00095 | H755: 100 | I755: 100 | J755: 5.95233 | K755: 0.154424 | L755: 0.854909
A756: Device 0: Tesla V100-SXM2-16GB | B756: Max thread in blocks: 1024 Total Global Memory: 16151,1 MB GPU Global Memory Usage: 7,89934 MB GPU Global Memory Hash Table: 1024 MB Max PARAMETR_SIZE in GPU Global Memory: 2574989 Shared memory per block: 49152 bytes (48 KB) Shared memory per multiprocessor: 98304 bytes (96 KB) Data size in Shared memory per block: 10752 bytes (10,5 KB) Constant Memory: 65536 bytes Parameter data size (in Constant Memory): 53760 bytes (52,5 KB) Registers per Block: 65536 Warp Size: 32 Compute Capability: 7,0 Can Map Host Memory: Yes Clock Rate: 1530 MHz L2 Cache Size: 6291456 bytes Multiprocessor Count: 80 | C756: Max thread in blocks by axis: (1024, 1024, 64) | D756: Max blocks by axis: (2147483647, 65535, 65535) | E756: Device 1: Tesla V100-SXM2-16GB | F756: Max thread in blocks: 1024 Total Global Memory: 16151,1 MB GPU Global Memory Usage: 7,89934 MB GPU Global Memory Hash Table: 1024 MB Max PARAMETR_SIZE in GPU Global Memory: 2574989 Shared memory per block: 49152 bytes (48 KB) Shared memory per multiprocessor: 98304 bytes (96 KB) Data size in Shared memory per block: 10752 bytes (10,5 KB) Constant Memory: 65536 bytes Parameter data size (in Constant Memory): 53760 bytes (52,5 KB) Registers per Block: 65536 Warp Size: 32 Compute Capability: 7,0 Can Map Host Memory: Yes Clock Rate: 1530 MHz L2 Cache Size: 6291456 bytes Multiprocessor Count: 80 | G756: Max thread in blocks by axis: (1024, 1024, 64) | H756: Max blocks by axis: (2147483647, 65535, 65535) | I756: Device 2: Tesla V100-SXM2-16GB | J756: Max thread in blocks: 1024 Total Global Memory: 16151,1 MB GPU Global Memory Usage: 7,89934 MB GPU Global Memory Hash Table: 1024 MB Max PARAMETR_SIZE in GPU Global Memory: 2574989 Shared memory per block: 49152 bytes (48 KB) Shared memory per multiprocessor: 98304 bytes (96 KB) Data size in Shared memory per block: 10752 bytes (10,5 KB) Constant Memory: 65536 bytes Parameter data size (in Constant Memory): 53760 bytes (52,5 KB) Registers per Block: 65536 Warp Size: 32 Compute Capability: 7,0 Can Map Host Memory: Yes Clock Rate: 1530 MHz L2 Cache Size: 6291456 bytes Multiprocessor Count: 80 | K756: Max thread in blocks by axis: (1024, 1024, 64) | L756: Max blocks by axis: (2147483647, 65535, 65535) | M756: Device 3: Tesla V100-SXM2-16GB | N756: Max thread in blocks: 1024 Total Global Memory: 16151,1 MB GPU Global Memory Usage: 7,89934 MB GPU Global Memory Hash Table: 1024 MB Max PARAMETR_SIZE in GPU Global Memory: 2574989 Shared memory per block: 49152 bytes (48 KB) Shared memory per multiprocessor: 98304 bytes (96 KB) Data size in Shared memory per block: 10752 bytes (10,5 KB) Constant Memory: 65536 bytes Parameter data size (in Constant Memory): 53760 bytes (52,5 KB) Registers per Block: 65536 Warp Size: 32 Compute Capability: 7,0 Can Map Host Memory: Yes Clock Rate: 1530 MHz L2 Cache Size: 6291456 bytes Multiprocessor Count: 80 | O756: Max thread in blocks by axis: (1024, 1024, 64) | P756: Max blocks by axis: (2147483647, 65535, 65535) | Q756: PARAMETR_SIZE: 1344 | R756: MAX_VALUE_SIZE: 5 | S756: SET_PARAMETR_SIZE_ONE_X: 21 | T756: ANT_SIZE: 500 | U756: MAX_THREAD_CUDA: 512 | V756: NAME_FILE_GRAPH: Parametr_Graph/test1344,txt | W756: KOL_ITERATION: 500 | X756: KOL_PROGREV: 5 | Y756: KOL_PROGON_STATISTICS: 50 | Z756: PARAMETR_RO: 0,999 | AA756: PARAMETR_Q: 1 | AB756: PRINT_INFORMATION: 0 | AC756: MAX_PARAMETR_VALUE_TO_MIN_OPT: 1 | AD756: OPTIMIZE: OPTIMIZE_MIN_1 | AE756: FUNCTION: SHAFFERA GO_HASH: 1 | AF756: HASH_TABLE_SIZE: 67108864 | AG756: ZERO_HASH_RESULT: -1 | AH756: ZERO_HASH: 18446744073709551615 | AI756: MAX_PROBES: 10000
A757: Run 4 function ACO 4start0 | B757: 206.918 | C757: 200.376 | D757: 2.9522 | E757: 95.3302 | F757: 91.6399 | G757: 6.54167 | H757: 100 | I757: 100 | J757: 6.4212 | K757: 0.283425 | L757: 0.727883
A758: Run 4 function ACO 4start1 | B758: 206.841 | C758: 200.287 | D758: 2.9348 | E758: 95.4336 | F758: 91.5018 | G758: 6.55421 | H758: 100 | I758: 100 | J758: 6.42358 | K758: 0.283086 | L758: 0.727899
A759: Run 4 function ACO 4start2 | B759: 206.583 | C759: 200.084 | D759: 2.9266 | E759: 95.2288 | F759: 91.554 | G759: 6.49876 | H759: 100 | I759: 100 | J759: 6.43161 | K759: 0.283148 | L759: 0.725243
A760: Run 4 function ACO 4start3 | B760: 206.825 | C760: 200.265 | D760: 2.94196 | E760: 95.3711 | F760: 91.5038 | G760: 6.55983 | H760: 100 | I760: 100 | J760: 6.4241 | K760: 0.283146 | L760: 0.727839
A761: Run 4 function ACO 4start4 | B761: 207.392 | C761: 200.302 | D761: 2.98805 | E761: 95.3015 | F761: 91.5376 | G761: 7.08948 | H761: 100 | I761: 100 | J761: 6.40653 | K761: 0.283432 | L761: 0.727877
A762: Run 4 function ACO 4start5 | B762: 206.843 | C762: 200.257 | D762: 2.95425 | E762: 95.2698 | F762: 91.5223 | G762: 6.58546 | H762: 100 | I762: 100 | J762: 6.42353 | K762: 0.28321 | L762: 0.726947
A763: Run 4 function ACO 4start6 | B763: 206.875 | C763: 200.312 | D763: 2.97678 | E763: 95.3711 | F763: 91.5233 | G763: 6.56281 | H763: 100 | I763: 100 | J763: 6.42254 | K763: 0.283202 | L763: 0.748706
A764: Run 4 function ACO 4start7 | B764: 208.002 | C764: 200.846 | D764: 3.02901 | E764: 95.4162 | F764: 91.6563 | G764: 7.1557 | H764: 100 | I764: 100 | J764: 6.38774 | K764: 0.260535 | L764: 0.720433
A765: Run 4 function ACO 4start8 | B765: 208.034 | C765: 201.161 | D765: 3.07406 | E765: 95.408 | F765: 91.6318 | G765: 6.87273 | H765: 100 | I765: 100 | J765: 6.38676 | K765: 0.283349 | L765: 0.727892
A766: Run 4 function ACO 4start9 | B766: 207.895 | C766: 201.039 | D766: 3.02798 | E766: 95.4469 | F766: 91.5724 | G766: 6.85602 | H766: 100 | I766: 100 | J766: 6.39102 | K766: 0.266144 | L766: 0.725979
A767: Run 4 function ACO 4start10 | B767: 207.972 | C767: 201.126 | D767: 3.0587 | E767: 95.494 | F767: 91.6297 | G767: 6.84592 | H767: 100 | I767: 100 | J767: 6.38866 | K767: 0.283083 | L767: 0.717326
A768: Run 4 function ACO 4start11 | B768: 207.942 | C768: 201.083 | D768: 3.03003 | E768: 95.5278 | F768: 91.6256 | G768: 6.85918 | H768: 100 | I768: 100 | J768: 6.38958 | K768: 0.283139 | L768: 0.727616
... A906: Run Combined Run 2start49 | B906: 201.251 | C906: 193.321 | D906: 91.0135 | E906: 96.6543 | F906: 0 | G906: 7.92996 | H906: 100 | I906: 100 | J906: 6.72641 | K906: 0.283092 | L906: 0.727148
A907: Device 0: Tesla V100-SXM2-16GB | B907: Max thread in blocks: 1024 Total Global Memory: 16151,1 MB GPU Global Memory Usage: 15,7948 MB GPU Global Memory Hash Table: 1024 MB Max PARAMETR_SIZE in GPU Global Memory: 2574989 Shared memory per block: 49152 bytes (48 KB) Shared memory per multiprocessor: 98304 bytes (96 KB) Data size in Shared memory per block: 21504 bytes (21 KB) Constant Memory: 65536 bytes Parameter data size (in Constant Memory): 107520 bytes (105 KB) Registers per Block: 65536 Warp Size: 32 Compute Capability: 7,0 Can Map Host Memory: Yes Clock Rate: 1530 MHz L2 Cache Size: 6291456 bytes Multiprocessor Count: 80 | C907: Max thread in blocks by axis: (1024, 1024, 64) | D907: Max blocks by axis: (2147483647, 65535, 65535) | E907: Device 1: Tesla V100-SXM2-16GB | F907: Max thread in blocks: 1024 Total Global Memory: 16151,1 MB GPU Global Memory Usage: 15,7948 MB GPU Global Memory Hash Table: 1024 MB Max PARAMETR_SIZE in GPU Global Memory: 2574989 Shared memory per block: 49152 bytes (48 KB) Shared memory per multiprocessor: 98304 bytes (96 KB) Data size in Shared memory per block: 21504 bytes (21 KB) Constant Memory: 65536 bytes Parameter data size (in Constant Memory): 107520 bytes (105 KB) Registers per Block: 65536 Warp Size: 32 Compute Capability: 7,0 Can Map Host Memory: Yes Clock Rate: 1530 MHz L2 Cache Size: 6291456 bytes Multiprocessor Count: 80 | G907: Max thread in blocks by axis: (1024, 1024, 64) | H907: Max blocks by axis: (2147483647, 65535, 65535) | I907: Device 2: Tesla V100-SXM2-16GB | J907: Max thread in blocks: 1024 Total Global Memory: 16151,1 MB GPU Global Memory Usage: 15,7948 MB GPU Global Memory Hash Table: 1024 MB Max PARAMETR_SIZE in GPU Global Memory: 2574989 Shared memory per block: 49152 bytes (48 KB) Shared memory per multiprocessor: 98304 bytes (96 KB) Data size in Shared memory per block: 21504 bytes (21 KB) Constant Memory: 65536 bytes Parameter data size (in Constant Memory): 107520 bytes (105 KB) Registers per Block: 65536 Warp Size: 32 Compute Capability: 7,0 Can Map Host Memory: Yes Clock Rate: 1530 MHz L2 Cache Size: 6291456 bytes Multiprocessor Count: 80 | K907: Max thread in blocks by axis: (1024, 1024, 64) | L907: Max blocks by axis: (2147483647, 65535, 65535) | M907: Device 3: Tesla V100-SXM2-16GB | N907: Max thread in blocks: 1024 Total Global Memory: 16151,1 MB GPU Global Memory Usage: 15,7948 MB GPU Global Memory Hash Table: 1024 MB Max PARAMETR_SIZE in GPU Global Memory: 2574989 Shared memory per block: 49152 bytes (48 KB) Shared memory per multiprocessor: 98304 bytes (96 KB) Data size in Shared memory per block: 21504 bytes (21 KB) Constant Memory: 65536 bytes Parameter data size (in Constant Memory): 107520 bytes (105 KB) Registers per Block: 65536 Warp Size: 32 Compute Capability: 7,0 Can Map Host Memory: Yes Clock Rate: 1530 MHz L2 Cache Size: 6291456 bytes Multiprocessor Count: 80 | O907: Max thread in blocks by axis: (1024, 1024, 64) | P907: Max blocks by axis: (2147483647, 65535, 65535) | Q907: PARAMETR_SIZE: 2688 | R907: MAX_VALUE_SIZE: 5 | S907: SET_PARAMETR_SIZE_ONE_X: 21 | T907: ANT_SIZE: 500 | U907: MAX_THREAD_CUDA: 512 | V907: NAME_FILE_GRAPH: Parametr_Graph/test2688,txt | W907: KOL_ITERATION: 500 | X907: KOL_PROGREV: 5 | Y907: KOL_PROGON_STATISTICS: 50 | Z907: PARAMETR_RO: 0,999 | AA907: PARAMETR_Q: 1 | AB907: PRINT_INFORMATION: 0 | AC907: MAX_PARAMETR_VALUE_TO_MIN_OPT: 1 | AD907: OPTIMIZE: OPTIMIZE_MIN_1 | AE907: FUNCTION: SHAFFERA GO_HASH: 1 | AF907: HASH_TABLE_SIZE: 67108864 | AG907: ZERO_HASH_RESULT: -1 | AH907: ZERO_HASH: 18446744073709551615 | AI907: MAX_PROBES: 10000
A908: Run 4 function ACO 4start0 | B908: 343.674 | C908: 336.782 | D908: 3.07611 | E908: 233.366 | F908: 89.5847 | G908: 6.89145 | H908: 100 | I908: 100 | J908: 7.72669 | K908: 0.375861 | L908: 0.61912
A909: Run 4 function ACO 4start1 | B909: 342.756 | C909: 336.256 | D909: 3.0628 | E909: 233.369 | F909: 89.3799 | G909: 6.50021 | H909: 100 | I909: 100 | J909: 7.74738 | K909: 0.364871 | L909: 0.62938
A910: Run 4 function ACO 4start2 | B910: 342.94 | C910: 336.399 | D910: 3.06997 | E910: 233.496 | F910: 89.4065 | G910: 6.54062 | H910: 100 | I910: 100 | J910: 7.74323 | K910: 0.375695 | L910: 0.626841
A911: Run 4 function ACO 4start3 | B911: 342.83 | C911: 336.327 | D911: 3.08225 | E911: 233.45 | F911: 89.3399 | G911: 6.5032 | H911: 100 | I911: 100 | J911: 7.74571 | K911: 0.375881 | L911: 0.629009
A912: Run 4 function ACO 4start4 | B912: 342.906 | C912: 336.37 | D912: 3.06485 | E912: 233.428 | F912: 89.3768 | G912: 6.53687 | H912: 100 | I912: 100 | J912: 7.74398 | K912: 0.37569 | L912: 0.628955
A913: Run 4 function ACO 4start5 | B913: 343.034 | C913: 336.452 | D913: 3.06997 | E913: 233.436 | F913: 89.4526 | G913: 6.58255 | H913: 100 | I913: 100 | J913: 7.74109 | K913: 0.37607 | L913: 0.629741
A914: Run 4 function ACO 4start6 | B914: 343.015 | C914: 336.471 | D914: 3.05153 | E914: 233.462 | F914: 89.4577 | G914: 6.54382 | H914: 100 | I914: 100 | J914: 7.74153 | K914: 0.367316 | L914: 0.619122
A915: Run 4 function ACO 4start7 | B915: 342.777 | C915: 336.252 | D915: 3.0628 | E915: 233.36 | F915: 89.3481 | G915: 6.52457 | H915: 100 | I915: 100 | J915: 7.74692 | K915: 0.375721 | L915: 0.624817
A916: Run 4 function ACO 4start8 | B916: 343.009 | C916: 336.43 | D916: 3.04641 | E916: 233.5 | F916: 89.4239 | G916: 6.57898 | H916: 100 | I916: 100 | J916: 7.74167 | K916: 0.37654 | L916: 0.619114
A917: Run 4 function ACO 4start9 | B917: 342.956 | C917: 336.411 | D917: 3.08328 | E917: 233.487 | F917: 89.3891 | G917: 6.54504 | H917: 100 | I917: 100 | J917: 7.74285 | K917: 0.364438 | L917: 0.619121
A918: Run 4 function ACO 4start10 | B918: 342.971 | C918: 336.376 | D918: 3.04129 | E918: 233.397 | F918: 89.4689 | G918: 6.595 | H918: 100 | I918: 100 | J918: 7.74253 | K918: 0.376449 | L918: 0.629205
A919: Run 4 function ACO 4start11 | B919: 342.958 | C919: 336.41 | D919: 3.06177 | E919: 233.526 | F919: 89.3532 | G919: 6.54721 | H919: 100 | I919: 100 | J919: 7.74283 | K919: 0.373973 | L919: 0.619122
... A1057: Run Combined Run 2start49 | B1057: 337.571 | C1057: 329.367 | D1057: 89.6594 | E1057: 234.658 | F1057: 0 | G1057: 8.20309 | H1057: 100 | I1057: 100 | J1057: 8.01471 | K1057: 0.37569 | L1057: 0.625436
A1058: Device 0: Tesla V100-SXM2-16GB | B1058: Max thread in blocks: 1024 Total Global Memory: 16151,1 MB GPU Global Memory Usage: 31,5859 MB GPU Global Memory Hash Table: 1024 MB Max PARAMETR_SIZE in GPU Global Memory: 2574989 Shared memory per block: 49152 bytes (48 KB) Shared memory per multiprocessor: 98304 bytes (96 KB) Data size in Shared memory per block: 43008 bytes (42 KB) Constant Memory: 65536 bytes Parameter data size (in Constant Memory): 215040 bytes (210 KB) Registers per Block: 65536 Warp Size: 32 Compute Capability: 7,0 Can Map Host Memory: Yes Clock Rate: 1530 MHz L2 Cache Size: 6291456 bytes Multiprocessor Count: 80 | C1058: Max thread in blocks by axis: (1024, 1024, 64) | D1058: Max blocks by axis: (2147483647, 65535, 65535) | E1058: Device 1: Tesla V100-SXM2-16GB | F1058: Max thread in blocks: 1024 Total Global Memory: 16151,1 MB GPU Global Memory Usage: 31,5859 MB GPU Global Memory Hash Table: 1024 MB Max PARAMETR_SIZE in GPU Global Memory: 2574989 Shared memory per block: 49152 bytes (48 KB) Shared memory per multiprocessor: 98304 bytes (96 KB) Data size in Shared memory per block: 43008 bytes (42 KB) Constant Memory: 65536 bytes Parameter data size (in Constant Memory): 215040 bytes (210 KB) Registers per Block: 65536 Warp Size: 32 Compute Capability: 7,0 Can Map Host Memory: Yes Clock Rate: 1530 MHz L2 Cache Size: 6291456 bytes Multiprocessor Count: 80 | G1058: Max thread in blocks by axis: (1024, 1024, 64) | H1058: Max blocks by axis: (2147483647, 65535, 65535) | I1058: Device 2: Tesla V100-SXM2-16GB | J1058: Max thread in blocks: 1024 Total Global Memory: 16151,1 MB GPU Global Memory Usage: 31,5859 MB GPU Global Memory Hash Table: 1024 MB Max PARAMETR_SIZE in GPU Global Memory: 2574989 Shared memory per block: 49152 bytes (48 KB) Shared memory per multiprocessor: 98304 bytes (96 KB) Data size in Shared memory per block: 43008 bytes (42 KB) Constant Memory: 65536 bytes Parameter data size (in Constant Memory): 215040 bytes (210 KB) Registers per Block: 65536 Warp Size: 32 Compute Capability: 7,0 Can Map Host Memory: Yes Clock Rate: 1530 MHz L2 Cache Size: 6291456 bytes Multiprocessor Count: 80 | K1058: Max thread in blocks by axis: (1024, 1024, 64) | L1058: Max blocks by axis: (2147483647, 65535, 65535) | M1058: Device 3: Tesla V100-SXM2-16GB | N1058: Max thread in blocks: 1024 Total Global Memory: 16151,1 MB GPU Global Memory Usage: 31,5859 MB GPU Global Memory Hash Table: 1024 MB Max PARAMETR_SIZE in GPU Global Memory: 2574989 Shared memory per block: 49152 bytes (48 KB) Shared memory per multiprocessor: 98304 bytes (96 KB) Data size in Shared memory per block: 43008 bytes (42 KB) Constant Memory: 65536 bytes Parameter data size (in Constant Memory): 215040 bytes (210 KB) Registers per Block: 65536 Warp Size: 32 Compute Capability: 7,0 Can Map Host Memory: Yes Clock Rate: 1530 MHz L2 Cache Size: 6291456 bytes Multiprocessor Count: 80 | O1058: Max thread in blocks by axis: (1024, 1024, 64) | P1058: Max blocks by axis: (2147483647, 65535, 65535) | Q1058: PARAMETR_SIZE: 5376 | R1058: MAX_VALUE_SIZE: 5 | S1058: SET_PARAMETR_SIZE_ONE_X: 21 | T1058: ANT_SIZE: 500 | U1058: MAX_THREAD_CUDA: 512 | V1058: NAME_FILE_GRAPH: Parametr_Graph/test5376,txt | W1058: KOL_ITERATION: 500 | X1058: KOL_PROGREV: 5 | Y1058: KOL_PROGON_STATISTICS: 50 | Z1058: PARAMETR_RO: 0,999 | AA1058: PARAMETR_Q: 1 | AB1058: PRINT_INFORMATION: 0 | AC1058: MAX_PARAMETR_VALUE_TO_MIN_OPT: 1 | AD1058: OPTIMIZE: OPTIMIZE_MIN_1 | AE1058: FUNCTION: SHAFFERA GO_HASH: 1 | AF1058: HASH_TABLE_SIZE: 67108864 | AG1058: ZERO_HASH_RESULT: -1 | AH1058: ZERO_HASH: 18446744073709551615 | AI1058: MAX_PROBES: 10000
A1059: Run 4 function ACO 4start0 | B1059: 586.589 | C1059: 579.558 | D1059: 3.63726 | E1059: 431.108 | F1059: 133.799 | G1059: 7.03174 | H1059: 100 | I1059: 100 | J1059: 9.05073 | K1059: 0.436967 | L1059: 0.565049
...

Sheet Лист2
A1: Device 0: Tesla V100-SXM2-16GB | B1: Max thread in blocks: 1024 Total Global Memory: 16151,1 MB GPU Global Memory Usage: 0,0903511 MB GPU Global Memory Hash Table: 1024 MB Max PARAMETR_SIZE in GPU Global Memory: 7343488 Shared memory per block: 49152 bytes (48 KB) Shared memory per multiprocessor: 98304 bytes (96 KB) Data size in Shared memory per block: 336 bytes (0,328125 KB) Constant Memory: 65536 bytes Parameter data size (in Constant Memory): 1680 bytes (1,64062 KB) Registers per Block: 65536 Warp Size: 32 Compute Capability: 7,0 Can Map Host Memory: Yes Clock Rate: 1530 MHz L2 Cache Size: 6291456 bytes Multiprocessor Count: 80 | C1: Max thread in blocks by axis: (1024, 1024, 64) | D1: Max blocks by axis: (2147483647, 65535, 65535) | E1: Device 1: Tesla V100-SXM2-16GB | F1: Max thread in blocks: 1024 Total Global Memory: 16151,1 MB GPU Global Memory Usage: 0,0903511 MB GPU Global Memory Hash Table: 1024 MB Max PARAMETR_SIZE in GPU Global Memory: 7343488 Shared memory per block: 49152 bytes (48 KB) Shared memory per multiprocessor: 98304 bytes (96 KB) Data size in Shared memory per block: 336 bytes (0,328125 KB) Constant Memory: 65536 bytes Parameter data size (in Constant Memory): 1680 bytes (1,64062 KB) Registers per Block: 65536 Warp Size: 32 Compute Capability: 7,0 Can Map Host Memory: Yes Clock Rate: 1530 MHz L2 Cache Size: 6291456 bytes Multiprocessor Count: 80 | G1: Max thread in blocks by axis: (1024, 1024, 64) | H1: Max blocks by axis: (2147483647, 65535, 65535) | I1: Device 2: Tesla V100-SXM2-16GB | J1: Max thread in blocks: 1024 Total Global Memory: 16151,1 MB GPU Global Memory Usage: 0,0903511 MB GPU Global Memory Hash Table: 1024 MB Max PARAMETR_SIZE in GPU Global Memory: 7343488 Shared memory per block: 49152 bytes (48 KB) Shared memory per multiprocessor: 98304 bytes (96 KB) Data size in Shared memory per block: 336 bytes (0,328125 KB) Constant Memory: 65536 bytes Parameter data size (in Constant Memory): 1680 bytes (1,64062 KB) Registers per Block: 65536 Warp Size: 32 Compute Capability: 7,0 Can Map Host Memory: Yes Clock Rate: 1530 MHz L2 Cache Size: 6291456 bytes Multiprocessor Count: 80 | K1: Max thread in blocks by axis: (1024, 1024, 64) | L1: Max blocks by axis: (2147483647, 65535, 65535) | M1: Device 3: Tesla V100-SXM2-16GB | N1: Max thread in blocks: 1024 Total Global Memory: 16151,1 MB GPU Global Memory Usage: 0,0903511 MB GPU Global Memory Hash Table: 1024 MB Max PARAMETR_SIZE in GPU Global Memory: 7343488 Shared memory per block: 49152 bytes (48 KB) Shared memory per multiprocessor: 98304 bytes (96 KB) Data size in Shared memory per block: 336 bytes (0,328125 KB) Constant Memory: 65536 bytes Parameter data size (in Constant Memory): 1680 bytes (1,64062 KB) Registers per Block: 65536 Warp Size: 32 Compute Capability: 7,0 Can Map Host Memory: Yes Clock Rate: 1530 MHz L2 Cache Size: 6291456 bytes Multiprocessor Count: 80 | O1: Max thread in blocks by axis: (1024, 1024, 64) | P1: Max blocks by axis: (2147483647, 65535, 65535) | Q1: PARAMETR_SIZE: 42 | R1: MAX_VALUE_SIZE: 5 | S1: SET_PARAMETR_SIZE_ONE_X: 21 | T1: ANT_SIZE: 500 | U1: MAX_THREAD_CUDA: 512 | V1: NAME_FILE_GRAPH: Parametr_Graph/test42,txt | W1: KOL_ITERATION: 500 | X1: KOL_PROGREV: 5 | Y1: KOL_PROGON_STATISTICS: 50 | Z1: PARAMETR_RO: 0,999 | AA1: PARAMETR_Q: 1 | AB1: PRINT_INFORMATION: 0 | AC1: MAX_PARAMETR_VALUE_TO_MIN_OPT: 1 | AD1: OPTIMIZE: OPTIMIZE_MIN_1 | AE1: FUNCTION: SHAFFERA GO_HASH: 1 | AF1: HASH_TABLE_SIZE: 67108864 | AG1: ZERO_HASH_RESULT: -1 | AH1: ZERO_HASH: 18446744073709551615 | AI1: MAX_PROBES: 10000
A2: Run 4 function ACO 4start0 | B2: 93.3506 | C2: 84.8128 | D2: 4.24756 | E2: 5.58797 | F2: 62.8829 | G2: 8.53784 | H2: 83.5484 | I2: 100 | J2: 0.464112 | K2: 0.00123006 | L2: 0.995116
A3: Run 4 function ACO 4start1 | B3: 93.312 | C3: 84.6632 | D3: 4.21684 | E3: 5.62381 | F3: 62.8635 | G3: 8.64872 | H3: 82.4424 | I3: 100 | J3: 0.464304 | K3: 0.00123006 | L3: 0.995116
A4: Run 4 function ACO 4start2 | B4: 94.0844 | C4: 85.3422 | D4: 4.42778 | E4: 5.71699 | F4: 62.9259 | G4: 8.74219 | H4: 82.0028 | I4: 100 | J4: 0.460492 | K4: 0.00123006 | L4: 0.995116
A5: Run 4 function ACO 4start3 | B5: 94.9025 | C5: 85.1466 | D5: 4.37658 | E5: 5.72006 | F5: 62.926 | G5: 9.75594 | H5: 86.7204 | I5: 100 | J5: 0.456522 | K5: 0.00123005 | L5: 0.995116
A6: Run 4 function ACO 4start4 | B6: 94.7414 | C6: 85.8214 | D6: 4.43495 | E6: 5.71289 | F6: 63.5106 | G6: 8.91998 | H6: 86.13 | I6: 100 | J6: 0.457299 | K6: 0.00123005 | L6: 0.995116
A7: Run 4 function ACO 4start5 | B7: 95.0728 | C7: 85.1681 | D7: 4.32436 | E7: 5.68627 | F7: 63.0652 | G7: 9.90474 | H7: 85.5484 | I7: 100 | J7: 0.455705 | K7: 0.00123007 | L7: 0.995116
A8: Run 4 function ACO 4start6 | B8: 94.0667 | C8: 85.3001 | D8: 4.43495 | E8: 5.70368 | F8: 63.0191 | G8: 8.76654 | H8: 85.202 | I8: 100 | J8: 0.460579 | K8: 0.00123009 | L8: 0.995116
A9: Run 4 function ACO 4start7 | B9: 95.2962 | C9: 85.1835 | D9: 4.34074 | E9: 5.73645 | F9: 63.0171 | G9: 10.1127 | H9: 84.9284 | I9: 100 | J9: 0.454636 | K9: 0.0012301 | L9: 0.995116
A10: Run 4 function ACO 4start8 | B10: 91.116 | C10: 82.5601 | D10: 3.54203 | E10: 5.37601 | F10: 62.2336 | G10: 8.55592 | H10: 85.228 | I10: 100 | J10: 0.475494 | K10: 0.00123005 | L10: 0.995116
A11: Run 4 function ACO 4start9 | B11: 89.0236 | C11: 81.6824 | D11: 3.21435 | E11: 5.32276 | F11: 62.035 | G11: 7.34118 | H11: 85.9752 | I11: 100 | J11: 0.48667 | K11: 0.00123006 | L11: 0.995116
A12: Run 4 function ACO 4start10 | B12: 89.0703 | C12: 81.7551 | D12: 3.25121 | E12: 5.29409 | F12: 62.0166 | G12: 7.31518 | H12: 85.312 | I12: 100 | J12: 0.486415 | K12: 0.00123012 | L12: 0.995116
A13: Run 4 function ACO 4start11 | B13: 88.7584 | C13: 81.4818 | D13: 3.19387 | E13: 5.3156 | F13: 61.9746 | G13: 7.27669 | H13: 84.5216 | I13: 100 | J13: 0.488124 | K13: 0.00123005 | L13: 0.995116
... A151: Run Combined Run 2start49 | B151: 78.1633 | C151: 71.8408 | D151: 60.376 | E151: 6.46452 | F151: 0 | G151: 6.32251 | H151: 70.088 | I151: 100 | J151: 0.564299 | K151: 0.0290376 | L151: 0.920762
A152: Device 0: Tesla V100-SXM2-16GB | B152: Max thread in blocks: 1024 Total Global Memory: 16151,1 MB GPU Global Memory Usage: 0,176868 MB GPU Global Memory Hash Table: 1024 MB Max PARAMETR_SIZE in GPU Global Memory: 7343488 Shared memory per block: 49152 bytes (48 KB) Shared memory per multiprocessor: 98304 bytes (96 KB) Data size in Shared memory per block: 672 bytes (0,65625 KB) Constant Memory: 65536 bytes Parameter data size (in Constant Memory): 3360 bytes (3,28125 KB) Registers per Block: 65536 Warp Size: 32 Compute Capability: 7,0 Can Map Host Memory: Yes Clock Rate: 1530 MHz L2 Cache Size: 6291456 bytes Multiprocessor Count: 80 | C152: Max thread in blocks by axis: (1024, 1024, 64) | D152: Max blocks by axis: (2147483647, 65535, 65535) | E152: Device 1: Tesla V100-SXM2-16GB | F152: Max thread in blocks: 1024 Total Global Memory: 16151,1 MB GPU Global Memory Usage: 0,176868 MB GPU Global Memory Hash Table: 1024 MB Max PARAMETR_SIZE in GPU Global Memory: 7343488 Shared memory per block: 49152 bytes (48 KB) Shared memory per multiprocessor: 98304 bytes (96 KB) Data size in Shared memory per block: 672 bytes (0,65625 KB) Constant Memory: 65536 bytes Parameter data size (in Constant Memory): 3360 bytes (3,28125 KB) Registers per Block: 65536 Warp Size: 32 Compute Capability: 7,0 Can Map Host Memory: Yes Clock Rate: 1530 MHz L2 Cache Size: 6291456 bytes Multiprocessor Count: 80 | G152: Max thread in blocks by axis: (1024, 1024, 64) | H152: Max blocks by axis: (2147483647, 65535, 65535) | I152: Device 2: Tesla V100-SXM2-16GB | J152: Max thread in blocks: 1024 Total Global Memory: 16151,1 MB GPU Global Memory Usage: 0,176868 MB GPU Global Memory Hash Table: 1024 MB Max PARAMETR_SIZE in GPU Global Memory: 7343488 Shared memory per block: 49152 bytes (48 KB) Shared memory per multiprocessor: 98304 bytes (96 KB) Data size in Shared memory per block: 672 bytes (0,65625 KB) Constant Memory: 65536 bytes Parameter data size (in Constant Memory): 3360 bytes (3,28125 KB) Registers per Block: 65536 Warp Size: 32 Compute Capability: 7,0 Can Map Host Memory: Yes Clock Rate: 1530 MHz L2 Cache Size: 6291456 bytes Multiprocessor Count: 80 | K152: Max thread in blocks by axis: (1024, 1024, 64) | L152: Max blocks by axis: (2147483647, 65535, 65535) | M152: Device 3: Tesla V100-SXM2-16GB | N152: Max thread in blocks: 1024 Total Global Memory: 16151,1 MB GPU Global Memory Usage: 0,176868 MB GPU Global Memory Hash Table: 1024 MB Max PARAMETR_SIZE in GPU Global Memory: 7343488 Shared memory per block: 49152 bytes (48 KB) Shared memory per multiprocessor: 98304 bytes (96 KB) Data size in Shared memory per block: 672 bytes (0,65625 KB) Constant Memory: 65536 bytes Parameter data size (in Constant Memory): 3360 bytes (3,28125 KB) Registers per Block: 65536 Warp Size: 32 Compute Capability: 7,0 Can Map Host Memory: Yes Clock Rate: 1530 MHz L2 Cache Size: 6291456 bytes Multiprocessor Count: 80 | O152: Max thread in blocks by axis: (1024, 1024, 64) | P152: Max blocks by axis: (2147483647, 65535, 65535) | Q152: PARAMETR_SIZE: 84 | R152: MAX_VALUE_SIZE: 5 | S152: SET_PARAMETR_SIZE_ONE_X: 21 | T152: ANT_SIZE: 500 | U152: MAX_THREAD_CUDA: 512 | V152: NAME_FILE_GRAPH: Parametr_Graph/test84,txt | W152: KOL_ITERATION: 500 | X152: KOL_PROGREV: 5 | Y152: KOL_PROGON_STATISTICS: 50 | Z152: PARAMETR_RO: 0,999 | AA152: PARAMETR_Q: 1 | AB152: PRINT_INFORMATION: 0 | AC152: MAX_PARAMETR_VALUE_TO_MIN_OPT: 1 | AD152: OPTIMIZE: OPTIMIZE_MIN_1 | AE152: FUNCTION: SHAFFERA GO_HASH: 1 | AF152: HASH_TABLE_SIZE: 67108864 | AG152: ZERO_HASH_RESULT: -1 | AH152: ZERO_HASH: 18446744073709551615 | AI152: MAX_PROBES: 10000
A153: Run 4 function ACO 4start0 | B153: 94.2179 | C153: 88.1477 | D153: 2.81396 | E153: 5.87572 | F153: 69.9054 | G153: 6.07021 | H153: 98.9272 | I153: 100 | J153: 0.89991 | K153: 0.00321284 | L153: 0.995104
A154: Run 4 function ACO 4start1 | B154: 94.4358 | C154: 88.2798 | D154: 2.82728 | E154: 5.96891 | F154: 69.8245 | G154: 6.15605 | H154: 98.7672 | I154: 100 | J154: 0.897833 | K154: 0.0014099 | L154: 0.995116
A155: Run 4 function ACO 4start2 | B155: 94.4014 | C155: 88.2104 | D155: 2.84161 | E155: 5.91669 | F155: 69.8174 | G155: 6.19103 | H155: 98.6524 | I155: 100 | J155: 0.89816 | K155: 0.00240563 | L155: 0.995116
A156: Run 4 function ACO 4start3 | B156: 94.1775 | C156: 88.1026 | D156: 2.80475 | E156: 5.93716 | F156: 69.8143 | G156: 6.07487 | H156: 98.522 | I156: 100 | J156: 0.900296 | K156: 0.00952604 | L156: 0.995116
A157: Run 4 function ACO 4start4 | B157: 94.4954 | C157: 88.3372 | D157: 2.84468 | E157: 5.94843 | F157: 69.8286 | G157: 6.15816 | H157: 98.4552 | I157: 100 | J157: 0.897267 | K157: 0.00148243 | L157: 0.995114
A158: Run 4 function ACO 4start5 | B158: 94.1844 | C158: 88.1047 | D158: 2.81089 | E158: 5.94331 | F158: 69.7692 | G158: 6.07966 | H158: 98.6688 | I158: 100 | J158: 0.90023 | K158: 0.00124171 | L158: 0.995116
A159: Run 4 function ACO 4start6 | B159: 94.5298 | C159: 88.3547 | D159: 2.85902 | E159: 5.98734 | F159: 69.843 | G159: 6.17513 | H159: 98.8748 | I159: 100 | J159: 0.896941 | K159: 0.00143552 | L159: 0.995115
A160: Run 4 function ACO 4start7 | B160: 94.5444 | C160: 88.3435 | D160: 2.82728 | E160: 6.01397 | F160: 69.8092 | G160: 6.20092 | H160: 98.8332 | I160: 100 | J160: 0.896802 | K160: 0.0033431 | L160: 0.995114
A161: Run 4 function ACO 4start8 | B161: 94.2263 | C161: 88.1601 | D161: 2.80987 | E161: 5.97198 | F161: 69.7702 | G161: 6.06623 | H161: 98.7816 | I161: 100 | J161: 0.89983 | K161: 0.00184028 | L161: 0.995116
A162: Run 4 function ACO 4start9 | B162: 94.5329 | C162: 88.3803 | D162: 2.8498 | E162: 6.04469 | F162: 69.8532 | G162: 6.15264 | H162: 98.766 | I162: 100 | J162: 0.896911 | K162: 0.00670291 | L162: 0.995116
A163: Run 4 function ACO 4start10 | B163: 94.5246 | C163: 88.3875 | D163: 2.83752 | E163: 6.07746 | F163: 69.7867 | G163: 6.13707 | H163: 98.7292 | I163: 100 | J163: 0.89699 | K163: 0.00123455 | L163: 0.995114
A164: Run 4 function ACO 4start11 | B164: 94.2938 | C164: 88.2072 | D164: 2.78939 | E164: 6.02523 | F164: 69.7487 | G164: 6.08659 | H164: 98.762 | I164: 100 | J164: 0.899186 | K164: 0.00132286 | L164: 0.995108
... A302: Run Combined Run 2start49 | B302: 88.8328 | C302: 82.5948 | D302: 69.1292 | E302: 8.68352 | F302: 0 | G302: 6.23797 | H302: 98.5988 | I302: 100 | J302: 0.972076 | K302: 0.00123113 | L302: 0.995116
A303: Device 0: Tesla V100-SXM2-16GB | B303: Max thread in blocks: 1024 Total Global Memory: 16151,1 MB GPU Global Memory Usage: 0,349903 MB GPU Global Memory Hash Table: 1024 MB Max PARAMETR_SIZE in GPU Global Memory: 7343488 Shared memory per block: 49152 bytes (48 KB) Shared memory per multiprocessor: 98304 bytes (96 KB) Data size in Shared memory per block: 1344 bytes (1,3125 KB) Constant Memory: 65536 bytes Parameter data size (in Constant Memory): 6720 bytes (6,5625 KB) Registers per Block: 65536 Warp Size: 32 Compute Capability: 7,0 Can Map Host Memory: Yes Clock Rate: 1530 MHz L2 Cache Size: 6291456 bytes Multiprocessor Count: 80 | C303: Max thread in blocks by axis: (1024, 1024, 64) | D303: Max blocks by axis: (2147483647, 65535, 65535) | E303: Device 1: Tesla V100-SXM2-16GB | F303: Max thread in blocks: 1024 Total Global Memory: 16151,1 MB GPU Global Memory Usage: 0,349903 MB GPU Global Memory Hash Table: 1024 MB Max PARAMETR_SIZE in GPU Global Memory: 7343488 Shared memory per block: 49152 bytes (48 KB) Shared memory per multiprocessor: 98304 bytes (96 KB) Data size in Shared memory per block: 1344 bytes (1,3125 KB) Constant Memory: 65536 bytes Parameter data size (in Constant Memory): 6720 bytes (6,5625 KB) Registers per Block: 65536 Warp Size: 32 Compute Capability: 7,0 Can Map Host Memory: Yes Clock Rate: 1530 MHz L2 Cache Size: 6291456 bytes Multiprocessor Count: 80 | G303: Max thread in blocks by axis: (1024, 1024, 64) | H303: Max blocks by axis: (2147483647, 65535, 65535) | I303: Device 2: Tesla V100-SXM2-16GB | J303: Max thread in blocks: 1024 Total Global Memory: 16151,1 MB GPU Global Memory Usage: 0,349903 MB GPU Global Memory Hash Table: 1024 MB Max PARAMETR_SIZE in GPU Global Memory: 7343488 Shared memory per block: 49152 bytes (48 KB) Shared memory per multiprocessor: 98304 bytes (96 KB) Data size in Shared memory per block: 1344 bytes (1,3125 KB) Constant Memory: 65536 bytes Parameter data size (in Constant Memory): 6720 bytes (6,5625 KB) Registers per Block: 65536 Warp Size: 32 Compute Capability: 7,0 Can Map Host Memory: Yes Clock Rate: 1530 MHz L2 Cache Size: 6291456 bytes Multiprocessor Count: 80 | K303: Max thread in blocks by axis: (1024, 1024, 64) | L303: Max blocks by axis: (2147483647, 65535, 65535) | M303: Device 3: Tesla V100-SXM2-16GB | N303: Max thread in blocks: 1024 Total Global Memory: 16151,1 MB GPU Global Memory Usage: 0,349903 MB GPU Global Memory Hash Table: 1024 MB Max PARAMETR_SIZE in GPU Global Memory: 7343488 Shared memory per block: 49152 bytes (48 KB) Shared memory per multiprocessor: 98304 bytes (96 KB) Data size in Shared memory per block: 1344 bytes (1,3125 KB) Constant Memory: 65536 bytes Parameter data size (in Constant Memory): 6720 bytes (6,5625 KB) Registers per Block: 65536 Warp Size: 32 Compute Capability: 7,0 Can Map Host Memory: Yes Clock Rate: 1530 MHz L2 Cache Size: 6291456 bytes Multiprocessor Count: 80 | O303: Max thread in blocks by axis: (1024, 1024, 64) | P303: Max blocks by axis: (2147483647, 65535, 65535) | Q303: PARAMETR_SIZE: 168 | R303: MAX_VALUE_SIZE: 5 | S303: SET_PARAMETR_SIZE_ONE_X: 21 | T303: ANT_SIZE: 500 | U303: MAX_THREAD_CUDA: 512 | V303: NAME_FILE_GRAPH: Parametr_Graph/test168,txt | W303: KOL_ITERATION: 500 | X303: KOL_PROGREV: 5 | Y303: KOL_PROGON_STATISTICS: 50 | Z303: PARAMETR_RO: 0,999 | AA303: PARAMETR_Q: 1 | AB303: PRINT_INFORMATION: 0 | AC303: MAX_PARAMETR_VALUE_TO_MIN_OPT: 1 | AD303: OPTIMIZE: OPTIMIZE_MIN_1 | AE303: FUNCTION: SHAFFERA GO_HASH: 1 | AF303: HASH_TABLE_SIZE: 67108864 | AG303: ZERO_HASH_RESULT: -1 | AH303: ZERO_HASH: 18446744073709551615 | AI303: MAX_PROBES: 10000
A304: Run 4 function ACO 4start0 | B304: 98.1404 | C304: 91.4731 | D304: 3.00136 | E304: 8.13978 | F304: 69.9587 | G304: 6.66731 | H304: 99.9808 | I304: 100 | J304: 1.7089 | K304: 0.0140816 | L304: 0.980555
A305: Run 4 function ACO 4start1 | B305: 98.1219 | C305: 91.4014 | D305: 2.98702 | E305: 8.18177 | F305: 69.8368 | G305: 6.72053 | H305: 99.9844 | I305: 100 | J305: 1.70923 | K305: 0.0134914 | L305: 0.981002
A306: Run 4 function ACO 4start2 | B306: 97.9154 | C306: 91.2795 | D306: 3.0075 | E306: 8.11623 | F306: 69.844 | G306: 6.6359 | H306: 99.9724 | I306: 100 | J306: 1.71283 | K306: 0.0111572 | L306: 0.981016
A307: Run 4 function ACO 4start3 | B307: 97.9947 | C307: 91.3308 | D307: 2.96961 | E307: 8.16538 | F307: 69.8389 | G307: 6.66393 | H307: 99.9768 | I307: 100 | J307: 1.71145 | K307: 0.0166429 | L307: 0.980865
A308: Run 4 function ACO 4start4 | B308: 97.9825 | C308: 91.3308 | D308: 3.00648 | E308: 8.17153 | F308: 69.8338 | G308: 6.6517 | H308: 99.9732 | I308: 100 | J308: 1.71166 | K308: 0.0108607 | L308: 0.981018
A309: Run 4 function ACO 4start5 | B309: 97.8699 | C309: 91.2233 | D309: 2.94197 | E309: 8.15207 | F309: 69.8471 | G309: 6.64665 | H309: 99.9684 | I309: 100 | J309: 1.71363 | K309: 0.0110933 | L309: 0.980911
A310: Run 4 function ACO 4start6 | B310: 98.0456 | C310: 91.3851 | D310: 3.0075 | E310: 8.16949 | F310: 69.8645 | G310: 6.66051 | H310: 99.9708 | I310: 100 | J310: 1.71056 | K310: 0.0183951 | L310: 0.980896
A311: Run 4 function ACO 4start7 | B311: 98.0382 | C311: 91.3818 | D311: 2.94504 | E311: 8.15923 | F311: 69.8696 | G311: 6.65632 | H311: 99.9656 | I311: 100 | J311: 1.71069 | K311: 0.0129052 | L311: 0.980767
A312: Run 4 function ACO 4start8 | B312: 97.9762 | C312: 91.3215 | D312: 2.99214 | E312: 8.19815 | F312: 69.8369 | G312: 6.65471 | H312: 99.9728 | I312: 100 | J312: 1.71177 | K312: 0.0290377 | L312: 0.980983
A313: Run 4 function ACO 4start9 | B313: 98.0264 | C313: 91.3818 | D313: 2.92968 | E313: 8.21249 | F313: 69.8727 | G313: 6.64465 | H313: 99.9668 | I313: 100 | J313: 1.71089 | K313: 0.0203811 | L313: 0.981014
A314: Run 4 function ACO 4start10 | B314: 97.6119 | C314: 91.1107 | D314: 2.95937 | E314: 8.14081 | F314: 69.7897 | G314: 6.50117 | H314: 99.9712 | I314: 100 | J314: 1.71816 | K314: 0.0145521 | L314: 0.981015
A315: Run 4 function ACO 4start11 | B315: 98.1473 | C315: 91.5091 | D315: 2.96347 | E315: 8.24218 | F315: 69.8593 | G315: 6.63821 | H315: 99.9748 | I315: 100 | J315: 1.70878 | K315: 0.0109426 | L315: 0.981016
... A453: Run Combined Run 2start49 | B453: 92.7439 | C453: 85.7355 | D453: 69.4354 | E453: 10.923 | F453: 0 | G453: 7.00848 | H453: 99.9804 | I453: 100 | J453: 1.84208 | K453: 0.0122259 | L453: 0.981018
A454: Device 0: Tesla V100-SXM2-16GB | B454: Max thread in blocks: 1024 Total Global Memory: 16151,1 MB GPU Global Memory Usage: 0,695972 MB GPU Global Memory Hash Table: 1024 MB Max PARAMETR_SIZE in GPU Global Memory: 7343488 Shared memory per block: 49152 bytes (48 KB) Shared memory per multiprocessor: 98304 bytes (96 KB) Data size in Shared memory per block: 2688 bytes (2,625 KB) Constant Memory: 65536 bytes Parameter data size (in Constant Memory): 13440 bytes (13,125 KB) Registers per Block: 65536 Warp Size: 32 Compute Capability: 7,0 Can Map Host Memory: Yes Clock Rate: 1530 MHz L2 Cache Size: 6291456 bytes Multiprocessor Count: 80 | C454: Max thread in blocks by axis: (1024, 1024, 64) | D454: Max blocks by axis: (2147483647, 65535, 65535) | E454: Device 1: Tesla V100-SXM2-16GB | F454: Max thread in blocks: 1024 Total Global Memory: 16151,1 MB GPU Global Memory Usage: 0,695972 MB GPU Global Memory Hash Table: 1024 MB Max PARAMETR_SIZE in GPU Global Memory: 7343488 Shared memory per block: 49152 bytes (48 KB) Shared memory per multiprocessor: 98304 bytes (96 KB) Data size in Shared memory per block: 2688 bytes (2,625 KB) Constant Memory: 65536 bytes Parameter data size (in Constant Memory): 13440 bytes (13,125 KB) Registers per Block: 65536 Warp Size: 32 Compute Capability: 7,0 Can Map Host Memory: Yes Clock Rate: 1530 MHz L2 Cache Size: 6291456 bytes Multiprocessor Count: 80 | G454: Max thread in blocks by axis: (1024, 1024, 64) | H454: Max blocks by axis: (2147483647, 65535, 65535) | I454: Device 2: Tesla V100-SXM2-16GB | J454: Max thread in blocks: 1024 Total Global Memory: 16151,1 MB GPU Global Memory Usage: 0,695972 MB GPU Global Memory Hash Table: 1024 MB Max PARAMETR_SIZE in GPU Global Memory: 7343488 Shared memory per block: 49152 bytes (48 KB) Shared memory per multiprocessor: 98304 bytes (96 KB) Data size in Shared memory per block: 2688 bytes (2,625 KB) Constant Memory: 65536 bytes Parameter data size (in Constant Memory): 13440 bytes (13,125 KB) Registers per Block: 65536 Warp Size: 32 Compute Capability: 7,0 Can Map Host Memory: Yes Clock Rate: 1530 MHz L2 Cache Size: 6291456 bytes Multiprocessor Count: 80 | K454: Max thread in blocks by axis: (1024, 1024, 64) | L454: Max blocks by axis: (2147483647, 65535, 65535) | M454: Device 3: Tesla V100-SXM2-16GB | N454: Max thread in blocks: 1024 Total Global Memory: 16151,1 MB GPU Global Memory Usage: 0,695972 MB GPU Global Memory Hash Table: 1024 MB Max PARAMETR_SIZE in GPU Global Memory: 7343488 Shared memory per block: 49152 bytes (48 KB) Shared memory per multiprocessor: 98304 bytes (96 KB) Data size in Shared memory per block: 2688 bytes (2,625 KB) Constant Memory: 65536 bytes Parameter data size (in Constant Memory): 13440 bytes (13,125 KB) Registers per Block: 65536 Warp Size: 32 Compute Capability: 7,0 Can Map Host Memory: Yes Clock Rate: 1530 MHz L2 Cache Size: 6291456 bytes Multiprocessor Count: 80 | O454: Max thread in blocks by axis: (1024, 1024, 64) | P454: Max blocks by axis: (2147483647, 65535, 65535) | Q454: PARAMETR_SIZE: 336 | R454: MAX_VALUE_SIZE: 5 | S454: SET_PARAMETR_SIZE_ONE_X: 21 | T454: ANT_SIZE: 500 | U454: MAX_THREAD_CUDA: 512 | V454: NAME_FILE_GRAPH: Parametr_Graph/test336,txt | W454: KOL_ITERATION: 500 | X454: KOL_PROGREV: 5 | Y454: KOL_PROGON_STATISTICS: 50 | Z454: PARAMETR_RO: 0,999 | AA454: PARAMETR_Q: 1 | AB454: PRINT_INFORMATION: 0 | AC454: MAX_PARAMETR_VALUE_TO_MIN_OPT: 1 | AD454: OPTIMIZE: OPTIMIZE_MIN_1 | AE454: FUNCTION: SHAFFERA GO_HASH: 1 | AF454: HASH_TABLE_SIZE: 67108864 | AG454: ZERO_HASH_RESULT: -1 | AH454: ZERO_HASH: 18446744073709551615 | AI454: MAX_PROBES: 10000
A455: Run 4 function ACO 4start0 | B455: 101.544 | C455: 95.2155 | D455: 2.98088 | E455: 13.8496 | F455: 68.225 | G455: 6.32893 | H455: 100 | I455: 100 | J455: 3.28489 | K455: 0.0539519 | L455: 0.9316
A456: Run 4 function ACO 4start1 | B456: 101.488 | C456: 95.0814 | D456: 2.98395 | E456: 13.8496 | F456: 68.1154 | G456: 6.40663 | H456: 100 | I456: 100 | J456: 3.28672 | K456: 0.0637453 | L456: 0.930981
A457: Run 4 function ACO 4start2 | B457: 100.87 | C457: 94.6533 | D457: 2.91636 | E457: 13.7339 | F457: 68.0253 | G457: 6.21638 | H457: 100 | I457: 100 | J457: 3.30687 | K457: 0.0539175 | L457: 0.931818
A458: Run 4 function ACO 4start3 | B458: 100.82 | C458: 94.5437 | D458: 2.87745 | E458: 13.7605 | F458: 67.9649 | G458: 6.27613 | H458: 100 | I458: 100 | J458: 3.3085 | K458: 0.0832766 | L458: 0.931383
A459: Run 4 function ACO 4start4 | B459: 100.888 | C459: 94.6195 | D459: 2.901 | E459: 13.7318 | F459: 67.9987 | G459: 6.26883 | H459: 100 | I459: 100 | J459: 3.30625 | K459: 0.0832641 | L459: 0.931708
A460: Run 4 function ACO 4start5 | B460: 100.87 | C460: 94.6021 | D460: 2.8836 | E460: 13.7585 | F460: 67.9649 | G460: 6.26781 | H460: 100 | I460: 100 | J460: 3.30686 | K460: 0.0539865 | L460: 0.931798
A461: Run 4 function ACO 4start6 | B461: 100.871 | C461: 94.5949 | D461: 2.91432 | E461: 13.7605 | F461: 68.0018 | G461: 6.27635 | H461: 100 | I461: 100 | J461: 3.30681 | K461: 0.0829763 | L461: 0.931758
A462: Run 4 function ACO 4start7 | B462: 101.478 | C462: 95.111 | D462: 2.95221 | E462: 13.8895 | F462: 68.1082 | G462: 6.36703 | H462: 100 | I462: 100 | J462: 3.28704 | K462: 0.0539369 | L462: 0.931835
A463: Run 4 function ACO 4start8 | B463: 100.846 | C463: 94.6287 | D463: 2.9348 | E463: 13.7492 | F463: 67.9956 | G463: 6.2171 | H463: 100 | I463: 100 | J463: 3.30765 | K463: 0.0637534 | L463: 0.931708
A464: Run 4 function ACO 4start9 | B464: 101.471 | C464: 95.1099 | D464: 2.95835 | E464: 13.8803 | F464: 68.1646 | G464: 6.36059 | H464: 100 | I464: 100 | J464: 3.28728 | K464: 0.0539799 | L464: 0.931832
A465: Run 4 function ACO 4start10 | B465: 101.464 | C465: 95.0804 | D465: 3.00033 | E465: 13.8445 | F465: 68.0898 | G465: 6.38326 | H465: 100 | I465: 100 | J465: 3.28751 | K465: 0.0577275 | L465: 0.931738
A466: Run 4 function ACO 4start11 | B466: 101.087 | C466: 94.7935 | D466: 2.9266 | E466: 13.8424 | F466: 68.0191 | G466: 6.2936 | H466: 100 | I466: 100 | J466: 3.29975 | K466: 0.0570274 | L466: 0.931835
... A604: Run Combined Run 2start49 | B604: 95.2697 | C604: 88.5658 | D604: 67.4937 | E604: 16.001 | F604: 0 | G604: 6.70391 | H604: 100 | I604: 100 | J604: 3.56694 | K604: 0.0638704 | L604: 0.931652
A605: Device 0: Tesla V100-SXM2-16GB | B605: Max thread in blocks: 1024 Total Global Memory: 16151,1 MB GPU Global Memory Usage: 1,38811 MB GPU Global Memory Hash Table: 1024 MB Max PARAMETR_SIZE in GPU Global Memory: 7343488 Shared memory per block: 49152 bytes (48 KB) Shared memory per multiprocessor: 98304 bytes (96 KB) Data size in Shared memory per block: 5376 bytes (5,25 KB) Constant Memory: 65536 bytes Parameter data size (in Constant Memory): 26880 bytes (26,25 KB) Registers per Block: 65536 Warp Size: 32 Compute Capability: 7,0 Can Map Host Memory: Yes Clock Rate: 1530 MHz L2 Cache Size: 6291456 bytes Multiprocessor Count: 80 | C605: Max thread in blocks by axis: (1024, 1024, 64) | D605: Max blocks by axis: (2147483647, 65535, 65535) | E605: Device 1: Tesla V100-SXM2-16GB | F605: Max thread in blocks: 1024 Total Global Memory: 16151,1 MB GPU Global Memory Usage: 1,38811 MB GPU Global Memory Hash Table: 1024 MB Max PARAMETR_SIZE in GPU Global Memory: 7343488 Shared memory per block: 49152 bytes (48 KB) Shared memory per multiprocessor: 98304 bytes (96 KB) Data size in Shared memory per block: 5376 bytes (5,25 KB) Constant Memory: 65536 bytes Parameter data size (in Constant Memory): 26880 bytes (26,25 KB) Registers per Block: 65536 Warp Size: 32 Compute Capability: 7,0 Can Map Host Memory: Yes Clock Rate: 1530 MHz L2 Cache Size: 6291456 bytes Multiprocessor Count: 80 | G605: Max thread in blocks by axis: (1024, 1024, 64) | H605: Max blocks by axis: (2147483647, 65535, 65535) | I605: Device 2: Tesla V100-SXM2-16GB | J605: Max thread in blocks: 1024 Total Global Memory: 16151,1 MB GPU Global Memory Usage: 1,38811 MB GPU Global Memory Hash Table: 1024 MB Max PARAMETR_SIZE in GPU Global Memory: 7343488 Shared memory per block: 49152 bytes (48 KB) Shared memory per multiprocessor: 98304 bytes (96 KB) Data size in Shared memory per block: 5376 bytes (5,25 KB) Constant Memory: 65536 bytes Parameter data size (in Constant Memory): 26880 bytes (26,25 KB) Registers per Block: 65536 Warp Size: 32 Compute Capability: 7,0 Can Map Host Memory: Yes Clock Rate: 1530 MHz L2 Cache Size: 6291456 bytes Multiprocessor Count: 80 | K605: Max thread in blocks by axis: (1024, 1024, 64) | L605: Max blocks by axis: (2147483647, 65535, 65535) | M605: Device 3: Tesla V100-SXM2-16GB | N605: Max thread in blocks: 1024 Total Global Memory: 16151,1 MB GPU Global Memory Usage: 1,38811 MB GPU Global Memory Hash Table: 1024 MB Max PARAMETR_SIZE in GPU Global Memory: 7343488 Shared memory per block: 49152 bytes (48 KB) Shared memory per multiprocessor: 98304 bytes (96 KB) Data size in Shared memory per block: 5376 bytes (5,25 KB) Constant Memory: 65536 bytes Parameter data size (in Constant Memory): 26880 bytes (26,25 KB) Registers per Block: 65536 Warp Size: 32 Compute Capability: 7,0 Can Map Host Memory: Yes Clock Rate: 1530 MHz L2 Cache Size: 6291456 bytes Multiprocessor Count: 80 | O605: Max thread in blocks by axis: (1024, 1024, 64) | P605: Max blocks by axis: (2147483647, 65535, 65535) | Q605: PARAMETR_SIZE: 672 | R605: MAX_VALUE_SIZE: 5 | S605: SET_PARAMETR_SIZE_ONE_X: 21 | T605: ANT_SIZE: 500 | U605: MAX_THREAD_CUDA: 512 | V605: NAME_FILE_GRAPH: Parametr_Graph/test672,txt | W605: KOL_ITERATION: 500 | X605: KOL_PROGREV: 5 | Y605: KOL_PROGON_STATISTICS: 50 | Z605: PARAMETR_RO: 0,999 | AA605: PARAMETR_Q: 1 | AB605: PRINT_INFORMATION: 0 | AC605: MAX_PARAMETR_VALUE_TO_MIN_OPT: 1 | AD605: OPTIMIZE: OPTIMIZE_MIN_1 | AE605: FUNCTION: SHAFFERA GO_HASH: 1 | AF605: HASH_TABLE_SIZE: 67108864 | AG605: ZERO_HASH_RESULT: -1 | AH605: ZERO_HASH: 18446744073709551615 | AI605: MAX_PROBES: 10000
A606: Run 4 function ACO 4start0 | B606: 116.315 | C606: 109.708 | D606: 2.96347 | E606: 27.2977 | F606: 69.1087 | G606: 6.60724 | H606: 100 | I606: 100 | J606: 5.71947 | K606: 0.178456 | L606: 0.852564
A607: Run 4 function ACO 4start1 | B607: 116.246 | C607: 109.679 | D607: 2.986 | E607: 27.2803 | F607: 69.035 | G607: 6.56702 | H607: 100 | I607: 100 | J607: 5.7229 | K607: 0.147412 | L607: 0.83447
A608: Run 4 function ACO 4start2 | B608: 116.264 | C608: 109.62 | D608: 2.96347 | E608: 27.308 | F608: 69.0248 | G608: 6.64362 | H608: 100 | I608: 100 | J608: 5.72201 | K608: 0.16099 | L608: 0.836294
A609: Run 4 function ACO 4start3 | B609: 116.268 | C609: 109.645 | D609: 2.97883 | E609: 27.2875 | F609: 69.0605 | G609: 6.6237 | H609: 100 | I609: 100 | J609: 5.72178 | K609: 0.14818 | L609: 0.837049
A610: Run 4 function ACO 4start4 | B610: 116.322 | C610: 109.674 | D610: 2.98395 | E610: 27.3356 | F610: 69.0289 | G610: 6.64721 | H610: 100 | I610: 100 | J610: 5.71916 | K610: 0.178548 | L610: 0.837053
A611: Run 4 function ACO 4start5 | B611: 116.219 | C611: 109.599 | D611: 2.99726 | E611: 27.2701 | F611: 69.036 | G611: 6.62002 | H611: 100 | I611: 100 | J611: 5.72422 | K611: 0.153925 | L611: 0.83704
A612: Run 4 function ACO 4start6 | B612: 116.274 | C612: 109.613 | D612: 2.96552 | E612: 27.31 | F612: 69.0226 | G612: 6.66077 | H612: 100 | I612: 100 | J612: 5.72152 | K612: 0.163957 | L612: 0.836772
A613: Run 4 function ACO 4start7 | B613: 116.507 | C613: 109.823 | D613: 3.03413 | E613: 27.3213 | F613: 69.1087 | G613: 6.68434 | H613: 100 | I613: 100 | J613: 5.71005 | K613: 0.149125 | L613: 0.837044
A614: Run 4 function ACO 4start8 | B614: 116.242 | C614: 109.614 | D614: 2.96757 | E614: 27.3141 | F614: 69.0278 | G614: 6.628 | H614: 100 | I614: 100 | J614: 5.72308 | K614: 0.147805 | L614: 0.836529
A615: Run 4 function ACO 4start9 | B615: 115.988 | C615: 109.437 | D615: 2.95425 | E615: 27.2148 | F615: 69.0155 | G615: 6.55107 | H615: 100 | I615: 100 | J615: 5.73562 | K615: 0.161657 | L615: 0.836846
A616: Run 4 function ACO 4start10 | B616: 116.454 | C616: 109.817 | D616: 3.01672 | E616: 27.3285 | F616: 69.122 | G616: 6.63715 | H616: 100 | I616: 100 | J616: 5.71266 | K616: 0.178457 | L616: 0.836646
A617: Run 4 function ACO 4start11 | B617: 116.797 | C617: 110.126 | D617: 3.0116 | E617: 27.2977 | F617: 69.0964 | G617: 6.67139 | H617: 100 | I617: 100 | J617: 5.69586 | K617: 0.178454 | L617: 0.836902
... A755: Run Combined Run 2start49 | B755: 109.019 | C755: 102.136 | D755: 68.3939 | E755: 28.668 | F755: 0 | G755: 6.88331 | H755: 100 | I755: 100 | J755: 6.21707 | K755: 0.147136 | L755: 0.837007
A756: Device 0: Tesla V100-SXM2-16GB | B756: Max thread in blocks: 1024 Total Global Memory: 16151,1 MB GPU Global Memory Usage: 2,77239 MB GPU Global Memory Hash Table: 1024 MB Max PARAMETR_SIZE in GPU Global Memory: 7343488 Shared memory per block: 49152 bytes (48 KB) Shared memory per multiprocessor: 98304 bytes (96 KB) Data size in Shared memory per block: 10752 bytes (10,5 KB) Constant Memory: 65536 bytes Parameter data size (in Constant Memory): 53760 bytes (52,5 KB) Registers per Block: 65536 Warp Size: 32 Compute Capability: 7,0 Can Map Host Memory: Yes Clock Rate: 1530 MHz L2 Cache Size: 6291456 bytes Multiprocessor Count: 80 | C756: Max thread in blocks by axis: (1024, 1024, 64) | D756: Max blocks by axis: (2147483647, 65535, 65535) | E756: Device 1: Tesla V100-SXM2-16GB | F756: Max thread in blocks: 1024 Total Global Memory: 16151,1 MB GPU Global Memory Usage: 2,77239 MB GPU Global Memory Hash Table: 1024 MB Max PARAMETR_SIZE in GPU Global Memory: 7343488 Shared memory per block: 49152 bytes (48 KB) Shared memory per multiprocessor: 98304 bytes (96 KB) Data size in Shared memory per block: 10752 bytes (10,5 KB) Constant Memory: 65536 bytes Parameter data size (in Constant Memory): 53760 bytes (52,5 KB) Registers per Block: 65536 Warp Size: 32 Compute Capability: 7,0 Can Map Host Memory: Yes Clock Rate: 1530 MHz L2 Cache Size: 6291456 bytes Multiprocessor Count: 80 | G756: Max thread in blocks by axis: (1024, 1024, 64) | H756: Max blocks by axis: (2147483647, 65535, 65535) | I756: Device 2: Tesla V100-SXM2-16GB | J756: Max thread in blocks: 1024 Total Global Memory: 16151,1 MB GPU Global Memory Usage: 2,77239 MB GPU Global Memory Hash Table: 1024 MB Max PARAMETR_SIZE in GPU Global Memory: 7343488 Shared memory per block: 49152 bytes (48 KB) Shared memory per multiprocessor: 98304 bytes (96 KB) Data size in Shared memory per block: 10752 bytes (10,5 KB) Constant Memory: 65536 bytes Parameter data size (in Constant Memory): 53760 bytes (52,5 KB) Registers per Block: 65536 Warp Size: 32 Compute Capability: 7,0 Can Map Host Memory: Yes Clock Rate: 1530 MHz L2 Cache Size: 6291456 bytes Multiprocessor Count: 80 | K756: Max thread in blocks by axis: (1024, 1024, 64) | L756: Max blocks by axis: (2147483647, 65535, 65535) | M756: Device 3: Tesla V100-SXM2-16GB | N756: Max thread in blocks: 1024 Total Global Memory: 16151,1 MB GPU Global Memory Usage: 2,77239 MB GPU Global Memory Hash Table: 1024 MB Max PARAMETR_SIZE in GPU Global Memory: 7343488 Shared memory per block: 49152 bytes (48 KB) Shared memory per multiprocessor: 98304 bytes (96 KB) Data size in Shared memory per block: 10752 bytes (10,5 KB) Constant Memory: 65536 bytes Parameter data size (in Constant Memory): 53760 bytes (52,5 KB) Registers per Block: 65536 Warp Size: 32 Compute Capability: 7,0 Can Map Host Memory: Yes Clock Rate: 1530 MHz L2 Cache Size: 6291456 bytes Multiprocessor Count: 80 | O756: Max thread in blocks by axis: (1024, 1024, 64) | P756: Max blocks by axis: (2147483647, 65535, 65535) | Q756: PARAMETR_SIZE: 1344 | R756: MAX_VALUE_SIZE: 5 | S756: SET_PARAMETR_SIZE_ONE_X: 21 | T756: ANT_SIZE: 500 | U756: MAX_THREAD_CUDA: 512 | V756: NAME_FILE_GRAPH: Parametr_Graph/test1344,txt | W756: KOL_ITERATION: 500 | X756: KOL_PROGREV: 5 | Y756: KOL_PROGON_STATISTICS: 50 | Z756: PARAMETR_RO: 0,999 | AA756: PARAMETR_Q: 1 | AB756: PRINT_INFORMATION: 0 | AC756: MAX_PARAMETR_VALUE_TO_MIN_OPT: 1 | AD756: OPTIMIZE: OPTIMIZE_MIN_1 | AE756: FUNCTION: SHAFFERA GO_HASH: 1 | AF756: HASH_TABLE_SIZE: 67108864 | AG756: ZERO_HASH_RESULT: -1 | AH756: ZERO_HASH: 18446744073709551615 | AI756: MAX_PROBES: 10000
A757: Run 4 function ACO 4start0 | B757: 144.301 | C757: 137.707 | D757: 2.94811 | E757: 55.3267 | F757: 68.9786 | G757: 6.59323 | H757: 100 | I757: 100 | J757: 9.2076 | K757: 0.275891 | L757: 0.706505
A758: Run 4 function ACO 4start1 | B758: 144.036 | C758: 137.478 | D758: 2.9092 | E758: 55.3206 | F758: 68.8393 | G758: 6.55769 | H758: 100 | I758: 100 | J758: 9.22453 | K758: 0.283078 | L758: 0.706527
A759: Run 4 function ACO 4start2 | B759: 144.263 | C759: 137.655 | D759: 2.96552 | E759: 55.3256 | F759: 68.9161 | G759: 6.60785 | H759: 100 | I759: 100 | J759: 9.21 | K759: 0.283222 | L759: 0.715973
A760: Run 4 function ACO 4start3 | B760: 144.089 | C760: 137.533 | D760: 2.92558 | E760: 55.3124 | F760: 68.8485 | G760: 6.5553 | H760: 100 | I760: 100 | J760: 9.22115 | K760: 0.270029 | L760: 0.726956
A761: Run 4 function ACO 4start4 | B761: 144.286 | C761: 137.699 | D761: 3.00033 | E761: 55.3481 | F761: 68.8895 | G761: 6.58688 | H761: 100 | I761: 100 | J761: 9.20852 | K761: 0.283107 | L761: 0.706531
A762: Run 4 function ACO 4start5 | B762: 143.996 | C762: 137.482 | D762: 2.94811 | E762: 55.2949 | F762: 68.8363 | G762: 6.51434 | H762: 100 | I762: 100 | J762: 9.22705 | K762: 0.283423 | L762: 0.727479
A763: Run 4 function ACO 4start6 | B763: 144.259 | C763: 137.642 | D763: 2.96142 | E763: 55.3502 | F763: 68.9049 | G763: 6.61758 | H763: 100 | I763: 100 | J763: 9.21022 | K763: 0.283081 | L763: 0.727898
A764: Run 4 function ACO 4start7 | B764: 144.402 | C764: 137.791 | D764: 2.92968 | E764: 55.3278 | F764: 68.8629 | G764: 6.61064 | H764: 100 | I764: 100 | J764: 9.20114 | K764: 0.283103 | L764: 0.727895
A765: Run 4 function ACO 4start8 | B765: 144.176 | C765: 137.591 | D765: 2.96142 | E765: 55.3359 | F765: 68.8752 | G765: 6.5851 | H765: 100 | I765: 100 | J765: 9.21557 | K765: 0.285751 | L765: 0.723965
A766: Run 4 function ACO 4start9 | B766: 144.154 | C766: 137.571 | D766: 2.94299 | E766: 55.3819 | F766: 68.8435 | G766: 6.58246 | H766: 100 | I766: 100 | J766: 9.21698 | K766: 0.283083 | L766: 0.725668
A767: Run 4 function ACO 4start10 | B767: 144.066 | C767: 137.524 | D767: 2.9348 | E767: 55.3441 | F767: 68.8803 | G767: 6.54192 | H767: 100 | I767: 100 | J767: 9.2226 | K767: 0.283127 | L767: 0.711196
A768: Run 4 function ACO 4start11 | B768: 144.084 | C768: 137.471 | D768: 2.92763 | E768: 55.3359 | F768: 68.829 | G768: 6.61279 | H768: 100 | I768: 100 | J768: 9.22147 | K768: 0.261425 | L768: 0.706532
... A906: Run Combined Run 2start49 | B906: 137.925 | C906: 130.339 | D906: 68.353 | E906: 56.7398 | F906: 0 | G906: 7.58594 | H906: 100 | I906: 100 | J906: 9.81474 | K906: 0.283196 | L906: 0.710932
A907: Device 0: Tesla V100-SXM2-16GB | B907: Max thread in blocks: 1024 Total Global Memory: 16151,1 MB GPU Global Memory Usage: 5,54094 MB GPU Global Memory Hash Table: 1024 MB Max PARAMETR_SIZE in GPU Global Memory: 7343488 Shared memory per block: 49152 bytes (48 KB) Shared memory per multiprocessor: 98304 bytes (96 KB) Data size in Shared memory per block: 21504 bytes (21 KB) Constant Memory: 65536 bytes Parameter data size (in Constant Memory): 107520 bytes (105 KB) Registers per Block: 65536 Warp Size: 32 Compute Capability: 7,0 Can Map Host Memory: Yes Clock Rate: 1530 MHz L2 Cache Size: 6291456 bytes Multiprocessor Count: 80 | C907: Max thread in blocks by axis: (1024, 1024, 64) | D907: Max blocks by axis: (2147483647, 65535, 65535) | E907: Device 1: Tesla V100-SXM2-16GB | F907: Max thread in blocks: 1024 Total Global Memory: 16151,1 MB GPU Global Memory Usage: 5,54094 MB GPU Global Memory Hash Table: 1024 MB Max PARAMETR_SIZE in GPU Global Memory: 7343488 Shared memory per block: 49152 bytes (48 KB) Shared memory per multiprocessor: 98304 bytes (96 KB) Data size in Shared memory per block: 21504 bytes (21 KB) Constant Memory: 65536 bytes Parameter data size (in Constant Memory): 107520 bytes (105 KB) Registers per Block: 65536 Warp Size: 32 Compute Capability: 7,0 Can Map Host Memory: Yes Clock Rate: 1530 MHz L2 Cache Size: 6291456 bytes Multiprocessor Count: 80 | G907: Max thread in blocks by axis: (1024, 1024, 64) | H907: Max blocks by axis: (2147483647, 65535, 65535) | I907: Device 2: Tesla V100-SXM2-16GB | J907: Max thread in blocks: 1024 Total Global Memory: 16151,1 MB GPU Global Memory Usage: 5,54094 MB GPU Global Memory Hash Table: 1024 MB Max PARAMETR_SIZE in GPU Global Memory: 7343488 Shared memory per block: 49152 bytes (48 KB) Shared memory per multiprocessor: 98304 bytes (96 KB) Data size in Shared memory per block: 21504 bytes (21 KB) Constant Memory: 65536 bytes Parameter data size (in Constant Memory): 107520 bytes (105 KB) Registers per Block: 65536 Warp Size: 32 Compute Capability: 7,0 Can Map Host Memory: Yes Clock Rate: 1530 MHz L2 Cache Size: 6291456 bytes Multiprocessor Count: 80 | K907: Max thread in blocks by axis: (1024, 1024, 64) | L907: Max blocks by axis: (2147483647, 65535, 65535) | M907: Device 3: Tesla V100-SXM2-16GB | N907: Max thread in blocks: 1024 Total Global Memory: 16151,1 MB GPU Global Memory Usage: 5,54094 MB GPU Global Memory Hash Table: 1024 MB Max PARAMETR_SIZE in GPU Global Memory: 7343488 Shared memory per block: 49152 bytes (48 KB) Shared memory per multiprocessor: 98304 bytes (96 KB) Data size in Shared memory per block: 21504 bytes (21 KB) Constant Memory: 65536 bytes Parameter data size (in Constant Memory): 107520 bytes (105 KB) Registers per Block: 65536 Warp Size: 32 Compute Capability: 7,0 Can Map Host Memory: Yes Clock Rate: 1530 MHz L2 Cache Size: 6291456 bytes Multiprocessor Count: 80 | O907: Max thread in blocks by axis: (1024, 1024, 64) | P907: Max blocks by axis: (2147483647, 65535, 65535) | Q907: PARAMETR_SIZE: 2688 | R907: MAX_VALUE_SIZE: 5 | S907: SET_PARAMETR_SIZE_ONE_X: 21 | T907: ANT_SIZE: 500 | U907: MAX_THREAD_CUDA: 512 | V907: NAME_FILE_GRAPH: Parametr_Graph/test2688,txt | W907: KOL_ITERATION: 500 | X907: KOL_PROGREV: 5 | Y907: KOL_PROGON_STATISTICS: 50 | Z907: PARAMETR_RO: 0,999 | AA907: PARAMETR_Q: 1 | AB907: PRINT_INFORMATION: 0 | AC907: MAX_PARAMETR_VALUE_TO_MIN_OPT: 1 | AD907: OPTIMIZE: OPTIMIZE_MIN_1 | AE907: FUNCTION: SHAFFERA GO_HASH: 1 | AF907: HASH_TABLE_SIZE: 67108864 | AG907: ZERO_HASH_RESULT: -1 | AH907: ZERO_HASH: 18446744073709551615 | AI907: MAX_PROBES: 10000
A908: Run 4 function ACO 4start0 | B908: 292.023 | C908: 284.922 | D908: 3.20206 | E908: 193.116 | F908: 77.4083 | G908: 7.10144 | H908: 100 | I908: 100 | J908: 9.09332 | K908: 0.37569 | L908: 0.619122
A909: Run 4 function ACO 4start1 | B909: 291.75 | C909: 284.721 | D909: 3.22357 | E909: 192.963 | F909: 77.3264 | G909: 7.02927 | H909: 100 | I909: 100 | J909: 9.10182 | K909: 0.375691 | L909: 0.62959
A910: Run 4 function ACO 4start2 | B910: 291.551 | C910: 284.516 | D910: 3.17441 | E910: 193.008 | F910: 77.2649 | G910: 7.035 | H910: 100 | I910: 100 | J910: 9.10804 | K910: 0.375705 | L910: 0.629102
A911: Run 4 function ACO 4start3 | B911: 291.807 | C911: 284.716 | D911: 3.25429 | E911: 192.955 | F911: 77.3162 | G911: 7.09113 | H911: 100 | I911: 100 | J911: 9.10005 | K911: 0.375727 | L911: 0.635931
A912: Run 4 function ACO 4start4 | B912: 291.541 | C912: 284.5 | D912: 3.17339 | E912: 192.918 | F912: 77.2844 | G912: 7.04111 | H912: 100 | I912: 100 | J912: 9.10837 | K912: 0.375936 | L912: 0.619116
A913: Run 4 function ACO 4start5 | B913: 291.616 | C913: 284.593 | D913: 3.23483 | E913: 192.972 | F913: 77.2865 | G913: 7.02298 | H913: 100 | I913: 100 | J913: 9.10602 | K913: 0.375834 | L913: 0.621119
A914: Run 4 function ACO 4start6 | B914: 291.518 | C914: 284.456 | D914: 3.16929 | E914: 192.96 | F914: 77.2527 | G914: 7.06238 | H914: 100 | I914: 100 | J914: 9.10908 | K914: 0.375691 | L914: 0.626529
A915: Run 4 function ACO 4start7 | B915: 291.542 | C915: 284.556 | D915: 3.22357 | E915: 192.923 | F915: 77.3397 | G915: 6.98532 | H915: 100 | I915: 100 | J915: 9.10835 | K915: 0.375782 | L915: 0.619122
A916: Run 4 function ACO 4start8 | B916: 291.845 | C916: 284.787 | D916: 3.20206 | E916: 193.079 | F916: 77.352 | G916: 7.05881 | H916: 100 | I916: 100 | J916: 9.09886 | K916: 0.375823 | L916: 0.629711
A917: Run 4 function ACO 4start9 | B917: 291.732 | C917: 284.729 | D917: 3.23176 | E917: 193.067 | F917: 77.3428 | G917: 7.00284 | H917: 100 | I917: 100 | J917: 9.1024 | K917: 0.37569 | L917: 0.62841
A918: Run 4 function ACO 4start10 | B918: 291.589 | C918: 284.547 | D918: 3.15394 | E918: 192.998 | F918: 77.2915 | G918: 7.04178 | H918: 100 | I918: 100 | J918: 9.10687 | K918: 0.375704 | L918: 0.629773
A919: Run 4 function ACO 4start11 | B919: 291.623 | C919: 284.629 | D919: 3.21333 | E919: 193.01 | F919: 77.3479 | G919: 6.99445 | H919: 100 | I919: 100 | J919: 9.10579 | K919: 0.375782 | L919: 0.619122
... A1057: Run Combined Run 2start49 | B1057: 286.31 | C1057: 277.56 | D1057: 77.5352 | E1057: 194.654 | F1057: 0 | G1057: 8.74951 | H1057: 100 | I1057: 100 | J1057: 9.44965 | K1057: 0.375774 | L1057: 0.629641
A1058: Device 0: Tesla V100-SXM2-16GB | B1058: Max thread in blocks: 1024 Total Global Memory: 16151,1 MB GPU Global Memory Usage: 11,0781 MB GPU Global Memory Hash Table: 1024 MB Max PARAMETR_SIZE in GPU Global Memory: 7343488 Shared memory per block: 49152 bytes (48 KB) Shared memory per multiprocessor: 98304 bytes (96 KB) Data size in Shared memory per block: 43008 bytes (42 KB) Constant Memory: 65536 bytes Parameter data size (in Constant Memory): 215040 bytes (210 KB) Registers per Block: 65536 Warp Size: 32 Compute Capability: 7,0 Can Map Host Memory: Yes Clock Rate: 1530 MHz L2 Cache Size: 6291456 bytes Multiprocessor Count: 80 | C1058: Max thread in blocks by axis: (1024, 1024, 64) | D1058: Max blocks by axis: (2147483647, 65535, 65535) | E1058: Device 1: Tesla V100-SXM2-16GB | F1058: Max thread in blocks: 1024 Total Global Memory: 16151,1 MB GPU Global Memory Usage: 11,0781 MB GPU Global Memory Hash Table: 1024 MB Max PARAMETR_SIZE in GPU Global Memory: 7343488 Shared memory per block: 49152 bytes (48 KB) Shared memory per multiprocessor: 98304 bytes (96 KB) Data size in Shared memory per block: 43008 bytes (42 KB) Constant Memory: 65536 bytes Parameter data size (in Constant Memory): 215040 bytes (210 KB) Registers per Block: 65536 Warp Size: 32 Compute Capability: 7,0 Can Map Host Memory: Yes Clock Rate: 1530 MHz L2 Cache Size: 6291456 bytes Multiprocessor Count: 80 | G1058: Max thread in blocks by axis: (1024, 1024, 64) | H1058: Max blocks by axis: (2147483647, 65535, 65535) | I1058: Device 2: Tesla V100-SXM2-16GB | J1058: Max thread in blocks: 1024 Total Global Memory: 16151,1 MB GPU Global Memory Usage: 11,0781 MB GPU Global Memory Hash Table: 1024 MB Max PARAMETR_SIZE in GPU Global Memory: 7343488 Shared memory per block: 49152 bytes (48 KB) Shared memory per multiprocessor: 98304 bytes (96 KB) Data size in Shared memory per block: 43008 bytes (42 KB) Constant Memory: 65536 bytes Parameter data size (in Constant Memory): 215040 bytes (210 KB) Registers per Block: 65536 Warp Size: 32 Compute Capability: 7,0 Can Map Host Memory: Yes Clock Rate: 1530 MHz L2 Cache Size: 6291456 bytes Multiprocessor Count: 80 | K1058: Max thread in blocks by axis: (1024, 1024, 64) | L1058: Max blocks by axis: (2147483647, 65535, 65535) | M1058: Device 3: Tesla V100-SXM2-16GB | N1058: Max thread in blocks: 1024 Total Global Memory: 16151,1 MB GPU Global Memory Usage: 11,0781 MB GPU Global Memory Hash Table: 1024 MB Max PARAMETR_SIZE in GPU Global Memory: 7343488 Shared memory per block: 49152 bytes (48 KB) Shared memory per multiprocessor: 98304 bytes (96 KB) Data size in Shared memory per block: 43008 bytes (42 KB) Constant Memory: 65536 bytes Parameter data size (in Constant Memory): 215040 bytes (210 KB) Registers per Block: 65536 Warp Size: 32 Compute Capability: 7,0 Can Map Host Memory: Yes Clock Rate: 1530 MHz L2 Cache Size: 6291456 bytes Multiprocessor Count: 80 | O1058: Max thread in blocks by axis: (1024, 1024, 64) | P1058: Max blocks by axis: (2147483647, 65535, 65535) | Q1058: PARAMETR_SIZE: 5376 | R1058: MAX_VALUE_SIZE: 5 | S1058: SET_PARAMETR_SIZE_ONE_X: 21 | T1058: ANT_SIZE: 500 | U1058: MAX_THREAD_CUDA: 512 | V1058: NAME_FILE_GRAPH: Parametr_Graph/test5376,txt | W1058: KOL_ITERATION: 500 | X1058: KOL_PROGREV: 5 | Y1058: KOL_PROGON_STATISTICS: 50 | Z1058: PARAMETR_RO: 0,999 | AA1058: PARAMETR_Q: 1 | AB1058: PRINT_INFORMATION: 0 | AC1058: MAX_PARAMETR_VALUE_TO_MIN_OPT: 1 | AD1058: OPTIMIZE: OPTIMIZE_MIN_1 | AE1058: FUNCTION: SHAFFERA GO_HASH: 1 | AF1058: HASH_TABLE_SIZE: 67108864 | AG1058: ZERO_HASH_RESULT: -1 | AH1058: ZERO_HASH: 18446744073709551615 | AI1058: MAX_PROBES: 10000
A1059: Run 4 function ACO 4start0 | B1059: 794.662 | C1059: 787.888 | D1059: 3.54715 | E1059: 636.635 | F1059: 137.207 | G1059: 6.7749 | H1059: 100 | I1059: 100 | J1059: 6.6809 | K1059: 0.432627 | L1059: 0.565177
...

Sheet Лист3
A1: Device 0: Tesla V100-SXM2-16GB | B1: Max thread in blocks: 1024 Total Global Memory: 16151,1 MB GPU Global Memory Usage: 0,0887489 MB GPU Global Memory Hash Table: 1024 MB Max PARAMETR_SIZE in GPU Global Memory: 7482045 Shared memory per block: 49152 bytes (48 KB) Shared memory per multiprocessor: 98304 bytes (96 KB) Data size in Shared memory per block: 336 bytes (0,328125 KB) Constant Memory: 65536 bytes Parameter data size (in Constant Memory): 1680 bytes (1,64062 KB) Registers per Block: 65536 Warp Size: 32 Compute Capability: 7,0 Can Map Host Memory: Yes Clock Rate: 1530 MHz L2 Cache Size: 6291456 bytes Multiprocessor Count: 80 | C1: Max thread in blocks by axis: (1024, 1024, 64) | D1: Max blocks by axis: (2147483647, 65535, 65535) | E1: Device 1: Tesla V100-SXM2-16GB | F1: Max thread in blocks: 1024 Total Global Memory: 16151,1 MB GPU Global Memory Usage: 0,0887489 MB GPU Global Memory Hash Table: 1024 MB Max PARAMETR_SIZE in GPU Global Memory: 7482045 Shared memory per block: 49152 bytes (48 KB) Shared memory per multiprocessor: 98304 bytes (96 KB) Data size in Shared memory per block: 336 bytes (0,328125 KB) Constant Memory: 65536 bytes Parameter data size (in Constant Memory): 1680 bytes (1,64062 KB) Registers per Block: 65536 Warp Size: 32 Compute Capability: 7,0 Can Map Host Memory: Yes Clock Rate: 1530 MHz L2 Cache Size: 6291456 bytes Multiprocessor Count: 80 | G1: Max thread in blocks by axis: (1024, 1024, 64) | H1: Max blocks by axis: (2147483647, 65535, 65535) | I1: Device 2: Tesla V100-SXM2-16GB | J1: Max thread in blocks: 1024 Total Global Memory: 16151,1 MB GPU Global Memory Usage: 0,0887489 MB GPU Global Memory Hash Table: 1024 MB Max PARAMETR_SIZE in GPU Global Memory: 7482045 Shared memory per block: 49152 bytes (48 KB) Shared memory per multiprocessor: 98304 bytes (96 KB) Data size in Shared memory per block: 336 bytes (0,328125 KB) Constant Memory: 65536 bytes Parameter data size (in Constant Memory): 1680 bytes (1,64062 KB) Registers per Block: 65536 Warp Size: 32 Compute Capability: 7,0 Can Map Host Memory: Yes Clock Rate: 1530 MHz L2 Cache Size: 6291456 bytes Multiprocessor Count: 80 | K1: Max thread in blocks by axis: (1024, 1024, 64) | L1: Max blocks by axis: (2147483647, 65535, 65535) | M1: Device 3: Tesla V100-SXM2-16GB | N1: Max thread in blocks: 1024 Total Global Memory: 16151,1 MB GPU Global Memory Usage: 0,0887489 MB GPU Global Memory Hash Table: 1024 MB Max PARAMETR_SIZE in GPU Global Memory: 7482045 Shared memory per block: 49152 bytes (48 KB) Shared memory per multiprocessor: 98304 bytes (96 KB) Data size in Shared memory per block: 336 bytes (0,328125 KB) Constant Memory: 65536 bytes Parameter data size (in Constant Memory): 1680 bytes (1,64062 KB) Registers per Block: 65536 Warp Size: 32 Compute Capability: 7,0 Can Map Host Memory: Yes Clock Rate: 1530 MHz L2 Cache Size: 6291456 bytes Multiprocessor Count: 80 | O1: Max thread in blocks by axis: (1024, 1024, 64) | P1: Max blocks by axis: (2147483647, 65535, 65535) | Q1: PARAMETR_SIZE: 42 | R1: MAX_VALUE_SIZE: 5 | S1: SET_PARAMETR_SIZE_ONE_X: 21 | T1: ANT_SIZE: 500 | U1: MAX_THREAD_CUDA: 512 | V1: NAME_FILE_GRAPH: Parametr_Graph/test42,txt | W1: KOL_ITERATION: 500 | X1: KOL_PROGREV: 5 | Y1: KOL_PROGON_STATISTICS: 50 | Z1: PARAMETR_RO: 0,999 | AA1: PARAMETR_Q: 1 | AB1: PRINT_INFORMATION: 0 | AC1: MAX_PARAMETR_VALUE_TO_MIN_OPT: 1 | AD1: OPTIMIZE: OPTIMIZE_MIN_1 | AE1: FUNCTION: SHAFFERA GO_HASH: 1 | AF1: HASH_TABLE_SIZE: 67108864 | AG1: ZERO_HASH_RESULT: -1 | AH1: ZERO_HASH: 18446744073709551615 | AI1: MAX_PROBES: 10000 | AJ1: MAX_CONST: 8192 | AK1: MAX_SHARED: 6144 | AL1: BLOCK_SIZE: 64 | AM1: BIN_SEARCH: 0 | AN1: NON_WHILE_ANT: 1
A2: Run 4 function ACO 4start0 | B2: 86.9006 | C2: 80.4117 | D2: 3.02184 | E2: 5.00225 | F2: 62.0944 | G2: 6.48891 | H2: 17.5024 | I2: 100 | J2: 0.49856 | K2: 0.0108579 | L2: 0.995105
A3: Run 4 function ACO 4start1 | B3: 86.2698 | C3: 79.8585 | D3: 2.9563 | E3: 4.92545 | F3: 61.8906 | G3: 6.4113 | H3: 16.408 | I3: 100 | J3: 0.502205 | K3: 0.0108599 | L3: 0.995008
A4: Run 4 function ACO 4start2 | B4: 86.3633 | C4: 79.9713 | D4: 2.98395 | E4: 4.94183 | F4: 61.9234 | G4: 6.392 | H4: 15.0256 | I4: 100 | J4: 0.501661 | K4: 0.010858 | L4: 0.995005
A5: Run 4 function ACO 4start3 | B5: 86.7892 | C5: 80.3174 | D5: 3.03208 | E5: 4.98689 | F5: 61.9715 | G5: 6.47181 | H5: 12.4032 | I5: 100 | J5: 0.4992 | K5: 0.010858 | L5: 0.988449
A6: Run 4 function ACO 4start4 | B6: 86.2595 | C6: 79.8853 | D6: 3.01057 | E6: 4.88448 | F6: 61.8865 | G6: 6.37416 | H6: 10.5964 | I6: 100 | J6: 0.502265 | K6: 0.0108578 | L6: 0.959327
A7: Run 4 function ACO 4start5 | B7: 86.1488 | C7: 79.7224 | D7: 2.9266 | E7: 4.86401 | F7: 61.8957 | G7: 6.42648 | H7: 9.1432 | I7: 100 | J7: 0.50291 | K7: 0.0108581 | L7: 0.959661
A8: Run 4 function ACO 4start6 | B8: 86.3138 | C8: 79.9488 | D8: 2.97883 | E8: 4.89575 | F8: 61.9367 | G8: 6.36502 | H8: 8.0928 | I8: 100 | J8: 0.501949 | K8: 0.0108578 | L8: 0.937405
A9: Run 4 function ACO 4start7 | B9: 86.6828 | C9: 80.2131 | D9: 3.01774 | E9: 4.95412 | F9: 61.9787 | G9: 6.46973 | H9: 7.1492 | I9: 100 | J9: 0.499812 | K9: 0.010858 | L9: 0.905193
A10: Run 4 function ACO 4start8 | B10: 86.5862 | C10: 80.1453 | D10: 3.02184 | E10: 4.90088 | F10: 61.9756 | G10: 6.4409 | H10: 6.4776 | I10: 100 | J10: 0.50037 | K10: 0.010858 | L10: 0.923499
A11: Run 4 function ACO 4start9 | B11: 86.704 | C11: 80.2252 | D11: 3.02389 | E11: 4.92852 | F11: 62.0401 | G11: 6.47883 | H11: 5.936 | I11: 100 | J11: 0.49969 | K11: 0.010858 | L11: 0.986935
A12: Run 4 function ACO 4start10 | B12: 85.8871 | C12: 79.529 | D12: 2.88872 | E12: 4.82304 | F12: 61.819 | G12: 6.35813 | H12: 5.3576 | I12: 100 | J12: 0.504443 | K12: 0.010858 | L12: 0.972202
A13: Run 4 function ACO 4start11 | B13: 86.7105 | C13: 80.2149 | D13: 3.04334 | E13: 4.92648 | F13: 61.9653 | G13: 6.49561 | H13: 4.9944 | I13: 100 | J13: 0.499653 | K13: 0.0108597 | L13: 0.904935
... A151: Run Combined Run 2start49 | B151: 76.9814 | C151: 70.5557 | D151: 61.0243 | E151: 4.42471 | F151: 0 | G151: 6.42561 | H151: 0.1196 | I151: 100 | J151: 0.572963 | K151: 0.0108625 | L151: 0.905156
A152: Device 0: Tesla V100-SXM2-16GB | B152: Max thread in blocks: 1024 Total Global Memory: 16151,1 MB GPU Global Memory Usage: 0,173664 MB GPU Global Memory Hash Table: 1024 MB Max PARAMETR_SIZE in GPU Global Memory: 7482045 Shared memory per block: 49152 bytes (48 KB) Shared memory per multiprocessor: 98304 bytes (96 KB) Data size in Shared memory per block: 672 bytes (0,65625 KB) Constant Memory: 65536 bytes Parameter data size (in Constant Memory): 3360 bytes (3,28125 KB) Registers per Block: 65536 Warp Size: 32 Compute Capability: 7,0 Can Map Host Memory: Yes Clock Rate: 1530 MHz L2 Cache Size: 6291456 bytes Multiprocessor Count: 80 | C152: Max thread in blocks by axis: (1024, 1024, 64) | D152: Max blocks by axis: (2147483647, 65535, 65535) | E152: Device 1: Tesla V100-SXM2-16GB | F152: Max thread in blocks: 1024 Total Global Memory: 16151,1 MB GPU Global Memory Usage: 0,173664 MB GPU Global Memory Hash Table: 1024 MB Max PARAMETR_SIZE in GPU Global Memory: 7482045 Shared memory per block: 49152 bytes (48 KB) Shared memory per multiprocessor: 98304 bytes (96 KB) Data size in Shared memory per block: 672 bytes (0,65625 KB) Constant Memory: 65536 bytes Parameter data size (in Constant Memory): 3360 bytes (3,28125 KB) Registers per Block: 65536 Warp Size: 32 Compute Capability: 7,0 Can Map Host Memory: Yes Clock Rate: 1530 MHz L2 Cache Size: 6291456 bytes Multiprocessor Count: 80 | G152: Max thread in blocks by axis: (1024, 1024, 64) | H152: Max blocks by axis: (2147483647, 65535, 65535) | I152: Device 2: Tesla V100-SXM2-16GB | J152: Max thread in blocks: 1024 Total Global Memory: 16151,1 MB GPU Global Memory Usage: 0,173664 MB GPU Global Memory Hash Table: 1024 MB Max PARAMETR_SIZE in GPU Global Memory: 7482045 Shared memory per block: 49152 bytes (48 KB) Shared memory per multiprocessor: 98304 bytes (96 KB) Data size in Shared memory per block: 672 bytes (0,65625 KB) Constant Memory: 65536 bytes Parameter data size (in Constant Memory): 3360 bytes (3,28125 KB) Registers per Block: 65536 Warp Size: 32 Compute Capability: 7,0 Can Map Host Memory: Yes Clock Rate: 1530 MHz L2 Cache Size: 6291456 bytes Multiprocessor Count: 80 | K152: Max thread in blocks by axis: (1024, 1024, 64) | L152: Max blocks by axis: (2147483647, 65535, 65535) | M152: Device 3: Tesla V100-SXM2-16GB | N152: Max thread in blocks: 1024 Total Global Memory: 16151,1 MB GPU Global Memory Usage: 0,173664 MB GPU Global Memory Hash Table: 1024 MB Max PARAMETR_SIZE in GPU Global Memory: 7482045 Shared memory per block: 49152 bytes (48 KB) Shared memory per multiprocessor: 98304 bytes (96 KB) Data size in Shared memory per block: 672 bytes (0,65625 KB) Constant Memory: 65536 bytes Parameter data size (in Constant Memory): 3360 bytes (3,28125 KB) Registers per Block: 65536 Warp Size: 32 Compute Capability: 7,0 Can Map Host Memory: Yes Clock Rate: 1530 MHz L2 Cache Size: 6291456 bytes Multiprocessor Count: 80 | O152: Max thread in blocks by axis: (1024, 1024, 64) | P152: Max blocks by axis: (2147483647, 65535, 65535) | Q152: PARAMETR_SIZE: 84 | R152: MAX_VALUE_SIZE: 5 | S152: SET_PARAMETR_SIZE_ONE_X: 21 | T152: ANT_SIZE: 500 | U152: MAX_THREAD_CUDA: 512 | V152: NAME_FILE_GRAPH: Parametr_Graph/test84,txt | W152: KOL_ITERATION: 500 | X152: KOL_PROGREV: 5 | Y152: KOL_PROGON_STATISTICS: 50 | Z152: PARAMETR_RO: 0,999 | AA152: PARAMETR_Q: 1 | AB152: PRINT_INFORMATION: 0 | AC152: MAX_PARAMETR_VALUE_TO_MIN_OPT: 1 | AD152: OPTIMIZE: OPTIMIZE_MIN_1 | AE152: FUNCTION: SHAFFERA GO_HASH: 1 | AF152: HASH_TABLE_SIZE: 67108864 | AG152: ZERO_HASH_RESULT: -1 | AH152: ZERO_HASH: 18446744073709551615 | AI152: MAX_PROBES: 10000 | AJ152: MAX_CONST: 8192 | AK152: MAX_SHARED: 6144 | AL152: BLOCK_SIZE: 64 | AM152: BIN_SEARCH: 0 | AN152: NON_WHILE_ANT: 1
A153: Run 4 function ACO 4start0 | B153: 95.6668 | C153: 89.4189 | D153: 2.91227 | E153: 6.29865 | F153: 70.4021 | G153: 6.24788 | H153: 94.8328 | I153: 100 | J153: 0.886281 | K153: 0.0109391 | L153: 0.977733
A154: Run 4 function ACO 4start1 | B154: 95.8488 | C154: 89.4853 | D154: 2.89384 | E154: 6.37851 | F154: 70.3438 | G154: 6.36349 | H154: 94.1628 | I154: 100 | J154: 0.884597 | K154: 0.0110637 | L154: 0.977794
A155: Run 4 function ACO 4start2 | B155: 95.66 | C155: 89.3859 | D155: 2.89691 | E155: 6.34369 | F155: 70.3407 | G155: 6.27414 | H155: 93.648 | I155: 100 | J155: 0.886343 | K155: 0.0122962 | L155: 0.976932
A156: Run 4 function ACO 4start3 | B156: 96.5344 | C156: 89.6931 | D156: 2.96142 | E156: 6.4082 | F156: 70.4268 | G156: 6.84131 | H156: 92.6284 | I156: 100 | J156: 0.878315 | K156: 0.0108606 | L156: 0.97763
A157: Run 4 function ACO 4start4 | B157: 97.1434 | C157: 89.4618 | D157: 2.9266 | E157: 6.37031 | F157: 70.3356 | G157: 7.68162 | H157: 91.826 | I157: 100 | J157: 0.872808 | K157: 0.0112381 | L157: 0.977691
A158: Run 4 function ACO 4start5 | B158: 97.5862 | C158: 90.87 | D158: 3.16212 | E158: 6.6007 | F158: 70.6816 | G158: 6.71614 | H158: 90.9956 | I158: 100 | J158: 0.868848 | K158: 0.0127065 | L158: 0.97638
A159: Run 4 function ACO 4start6 | B159: 99.1062 | C159: 92.2986 | D159: 3.21845 | E159: 6.63142 | F159: 70.7656 | G159: 6.80755 | H159: 91.7392 | I159: 100 | J159: 0.855523 | K159: 0.0109377 | L159: 0.972011
A160: Run 4 function ACO 4start7 | B160: 95.6805 | C160: 89.428 | D160: 2.89896 | E160: 6.35598 | F160: 70.3602 | G160: 6.25253 | H160: 90.9444 | I160: 100 | J160: 0.886154 | K160: 0.01271 | L160: 0.981681
A161: Run 4 function ACO 4start8 | B161: 95.384 | C161: 89.1926 | D161: 2.85697 | E161: 6.34267 | F161: 70.2721 | G161: 6.19147 | H161: 89.8084 | I161: 100 | J161: 0.888908 | K161: 0.0127065 | L161: 0.970204
A162: Run 4 function ACO 4start9 | B162: 95.3682 | C162: 89.1916 | D162: 2.8498 | E162: 6.32527 | F162: 70.2988 | G162: 6.1766 | H162: 88.8724 | I162: 100 | J162: 0.889055 | K162: 0.0127066 | L162: 0.971441
A163: Run 4 function ACO 4start10 | B163: 95.2781 | C163: 89.089 | D163: 2.80475 | E163: 6.35598 | F163: 70.267 | G163: 6.18905 | H163: 87.9416 | I163: 100 | J163: 0.889896 | K163: 0.0110608 | L163: 0.967582
A164: Run 4 function ACO 4start11 | B164: 95.3392 | C164: 89.1413 | D164: 2.86209 | E164: 6.34984 | F164: 70.2629 | G164: 6.19794 | H164: 86.9752 | I164: 100 | J164: 0.889325 | K164: 0.0127065 | L164: 0.97221
... A302: Run Combined Run 2start49 | B302: 88.9054 | C302: 82.6818 | D302: 69.7487 | E302: 8.12749 | F302: 0 | G302: 6.22358 | H302: 80.0152 | I302: 100 | J302: 0.971282 | K302: 0.0127014 | L302: 0.550938
A303: Device 0: Tesla V100-SXM2-16GB | B303: Max thread in blocks: 1024 Total Global Memory: 16151,1 MB GPU Global Memory Usage: 0,343494 MB GPU Global Memory Hash Table: 1024 MB Max PARAMETR_SIZE in GPU Global Memory: 7482045 Shared memory per block: 49152 bytes (48 KB) Shared memory per multiprocessor: 98304 bytes (96 KB) Data size in Shared memory per block: 1344 bytes (1,3125 KB) Constant Memory: 65536 bytes Parameter data size (in Constant Memory): 6720 bytes (6,5625 KB) Registers per Block: 65536 Warp Size: 32 Compute Capability: 7,0 Can Map Host Memory: Yes Clock Rate: 1530 MHz L2 Cache Size: 6291456 bytes Multiprocessor Count: 80 | C303: Max thread in blocks by axis: (1024, 1024, 64) | D303: Max blocks by axis: (2147483647, 65535, 65535) | E303: Device 1: Tesla V100-SXM2-16GB | F303: Max thread in blocks: 1024 Total Global Memory: 16151,1 MB GPU Global Memory Usage: 0,343494 MB GPU Global Memory Hash Table: 1024 MB Max PARAMETR_SIZE in GPU Global Memory: 7482045 Shared memory per block: 49152 bytes (48 KB) Shared memory per multiprocessor: 98304 bytes (96 KB) Data size in Shared memory per block: 1344 bytes (1,3125 KB) Constant Memory: 65536 bytes Parameter data size (in Constant Memory): 6720 bytes (6,5625 KB) Registers per Block: 65536 Warp Size: 32 Compute Capability: 7,0 Can Map Host Memory: Yes Clock Rate: 1530 MHz L2 Cache Size: 6291456 bytes Multiprocessor Count: 80 | G303: Max thread in blocks by axis: (1024, 1024, 64) | H303: Max blocks by axis: (2147483647, 65535, 65535) | I303: Device 2: Tesla V100-SXM2-16GB | J303: Max thread in blocks: 1024 Total Global Memory: 16151,1 MB GPU Global Memory Usage: 0,343494 MB GPU Global Memory Hash Table: 1024 MB Max PARAMETR_SIZE in GPU Global Memory: 7482045 Shared memory per block: 49152 bytes (48 KB) Shared memory per multiprocessor: 98304 bytes (96 KB) Data size in Shared memory per block: 1344 bytes (1,3125 KB) Constant Memory: 65536 bytes Parameter data size (in Constant Memory): 6720 bytes (6,5625 KB) Registers per Block: 65536 Warp Size: 32 Compute Capability: 7,0 Can Map Host Memory: Yes Clock Rate: 1530 MHz L2 Cache Size: 6291456 bytes Multiprocessor Count: 80 | K303: Max thread in blocks by axis: (1024, 1024, 64) | L303: Max blocks by axis: (2147483647, 65535, 65535) | M303: Device 3: Tesla V100-SXM2-16GB | N303: Max thread in blocks: 1024 Total Global Memory: 16151,1 MB GPU Global Memory Usage: 0,343494 MB GPU Global Memory Hash Table: 1024 MB Max PARAMETR_SIZE in GPU Global Memory: 7482045 Shared memory per block: 49152 bytes (48 KB) Shared memory per multiprocessor: 98304 bytes (96 KB) Data size in Shared memory per block: 1344 bytes (1,3125 KB) Constant Memory: 65536 bytes Parameter data size (in Constant Memory): 6720 bytes (6,5625 KB) Registers per Block: 65536 Warp Size: 32 Compute Capability: 7,0 Can Map Host Memory: Yes Clock Rate: 1530 MHz L2 Cache Size: 6291456 bytes Multiprocessor Count: 80 | O303: Max thread in blocks by axis: (1024, 1024, 64) | P303: Max blocks by axis: (2147483647, 65535, 65535) | Q303: PARAMETR_SIZE: 168 | R303: MAX_VALUE_SIZE: 5 | S303: SET_PARAMETR_SIZE_ONE_X: 21 | T303: ANT_SIZE: 500 | U303: MAX_THREAD_CUDA: 512 | V303: NAME_FILE_GRAPH: Parametr_Graph/test168,txt | W303: KOL_ITERATION: 500 | X303: KOL_PROGREV: 5 | Y303: KOL_PROGON_STATISTICS: 50 | Z303: PARAMETR_RO: 0,999 | AA303: PARAMETR_Q: 1 | AB303: PRINT_INFORMATION: 0 | AC303: MAX_PARAMETR_VALUE_TO_MIN_OPT: 1 | AD303: OPTIMIZE: OPTIMIZE_MIN_1 | AE303: FUNCTION: SHAFFERA GO_HASH: 1 | AF303: HASH_TABLE_SIZE: 67108864 | AG303: ZERO_HASH_RESULT: -1 | AH303: ZERO_HASH: 18446744073709551615 | AI303: MAX_PROBES: 10000 | AJ303: MAX_CONST: 8192 | AK303: MAX_SHARED: 6144 | AL303: BLOCK_SIZE: 64 | AM303: BIN_SEARCH: 0 | AN303: NON_WHILE_ANT: 1
A304: Run 4 function ACO 4start0 | B304: 99.7703 | C304: 93.2135 | D304: 2.95425 | E304: 9.01324 | F304: 70.951 | G304: 6.55682 | H304: 99.8644 | I304: 100 | J304: 1.68099 | K304: 0.0290377 | L304: 0.980845
A305: Run 4 function ACO 4start1 | B305: 99.7121 | C305: 93.1665 | D305: 2.94094 | E305: 9.08082 | F305: 70.867 | G305: 6.54566 | H305: 99.8488 | I305: 100 | J305: 1.68197 | K305: 0.0290377 | L305: 0.980814
A306: Run 4 function ACO 4start2 | B306: 99.9717 | C306: 93.3345 | D306: 3.01774 | E306: 9.06445 | F306: 70.9101 | G306: 6.63712 | H306: 99.8028 | I306: 100 | J306: 1.6776 | K306: 0.0290377 | L306: 0.980824
A307: Run 4 function ACO 4start3 | B307: 99.6524 | C307: 93.1103 | D307: 2.95323 | E307: 9.08186 | F307: 70.8671 | G307: 6.54208 | H307: 99.7764 | I307: 100 | J307: 1.68298 | K307: 0.0290377 | L307: 0.980707
A308: Run 4 function ACO 4start4 | B308: 99.6485 | C308: 93.1183 | D308: 2.96859 | E308: 9.0798 | F308: 70.8547 | G308: 6.5302 | H308: 99.7628 | I308: 100 | J308: 1.68304 | K308: 0.0290376 | L308: 0.980803
A309: Run 4 function ACO 4start5 | B309: 100.161 | C309: 93.438 | D309: 2.98907 | E309: 9.13509 | F309: 70.9427 | G309: 6.72333 | H309: 99.758 | I309: 100 | J309: 1.67443 | K309: 0.0290377 | L309: 0.980533
A310: Run 4 function ACO 4start6 | B310: 99.734 | C310: 93.2004 | D310: 2.97781 | E310: 9.09517 | F310: 70.8578 | G310: 6.53367 | H310: 99.6944 | I310: 100 | J310: 1.6816 | K310: 0.0290376 | L310: 0.980608
A311: Run 4 function ACO 4start7 | B311: 100.018 | C311: 93.4 | D311: 3.00443 | E311: 9.15455 | F311: 70.8916 | G311: 6.61806 | H311: 99.6892 | I311: 100 | J311: 1.67682 | K311: 0.0290376 | L311: 0.980613
A312: Run 4 function ACO 4start8 | B312: 100.15 | C312: 93.5045 | D312: 2.99726 | E312: 9.16377 | F312: 70.9336 | G312: 6.64578 | H312: 99.6608 | I312: 100 | J312: 1.67461 | K312: 0.0290377 | L312: 0.980844
A313: Run 4 function ACO 4start9 | B313: 99.7591 | C313: 93.182 | D313: 2.96347 | E313: 9.12998 | F313: 70.8947 | G313: 6.57715 | H313: 99.6504 | I313: 100 | J313: 1.68118 | K313: 0.0290377 | L313: 0.980815
A314: Run 4 function ACO 4start10 | B314: 99.6574 | C314: 93.1378 | D314: 2.93172 | E314: 9.11667 | F314: 70.8444 | G314: 6.51965 | H314: 99.6224 | I314: 100 | J314: 1.68289 | K314: 0.0290377 | L314: 0.980283
A315: Run 4 function ACO 4start11 | B315: 100.085 | C315: 93.443 | D315: 3.00033 | E315: 9.20473 | F315: 70.9213 | G315: 6.64217 | H315: 99.67 | I315: 100 | J315: 1.6757 | K315: 0.0290376 | L315: 0.980922
... A453: Run Combined Run 2start49 | B453: 93.7917 | C453: 87.1587 | D453: 70.3652 | E453: 11.6613 | F453: 0 | G453: 6.63303 | H453: 99.6444 | I453: 100 | J453: 1.8215 | K453: 0.0290377 | L453: 0.878743
A454: Device 0: Tesla V100-SXM2-16GB | B454: Max thread in blocks: 1024 Total Global Memory: 16151,1 MB GPU Global Memory Usage: 0,683155 MB GPU Global Memory Hash Table: 1024 MB Max PARAMETR_SIZE in GPU Global Memory: 7482045 Shared memory per block: 49152 bytes (48 KB) Shared memory per multiprocessor: 98304 bytes (96 KB) Data size in Shared memory per block: 2688 bytes (2,625 KB) Constant Memory: 65536 bytes Parameter data size (in Constant Memory): 13440 bytes (13,125 KB) Registers per Block: 65536 Warp Size: 32 Compute Capability: 7,0 Can Map Host Memory: Yes Clock Rate: 1530 MHz L2 Cache Size: 6291456 bytes Multiprocessor Count: 80 | C454: Max thread in blocks by axis: (1024, 1024, 64) | D454: Max blocks by axis: (2147483647, 65535, 65535) | E454: Device 1: Tesla V100-SXM2-16GB | F454: Max thread in blocks: 1024 Total Global Memory: 16151,1 MB GPU Global Memory Usage: 0,683155 MB GPU Global Memory Hash Table: 1024 MB Max PARAMETR_SIZE in GPU Global Memory: 7482045 Shared memory per block: 49152 bytes (48 KB) Shared memory per multiprocessor: 98304 bytes (96 KB) Data size in Shared memory per block: 2688 bytes (2,625 KB) Constant Memory: 65536 bytes Parameter data size (in Constant Memory): 13440 bytes (13,125 KB) Registers per Block: 65536 Warp Size: 32 Compute Capability: 7,0 Can Map Host Memory: Yes Clock Rate: 1530 MHz L2 Cache Size: 6291456 bytes Multiprocessor Count: 80 | G454: Max thread in blocks by axis: (1024, 1024, 64) | H454: Max blocks by axis: (2147483647, 65535, 65535) | I454: Device 2: Tesla V100-SXM2-16GB | J454: Max thread in blocks: 1024 Total Global Memory: 16151,1 MB GPU Global Memory Usage: 0,683155 MB GPU Global Memory Hash Table: 1024 MB Max PARAMETR_SIZE in GPU Global Memory: 7482045 Shared memory per block: 49152 bytes (48 KB) Shared memory per multiprocessor: 98304 bytes (96 KB) Data size in Shared memory per block: 2688 bytes (2,625 KB) Constant Memory: 65536 bytes Parameter data size (in Constant Memory): 13440 bytes (13,125 KB) Registers per Block: 65536 Warp Size: 32 Compute Capability: 7,0 Can Map Host Memory: Yes Clock Rate: 1530 MHz L2 Cache Size: 6291456 bytes Multiprocessor Count: 80 | K454: Max thread in blocks by axis: (1024, 1024, 64) | L454: Max blocks by axis: (2147483647, 65535, 65535) | M454: Device 3: Tesla V100-SXM2-16GB | N454: Max thread in blocks: 1024 Total Global Memory: 16151,1 MB GPU Global Memory Usage: 0,683155 MB GPU Global Memory Hash Table: 1024 MB Max PARAMETR_SIZE in GPU Global Memory: 7482045 Shared memory per block: 49152 bytes (48 KB) Shared memory per multiprocessor: 98304 bytes (96 KB) Data size in Shared memory per block: 2688 bytes (2,625 KB) Constant Memory: 65536 bytes Parameter data size (in Constant Memory): 13440 bytes (13,125 KB) Registers per Block: 65536 Warp Size: 32 Compute Capability: 7,0 Can Map Host Memory: Yes Clock Rate: 1530 MHz L2 Cache Size: 6291456 bytes Multiprocessor Count: 80 | O454: Max thread in blocks by axis: (1024, 1024, 64) | P454: Max blocks by axis: (2147483647, 65535, 65535) | Q454: PARAMETR_SIZE: 336 | R454: MAX_VALUE_SIZE: 5 | S454: SET_PARAMETR_SIZE_ONE_X: 21 | T454: ANT_SIZE: 500 | U454: MAX_THREAD_CUDA: 512 | V454: NAME_FILE_GRAPH: Parametr_Graph/test336,txt | W454: KOL_ITERATION: 500 | X454: KOL_PROGREV: 5 | Y454: KOL_PROGON_STATISTICS: 50 | Z454: PARAMETR_RO: 0,999 | AA454: PARAMETR_Q: 1 | AB454: PRINT_INFORMATION: 0 | AC454: MAX_PARAMETR_VALUE_TO_MIN_OPT: 1 | AD454: OPTIMIZE: OPTIMIZE_MIN_1 | AE454: FUNCTION: SHAFFERA GO_HASH: 1 | AF454: HASH_TABLE_SIZE: 67108864 | AG454: ZERO_HASH_RESULT: -1 | AH454: ZERO_HASH: 18446744073709551615 | AI454: MAX_PROBES: 10000 | AJ454: MAX_CONST: 8192 | AK454: MAX_SHARED: 6144 | AL454: BLOCK_SIZE: 64 | AM454: BIN_SEARCH: 0 | AN454: NON_WHILE_ANT: 1
A455: Run 4 function ACO 4start0 | B455: 104.779 | C455: 98.1217 | D455: 3.00853 | E455: 14.9935 | F455: 69.8102 | G455: 6.65694 | H455: 100 | I455: 100 | J455: 3.1835 | K455: 0.0539095 | L455: 0.959227
A456: Run 4 function ACO 4start1 | B456: 104.662 | C456: 98.0296 | D456: 2.96347 | E456: 15.0416 | F456: 69.6976 | G456: 6.63241 | H456: 100 | I456: 100 | J456: 3.18704 | K456: 0.0539095 | L456: 0.959227
A457: Run 4 function ACO 4start2 | B457: 104.583 | C457: 97.9865 | D457: 2.99521 | E457: 14.9843 | F457: 69.718 | G457: 6.59654 | H457: 100 | I457: 100 | J457: 3.18945 | K457: 0.0539095 | L457: 0.959227
A458: Run 4 function ACO 4start3 | B458: 104.319 | C458: 97.8012 | D458: 2.94504 | E458: 14.9853 | F458: 69.6565 | G458: 6.51733 | H458: 100 | I458: 100 | J458: 3.19754 | K458: 0.0539095 | L458: 0.959227
A459: Run 4 function ACO 4start4 | B459: 104.076 | C459: 97.5748 | D459: 2.89384 | E459: 14.9331 | F459: 69.5869 | G459: 6.50091 | H459: 100 | I459: 100 | J459: 3.205 | K459: 0.0539095 | L459: 0.959227
A460: Run 4 function ACO 4start5 | B460: 104.427 | C460: 97.8903 | D460: 2.95118 | E460: 14.9986 | F460: 69.676 | G460: 6.5363 | H460: 100 | I460: 100 | J460: 3.19423 | K460: 0.0539095 | L460: 0.959227
A461: Run 4 function ACO 4start6 | B461: 104.358 | C461: 97.796 | D461: 2.92865 | E461: 14.9679 | F461: 69.6698 | G461: 6.56208 | H461: 100 | I461: 100 | J461: 3.19633 | K461: 0.0539095 | L461: 0.959227
A462: Run 4 function ACO 4start7 | B462: 104.371 | C462: 97.8022 | D462: 2.94197 | E462: 14.9996 | F462: 69.6575 | G462: 6.56864 | H462: 100 | I462: 100 | J462: 3.19594 | K462: 0.0539095 | L462: 0.959227
A463: Run 4 function ACO 4start8 | B463: 104.389 | C463: 97.8207 | D463: 2.92661 | E463: 14.9843 | F463: 69.6739 | G463: 6.56796 | H463: 100 | I463: 100 | J463: 3.19539 | K463: 0.0539095 | L463: 0.959227
A464: Run 4 function ACO 4start9 | B464: 104.353 | C464: 97.8155 | D464: 2.92968 | E464: 14.9966 | F464: 69.6617 | G464: 6.53724 | H464: 100 | I464: 100 | J464: 3.19649 | K464: 0.0539095 | L464: 0.959227
A465: Run 4 function ACO 4start10 | B465: 104.402 | C465: 97.8575 | D465: 2.94299 | E465: 14.9873 | F465: 69.6698 | G465: 6.5444 | H465: 100 | I465: 100 | J465: 3.19499 | K465: 0.0539095 | L465: 0.959227
A466: Run 4 function ACO 4start11 | B466: 104.423 | C466: 97.8749 | D466: 2.91841 | E466: 15.0314 | F466: 69.6391 | G466: 6.54831 | H466: 100 | I466: 100 | J466: 3.19433 | K466: 0.0539095 | L466: 0.959227
... A604: Run Combined Run 2start49 | B604: 98.5175 | C604: 91.7822 | D604: 69.2378 | E604: 17.3885 | F604: 0 | G604: 6.73531 | H604: 100 | I604: 100 | J604: 3.44934 | K604: 0.0539095 | L604: 0.959227
A605: Device 0: Tesla V100-SXM2-16GB | B605: Max thread in blocks: 1024 Total Global Memory: 16151,1 MB GPU Global Memory Usage: 1,36248 MB GPU Global Memory Hash Table: 1024 MB Max PARAMETR_SIZE in GPU Global Memory: 7482045 Shared memory per block: 49152 bytes (48 KB) Shared memory per multiprocessor: 98304 bytes (96 KB) Data size in Shared memory per block: 5376 bytes (5,25 KB) Constant Memory: 65536 bytes Parameter data size (in Constant Memory): 26880 bytes (26,25 KB) Registers per Block: 65536 Warp Size: 32 Compute Capability: 7,0 Can Map Host Memory: Yes Clock Rate: 1530 MHz L2 Cache Size: 6291456 bytes Multiprocessor Count: 80 | C605: Max thread in blocks by axis: (1024, 1024, 64) | D605: Max blocks by axis: (2147483647, 65535, 65535) | E605: Device 1: Tesla V100-SXM2-16GB | F605: Max thread in blocks: 1024 Total Global Memory: 16151,1 MB GPU Global Memory Usage: 1,36248 MB GPU Global Memory Hash Table: 1024 MB Max PARAMETR_SIZE in GPU Global Memory: 7482045 Shared memory per block: 49152 bytes (48 KB) Shared memory per multiprocessor: 98304 bytes (96 KB) Data size in Shared memory per block: 5376 bytes (5,25 KB) Constant Memory: 65536 bytes Parameter data size (in Constant Memory): 26880 bytes (26,25 KB) Registers per Block: 65536 Warp Size: 32 Compute Capability: 7,0 Can Map Host Memory: Yes Clock Rate: 1530 MHz L2 Cache Size: 6291456 bytes Multiprocessor Count: 80 | G605: Max thread in blocks by axis: (1024, 1024, 64) | H605: Max blocks by axis: (2147483647, 65535, 65535) | I605: Device 2: Tesla V100-SXM2-16GB | J605: Max thread in blocks: 1024 Total Global Memory: 16151,1 MB GPU Global Memory Usage: 1,36248 MB GPU Global Memory Hash Table: 1024 MB Max PARAMETR_SIZE in GPU Global Memory: 7482045 Shared memory per block: 49152 bytes (48 KB) Shared memory per multiprocessor: 98304 bytes (96 KB) Data size in Shared memory per block: 5376 bytes (5,25 KB) Constant Memory: 65536 bytes Parameter data size (in Constant Memory): 26880 bytes (26,25 KB) Registers per Block: 65536 Warp Size: 32 Compute Capability: 7,0 Can Map Host Memory: Yes Clock Rate: 1530 MHz L2 Cache Size: 6291456 bytes Multiprocessor Count: 80 | K605: Max thread in blocks by axis: (1024, 1024, 64) | L605: Max blocks by axis: (2147483647, 65535, 65535) | M605: Device 3: Tesla V100-SXM2-16GB | N605: Max thread in blocks: 1024 Total Global Memory: 16151,1 MB GPU Global Memory Usage: 1,36248 MB GPU Global Memory Hash Table: 1024 MB Max PARAMETR_SIZE in GPU Global Memory: 7482045 Shared memory per block: 49152 bytes (48 KB) Shared memory per multiprocessor: 98304 bytes (96 KB) Data size in Shared memory per block: 5376 bytes (5,25 KB) Constant Memory: 65536 bytes Parameter data size (in Constant Memory): 26880 bytes (26,25 KB) Registers per Block: 65536 Warp Size: 32 Compute Capability: 7,0 Can Map Host Memory: Yes Clock Rate: 1530 MHz L2 Cache Size: 6291456 bytes Multiprocessor Count: 80 | O605: Max thread in blocks by axis: (1024, 1024, 64) | P605: Max blocks by axis: (2147483647, 65535, 65535) | Q605: PARAMETR_SIZE: 672 | R605: MAX_VALUE_SIZE: 5 | S605: SET_PARAMETR_SIZE_ONE_X: 21 | T605: ANT_SIZE: 500 | U605: MAX_THREAD_CUDA: 512 | V605: NAME_FILE_GRAPH: Parametr_Graph/test672,txt | W605: KOL_ITERATION: 500 | X605: KOL_PROGREV: 5 | Y605: KOL_PROGON_STATISTICS: 50 | Z605: PARAMETR_RO: 0,999 | AA605: PARAMETR_Q: 1 | AB605: PRINT_INFORMATION: 0 | AC605: MAX_PARAMETR_VALUE_TO_MIN_OPT: 1 | AD605: OPTIMIZE: OPTIMIZE_MIN_1 | AE605: FUNCTION: SHAFFERA GO_HASH: 1 | AF605: HASH_TABLE_SIZE: 67108864 | AG605: ZERO_HASH_RESULT: -1 | AH605: ZERO_HASH: 18446744073709551615 | AI605: MAX_PROBES: 10000 | AJ605: MAX_CONST: 8192 | AK605: MAX_SHARED: 6144 | AL605: BLOCK_SIZE: 64 | AM605: BIN_SEARCH: 0 | AN605: NON_WHILE_ANT: 1
A606: Run 4 function ACO 4start0 | B606: 121.714 | C606: 115.207 | D606: 2.96449 | E606: 32.2745 | F606: 69.7907 | G606: 6.50694 | H606: 100 | I606: 100 | J606: 5.46577 | K606: 0.0832556 | L606: 0.925751
A607: Run 4 function ACO 4start1 | B607: 122.039 | C607: 115.426 | D607: 2.97678 | E607: 32.3441 | F607: 69.7866 | G607: 6.61272 | H607: 100 | I607: 100 | J607: 5.45122 | K607: 0.0832556 | L607: 0.901078
A608: Run 4 function ACO 4start2 | B608: 121.703 | C608: 115.166 | D608: 2.95835 | E608: 32.2591 | F608: 69.7241 | G608: 6.53685 | H608: 100 | I608: 100 | J608: 5.46627 | K608: 0.0832556 | L608: 0.903217
A609: Run 4 function ACO 4start3 | B609: 121.644 | C609: 115.146 | D609: 2.95835 | E609: 32.254 | F609: 69.7456 | G609: 6.49771 | H609: 100 | I609: 100 | J609: 5.46894 | K609: 0.0832556 | L609: 0.901078
A610: Run 4 function ACO 4start4 | B610: 121.739 | C610: 115.249 | D610: 2.96859 | E610: 32.296 | F610: 69.7835 | G610: 6.48962 | H610: 100 | I610: 100 | J610: 5.46466 | K610: 0.0832556 | L610: 0.925099
A611: Run 4 function ACO 4start5 | B611: 121.846 | C611: 115.298 | D611: 2.95733 | E611: 32.3595 | F611: 69.7508 | G611: 6.54753 | H611: 100 | I611: 100 | J611: 5.45986 | K611: 0.0832556 | L611: 0.914765
A612: Run 4 function ACO 4start6 | B612: 121.774 | C612: 115.27 | D612: 2.9819 | E612: 32.2991 | F612: 69.7754 | G612: 6.50443 | H612: 100 | I612: 100 | J612: 5.46308 | K612: 0.0832556 | L612: 0.92486
A613: Run 4 function ACO 4start7 | B613: 121.874 | C613: 115.322 | D613: 2.96142 | E613: 32.3165 | F613: 69.7795 | G613: 6.55193 | H613: 100 | I613: 100 | J613: 5.45861 | K613: 0.0832556 | L613: 0.93053
A614: Run 4 function ACO 4start8 | B614: 121.838 | C614: 115.266 | D614: 2.97781 | E614: 32.3124 | F614: 69.7487 | G614: 6.57225 | H614: 100 | I614: 100 | J614: 5.46022 | K614: 0.0832556 | L614: 0.92789
A615: Run 4 function ACO 4start9 | B615: 121.795 | C615: 115.251 | D615: 2.95733 | E615: 32.295 | F615: 69.7497 | G615: 6.54347 | H615: 100 | I615: 100 | J615: 5.46216 | K615: 0.0832556 | L615: 0.913879
A616: Run 4 function ACO 4start10 | B616: 122.357 | C616: 115.35 | D616: 3.00033 | E616: 32.3308 | F616: 69.7794 | G616: 7.00755 | H616: 100 | I616: 100 | J616: 5.43705 | K616: 0.0832556 | L616: 0.901078
A617: Run 4 function ACO 4start11 | B617: 121.853 | C617: 115.292 | D617: 2.94094 | E617: 32.34 | F617: 69.7671 | G617: 6.56042 | H617: 100 | I617: 100 | J617: 5.45956 | K617: 0.0832556 | L617: 0.905847
... A755: Run Combined Run 2start49 | B755: 115.632 | C755: 108.313 | D755: 69.3627 | E755: 33.5145 | F755: 0 | G755: 7.31965 | H755: 100 | I755: 100 | J755: 5.86151 | K755: 0.0832556 | L755: 0.902569
A756: Device 0: Tesla V100-SXM2-16GB | B756: Max thread in blocks: 1024 Total Global Memory: 16151,1 MB GPU Global Memory Usage: 2,72112 MB GPU Global Memory Hash Table: 1024 MB Max PARAMETR_SIZE in GPU Global Memory: 7482045 Shared memory per block: 49152 bytes (48 KB) Shared memory per multiprocessor: 98304 bytes (96 KB) Data size in Shared memory per block: 10752 bytes (10,5 KB) Constant Memory: 65536 bytes Parameter data size (in Constant Memory): 53760 bytes (52,5 KB) Registers per Block: 65536 Warp Size: 32 Compute Capability: 7,0 Can Map Host Memory: Yes Clock Rate: 1530 MHz L2 Cache Size: 6291456 bytes Multiprocessor Count: 80 | C756: Max thread in blocks by axis: (1024, 1024, 64) | D756: Max blocks by axis: (2147483647, 65535, 65535) | E756: Device 1: Tesla V100-SXM2-16GB | F756: Max thread in blocks: 1024 Total Global Memory: 16151,1 MB GPU Global Memory Usage: 2,72112 MB GPU Global Memory Hash Table: 1024 MB Max PARAMETR_SIZE in GPU Global Memory: 7482045 Shared memory per block: 49152 bytes (48 KB) Shared memory per multiprocessor: 98304 bytes (96 KB) Data size in Shared memory per block: 10752 bytes (10,5 KB) Constant Memory: 65536 bytes Parameter data size (in Constant Memory): 53760 bytes (52,5 KB) Registers per Block: 65536 Warp Size: 32 Compute Capability: 7,0 Can Map Host Memory: Yes Clock Rate: 1530 MHz L2 Cache Size: 6291456 bytes Multiprocessor Count: 80 | G756: Max thread in blocks by axis: (1024, 1024, 64) | H756: Max blocks by axis: (2147483647, 65535, 65535) | I756: Device 2: Tesla V100-SXM2-16GB | J756: Max thread in blocks: 1024 Total Global Memory: 16151,1 MB GPU Global Memory Usage: 2,72112 MB GPU Global Memory Hash Table: 1024 MB Max PARAMETR_SIZE in GPU Global Memory: 7482045 Shared memory per block: 49152 bytes (48 KB) Shared memory per multiprocessor: 98304 bytes (96 KB) Data size in Shared memory per block: 10752 bytes (10,5 KB) Constant Memory: 65536 bytes Parameter data size (in Constant Memory): 53760 bytes (52,5 KB) Registers per Block: 65536 Warp Size: 32 Compute Capability: 7,0 Can Map Host Memory: Yes Clock Rate: 1530 MHz L2 Cache Size: 6291456 bytes Multiprocessor Count: 80 | K756: Max thread in blocks by axis: (1024, 1024, 64) | L756: Max blocks by axis: (2147483647, 65535, 65535) | M756: Device 3: Tesla V100-SXM2-16GB | N756: Max thread in blocks: 1024 Total Global Memory: 16151,1 MB GPU Global Memory Usage: 2,72112 MB GPU Global Memory Hash Table: 1024 MB Max PARAMETR_SIZE in GPU Global Memory: 7482045 Shared memory per block: 49152 bytes (48 KB) Shared memory per multiprocessor: 98304 bytes (96 KB) Data size in Shared memory per block: 10752 bytes (10,5 KB) Constant Memory: 65536 bytes Parameter data size (in Constant Memory): 53760 bytes (52,5 KB) Registers per Block: 65536 Warp Size: 32 Compute Capability: 7,0 Can Map Host Memory: Yes Clock Rate: 1530 MHz L2 Cache Size: 6291456 bytes Multiprocessor Count: 80 | O756: Max thread in blocks by axis: (1024, 1024, 64) | P756: Max blocks by axis: (2147483647, 65535, 65535) | Q756: PARAMETR_SIZE: 1344 | R756: MAX_VALUE_SIZE: 5 | S756: SET_PARAMETR_SIZE_ONE_X: 21 | T756: ANT_SIZE: 500 | U756: MAX_THREAD_CUDA: 512 | V756: NAME_FILE_GRAPH: Parametr_Graph/test1344,txt | W756: KOL_ITERATION: 500 | X756: KOL_PROGREV: 5 | Y756: KOL_PROGON_STATISTICS: 50 | Z756: PARAMETR_RO: 0,999 | AA756: PARAMETR_Q: 1 | AB756: PRINT_INFORMATION: 0 | AC756: MAX_PARAMETR_VALUE_TO_MIN_OPT: 1 | AD756: OPTIMIZE: OPTIMIZE_MIN_1 | AE756: FUNCTION: SHAFFERA GO_HASH: 1 | AF756: HASH_TABLE_SIZE: 67108864 | AG756: ZERO_HASH_RESULT: -1 | AH756: ZERO_HASH: 18446744073709551615 | AI756: MAX_PROBES: 10000 | AJ756: MAX_CONST: 8192 | AK756: MAX_SHARED: 6144 | AL756: BLOCK_SIZE: 64 | AM756: BIN_SEARCH: 0 | AN756: NON_WHILE_ANT: 1
A757: Run 4 function ACO 4start0 | B757: 156.694 | C757: 150.144 | D757: 3.2676 | E757: 66.1872 | F757: 70.2998 | G757: 6.54977 | H757: 100 | I757: 100 | J757: 8.47933 | K757: 0.178454 | L757: 0.837053
A758: Run 4 function ACO 4start1 | B758: 156.153 | C758: 149.623 | D758: 2.97781 | E758: 66.1729 | F758: 70.1718 | G758: 6.53029 | H758: 100 | I758: 100 | J758: 8.5087 | K758: 0.178454 | L758: 0.837053
A759: Run 4 function ACO 4start2 | B759: 156.266 | C759: 149.744 | D759: 3.03208 | E759: 66.1503 | F759: 70.2169 | G759: 6.522 | H759: 100 | I759: 100 | J759: 8.50257 | K759: 0.178454 | L759: 0.837053
A760: Run 4 function ACO 4start3 | B760: 156.254 | C760: 149.733 | D760: 3.00443 | E760: 66.1893 | F760: 70.2322 | G760: 6.52129 | H760: 100 | I760: 100 | J760: 8.50322 | K760: 0.178454 | L760: 0.837053
A761: Run 4 function ACO 4start4 | B761: 156.143 | C761: 149.642 | D761: 2.97985 | E761: 66.1279 | F761: 70.2312 | G761: 6.50116 | H761: 100 | I761: 100 | J761: 8.50928 | K761: 0.178454 | L761: 0.837052
A762: Run 4 function ACO 4start5 | B762: 156.159 | C762: 149.625 | D762: 2.99726 | E762: 66.1831 | F762: 70.1821 | G762: 6.53366 | H762: 100 | I762: 100 | J762: 8.5084 | K762: 0.178454 | L762: 0.837053
A763: Run 4 function ACO 4start6 | B763: 156.408 | C763: 149.845 | D763: 3.01979 | E763: 66.1974 | F763: 70.2506 | G763: 6.56296 | H763: 100 | I763: 100 | J763: 8.49484 | K763: 0.178454 | L763: 0.837053
A764: Run 4 function ACO 4start7 | B764: 156.178 | C764: 149.679 | D764: 2.97576 | E764: 66.1934 | F764: 70.2066 | G764: 6.49893 | H764: 100 | I764: 100 | J764: 8.50734 | K764: 0.178454 | L764: 0.837051
A765: Run 4 function ACO 4start8 | B765: 156.179 | C765: 149.681 | D765: 2.97883 | E765: 66.1801 | F765: 70.2015 | G765: 6.49881 | H765: 100 | I765: 100 | J765: 8.50728 | K765: 0.178454 | L765: 0.837051
A766: Run 4 function ACO 4start9 | B766: 156.127 | C766: 149.622 | D766: 2.9604 | E766: 66.177 | F766: 70.18 | G766: 6.5047 | H766: 100 | I766: 100 | J766: 8.51014 | K766: 0.178454 | L766: 0.837053
A767: Run 4 function ACO 4start10 | B767: 156.354 | C767: 149.83 | D767: 3.02389 | E767: 66.1708 | F767: 70.2568 | G767: 6.52408 | H767: 100 | I767: 100 | J767: 8.49778 | K767: 0.178454 | L767: 0.837053
A768: Run 4 function ACO 4start11 | B768: 156.118 | C768: 149.62 | D768: 2.97781 | E768: 66.178 | F768: 70.1841 | G768: 6.49796 | H768: 100 | I768: 100 | J768: 8.51062 | K768: 0.178454 | L768: 0.837052
... A906: Run Combined Run 2start49 | B906: 149.731 | C906: 142.327 | D906: 69.6903 | E906: 67.459 | F906: 0 | G906: 7.40456 | H906: 100 | I906: 100 | J906: 9.04083 | K906: 0.178454 | L906: 0.837053
A907: Device 0: Tesla V100-SXM2-16GB | B907: Max thread in blocks: 1024 Total Global Memory: 16151,1 MB GPU Global Memory Usage: 5,54094 MB GPU Global Memory Hash Table: 1024 MB Max PARAMETR_SIZE in GPU Global Memory: 7343488 Shared memory per block: 49152 bytes (48 KB) Shared memory per multiprocessor: 98304 bytes (96 KB) Data size in Shared memory per block: 21504 bytes (21 KB) Constant Memory: 65536 bytes Parameter data size (in Constant Memory): 107520 bytes (105 KB) Registers per Block: 65536 Warp Size: 32 Compute Capability: 7,0 Can Map Host Memory: Yes Clock Rate: 1530 MHz L2 Cache Size: 6291456 bytes Multiprocessor Count: 80 | C907: Max thread in blocks by axis: (1024, 1024, 64) | D907: Max blocks by axis: (2147483647, 65535, 65535) | E907: Device 1: Tesla V100-SXM2-16GB | F907: Max thread in blocks: 1024 Total Global Memory: 16151,1 MB GPU Global Memory Usage: 5,54094 MB GPU Global Memory Hash Table: 1024 MB Max PARAMETR_SIZE in GPU Global Memory: 7343488 Shared memory per block: 49152 bytes (48 KB) Shared memory per multiprocessor: 98304 bytes (96 KB) Data size in Shared memory per block: 21504 bytes (21 KB) Constant Memory: 65536 bytes Parameter data size (in Constant Memory): 107520 bytes (105 KB) Registers per Block: 65536 Warp Size: 32 Compute Capability: 7,0 Can Map Host Memory: Yes Clock Rate: 1530 MHz L2 Cache Size: 6291456 bytes Multiprocessor Count: 80 | G907: Max thread in blocks by axis: (1024, 1024, 64) | H907: Max blocks by axis: (2147483647, 65535, 65535) | I907: Device 2: Tesla V100-SXM2-16GB | J907: Max thread in blocks: 1024 Total Global Memory: 16151,1 MB GPU Global Memory Usage: 5,54094 MB GPU Global Memory Hash Table: 1024 MB Max PARAMETR_SIZE in GPU Global Memory: 7343488 Shared memory per block: 49152 bytes (48 KB) Shared memory per multiprocessor: 98304 bytes (96 KB) Data size in Shared memory per block: 21504 bytes (21 KB) Constant Memory: 65536 bytes Parameter data size (in Constant Memory): 107520 bytes (105 KB) Registers per Block: 65536 Warp Size: 32 Compute Capability: 7,0 Can Map Host Memory: Yes Clock Rate: 1530 MHz L2 Cache Size: 6291456 bytes Multiprocessor Count: 80 | K907: Max thread in blocks by axis: (1024, 1024, 64) | L907: Max blocks by axis: (2147483647, 65535, 65535) | M907: Device 3: Tesla V100-SXM2-16GB | N907: Max thread in blocks: 1024 Total Global Memory: 16151,1 MB GPU Global Memory Usage: 5,54094 MB GPU Global Memory Hash Table: 1024 MB Max PARAMETR_SIZE in GPU Global Memory: 7343488 Shared memory per block: 49152 bytes (48 KB) Shared memory per multiprocessor: 98304 bytes (96 KB) Data size in Shared memory per block: 21504 bytes (21 KB) Constant Memory: 65536 bytes Parameter data size (in Constant Memory): 107520 bytes (105 KB) Registers per Block: 65536 Warp Size: 32 Compute Capability: 7,0 Can Map Host Memory: Yes Clock Rate: 1530 MHz L2 Cache Size: 6291456 bytes Multiprocessor Count: 80 | O907: Max thread in blocks by axis: (1024, 1024, 64) | P907: Max blocks by axis: (2147483647, 65535, 65535) | Q907: PARAMETR_SIZE: 2688 | R907: MAX_VALUE_SIZE: 5 | S907: SET_PARAMETR_SIZE_ONE_X: 21 | T907: ANT_SIZE: 500 | U907: MAX_THREAD_CUDA: 512 | V907: NAME_FILE_GRAPH: Parametr_Graph/test2688,txt | W907: KOL_ITERATION: 500 | X907: KOL_PROGREV: 5 | Y907: KOL_PROGON_STATISTICS: 50 | Z907: PARAMETR_RO: 0,999 | AA907: PARAMETR_Q: 1 | AB907: PRINT_INFORMATION: 0 | AC907: MAX_PARAMETR_VALUE_TO_MIN_OPT: 1 | AD907: OPTIMIZE: OPTIMIZE_MIN_1 | AE907: FUNCTION: SHAFFERA GO_HASH: 1 | AF907: HASH_TABLE_SIZE: 67108864 | AG907: ZERO_HASH_RESULT: -1 | AH907: ZERO_HASH: 18446744073709551615 | AI907: MAX_PROBES: 10000 | AJ907: MAX_CONST: 8192 | AK907: MAX_SHARED: 6144 | AL907: BLOCK_SIZE: 64 | AM907: BIN_SEARCH: 0 | AN907: NON_WHILE_ANT: 1
A908: Run 4 function ACO 4start0 | B908: 281.349 | C908: 274.495 | D908: 3.11195 | E908: 180.739 | F908: 79.8156 | G908: 6.85385 | H908: 100 | I908: 100 | J908: 9.43832 | K908: 0.260521 | L908: 0.751672
A909: Run 4 function ACO 4start1 | B909: 281.962 | C909: 274.981 | D909: 3.1867 | E909: 180.736 | F909: 79.8402 | G909: 6.98099 | H909: 100 | I909: 100 | J909: 9.41778 | K909: 0.260521 | L909: 0.751672
A910: Run 4 function ACO 4start2 | B910: 282.456 | C910: 275.297 | D910: 3.27477 | E910: 180.878 | F910: 79.8975 | G910: 7.15903 | H910: 100 | I910: 100 | J910: 9.40131 | K910: 0.260521 | L910: 0.751672
A911: Run 4 function ACO 4start3 | B911: 283.819 | C911: 276.65 | D911: 3.37614 | E911: 180.953 | F911: 79.9764 | G911: 7.16876 | H911: 100 | I911: 100 | J911: 9.35618 | K911: 0.260521 | L911: 0.751672
A912: Run 4 function ACO 4start4 | B912: 283.27 | C912: 275.946 | D912: 3.40789 | E912: 180.93 | F912: 80.1965 | G912: 7.32455 | H912: 100 | I912: 100 | J912: 9.37431 | K912: 0.260521 | L912: 0.751672
A913: Run 4 function ACO 4start5 | B913: 293.882 | C913: 284.941 | D913: 4.75444 | E913: 181.543 | F913: 82.7433 | G913: 8.94067 | H913: 100 | I913: 100 | J913: 9.03582 | K913: 0.260521 | L913: 0.751672
A914: Run 4 function ACO 4start6 | B914: 292.991 | C914: 284.035 | D914: 4.76775 | E914: 181.611 | F914: 82.6715 | G914: 8.95642 | H914: 100 | I914: 100 | J914: 9.06328 | K914: 0.260521 | L914: 0.751672
A915: Run 4 function ACO 4start7 | B915: 292.203 | C915: 283.216 | D915: 4.78516 | E915: 181.568 | F915: 82.6839 | G915: 8.98746 | H915: 100 | I915: 100 | J915: 9.08773 | K915: 0.260521 | L915: 0.751672
A916: Run 4 function ACO 4start8 | B916: 293.107 | C916: 283.221 | D916: 4.72781 | E916: 181.688 | F916: 82.7177 | G916: 9.88647 | H916: 100 | I916: 100 | J916: 9.05969 | K916: 0.260521 | L916: 0.751672
A917: Run 4 function ACO 4start9 | B917: 293.83 | C917: 284.862 | D917: 4.75751 | E917: 181.514 | F917: 82.6716 | G917: 8.96817 | H917: 100 | I917: 100 | J917: 9.0374 | K917: 0.260521 | L917: 0.751672
A918: Run 4 function ACO 4start10 | B918: 292.913 | C918: 283.989 | D918: 4.7657 | E918: 181.578 | F918: 82.7832 | G918: 8.92365 | H918: 100 | I918: 100 | J918: 9.06572 | K918: 0.260521 | L918: 0.751671
A919: Run 4 function ACO 4start11 | B919: 293.704 | C919: 284.719 | D919: 4.78413 | E919: 181.593 | F919: 82.7484 | G919: 8.98489 | H919: 100 | I919: 100 | J919: 9.04129 | K919: 0.260521 | L919: 0.751672
... A1057: Run Combined Run 2start49 | B1057: 276.444 | C1057: 267.852 | D1057: 80.1577 | E1057: 182.325 | F1057: 0 | G1057: 8.59219 | H1057: 100 | I1057: 100 | J1057: 9.78689 | K1057: 0.260521 | L1057: 0.751671
A1058: Device 0: Tesla V100-SXM2-16GB | B1058: Max thread in blocks: 1024 Total Global Memory: 16151,1 MB GPU Global Memory Usage: 11,0781 MB GPU Global Memory Hash Table: 1024 MB Max PARAMETR_SIZE in GPU Global Memory: 7343488 Shared memory per block: 49152 bytes (48 KB) Shared memory per multiprocessor: 98304 bytes (96 KB) Data size in Shared memory per block: 43008 bytes (42 KB) Constant Memory: 65536 bytes Parameter data size (in Constant Memory): 215040 bytes (210 KB) Registers per Block: 65536 Warp Size: 32 Compute Capability: 7,0 Can Map Host Memory: Yes Clock Rate: 1530 MHz L2 Cache Size: 6291456 bytes Multiprocessor Count: 80 | C1058: Max thread in blocks by axis: (1024, 1024, 64) | D1058: Max blocks by axis: (2147483647, 65535, 65535) | E1058: Device 1: Tesla V100-SXM2-16GB | F1058: Max thread in blocks: 1024 Total Global Memory: 16151,1 MB GPU Global Memory Usage: 11,0781 MB GPU Global Memory Hash Table: 1024 MB Max PARAMETR_SIZE in GPU Global Memory: 7343488 Shared memory per block: 49152 bytes (48 KB) Shared memory per multiprocessor: 98304 bytes (96 KB) Data size in Shared memory per block: 43008 bytes (42 KB) Constant Memory: 65536 bytes Parameter data size (in Constant Memory): 215040 bytes (210 KB) Registers per Block: 65536 Warp Size: 32 Compute Capability: 7,0 Can Map Host Memory: Yes Clock Rate: 1530 MHz L2 Cache Size: 6291456 bytes Multiprocessor Count: 80 | G1058: Max thread in blocks by axis: (1024, 1024, 64) | H1058: Max blocks by axis: (2147483647, 65535, 65535) | I1058: Device 2: Tesla V100-SXM2-16GB | J1058: Max thread in blocks: 1024 Total Global Memory: 16151,1 MB GPU Global Memory Usage: 11,0781 MB GPU Global Memory Hash Table: 1024 MB Max PARAMETR_SIZE in GPU Global Memory: 7343488 Shared memory per block: 49152 bytes (48 KB) Shared memory per multiprocessor: 98304 bytes (96 KB) Data size in Shared memory per block: 43008 bytes (42 KB) Constant Memory: 65536 bytes Parameter data size (in Constant Memory): 215040 bytes (210 KB) Registers per Block: 65536 Warp Size: 32 Compute Capability: 7,0 Can Map Host Memory: Yes Clock Rate: 1530 MHz L2 Cache Size: 6291456 bytes Multiprocessor Count: 80 | K1058: Max thread in blocks by axis: (1024, 1024, 64) | L1058: Max blocks by axis: (2147483647, 65535, 65535) | M1058: Device 3: Tesla V100-SXM2-16GB | N1058: Max thread in blocks: 1024 Total Global Memory: 16151,1 MB GPU Global Memory Usage: 11,0781 MB GPU Global Memory Hash Table: 1024 MB Max PARAMETR_SIZE in GPU Global Memory: 7343488 Shared memory per block: 49152 bytes (48 KB) Shared memory per multiprocessor: 98304 bytes (96 KB) Data size in Shared memory per block: 43008 bytes (42 KB) Constant Memory: 65536 bytes Parameter data size (in Constant Memory): 215040 bytes (210 KB) Registers per Block: 65536 Warp Size: 32 Compute Capability: 7,0 Can Map Host Memory: Yes Clock Rate: 1530 MHz L2 Cache Size: 6291456 bytes Multiprocessor Count: 80 | O1058: Max thread in blocks by axis: (1024, 1024, 64) | P1058: Max blocks by axis: (2147483647, 65535, 65535) | Q1058: PARAMETR_SIZE: 5376 | R1058: MAX_VALUE_SIZE: 5 | S1058: SET_PARAMETR_SIZE_ONE_X: 21 | T1058: ANT_SIZE: 500 | U1058: MAX_THREAD_CUDA: 512 | V1058: NAME_FILE_GRAPH: Parametr_Graph/test5376,txt | W1058: KOL_ITERATION: 500 | X1058: KOL_PROGREV: 5 | Y1058: KOL_PROGON_STATISTICS: 50 | Z1058: PARAMETR_RO: 0,999 | AA1058: PARAMETR_Q: 1 | AB1058: PRINT_INFORMATION: 0 | AC1058: MAX_PARAMETR_VALUE_TO_MIN_OPT: 1 | AD1058: OPTIMIZE: OPTIMIZE_MIN_1 | AE1058: FUNCTION: SHAFFERA GO_HASH: 1 | AF1058: HASH_TABLE_SIZE: 67108864 | AG1058: ZERO_HASH_RESULT: -1 | AH1058: ZERO_HASH: 18446744073709551615 | AI1058: MAX_PROBES: 10000 | AJ1058: MAX_CONST: 8192 | AK1058: MAX_SHARED: 6144 | AL1058: BLOCK_SIZE: 256 | AM1058: BIN_SEARCH: 0 | AN1058: NON_WHILE_ANT: 1
A1059: Run 4 function ACO 4start0 | B1059: 780.391 | C1059: 773.216 | D1059: 3.68539 | E1059: 616.48 | F1059: 141.968 | G1059: 7.17462 | H1059: 100 | I1059: 100 | J1059: 6.80308 | K1059: 0.337385 | L1059: 0.670409
...

Sheet itog all
E1: supercomput global | F1: supercomputing not const | G1: supercomput non while
E2: 42 | F2: =E2*2 -> 84
B3: 1 | D3: 50 | E3: 0 | F3: 49
B4: 42clangOMP31 | D4: 0 | E4: 2
A5: 0 | B5: 1 | C5: 42 | D5: =OFFSET(Лист1!$A$1,$B$3+($B5-1)*$D$3+$A5,D$4) -> Run 4 function ACO 4start0 | E5: =AVERAGE(OFFSET(Лист1!$A$1,$B$3+($B5-1)*$D$3+$E$3+$A5,E$4):OFFSET(Лист1!$A$1,$B$3+($B5-1)*$D$3+$E$3+$F$3+$A5,E$4)) -> 80.267238 | F5: =AVERAGE(OFFSET(Лист2!$A$1,$B$3+($B5-1)*$D$3+$E$3+$A5,E$4):OFFSET(Лист2!$A$1,$B$3+($B5-1)*$D$3+$E$3+$F$3+$A5,E$4)) -> 81.132812 | G5: =AVERAGE(OFFSET(Лист3!$A$1,$B$3+($B5-1)*$D$3+$E$3+$A5,E$4):OFFSET(Лист3!$A$1,$B$3+($B5-1)*$D$3+$E$3+$F$3+$A5,E$4)) -> 79.806714
B6: 2 | D6: =OFFSET(Лист1!$A$1,$B$3+($B6-1)*$D$3+$A5,D$4) -> Run Original ACO 3start0 | E6: =AVERAGE(OFFSET(Лист1!$A$1,$B$3+($B6-1)*$D$3+$E$3+$A5,E$4):OFFSET(Лист1!$A$1,$B$3+($B6-1)*$D$3+$E$3+$F$3+$A5,E$4)) -> 78.243826 | F6: =AVERAGE(OFFSET(Лист2!$A$1,$B$3+($B6-1)*$D$3+$E$3+$A5,E$4):OFFSET(Лист2!$A$1,$B$3+($B6-1)*$D$3+$E$3+$F$3+$A5,E$4)) -> 78.421454 | G6: =AVERAGE(OFFSET(Лист3!$A$1,$B$3+($B6-1)*$D$3+$E$3+$A5,E$4):OFFSET(Лист3!$A$1,$B$3+($B6-1)*$D$3+$E$3+$F$3+$A5,E$4)) -> 77.271158
B7: 3 | D7: =OFFSET(Лист1!$A$1,$B$3+($B7-1)*$D$3+$A5,D$4) -> Run Combined Run 2start0 | E7: =AVERAGE(OFFSET(Лист1!$A$1,$B$3+($B7-1)*$D$3+$E$3+$A5,E$4):OFFSET(Лист1!$A$1,$B$3+($B7-1)*$D$3+$E$3+$F$3+$A5,E$4)) -> 72.09867 | F7: =AVERAGE(OFFSET(Лист2!$A$1,$B$3+($B7-1)*$D$3+$E$3+$A5,E$4):OFFSET(Лист2!$A$1,$B$3+($B7-1)*$D$3+$E$3+$F$3+$A5,E$4)) -> 71.947644 | G7: =AVERAGE(OFFSET(Лист3!$A$1,$B$3+($B7-1)*$D$3+$E$3+$A5,E$4):OFFSET(Лист3!$A$1,$B$3+($B7-1)*$D$3+$E$3+$F$3+$A5,E$4)) -> 70.539358
A8: 1 | B8: 4 | C8: =C5*2 -> 84 | D8: =OFFSET(Лист1!$A$1,$B$3+($B8-1)*$D$3+$A8,D$4) -> Run 4 function ACO 4start0 | E8: =AVERAGE(OFFSET(Лист1!$A$1,$B$3+($B8-1)*$D$3+$E$3+$A8,E$4):OFFSET(Лист1!$A$1,$B$3+($B8-1)*$D$3+$E$3+$F$3+$A8,E$4)) -> 88.560004 | F8: =AVERAGE(OFFSET(Лист2!$A$1,$B$3+($B8-1)*$D$3+$E$3+$A8,E$4):OFFSET(Лист2!$A$1,$B$3+($B8-1)*$D$3+$E$3+$F$3+$A8,E$4)) -> 88.485404 | G8: =AVERAGE(OFFSET(Лист3!$A$1,$B$3+($B8-1)*$D$3+$E$3+$A8,E$4):OFFSET(Лист3!$A$1,$B$3+($B8-1)*$D$3+$E$3+$F$3+$A8,E$4)) -> 89.40883
A9: 2 | B9: 5 | C9: 2 | D9: =OFFSET(Лист1!$A$1,$B$3+($B9-1)*$D$3+$A8,D$4) -> Run Original ACO 3start0 | E9: =AVERAGE(OFFSET(Лист1!$A$1,$B$3+($B9-1)*$D$3+$E$3+$A8,E$4):OFFSET(Лист1!$A$1,$B$3+($B9-1)*$D$3+$E$3+$F$3+$A8,E$4)) -> 87.01521 | F9: =AVERAGE(OFFSET(Лист2!$A$1,$B$3+($B9-1)*$D$3+$E$3+$A8,E$4):OFFSET(Лист2!$A$1,$B$3+($B9-1)*$D$3+$E$3+$F$3+$A8,E$4)) -> 87.780558 | G9: =AVERAGE(OFFSET(Лист3!$A$1,$B$3+($B9-1)*$D$3+$E$3+$A8,E$4):OFFSET(Лист3!$A$1,$B$3+($B9-1)*$D$3+$E$3+$F$3+$A8,E$4)) -> 88.461338
B10: 6 | D10: =OFFSET(Лист1!$A$1,$B$3+($B10-1)*$D$3+$A8,D$4) -> Run Combined Run 2start0 | E10: =AVERAGE(OFFSET(Лист1!$A$1,$B$3+($B10-1)*$D$3+$E$3+$A8,E$4):OFFSET(Лист1!$A$1,$B$3+($B10-1)*$D$3+$E$3+$F$3+$A8,E$4)) -> 80.88057 | F10: =AVERAGE(OFFSET(Лист2!$A$1,$B$3+($B10-1)*$D$3+$E$3+$A8,E$4):OFFSET(Лист2!$A$1,$B$3+($B10-1)*$D$3+$E$3+$F$3+$A8,E$4)) -> 81.886832 | G10: =AVERAGE(OFFSET(Лист3!$A$1,$B$3+($B10-1)*$D$3+$E$3+$A8,E$4):OFFSET(Лист3!$A$1,$B$3+($B10-1)*$D$3+$E$3+$F$3+$A8,E$4)) -> 82.24686
A11: 2 | B11: 7 | C11: =C8*2 -> 168 | D11: =OFFSET(Лист1!$A$1,$B$3+($B11-1)*$D$3+$A11,D$4) -> Run 4 function ACO 4start0 | E11: =AVERAGE(OFFSET(Лист1!$A$1,$B$3+($B11-1)*$D$3+$E$3+$A11,E$4):OFFSET(Лист1!$A$1,$B$3+($B11-1)*$D$3+$E$3+$F$3+$A11,E$4)) -> 91.111314 | F11: =AVERAGE(OFFSET(Лист2!$A$1,$B$3+($B11-1)*$D$3+$E$3+$A11,E$4):OFFSET(Лист2!$A$1,$B$3+($B11-1)*$D$3+$E$3+$F$3+$A11,E$4)) -> 91.473214 | G11: =AVERAGE(OFFSET(Лист3!$A$1,$B$3+($B11-1)*$D$3+$E$3+$A11,E$4):OFFSET(Лист3!$A$1,$B$3+($B11-1)*$D$3+$E$3+$F$3+$A11,E$4)) -> 93.512702
B12: 8 | C12: 3 | D12: =OFFSET(Лист1!$A$1,$B$3+($B12-1)*$D$3+$A11,D$4) -> Run Original ACO 3start0 | E12: =AVERAGE(OFFSET(Лист1!$A$1,$B$3+($B12-1)*$D$3+$E$3+$A11,E$4):OFFSET(Лист1!$A$1,$B$3+($B12-1)*$D$3+$E$3+$F$3+$A11,E$4)) -> 90.012796 | F12: =AVERAGE(OFFSET(Лист2!$A$1,$B$3+($B12-1)*$D$3+$E$3+$A11,E$4):OFFSET(Лист2!$A$1,$B$3+($B12-1)*$D$3+$E$3+$F$3+$A11,E$4)) -> 90.680294 | G12: =AVERAGE(OFFSET(Лист3!$A$1,$B$3+($B12-1)*$D$3+$E$3+$A11,E$4):OFFSET(Лист3!$A$1,$B$3+($B12-1)*$D$3+$E$3+$F$3+$A11,E$4)) -> 92.884518
A13: 4 | B13: 9 | D13: =OFFSET(Лист1!$A$1,$B$3+($B13-1)*$D$3+$A11,D$4) -> Run Combined Run 2start0 | E13: =AVERAGE(OFFSET(Лист1!$A$1,$B$3+($B13-1)*$D$3+$E$3+$A11,E$4):OFFSET(Лист1!$A$1,$B$3+($B13-1)*$D$3+$E$3+$F$3+$A11,E$4)) -> 84.082162 | F13: =AVERAGE(OFFSET(Лист2!$A$1,$B$3+($B13-1)*$D$3+$E$3+$A11,E$4):OFFSET(Лист2!$A$1,$B$3+($B13-1)*$D$3+$E$3+$F$3+$A11,E$4)) -> 84.622042 | G13: =AVERAGE(OFFSET(Лист3!$A$1,$B$3+($B13-1)*$D$3+$E$3+$A11,E$4):OFFSET(Лист3!$A$1,$B$3+($B13-1)*$D$3+$E$3+$F$3+$A11,E$4)) -> 86.49794
A14: 3 | B14: 10 | C14: =C11*2 -> 336 | D14: =OFFSET(Лист1!$A$1,$B$3+($B14-1)*$D$3+$A14,D$4) -> Run 4 function ACO 4start0 | E14: =AVERAGE(OFFSET(Лист1!$A$1,$B$3+($B14-1)*$D$3+$E$3+$A14,E$4):OFFSET(Лист1!$A$1,$B$3+($B14-1)*$D$3+$E$3+$F$3+$A14,E$4)) -> 94.136874 | F14: =AVERAGE(OFFSET(Лист2!$A$1,$B$3+($B14-1)*$D$3+$E$3+$A14,E$4):OFFSET(Лист2!$A$1,$B$3+($B14-1)*$D$3+$E$3+$F$3+$A14,E$4)) -> 94.834358 | G14: =AVERAGE(OFFSET(Лист3!$A$1,$B$3+($B14-1)*$D$3+$E$3+$A14,E$4):OFFSET(Лист3!$A$1,$B$3+($B14-1)*$D$3+$E$3+$F$3+$A14,E$4)) -> 97.897762
A15: 5 | B15: 11 | C15: 4 | D15: =OFFSET(Лист1!$A$1,$B$3+($B15-1)*$D$3+$A14,D$4) -> Run Original ACO 3start0 | E15: =AVERAGE(OFFSET(Лист1!$A$1,$B$3+($B15-1)*$D$3+$E$3+$A14,E$4):OFFSET(Лист1!$A$1,$B$3+($B15-1)*$D$3+$E$3+$F$3+$A14,E$4)) -> 93.072008 | F15: =AVERAGE(OFFSET(Лист2!$A$1,$B$3+($B15-1)*$D$3+$E$3+$A14,E$4):OFFSET(Лист2!$A$1,$B$3+($B15-1)*$D$3+$E$3+$F$3+$A14,E$4)) -> 94.127852 | G15: =AVERAGE(OFFSET(Лист3!$A$1,$B$3+($B15-1)*$D$3+$E$3+$A14,E$4):OFFSET(Лист3!$A$1,$B$3+($B15-1)*$D$3+$E$3+$F$3+$A14,E$4)) -> 97.39492
B16: 12 | D16: =OFFSET(Лист1!$A$1,$B$3+($B16-1)*$D$3+$A14,D$4) -> Run Combined Run 2start0 | E16: =AVERAGE(OFFSET(Лист1!$A$1,$B$3+($B16-1)*$D$3+$E$3+$A14,E$4):OFFSET(Лист1!$A$1,$B$3+($B16-1)*$D$3+$E$3+$F$3+$A14,E$4)) -> 86.892394 | F16: =AVERAGE(OFFSET(Лист2!$A$1,$B$3+($B16-1)*$D$3+$E$3+$A14,E$4):OFFSET(Лист2!$A$1,$B$3+($B16-1)*$D$3+$E$3+$F$3+$A14,E$4)) -> 87.658104 | G16: =AVERAGE(OFFSET(Лист3!$A$1,$B$3+($B16-1)*$D$3+$E$3+$A14,E$4):OFFSET(Лист3!$A$1,$B$3+($B16-1)*$D$3+$E$3+$F$3+$A14,E$4)) -> 91.161768
A17: 4 | B17: 13 | C17: =C14*2 -> 672 | D17: =OFFSET(Лист1!$A$1,$B$3+($B17-1)*$D$3+$A17,D$4) -> Run 4 function ACO 4start0 | E17: =AVERAGE(OFFSET(Лист1!$A$1,$B$3+($B17-1)*$D$3+$E$3+$A17,E$4):OFFSET(Лист1!$A$1,$B$3+($B17-1)*$D$3+$E$3+$F$3+$A17,E$4)) -> 114.78158 | F17: =AVERAGE(OFFSET(Лист2!$A$1,$B$3+($B17-1)*$D$3+$E$3+$A17,E$4):OFFSET(Лист2!$A$1,$B$3+($B17-1)*$D$3+$E$3+$F$3+$A17,E$4)) -> 109.6892 | G17: =AVERAGE(OFFSET(Лист3!$A$1,$B$3+($B17-1)*$D$3+$E$3+$A17,E$4):OFFSET(Лист3!$A$1,$B$3+($B17-1)*$D$3+$E$3+$F$3+$A17,E$4)) -> 115.29364
B18: 14 | C18: 5 | D18: =OFFSET(Лист1!$A$1,$B$3+($B18-1)*$D$3+$A17,D$4) -> Run Original ACO 3start0 | E18: =AVERAGE(OFFSET(Лист1!$A$1,$B$3+($B18-1)*$D$3+$E$3+$A17,E$4):OFFSET(Лист1!$A$1,$B$3+($B18-1)*$D$3+$E$3+$F$3+$A17,E$4)) -> 113.59428 | F18: =AVERAGE(OFFSET(Лист2!$A$1,$B$3+($B18-1)*$D$3+$E$3+$A17,E$4):OFFSET(Лист2!$A$1,$B$3+($B18-1)*$D$3+$E$3+$F$3+$A17,E$4)) -> 108.4031 | G18: =AVERAGE(OFFSET(Лист3!$A$1,$B$3+($B18-1)*$D$3+$E$3+$A17,E$4):OFFSET(Лист3!$A$1,$B$3+($B18-1)*$D$3+$E$3+$F$3+$A17,E$4)) -> 114.1376
A19: 7 | B19: 15 | D19: =OFFSET(Лист1!$A$1,$B$3+($B19-1)*$D$3+$A17,D$4) -> Run Combined Run 2start0 | E19: =AVERAGE(OFFSET(Лист1!$A$1,$B$3+($B19-1)*$D$3+$E$3+$A17,E$4):OFFSET(Лист1!$A$1,$B$3+($B19-1)*$D$3+$E$3+$F$3+$A17,E$4)) -> 106.6845 | F19: =AVERAGE(OFFSET(Лист2!$A$1,$B$3+($B19-1)*$D$3+$E$3+$A17,E$4):OFFSET(Лист2!$A$1,$B$3+($B19-1)*$D$3+$E$3+$F$3+$A17,E$4)) -> 101.61972 | G19: =AVERAGE(OFFSET(Лист3!$A$1,$B$3+($B19-1)*$D$3+$E$3+$A17,E$4):OFFSET(Лист3!$A$1,$B$3+($B19-1)*$D$3+$E$3+$F$3+$A17,E$4)) -> 107.82008
A20: 5 | B20: 16 | C20: =C17*2 -> 1344 | D20: =OFFSET(Лист1!$A$1,$B$3+($B20-1)*$D$3+$A20,D$4) -> Run 4 function ACO 4start0 | E20: =AVERAGE(OFFSET(Лист1!$A$1,$B$3+($B20-1)*$D$3+$E$3+$A20,E$4):OFFSET(Лист1!$A$1,$B$3+($B20-1)*$D$3+$E$3+$F$3+$A20,E$4)) -> 201.04798 | F20: =AVERAGE(OFFSET(Лист2!$A$1,$B$3+($B20-1)*$D$3+$E$3+$A20,E$4):OFFSET(Лист2!$A$1,$B$3+($B20-1)*$D$3+$E$3+$F$3+$A20,E$4)) -> 137.5717 | G20: =AVERAGE(OFFSET(Лист3!$A$1,$B$3+($B20-1)*$D$3+$E$3+$A20,E$4):OFFSET(Лист3!$A$1,$B$3+($B20-1)*$D$3+$E$3+$F$3+$A20,E$4)) -> 149.7495
A21: 8 | B21: 17 | C21: 6 | D21: =OFFSET(Лист1!$A$1,$B$3+($B21-1)*$D$3+$A20,D$4) -> Run Original ACO 3start0 | E21: =AVERAGE(OFFSET(Лист1!$A$1,$B$3+($B21-1)*$D$3+$E$3+$A20,E$4):OFFSET(Лист1!$A$1,$B$3+($B21-1)*$D$3+$E$3+$F$3+$A20,E$4)) -> 199.27152 | F21: =AVERAGE(OFFSET(Лист2!$A$1,$B$3+($B21-1)*$D$3+$E$3+$A20,E$4):OFFSET(Лист2!$A$1,$B$3+($B21-1)*$D$3+$E$3+$F$3+$A20,E$4)) -> 137.20634 | G21: =AVERAGE(OFFSET(Лист3!$A$1,$B$3+($B21-1)*$D$3+$E$3+$A20,E$4):OFFSET(Лист3!$A$1,$B$3+($B21-1)*$D$3+$E$3+$F$3+$A20,E$4)) -> 148.62608
B22: 18 | D22: =OFFSET(Лист1!$A$1,$B$3+($B22-1)*$D$3+$A20,D$4) -> Run Combined Run 2start0 | E22: =AVERAGE(OFFSET(Лист1!$A$1,$B$3+($B22-1)*$D$3+$E$3+$A20,E$4):OFFSET(Лист1!$A$1,$B$3+($B22-1)*$D$3+$E$3+$F$3+$A20,E$4)) -> 192.801 | F22: =AVERAGE(OFFSET(Лист2!$A$1,$B$3+($B22-1)*$D$3+$E$3+$A20,E$4):OFFSET(Лист2!$A$1,$B$3+($B22-1)*$D$3+$E$3+$F$3+$A20,E$4)) -> 129.82522 | G22: =AVERAGE(OFFSET(Лист3!$A$1,$B$3+($B22-1)*$D$3+$E$3+$A20,E$4):OFFSET(Лист3!$A$1,$B$3+($B22-1)*$D$3+$E$3+$F$3+$A20,E$4)) -> 141.93482
A23: 6 | B23: 19 | C23: =C20*2 -> 2688 | D23: =OFFSET(Лист1!$A$1,$B$3+($B23-1)*$D$3+$A23,D$4) -> Run 4 function ACO 4start0 | E23: =AVERAGE(OFFSET(Лист1!$A$1,$B$3+($B23-1)*$D$3+$E$3+$A23,E$4):OFFSET(Лист1!$A$1,$B$3+($B23-1)*$D$3+$E$3+$F$3+$A23,E$4)) -> 336.82628 | F23: =AVERAGE(OFFSET(Лист2!$A$1,$B$3+($B23-1)*$D$3+$E$3+$A23,E$4):OFFSET(Лист2!$A$1,$B$3+($B23-1)*$D$3+$E$3+$F$3+$A23,E$4)) -> 284.50658 | G23: =AVERAGE(OFFSET(Лист3!$A$1,$B$3+($B23-1)*$D$3+$E$3+$A23,E$4):OFFSET(Лист3!$A$1,$B$3+($B23-1)*$D$3+$E$3+$F$3+$A23,E$4)) -> 276.56216
B24: 20 | C24: 7 | D24: =OFFSET(Лист1!$A$1,$B$3+($B24-1)*$D$3+$A23,D$4) -> Run Original ACO 3start0 | E24: =AVERAGE(OFFSET(Лист1!$A$1,$B$3+($B24-1)*$D$3+$E$3+$A23,E$4):OFFSET(Лист1!$A$1,$B$3+($B24-1)*$D$3+$E$3+$F$3+$A23,E$4)) -> 336.03162 | F24: =AVERAGE(OFFSET(Лист2!$A$1,$B$3+($B24-1)*$D$3+$E$3+$A23,E$4):OFFSET(Лист2!$A$1,$B$3+($B24-1)*$D$3+$E$3+$F$3+$A23,E$4)) -> 283.4221 | G24: =AVERAGE(OFFSET(Лист3!$A$1,$B$3+($B24-1)*$D$3+$E$3+$A23,E$4):OFFSET(Лист3!$A$1,$B$3+($B24-1)*$D$3+$E$3+$F$3+$A23,E$4)) -> 273.59806
A25: 10 | B25: 21 | D25: =OFFSET(Лист1!$A$1,$B$3+($B25-1)*$D$3+$A23,D$4) -> Run Combined Run 2start0 | E25: =AVERAGE(OFFSET(Лист1!$A$1,$B$3+($B25-1)*$D$3+$E$3+$A23,E$4):OFFSET(Лист1!$A$1,$B$3+($B25-1)*$D$3+$E$3+$F$3+$A23,E$4)) -> 328.8961 | F25: =AVERAGE(OFFSET(Лист2!$A$1,$B$3+($B25-1)*$D$3+$E$3+$A23,E$4):OFFSET(Лист2!$A$1,$B$3+($B25-1)*$D$3+$E$3+$F$3+$A23,E$4)) -> 276.60006 | G25: =AVERAGE(OFFSET(Лист3!$A$1,$B$3+($B25-1)*$D$3+$E$3+$A23,E$4):OFFSET(Лист3!$A$1,$B$3+($B25-1)*$D$3+$E$3+$F$3+$A23,E$4)) -> 266.74578
A26: 7 | B26: 22 | C26: =C23*2 -> 5376 | D26: =OFFSET(Лист1!$A$1,$B$3+($B26-1)*$D$3+$A26,D$4) -> Run 4 function ACO 4start0 | E26: =AVERAGE(OFFSET(Лист1!$A$1,$B$3+($B26-1)*$D$3+$E$3+$A26,E$4):OFFSET(Лист1!$A$1,$B$3+($B26-1)*$D$3+$E$3+$F$3+$A26,E$4)) -> 579.50808 | F26: =AVERAGE(OFFSET(Лист2!$A$1,$B$3+($B26-1)*$D$3+$E$3+$A26,E$4):OFFSET(Лист2!$A$1,$B$3+($B26-1)*$D$3+$E$3+$F$3+$A26,E$4)) -> 788.0317 | G26: =AVERAGE(OFFSET(Лист3!$A$1,$B$3+($B26-1)*$D$3+$E$3+$A26,E$4):OFFSET(Лист3!$A$1,$B$3+($B26-1)*$D$3+$E$3+$F$3+$A26,E$4)) -> 772.90876
B27: 23 | C27: 8 | D27: =OFFSET(Лист1!$A$1,$B$3+($B27-1)*$D$3+$A26,D$4) -> Run Original ACO 3start0 | E27: =AVERAGE(OFFSET(Лист1!$A$1,$B$3+($B27-1)*$D$3+$E$3+$A26,E$4):OFFSET(Лист1!$A$1,$B$3+($B27-1)*$D$3+$E$3+$F$3+$A26,E$4)) -> 577.94216 | F27: =AVERAGE(OFFSET(Лист2!$A$1,$B$3+($B27-1)*$D$3+$E$3+$A26,E$4):OFFSET(Лист2!$A$1,$B$3+($B27-1)*$D$3+$E$3+$F$3+$A26,E$4)) -> 786.64498 | G27: =AVERAGE(OFFSET(Лист3!$A$1,$B$3+($B27-1)*$D$3+$E$3+$A26,E$4):OFFSET(Лист3!$A$1,$B$3+($B27-1)*$D$3+$E$3+$F$3+$A26,E$4)) -> 771.85588
B28: 24 | D28: =OFFSET(Лист1!$A$1,$B$3+($B28-1)*$D$3+$A26,D$4) -> Run Combined Run 2start0 | E28: =AVERAGE(OFFSET(Лист1!$A$1,$B$3+($B28-1)*$D$3+$E$3+$A26,E$4):OFFSET(Лист1!$A$1,$B$3+($B28-1)*$D$3+$E$3+$F$3+$A26,E$4)) -> 570.10334 | F28: =AVERAGE(OFFSET(Лист2!$A$1,$B$3+($B28-1)*$D$3+$E$3+$A26,E$4):OFFSET(Лист2!$A$1,$B$3+($B28-1)*$D$3+$E$3+$F$3+$A26,E$4)) -> 778.70678 | G28: =AVERAGE(OFFSET(Лист3!$A$1,$B$3+($B28-1)*$D$3+$E$3+$A26,E$4):OFFSET(Лист3!$A$1,$B$3+($B28-1)*$D$3+$E$3+$F$3+$A26,E$4)) -> 764.19276
A29: 8 | B29: 25 | C29: =C26*2 -> 10752 | D29: =OFFSET(Лист1!$A$1,$B$3+($B29-1)*$D$3+$A29,D$4) -> Run 4 function ACO 4start0 | E29: =AVERAGE(OFFSET(Лист1!$A$1,$B$3+($B29-1)*$D$3+$E$3+$A29,E$4):OFFSET(Лист1!$A$1,$B$3+($B29-1)*$D$3+$E$3+$F$3+$A29,E$4)) -> 1094.2254 | F29: =AVERAGE(OFFSET(Лист2!$A$1,$B$3+($B29-1)*$D$3+$E$3+$A29,E$4):OFFSET(Лист2!$A$1,$B$3+($B29-1)*$D$3+$E$3+$F$3+$A29,E$4)) -> 1093.9208 | G29: =AVERAGE(OFFSET(Лист3!$A$1,$B$3+($B29-1)*$D$3+$E$3+$A29,E$4):OFFSET(Лист3!$A$1,$B$3+($B29-1)*$D$3+$E$3+$F$3+$A29,E$4)) -> 1101.9254
B30: 26 | C30: 9 | D30: =OFFSET(Лист1!$A$1,$B$3+($B30-1)*$D$3+$A29,D$4) -> Run Original ACO 3start0 | E30: =AVERAGE(OFFSET(Лист1!$A$1,$B$3+($B30-1)*$D$3+$E$3+$A29,E$4):OFFSET(Лист1!$A$1,$B$3+($B30-1)*$D$3+$E$3+$F$3+$A29,E$4)) -> 1094.6514 | F30: =AVERAGE(OFFSET(Лист2!$A$1,$B$3+($B30-1)*$D$3+$E$3+$A29,E$4):OFFSET(Лист2!$A$1,$B$3+($B30-1)*$D$3+$E$3+$F$3+$A29,E$4)) -> 1093.713 | G30: =AVERAGE(OFFSET(Лист3!$A$1,$B$3+($B30-1)*$D$3+$E$3+$A29,E$4):OFFSET(Лист3!$A$1,$B$3+($B30-1)*$D$3+$E$3+$F$3+$A29,E$4)) -> 1101.4352
B31: 27 | D31: =OFFSET(Лист1!$A$1,$B$3+($B31-1)*$D$3+$A29,D$4) -> Run Combined Run 2start0 | E31: =AVERAGE(OFFSET(Лист1!$A$1,$B$3+($B31-1)*$D$3+$E$3+$A29,E$4):OFFSET(Лист1!$A$1,$B$3+($B31-1)*$D$3+$E$3+$F$3+$A29,E$4)) -> 1086.6666 | F31: =AVERAGE(OFFSET(Лист2!$A$1,$B$3+($B31-1)*$D$3+$E$3+$A29,E$4):OFFSET(Лист2!$A$1,$B$3+($B31-1)*$D$3+$E$3+$F$3+$A29,E$4)) -> 1086.408 | G31: =AVERAGE(OFFSET(Лист3!$A$1,$B$3+($B31-1)*$D$3+$E$3+$A29,E$4):OFFSET(Лист3!$A$1,$B$3+($B31-1)*$D$3+$E$3+$F$3+$A29,E$4)) -> 1093.972
A32: 9 | B32: 28 | C32: =C29*2 -> 21504 | D32: =OFFSET(Лист1!$A$1,$B$3+($B32-1)*$D$3+$A32,D$4) -> Run 4 function ACO 4start0 | E32: =AVERAGE(OFFSET(Лист1!$A$1,$B$3+($B32-1)*$D$3+$E$3+$A32,E$4):OFFSET(Лист1!$A$1,$B$3+($B32-1)*$D$3+$E$3+$F$3+$A32,E$4)) -> 2082.3748 | F32: =AVERAGE(OFFSET(Лист2!$A$1,$B$3+($B32-1)*$D$3+$E$3+$A32,E$4):OFFSET(Лист2!$A$1,$B$3+($B32-1)*$D$3+$E$3+$F$3+$A32,E$4)) -> 2080.9572 | G32: =AVERAGE(OFFSET(Лист3!$A$1,$B$3+($B32-1)*$D$3+$E$3+$A32,E$4):OFFSET(Лист3!$A$1,$B$3+($B32-1)*$D$3+$E$3+$F$3+$A32,E$4)) -> 2083.718
B33: 29 | C33: 10 | D33: =OFFSET(Лист1!$A$1,$B$3+($B33-1)*$D$3+$A32,D$4) -> Run Original ACO 3start0 | E33: =AVERAGE(OFFSET(Лист1!$A$1,$B$3+($B33-1)*$D$3+$E$3+$A32,E$4):OFFSET(Лист1!$A$1,$B$3+($B33-1)*$D$3+$E$3+$F$3+$A32,E$4)) -> 2082.9706 | F33: =AVERAGE(OFFSET(Лист2!$A$1,$B$3+($B33-1)*$D$3+$E$3+$A32,E$4):OFFSET(Лист2!$A$1,$B$3+($B33-1)*$D$3+$E$3+$F$3+$A32,E$4)) -> 2081.4566 | G33: =AVERAGE(OFFSET(Лист3!$A$1,$B$3+($B33-1)*$D$3+$E$3+$A32,E$4):OFFSET(Лист3!$A$1,$B$3+($B33-1)*$D$3+$E$3+$F$3+$A32,E$4)) -> 2084.4802
B34: 30 | D34: =OFFSET(Лист1!$A$1,$B$3+($B34-1)*$D$3+$A32,D$4) -> Run Combined Run 2start0 | E34: =AVERAGE(OFFSET(Лист1!$A$1,$B$3+($B34-1)*$D$3+$E$3+$A32,E$4):OFFSET(Лист1!$A$1,$B$3+($B34-1)*$D$3+$E$3+$F$3+$A32,E$4)) -> 2075.0238 | F34: =AVERAGE(OFFSET(Лист2!$A$1,$B$3+($B34-1)*$D$3+$E$3+$A32,E$4):OFFSET(Лист2!$A$1,$B$3+($B34-1)*$D$3+$E$3+$F$3+$A32,E$4)) -> 2074.012 | G34: =AVERAGE(OFFSET(Лист3!$A$1,$B$3+($B34-1)*$D$3+$E$3+$A32,E$4):OFFSET(Лист3!$A$1,$B$3+($B34-1)*$D$3+$E$3+$F$3+$A32,E$4)) -> 2076.6696
A35: 10 | B35: 31 | C35: =C32*2 -> 43008 | D35: =OFFSET(Лист1!$A$1,$B$3+($B35-1)*$D$3+$A35,D$4) -> Run 4 function ACO 4start0 | E35: =AVERAGE(OFFSET(Лист1!$A$1,$B$3+($B35-1)*$D$3+$E$3+$A35,E$4):OFFSET(Лист1!$A$1,$B$3+($B35-1)*$D$3+$E$3+$F$3+$A35,E$4)) -> 4060.6794 | F35: =AVERAGE(OFFSET(Лист2!$A$1,$B$3+($B35-1)*$D$3+$E$3+$A35,E$4):OFFSET(Лист2!$A$1,$B$3+($B35-1)*$D$3+$E$3+$F$3+$A35,E$4)) -> 4060.5488 | G35: =AVERAGE(OFFSET(Лист3!$A$1,$B$3+($B35-1)*$D$3+$E$3+$A35,E$4):OFFSET(Лист3!$A$1,$B$3+($B35-1)*$D$3+$E$3+$F$3+$A35,E$4)) -> 4044.0174
B36: 32 | C36: 11 | D36: =OFFSET(Лист1!$A$1,$B$3+($B36-1)*$D$3+$A35,D$4) -> Run Original ACO 3start0 | E36: =AVERAGE(OFFSET(Лист1!$A$1,$B$3+($B36-1)*$D$3+$E$3+$A35,E$4):OFFSET(Лист1!$A$1,$B$3+($B36-1)*$D$3+$E$3+$F$3+$A35,E$4)) -> 4061.7828 | F36: =AVERAGE(OFFSET(Лист2!$A$1,$B$3+($B36-1)*$D$3+$E$3+$A35,E$4):OFFSET(Лист2!$A$1,$B$3+($B36-1)*$D$3+$E$3+$F$3+$A35,E$4)) -> 4061.9608 | G36: =AVERAGE(OFFSET(Лист3!$A$1,$B$3+($B36-1)*$D$3+$E$3+$A35,E$4):OFFSET(Лист3!$A$1,$B$3+($B36-1)*$D$3+$E$3+$F$3+$A35,E$4)) -> 4045.249
B37: 33 | D37: =OFFSET(Лист1!$A$1,$B$3+($B37-1)*$D$3+$A35,D$4) -> Run Combined Run 2start0 | E37: =AVERAGE(OFFSET(Лист1!$A$1,$B$3+($B37-1)*$D$3+$E$3+$A35,E$4):OFFSET(Лист1!$A$1,$B$3+($B37-1)*$D$3+$E$3+$F$3+$A35,E$4)) -> 4053.1228 | F37: =AVERAGE(OFFSET(Лист2!$A$1,$B$3+($B37-1)*$D$3+$E$3+$A35,E$4):OFFSET(Лист2!$A$1,$B$3+($B37-1)*$D$3+$E$3+$F$3+$A35,E$4)) -> 4052.827 | G37: =AVERAGE(OFFSET(Лист3!$A$1,$B$3+($B37-1)*$D$3+$E$3+$A35,E$4):OFFSET(Лист3!$A$1,$B$3+($B37-1)*$D$3+$E$3+$F$3+$A35,E$4)) -> 4035.2418
A38: 11 | B38: 34 | C38: =C35*2 -> 86016 | D38: =OFFSET(Лист1!$A$1,$B$3+($B38-1)*$D$3+$A38,D$4) -> Run 4 function ACO 4start0 | E38: =AVERAGE(OFFSET(Лист1!$A$1,$B$3+($B38-1)*$D$3+$E$3+$A38,E$4):OFFSET(Лист1!$A$1,$B$3+($B38-1)*$D$3+$E$3+$F$3+$A38,E$4)) -> 8823.969 | F38: =AVERAGE(OFFSET(Лист2!$A$1,$B$3+($B38-1)*$D$3+$E$3+$A38,E$4):OFFSET(Лист2!$A$1,$B$3+($B38-1)*$D$3+$E$3+$F$3+$A38,E$4)) -> 8823.0262 | G38: =AVERAGE(OFFSET(Лист3!$A$1,$B$3+($B38-1)*$D$3+$E$3+$A38,E$4):OFFSET(Лист3!$A$1,$B$3+($B38-1)*$D$3+$E$3+$F$3+$A38,E$4)) -> 8739.0486
B39: 35 | C39: 12 | D39: =OFFSET(Лист1!$A$1,$B$3+($B39-1)*$D$3+$A38,D$4) -> Run Original ACO 3start0 | E39: =AVERAGE(OFFSET(Лист1!$A$1,$B$3+($B39-1)*$D$3+$E$3+$A38,E$4):OFFSET(Лист1!$A$1,$B$3+($B39-1)*$D$3+$E$3+$F$3+$A38,E$4)) -> 8806.1672 | F39: =AVERAGE(OFFSET(Лист2!$A$1,$B$3+($B39-1)*$D$3+$E$3+$A38,E$4):OFFSET(Лист2!$A$1,$B$3+($B39-1)*$D$3+$E$3+$F$3+$A38,E$4)) -> 8806.516 | G39: =AVERAGE(OFFSET(Лист3!$A$1,$B$3+($B39-1)*$D$3+$E$3+$A38,E$4):OFFSET(Лист3!$A$1,$B$3+($B39-1)*$D$3+$E$3+$F$3+$A38,E$4)) -> 8721.896
B40: 36 | D40: =OFFSET(Лист1!$A$1,$B$3+($B40-1)*$D$3+$A38,D$4) -> Run Combined Run 2start0 | E40: =AVERAGE(OFFSET(Лист1!$A$1,$B$3+($B40-1)*$D$3+$E$3+$A38,E$4):OFFSET(Лист1!$A$1,$B$3+($B40-1)*$D$3+$E$3+$F$3+$A38,E$4)) -> 9007.4294 | F40: =AVERAGE(OFFSET(Лист2!$A$1,$B$3+($B40-1)*$D$3+$E$3+$A38,E$4):OFFSET(Лист2!$A$1,$B$3+($B40-1)*$D$3+$E$3+$F$3+$A38,E$4)) -> 9001.7644 | G40: =AVERAGE(OFFSET(Лист3!$A$1,$B$3+($B40-1)*$D$3+$E$3+$A38,E$4):OFFSET(Лист3!$A$1,$B$3+($B40-1)*$D$3+$E$3+$F$3+$A38,E$4)) -> 8933.6774
A41: 12 | B41: 37 | C41: =C38*2 -> 172032 | D41: =OFFSET(Лист1!$A$1,$B$3+($B41-1)*$D$3+$A41,D$4) -> Run 4 function ACO 4start0 | E41: =AVERAGE(OFFSET(Лист1!$A$1,$B$3+($B41-1)*$D$3+$E$3+$A41,E$4):OFFSET(Лист1!$A$1,$B$3+($B41-1)*$D$3+$E$3+$F$3+$A41,E$4)) -> 19456.23 | F41: =AVERAGE(OFFSET(Лист2!$A$1,$B$3+($B41-1)*$D$3+$E$3+$A41,E$4):OFFSET(Лист2!$A$1,$B$3+($B41-1)*$D$3+$E$3+$F$3+$A41,E$4)) -> 19453.904 | G41: =AVERAGE(OFFSET(Лист3!$A$1,$B$3+($B41-1)*$D$3+$E$3+$A41,E$4):OFFSET(Лист3!$A$1,$B$3+($B41-1)*$D$3+$E$3+$F$3+$A41,E$4)) -> 19652.82
B42: 38 | C42: 13 | D42: =OFFSET(Лист1!$A$1,$B$3+($B42-1)*$D$3+$A41,D$4) -> Run Original ACO 3start0 | E42: =AVERAGE(OFFSET(Лист1!$A$1,$B$3+($B42-1)*$D$3+$E$3+$A41,E$4):OFFSET(Лист1!$A$1,$B$3+($B42-1)*$D$3+$E$3+$F$3+$A41,E$4)) -> 19428.532 | F42: =AVERAGE(OFFSET(Лист2!$A$1,$B$3+($B42-1)*$D$3+$E$3+$A41,E$4):OFFSET(Лист2!$A$1,$B$3+($B42-1)*$D$3+$E$3+$F$3+$A41,E$4)) -> 19434.276 | G42: =AVERAGE(OFFSET(Лист3!$A$1,$B$3+($B42-1)*$D$3+$E$3+$A41,E$4):OFFSET(Лист3!$A$1,$B$3+($B42-1)*$D$3+$E$3+$F$3+$A41,E$4)) -> 19616.95
B43: 39 | D43: =OFFSET(Лист1!$A$1,$B$3+($B43-1)*$D$3+$A41,D$4) -> Run Combined Run 2start0 | E43: =AVERAGE(OFFSET(Лист1!$A$1,$B$3+($B43-1)*$D$3+$E$3+$A41,E$4):OFFSET(Лист1!$A$1,$B$3+($B43-1)*$D$3+$E$3+$F$3+$A41,E$4)) -> 17615.442 | F43: =AVERAGE(OFFSET(Лист2!$A$1,$B$3+($B43-1)*$D$3+$E$3+$A41,E$4):OFFSET(Лист2!$A$1,$B$3+($B43-1)*$D$3+$E$3+$F$3+$A41,E$4)) -> 17615.586 | G43: =AVERAGE(OFFSET(Лист3!$A$1,$B$3+($B43-1)*$D$3+$E$3+$A41,E$4):OFFSET(Лист3!$A$1,$B$3+($B43-1)*$D$3+$E$3+$F$3+$A41,E$4)) -> 17558.438
A44: 13 | B44: 40 | C44: =C41*2 -> 344064 | D44: =OFFSET(Лист1!$A$1,$B$3+($B44-1)*$D$3+$A44,D$4) -> Run 4 function ACO 4start0 | E44: =AVERAGE(OFFSET(Лист1!$A$1,$B$3+($B44-1)*$D$3+$E$3+$A44,E$4):OFFSET(Лист1!$A$1,$B$3+($B44-1)*$D$3+$E$3+$F$3+$A44,E$4)) -> 39193.89 | F44: =AVERAGE(OFFSET(Лист2!$A$1,$B$3+($B44-1)*$D$3+$E$3+$A44,E$4):OFFSET(Лист2!$A$1,$B$3+($B44-1)*$D$3+$E$3+$F$3+$A44,E$4)) -> 39194.884 | G44: =AVERAGE(OFFSET(Лист3!$A$1,$B$3+($B44-1)*$D$3+$E$3+$A44,E$4):OFFSET(Лист3!$A$1,$B$3+($B44-1)*$D$3+$E$3+$F$3+$A44,E$4)) -> 39734.456
B45: 41 | C45: 14 | D45: =OFFSET(Лист1!$A$1,$B$3+($B45-1)*$D$3+$A44,D$4) -> Run Original ACO 3start0 | E45: =AVERAGE(OFFSET(Лист1!$A$1,$B$3+($B45-1)*$D$3+$E$3+$A44,E$4):OFFSET(Лист1!$A$1,$B$3+($B45-1)*$D$3+$E$3+$F$3+$A44,E$4)) -> 39131.312 | F45: =AVERAGE(OFFSET(Лист2!$A$1,$B$3+($B45-1)*$D$3+$E$3+$A44,E$4):OFFSET(Лист2!$A$1,$B$3+($B45-1)*$D$3+$E$3+$F$3+$A44,E$4)) -> 39124.42 | G45: =AVERAGE(OFFSET(Лист3!$A$1,$B$3+($B45-1)*$D$3+$E$3+$A44,E$4):OFFSET(Лист3!$A$1,$B$3+($B45-1)*$D$3+$E$3+$F$3+$A44,E$4)) -> 39662.352
B46: 42 | D46: =OFFSET(Лист1!$A$1,$B$3+($B46-1)*$D$3+$A44,D$4) -> Run Combined Run 2start0 | E46: =AVERAGE(OFFSET(Лист1!$A$1,$B$3+($B46-1)*$D$3+$E$3+$A44,E$4):OFFSET(Лист1!$A$1,$B$3+($B46-1)*$D$3+$E$3+$F$3+$A44,E$4)) -> 34746.858 | F46: =AVERAGE(OFFSET(Лист2!$A$1,$B$3+($B46-1)*$D$3+$E$3+$A44,E$4):OFFSET(Лист2!$A$1,$B$3+($B46-1)*$D$3+$E$3+$F$3+$A44,E$4)) -> 34744.842 | G46: =AVERAGE(OFFSET(Лист3!$A$1,$B$3+($B46-1)*$D$3+$E$3+$A44,E$4):OFFSET(Лист3!$A$1,$B$3+($B46-1)*$D$3+$E$3+$F$3+$A44,E$4)) -> 34782.392
A47: 14 | B47: 43 | C47: =C44*2 -> 688128 | D47: =OFFSET(Лист1!$A$1,$B$3+($B47-1)*$D$3+$A47,D$4) -> Run 4 function ACO 4start0 | E47: =AVERAGE(OFFSET(Лист1!$A$1,$B$3+($B47-1)*$D$3+$E$3+$A47,E$4):OFFSET(Лист1!$A$1,$B$3+($B47-1)*$D$3+$E$3+$F$3+$A47,E$4)) -> 79068.994 | F47: =AVERAGE(OFFSET(Лист2!$A$1,$B$3+($B47-1)*$D$3+$E$3+$A47,E$4):OFFSET(Лист2!$A$1,$B$3+($B47-1)*$D$3+$E$3+$F$3+$A47,E$4)) -> 79071.44 | G47: =AVERAGE(OFFSET(Лист3!$A$1,$B$3+($B47-1)*$D$3+$E$3+$A47,E$4):OFFSET(Лист3!$A$1,$B$3+($B47-1)*$D$3+$E$3+$F$3+$A47,E$4)) -> 80362.568
B48: 44 | C48: 15 | D48: =OFFSET(Лист1!$A$1,$B$3+($B48-1)*$D$3+$A47,D$4) -> Run Original ACO 3start0 | E48: =AVERAGE(OFFSET(Лист1!$A$1,$B$3+($B48-1)*$D$3+$E$3+$A47,E$4):OFFSET(Лист1!$A$1,$B$3+($B48-1)*$D$3+$E$3+$F$3+$A47,E$4)) -> 78993.396 | F48: =AVERAGE(OFFSET(Лист2!$A$1,$B$3+($B48-1)*$D$3+$E$3+$A47,E$4):OFFSET(Лист2!$A$1,$B$3+($B48-1)*$D$3+$E$3+$F$3+$A47,E$4)) -> 79053.242 | G48: =AVERAGE(OFFSET(Лист3!$A$1,$B$3+($B48-1)*$D$3+$E$3+$A47,E$4):OFFSET(Лист3!$A$1,$B$3+($B48-1)*$D$3+$E$3+$F$3+$A47,E$4)) -> 80266.106
B49: 45 | D49: =OFFSET(Лист1!$A$1,$B$3+($B49-1)*$D$3+$A47,D$4) -> Run Combined Run 2start0 | E49: =AVERAGE(OFFSET(Лист1!$A$1,$B$3+($B49-1)*$D$3+$E$3+$A47,E$4):OFFSET(Лист1!$A$1,$B$3+($B49-1)*$D$3+$E$3+$F$3+$A47,E$4)) -> 70328.3 | F49: =AVERAGE(OFFSET(Лист2!$A$1,$B$3+($B49-1)*$D$3+$E$3+$A47,E$4):OFFSET(Лист2!$A$1,$B$3+($B49-1)*$D$3+$E$3+$F$3+$A47,E$4)) -> 70414.96 | G49: =AVERAGE(OFFSET(Лист3!$A$1,$B$3+($B49-1)*$D$3+$E$3+$A47,E$4):OFFSET(Лист3!$A$1,$B$3+($B49-1)*$D$3+$E$3+$F$3+$A47,E$4)) -> 70580.844
A50: 15 | B50: 46 | C50: =C47*2 -> 1376256 | D50: =OFFSET(Лист1!$A$1,$B$3+($B50-1)*$D$3+$A50,D$4) -> Run 4 function ACO 4start0 | E50: =AVERAGE(OFFSET(Лист1!$A$1,$B$3+($B50-1)*$D$3+$E$3+$A50,E$4):OFFSET(Лист1!$A$1,$B$3+($B50-1)*$D$3+$E$3+$F$3+$A50,E$4)) -> 159879.18 | F50: =AVERAGE(OFFSET(Лист2!$A$1,$B$3+($B50-1)*$D$3+$E$3+$A50,E$4):OFFSET(Лист2!$A$1,$B$3+($B50-1)*$D$3+$E$3+$F$3+$A50,E$4)) -> 160015.7 | G50: =AVERAGE(OFFSET(Лист3!$A$1,$B$3+($B50-1)*$D$3+$E$3+$A50,E$4):OFFSET(Лист3!$A$1,$B$3+($B50-1)*$D$3+$E$3+$F$3+$A50,E$4)) -> 162189.74
B51: 47 | C51: 16 | D51: =OFFSET(Лист1!$A$1,$B$3+($B51-1)*$D$3+$A50,D$4) -> Run Original ACO 3start0 | E51: =AVERAGE(OFFSET(Лист1!$A$1,$B$3+($B51-1)*$D$3+$E$3+$A50,E$4):OFFSET(Лист1!$A$1,$B$3+($B51-1)*$D$3+$E$3+$F$3+$A50,E$4)) -> 159749.76 | F51: =AVERAGE(OFFSET(Лист2!$A$1,$B$3+($B51-1)*$D$3+$E$3+$A50,E$4):OFFSET(Лист2!$A$1,$B$3+($B51-1)*$D$3+$E$3+$F$3+$A50,E$4)) -> 159753.52 | G51: =AVERAGE(OFFSET(Лист3!$A$1,$B$3+($B51-1)*$D$3+$E$3+$A50,E$4):OFFSET(Лист3!$A$1,$B$3+($B51-1)*$D$3+$E$3+$F$3+$A50,E$4)) -> 161865.26
B52: 48 | D52: =OFFSET(Лист1!$A$1,$B$3+($B52-1)*$D$3+$A50,D$4) -> Run Combined Run 2start0 | E52: =AVERAGE(OFFSET(Лист1!$A$1,$B$3+($B52-1)*$D$3+$E$3+$A50,E$4):OFFSET(Лист1!$A$1,$B$3+($B52-1)*$D$3+$E$3+$F$3+$A50,E$4)) -> 141853.5 | F52: =AVERAGE(OFFSET(Лист2!$A$1,$B$3+($B52-1)*$D$3+$E$3+$A50,E$4):OFFSET(Лист2!$A$1,$B$3+($B52-1)*$D$3+$E$3+$F$3+$A50,E$4)) -> 141837.82 | G52: =AVERAGE(OFFSET(Лист3!$A$1,$B$3+($B52-1)*$D$3+$E$3+$A50,E$4):OFFSET(Лист3!$A$1,$B$3+($B52-1)*$D$3+$E$3+$F$3+$A50,E$4)) -> 141823.64

Sheet itog
D1: 0 | E1: 1 | F1: 2 | G1: 3 | H1: 4 | I1: 5 | J1: 6 | K1: 7 | L1: 8 | M1: 9 | N1: 10 | O1: 11 | P1: 12 | Q1: 13 | R1: 14 | S1: 15
D2: 42 | E2: =D2*2 -> 84 | F2: =E2*2 -> 168 | G2: =F2*2 -> 336 | H2: =G2*2 -> 672 | I2: =H2*2 -> 1344 | J2: =I2*2 -> 2688 | K2: =J2*2 -> 5376 | L2: =K2*2 -> 10752 | ... S2: =R2*2 -> 1376256
A3: 0 | B3: Run 4 function ACO 4start0 | C3: global | D3: =OFFSET('itog all'!$E$2,3+D$1*3,$A3) -> 80.267238 | E3: =OFFSET('itog all'!$E$2,3+E$1*3,$A3) -> 88.560004 | F3: =OFFSET('itog all'!$E$2,3+F$1*3,$A3) -> 91.111314 | G3: =OFFSET('itog all'!$E$2,3+G$1*3,$A3) -> 94.136874 | H3: =OFFSET('itog all'!$E$2,3+H$1*3,$A3) -> 114.78158 | I3: =OFFSET('itog all'!$E$2,3+I$1*3,$A3) -> 201.04798 | J3: =OFFSET('itog all'!$E$2,3+J$1*3,$A3) -> 336.82628 | K3: =OFFSET('itog all'!$E$2,3+K$1*3,$A3) -> 579.50808 | ... S3: =OFFSET('itog all'!$E$2,3+S$1*3,$A3) -> 159879.18
A4: 1 | C4: non const | D4: =OFFSET('itog all'!$E$2,3+D$1*3,$A4) -> 81.132812 | E4: =OFFSET('itog all'!$E$2,3+E$1*3,$A4) -> 88.485404 | F4: =OFFSET('itog all'!$E$2,3+F$1*3,$A4) -> 91.473214 | G4: =OFFSET('itog all'!$E$2,3+G$1*3,$A4) -> 94.834358 | H4: =OFFSET('itog all'!$E$2,3+H$1*3,$A4) -> 109.6892 | I4: =OFFSET('itog all'!$E$2,3+I$1*3,$A4) -> 137.5717 | J4: =OFFSET('itog all'!$E$2,3+J$1*3,$A4) -> 284.50658 | K4: =OFFSET('itog all'!$E$2,3+K$1*3,$A4) -> 788.0317 | ... S4: =OFFSET('itog all'!$E$2,3+S$1*3,$A4) -> 160015.7
D8: =D3/D2 -> 1.9111247 | E8: =E3/E2 -> 1.0542858 | F8: =F3/F2 -> 0.54232925 | G8: =G3/G2 -> 0.28016927 | H8: =H3/H2 -> 0.17080592 | I8: =I3/I2 -> 0.14958927 | J8: =J3/J2 -> 0.1253074 | K8: =K3/K2 -> 0.1077954 | ... S8: =S3/S2 -> 0.11616965
D9: =D15/D2 -> 1.8629482 | E9: =E15/E2 -> 1.0358954 | F9: =F15/F2 -> 0.53579045 | G9: =G15/G2 -> 0.27700002 | H9: =H15/H2 -> 0.16903911 | I9: =I15/I2 -> 0.1482675 | J9: =J15/J2 -> 0.12501176 | K9: =K15/K2 -> 0.10750412 | ... S9: =S15/S2 -> 0.11607561
D10: =D27/D2 -> 1.716635 | E10: =E27/E2 -> 0.96286393 | F10: =F27/F2 -> 0.50048906 | G10: =G27/G2 -> 0.25860832 | H10: =H27/H2 -> 0.1587567 | I10: =I27/I2 -> 0.14345312 | J10: =J27/J2 -> 0.12235718 | K10: =K27/K2 -> 0.10604601 | ... S10: =S27/S2 -> 0.10307203
D14: 42 | E14: =D14*2 -> 84 | F14: =E14*2 -> 168 | G14: =F14*2 -> 336 | H14: =G14*2 -> 672 | I14: =H14*2 -> 1344 | J14: =I14*2 -> 2688 | K14: =J14*2 -> 5376 | L14: =K14*2 -> 10752 | ... S14: =R14*2 -> 1376256
B15: Run Original ACO 3start0 | C15: global | D15: =OFFSET('itog all'!$E$2,3+D$1*3+1,$A3) -> 78.243826 | E15: =OFFSET('itog all'!$E$2,3+E$1*3+1,$A3) -> 87.01521 | F15: =OFFSET('itog all'!$E$2,3+F$1*3+1,$A3) -> 90.012796 | G15: =OFFSET('itog all'!$E$2,3+G$1*3+1,$A3) -> 93.072008 | H15: =OFFSET('itog all'!$E$2,3+H$1*3+1,$A3) -> 113.59428 | I15: =OFFSET('itog all'!$E$2,3+I$1*3+1,$A3) -> 199.27152 | J15: =OFFSET('itog all'!$E$2,3+J$1*3+1,$A3) -> 336.03162 | K15: =OFFSET('itog all'!$E$2,3+K$1*3+1,$A3) -> 577.94216 | ... S15: =OFFSET('itog all'!$E$2,3+S$1*3+1,$A3) -> 159749.76
C16: non const | D16: =OFFSET('itog all'!$E$2,3+D$1*3+1,$A4) -> 78.421454 | E16: =OFFSET('itog all'!$E$2,3+E$1*3+1,$A4) -> 87.780558 | F16: =OFFSET('itog all'!$E$2,3+F$1*3+1,$A4) -> 90.680294 | G16: =OFFSET('itog all'!$E$2,3+G$1*3+1,$A4) -> 94.127852 | H16: =OFFSET('itog all'!$E$2,3+H$1*3+1,$A4) -> 108.4031 | I16: =OFFSET('itog all'!$E$2,3+I$1*3+1,$A4) -> 137.20634 | J16: =OFFSET('itog all'!$E$2,3+J$1*3+1,$A4) -> 283.4221 | K16: =OFFSET('itog all'!$E$2,3+K$1*3+1,$A4) -> 786.64498 | ... S16: =OFFSET('itog all'!$E$2,3+S$1*3+1,$A4) -> 159753.52
D26: 42 | E26: =D26*2 -> 84 | F26: =E26*2 -> 168 | G26: =F26*2 -> 336 | H26: =G26*2 -> 672 | I26: =H26*2 -> 1344 | J26: =I26*2 -> 2688 | K26: =J26*2 -> 5376 | L26: =K26*2 -> 10752 | ... S26: =R26*2 -> 1376256
B27: Run Combined Run 2start0 | C27: global | D27: =OFFSET('itog all'!$E$2,3+D$1*3+2,$A3) -> 72.09867 | E27: =OFFSET('itog all'!$E$2,3+E$1*3+2,$A3) -> 80.88057 | F27: =OFFSET('itog all'!$E$2,3+F$1*3+2,$A3) -> 84.082162 | G27: =OFFSET('itog all'!$E$2,3+G$1*3+2,$A3) -> 86.892394 | H27: =OFFSET('itog all'!$E$2,3+H$1*3+2,$A3) -> 106.6845 | I27: =OFFSET('itog all'!$E$2,3+I$1*3+2,$A3) -> 192.801 | J27: =OFFSET('itog all'!$E$2,3+J$1*3+2,$A3) -> 328.8961 | K27: =OFFSET('itog all'!$E$2,3+K$1*3+2,$A3) -> 570.10334 | ... S27: =OFFSET('itog all'!$E$2,3+S$1*3+2,$A3) -> 141853.5
C28: non const | D28: =OFFSET('itog all'!$E$2,3+D$1*3+2,$A4) -> 71.947644 | E28: =OFFSET('itog all'!$E$2,3+E$1*3+2,$A4) -> 81.886832 | F28: =OFFSET('itog all'!$E$2,3+F$1*3+2,$A4) -> 84.622042 | G28: =OFFSET('itog all'!$E$2,3+G$1*3+2,$A4) -> 87.658104 | H28: =OFFSET('itog all'!$E$2,3+H$1*3+2,$A4) -> 101.61972 | I28: =OFFSET('itog all'!$E$2,3+I$1*3+2,$A4) -> 129.82522 | J28: =OFFSET('itog all'!$E$2,3+J$1*3+2,$A4) -> 276.60006 | K28: =OFFSET('itog all'!$E$2,3+K$1*3+2,$A4) -> 778.70678 | ... S28: =OFFSET('itog all'!$E$2,3+S$1*3+2,$A4) -> 141837.82
