Workbook

Sheet Лист1
A1: Device 0: Tesla V100-SXM2-16GB | B1: Max thread in blocks: 1024 Total Global Memory: 16151,1 MB GPU Global Memory Usage: 0,250568 MB GPU Global Memory Hash Table: 1024 MB Max PARAMETR_SIZE in GPU Global Memory: 7482045 Shared memory per block: 49152 bytes (48 KB) Shared memory per multiprocessor: 98304 bytes (96 KB) Data size in Shared memory per block: 336 bytes (0,328125 KB) Constant Memory: 65536 bytes Parameter data size (in Constant Memory): 1680 bytes (1,64062 KB) Registers per Block: 65536 Warp Size: 32 Compute Capability: 7,0 Can Map Host Memory: Yes Clock Rate: 1530 MHz L2 Cache Size: 6291456 bytes Multiprocessor Count: 80 | C1: Max thread in blocks by axis: (1024, 1024, 64) | D1: Max blocks by axis: (2147483647, 65535, 65535) | E1: PARAMETR_SIZE: 42 | F1: MAX_VALUE_SIZE: 5 | G1: SET_PARAMETR_SIZE_ONE_X: 21 | H1: ANT_SIZE: 500 | I1: MAX_THREAD_CUDA: 512 | J1: NAME_FILE_GRAPH: Parametr_Graph/test42,txt | K1: KOL_ITERATION: 500 | L1: KOL_PROGREV: 5 | M1: KOL_PROGON_STATISTICS: 50 | N1: PARAMETR_RO: 0,999 | O1: PARAMETR_Q: 1 | P1: PRINT_INFORMATION: 0 | Q1: MAX_PARAMETR_VALUE_TO_MIN_OPT: 1 | R1: OPTIMIZE: OPTIMIZE_MIN_1 | S1: FUNCTION: SHAFFERA GO_HASH: 1 | T1: HASH_TABLE_SIZE: 67108864 | U1: ZERO_HASH_RESULT: -1 | V1: ZERO_HASH: 18446744073709551615 | W1: MAX_PROBES: 10000 | X1: MAX_CONST: 8192 | Y1: MAX_SHARED: 6144 | Z1: BLOCK_SIZE: 64 | AA1: BIN_SEARCH: 0 | AB1: NON_WHILE_ANT: 1
A2: Run 4 function ACO 4start0 | B2: 238.033 | C2: 94.5489 | D2: 2.69518 | E2: 4.82714 | F2: 77.8465 | G2: 143.484 | H2: 82.2112 | I2: 100 | J2: 0.182013 | K2: 0.00123005 | L2: 1
A3: Run 4 function ACO 4start1 | B3: 247.767 | C3: 100.253 | D3: 3.6434 | E3: 5.56339 | F3: 79.188 | G3: 147.515 | H3: 79.9068 | I3: 100 | J3: 0.174862 | K3: 0.00123006 | L3: 1
A4: Run 4 function ACO 4start2 | B4: 102.854 | C4: 96.4035 | D4: 2.93992 | E4: 4.96232 | F4: 78.084 | G4: 6.4508 | H4: 78.0544 | I4: 100 | J4: 0.421228 | K4: 0 | L4: 0.999996
A5: Run 4 function ACO 4start3 | B5: 102.874 | C5: 96.3952 | D5: 2.81908 | E5: 5.00123 | F5: 78.0891 | G5: 6.47829 | H5: 76.0684 | I5: 100 | J5: 0.421149 | K5: 0.00123008 | L5: 0.999996
A6: Run 4 function ACO 4start4 | B6: 102.878 | C6: 96.4669 | D6: 2.90715 | E6: 4.95617 | F6: 78.1598 | G6: 6.411 | H6: 74.286 | I6: 100 | J6: 0.421131 | K6: 0.00123006 | L6: 1
A7: Run 4 function ACO 4start5 | B7: 103.02 | C7: 96.553 | D7: 2.8836 | E7: 4.98177 | F7: 78.2018 | G7: 6.46743 | H7: 72.75 | I7: 100 | J7: 0.420549 | K7: 0.00123008 | L7: 0.999999
A8: Run 4 function ACO 4start6 | B8: 106.713 | C8: 99.3402 | D8: 3.41096 | E8: 5.42619 | F8: 78.9718 | G8: 7.37289 | H8: 71.1188 | I8: 100 | J8: 0.405996 | K8: 0.00123006 | L8: 1
A9: Run 4 function ACO 4start7 | B9: 102.101 | C9: 95.7969 | D9: 2.83444 | E9: 4.98177 | F9: 78.0297 | G9: 6.30421 | H9: 69.5212 | I9: 100 | J9: 0.424336 | K9: 0.00123007 | L9: 0.999996
A10: Run 4 function ACO 4start8 | B10: 100.356 | C10: 94.554 | D10: 2.71668 | E10: 4.80154 | F10: 77.743 | G10: 5.80215 | H10: 68.3052 | I10: 100 | J10: 0.431714 | K10: 0.00123005 | L10: 0.999984
A11: Run 4 function ACO 4start9 | B11: 100.166 | C11: 94.3584 | D11: 2.70132 | E11: 4.80359 | F11: 77.7082 | G11: 5.80784 | H11: 66.9964 | I11: 100 | J11: 0.432532 | K11: 0.00123006 | L11: 0.999997
A12: Run 4 function ACO 4start10 | B12: 100.177 | C12: 94.3492 | D12: 2.70644 | E12: 4.81178 | F12: 77.7358 | G12: 5.82825 | H12: 65.6792 | I12: 100 | J12: 0.432484 | K12: 0.00123006 | L12: 1
A13: Run 4 function ACO 4start11 | B13: 100.179 | C13: 94.386 | D13: 2.69108 | E13: 4.80973 | F13: 77.7184 | G13: 5.79274 | H13: 64.5496 | I13: 100 | J13: 0.432478 | K13: 0.00123006 | L13: 0.999996
... A201: Run 4 function ACO 4start transposed49 | B201: 86.0826 | C201: 80.4595 | D201: 2.78734 | E201: 12.7417 | F201: 55.8948 | G201: 5.62304 | H201: 51.3776 | I201: 100 | J201: 0.503297 | K201: 0.00123006 | L201: 0.999717
A202: Device 0: Tesla V100-SXM2-16GB | B202: Max thread in blocks: 1024 Total Global Memory: 16151,1 MB GPU Global Memory Usage: 0,497303 MB GPU Global Memory Hash Table: 1024 MB Max PARAMETR_SIZE in GPU Global Memory: 7482045 Shared memory per block: 49152 bytes (48 KB) Shared memory per multiprocessor: 98304 bytes (96 KB) Data size in Shared memory per block: 672 bytes (0,65625 KB) Constant Memory: 65536 bytes Parameter data size (in Constant Memory): 3360 bytes (3,28125 KB) Registers per Block: 65536 Warp Size: 32 Compute Capability: 7,0 Can Map Host Memory: Yes Clock Rate: 1530 MHz L2 Cache Size: 6291456 bytes Multiprocessor Count: 80 | C202: Max thread in blocks by axis: (1024, 1024, 64) | D202: Max blocks by axis: (2147483647, 65535, 65535) | E202: PARAMETR_SIZE: 84 | F202: MAX_VALUE_SIZE: 5 | G202: SET_PARAMETR_SIZE_ONE_X: 21 | H202: ANT_SIZE: 500 | I202: MAX_THREAD_CUDA: 512 | J202: NAME_FILE_GRAPH: Parametr_Graph/test84,txt | K202: KOL_ITERATION: 500 | L202: KOL_PROGREV: 5 | M202: KOL_PROGON_STATISTICS: 50 | N202: PARAMETR_RO: 0,999 | O202: PARAMETR_Q: 1 | P202: PRINT_INFORMATION: 0 | Q202: MAX_PARAMETR_VALUE_TO_MIN_OPT: 1 | R202: OPTIMIZE: OPTIMIZE_MIN_1 | S202: FUNCTION: SHAFFERA GO_HASH: 1 | T202: HASH_TABLE_SIZE: 67108864 | U202: ZERO_HASH_RESULT: -1 | V202: ZERO_HASH: 18446744073709551615 | W202: MAX_PROBES: 10000 | X202: MAX_CONST: 8192 | Y202: MAX_SHARED: 6144 | Z202: BLOCK_SIZE: 64 | AA202: BIN_SEARCH: 0 | AB202: NON_WHILE_ANT: 1
A203: Run 4 function ACO 4start0 | B203: 107.144 | C203: 101.557 | D203: 2.81192 | E203: 5.91054 | F203: 83.6893 | G203: 5.58665 | H203: 98.8364 | I203: 100 | J203: 0.791344 | K203: 0.0012301 | L203: 0.995116
A204: Run 4 function ACO 4start1 | B204: 107.023 | C204: 101.388 | D204: 2.79348 | E204: 5.92078 | F204: 83.6166 | G204: 5.63462 | H204: 98.6512 | I204: 100 | J204: 0.792239 | K204: 0.00123053 | L204: 0.995116
A205: Run 4 function ACO 4start2 | B205: 107.16 | C205: 101.523 | D205: 2.78632 | E205: 5.94945 | F205: 83.6309 | G205: 5.63651 | H205: 98.3508 | I205: 100 | J205: 0.791226 | K205: 0.00123085 | L205: 0.995115
A206: Run 4 function ACO 4start3 | B206: 107.246 | C206: 101.541 | D206: 2.78529 | E206: 5.94843 | F206: 83.6699 | G206: 5.70474 | H206: 98.1628 | I206: 100 | J206: 0.790593 | K206: 0.00123276 | L206: 0.995116
A207: Run 4 function ACO 4start4 | B207: 107.182 | C207: 101.523 | D207: 2.81396 | E207: 5.94228 | F207: 83.6258 | G207: 5.65817 | H207: 97.9712 | I207: 100 | J207: 0.791066 | K207: 0.00123035 | L207: 0.995116
A208: Run 4 function ACO 4start5 | B208: 107.152 | C208: 101.496 | D208: 2.81499 | E208: 5.95969 | F208: 83.6063 | G208: 5.65612 | H208: 99.8664 | I208: 100 | J208: 0.791285 | K208: 0.00123028 | L208: 0.995116
A209: Run 4 function ACO 4start6 | B209: 107.031 | C209: 101.424 | D209: 2.78017 | E209: 5.96071 | F209: 83.5808 | G209: 5.60678 | H209: 99.7016 | I209: 100 | J209: 0.792179 | K209: 0.00123107 | L209: 0.995116
A210: Run 4 function ACO 4start7 | B210: 107.083 | C210: 101.452 | D210: 2.78529 | E210: 5.973 | F210: 83.5644 | G210: 5.63168 | H210: 99.5044 | I210: 100 | J210: 0.79179 | K210: 0.00123007 | L210: 0.995116
A211: Run 4 function ACO 4start8 | B211: 107.177 | C211: 101.505 | D211: 2.80372 | E211: 5.95048 | F211: 83.6207 | G211: 5.67251 | H211: 99.332 | I211: 100 | J211: 0.791096 | K211: 0.00123012 | L211: 0.995116
A212: Run 4 function ACO 4start9 | B212: 107.139 | C212: 101.522 | D212: 2.80372 | E212: 6.0068 | F212: 83.5889 | G212: 5.61676 | H212: 99.0668 | I212: 100 | J212: 0.791379 | K212: 0.00123188 | L212: 0.995116
A213: Run 4 function ACO 4start10 | B213: 107.012 | C213: 101.426 | D213: 2.7812 | E213: 5.99861 | F213: 83.5838 | G213: 5.58545 | H213: 98.8936 | I213: 100 | J213: 0.792322 | K213: 0.0012301 | L213: 0.995116
A214: Run 4 function ACO 4start11 | B214: 107.126 | C214: 101.519 | D214: 2.8242 | E214: 6.01602 | F214: 83.6042 | G214: 5.60699 | H214: 98.6652 | I214: 100 | J214: 0.791474 | K214: 0.00123008 | L214: 0.995116
... A402: Run 4 function ACO 4start transposed49 | B402: 96.7612 | C402: 90.991 | D402: 2.82625 | E402: 21.9688 | F402: 56.9292 | G402: 5.77023 | H402: 50.6972 | I402: 100 | J402: 0.876256 | K402: 0.00123557 | L402: 0.995116
A403: Device 0: Tesla V100-SXM2-16GB | B403: Max thread in blocks: 1024 Total Global Memory: 16151,1 MB GPU Global Memory Usage: 0,990772 MB GPU Global Memory Hash Table: 1024 MB Max PARAMETR_SIZE in GPU Global Memory: 7482045 Shared memory per block: 49152 bytes (48 KB) Shared memory per multiprocessor: 98304 bytes (96 KB) Data size in Shared memory per block: 1344 bytes (1,3125 KB) Constant Memory: 65536 bytes Parameter data size (in Constant Memory): 6720 bytes (6,5625 KB) Registers per Block: 65536 Warp Size: 32 Compute Capability: 7,0 Can Map Host Memory: Yes Clock Rate: 1530 MHz L2 Cache Size: 6291456 bytes Multiprocessor Count: 80 | C403: Max thread in blocks by axis: (1024, 1024, 64) | D403: Max blocks by axis: (2147483647, 65535, 65535) | E403: PARAMETR_SIZE: 168 | F403: MAX_VALUE_SIZE: 5 | G403: SET_PARAMETR_SIZE_ONE_X: 21 | H403: ANT_SIZE: 500 | I403: MAX_THREAD_CUDA: 512 | J403: NAME_FILE_GRAPH: Parametr_Graph/test168,txt | K403: KOL_ITERATION: 500 | L403: KOL_PROGREV: 5 | M403: KOL_PROGON_STATISTICS: 50 | N403: PARAMETR_RO: 0,999 | O403: PARAMETR_Q: 1 | P403: PRINT_INFORMATION: 0 | Q403: MAX_PARAMETR_VALUE_TO_MIN_OPT: 1 | R403: OPTIMIZE: OPTIMIZE_MIN_1 | S403: FUNCTION: SHAFFERA GO_HASH: 1 | T403: HASH_TABLE_SIZE: 67108864 | U403: ZERO_HASH_RESULT: -1 | V403: ZERO_HASH: 18446744073709551615 | W403: MAX_PROBES: 10000 | X403: MAX_CONST: 8192 | Y403: MAX_SHARED: 6144 | Z403: BLOCK_SIZE: 64 | AA403: BIN_SEARCH: 0 | AB403: NON_WHILE_ANT: 1
A404: Run 4 function ACO 4start0 | B404: 248.806 | C404: 104.453 | D404: 2.8539 | E404: 8.07527 | F404: 84.1226 | G404: 144.353 | H404: 99.9844 | I404: 100 | J404: 0.674069 | K404: 0.0108605 | L404: 0.994598
A405: Run 4 function ACO 4start1 | B405: 1613.64 | C405: 104.219 | D405: 2.81192 | E405: 8.12033 | F405: 84.0264 | G405: 1509.42 | H405: 99.9768 | I405: 100 | J405: 0.103934 | K405: 0.0108592 | L405: 0.990449
A406: Run 4 function ACO 4start2 | B406: 242.608 | C406: 105.912 | D406: 3.07918 | E406: 8.34151 | F406: 84.269 | G406: 136.696 | H406: 99.9936 | I406: 100 | J406: 0.69129 | K406: 0.0141769 | L406: 0.981019
A407: Run 4 function ACO 4start3 | B407: 258.594 | C407: 108.83 | D407: 3.54818 | E407: 8.86374 | F407: 84.993 | G407: 149.765 | H407: 99.9836 | I407: 100 | J407: 0.648555 | K407: 0.0108671 | L407: 0.995023
A408: Run 4 function ACO 4start4 | B408: 110.068 | C408: 104.279 | D408: 2.81908 | E408: 8.09268 | F408: 83.9956 | G408: 5.78907 | H408: 99.9864 | I408: 100 | J408: 1.52372 | K408: 0.0108606 | L408: 0.987039
A409: Run 4 function ACO 4start5 | B409: 109.618 | C409: 103.993 | D409: 2.79758 | E409: 8.08347 | F409: 84.0263 | G409: 5.62524 | H409: 99.9624 | I409: 100 | J409: 1.52997 | K409: 0.0108658 | L409: 0.993821
A410: Run 4 function ACO 4start6 | B410: 109.701 | C410: 104.046 | D410: 2.79758 | E410: 8.10292 | F410: 84.0407 | G410: 5.65479 | H410: 99.9516 | I410: 100 | J410: 1.52881 | K410: 0.0108872 | L410: 0.994407
A411: Run 4 function ACO 4start7 | B411: 109.633 | C411: 103.996 | D411: 2.80372 | E411: 8.08244 | F411: 84.0294 | G411: 5.63659 | H411: 99.966 | I411: 100 | J411: 1.52977 | K411: 0.0108627 | L411: 0.981016
A412: Run 4 function ACO 4start8 | B412: 109.654 | C412: 104.029 | D412: 2.79758 | E412: 8.10087 | F412: 84.0366 | G412: 5.62502 | H412: 99.9452 | I412: 100 | J412: 1.52947 | K412: 0.0109455 | L412: 0.988477
A413: Run 4 function ACO 4start9 | B413: 109.644 | C413: 104.006 | D413: 2.81806 | E413: 8.08756 | F413: 84.0335 | G413: 5.63713 | H413: 99.9424 | I413: 100 | J413: 1.52962 | K413: 0.0118968 | L413: 0.990892
A414: Run 4 function ACO 4start10 | B414: 109.592 | C414: 103.988 | D414: 2.81601 | E414: 8.11009 | F414: 84.0478 | G414: 5.60356 | H414: 99.9344 | I414: 100 | J414: 1.53034 | K414: 0.0109552 | L414: 0.981019
A415: Run 4 function ACO 4start11 | B415: 109.644 | C415: 104.018 | D415: 2.79963 | E415: 8.10804 | F415: 84.0274 | G415: 5.62654 | H415: 99.9148 | I415: 100 | J415: 1.52961 | K415: 0.0110332 | L415: 0.991841
... A603: Run 4 function ACO 4start transposed49 | B603: 118.511 | C603: 112.832 | D603: 2.91022 | E603: 43.5118 | F603: 57.2162 | G603: 5.67947 | H603: 50.4996 | I603: 100 | J603: 1.41516 | K603: 0.0114805 | L603: 0.980971
A604: Device 0: Tesla V100-SXM2-16GB | B604: Max thread in blocks: 1024 Total Global Memory: 16151,1 MB GPU Global Memory Usage: 1,97771 MB GPU Global Memory Hash Table: 1024 MB Max PARAMETR_SIZE in GPU Global Memory: 7482045 Shared memory per block: 49152 bytes (48 KB) Shared memory per multiprocessor: 98304 bytes (96 KB) Data size in Shared memory per block: 2688 bytes (2,625 KB) Constant Memory: 65536 bytes Parameter data size (in Constant Memory): 13440 bytes (13,125 KB) Registers per Block: 65536 Warp Size: 32 Compute Capability: 7,0 Can Map Host Memory: Yes Clock Rate: 1530 MHz L2 Cache Size: 6291456 bytes Multiprocessor Count: 80 | C604: Max thread in blocks by axis: (1024, 1024, 64) | D604: Max blocks by axis: (2147483647, 65535, 65535) | E604: PARAMETR_SIZE: 336 | F604: MAX_VALUE_SIZE: 5 | G604: SET_PARAMETR_SIZE_ONE_X: 21 | H604: ANT_SIZE: 500 | I604: MAX_THREAD_CUDA: 512 | J604: NAME_FILE_GRAPH: Parametr_Graph/test336,txt | K604: KOL_ITERATION: 500 | L604: KOL_PROGREV: 5 | M604: KOL_PROGON_STATISTICS: 50 | N604: PARAMETR_RO: 0,999 | O604: PARAMETR_Q: 1 | P604: PRINT_INFORMATION: 0 | Q604: MAX_PARAMETR_VALUE_TO_MIN_OPT: 1 | R604: OPTIMIZE: OPTIMIZE_MIN_1 | S604: FUNCTION: SHAFFERA GO_HASH: 1 | T604: HASH_TABLE_SIZE: 67108864 | U604: ZERO_HASH_RESULT: -1 | V604: ZERO_HASH: 18446744073709551615 | W604: MAX_PROBES: 10000 | X604: MAX_CONST: 8192 | Y604: MAX_SHARED: 6144 | Z604: BLOCK_SIZE: 64 | AA604: BIN_SEARCH: 0 | AB604: NON_WHILE_ANT: 1
A605: Run 4 function ACO 4start0 | B605: 116.653 | C605: 111.027 | D605: 2.83035 | E605: 13.7595 | F605: 85.4301 | G605: 5.62569 | H605: 99.9948 | I605: 100 | J605: 2.85945 | K605: 0.0540461 | L605: 0.959222
A606: Run 4 function ACO 4start1 | B606: 116.533 | C606: 110.919 | D606: 2.82216 | E606: 13.7462 | F606: 85.3165 | G606: 5.61372 | H606: 99.9984 | I606: 100 | J606: 2.86238 | K606: 0.0539102 | L606: 0.931758
A607: Run 4 function ACO 4start2 | B607: 116.527 | C607: 110.93 | D607: 2.82523 | E607: 13.7564 | F607: 85.3124 | G607: 5.59765 | H607: 99.998 | I607: 100 | J607: 2.86253 | K607: 0.054901 | L607: 0.955088
A608: Run 4 function ACO 4start3 | B608: 116.607 | C608: 110.993 | D608: 2.81396 | E608: 13.8004 | F608: 85.3493 | G608: 5.61412 | H608: 99.9976 | I608: 100 | J608: 2.86056 | K608: 0.0683599 | L608: 0.959041
A609: Run 4 function ACO 4start4 | B609: 116.631 | C609: 111.048 | D609: 2.83137 | E609: 13.781 | F609: 85.3718 | G609: 5.58294 | H609: 99.9988 | I609: 100 | J609: 2.85997 | K609: 0.0547016 | L609: 0.931836
A610: Run 4 function ACO 4start5 | B610: 116.667 | C610: 110.978 | D610: 2.82318 | E610: 13.781 | F610: 85.3186 | G610: 5.68948 | H610: 99.9964 | I610: 100 | J610: 2.85909 | K610: 0.0290736 | L610: 0.931835
A611: Run 4 function ACO 4start6 | B611: 116.734 | C611: 111.125 | D611: 2.84673 | E611: 13.7964 | F611: 85.339 | G611: 5.60926 | H611: 99.9972 | I611: 100 | J611: 2.85745 | K611: 0.0539191 | L611: 0.931833
A612: Run 4 function ACO 4start7 | B612: 116.673 | C612: 111.058 | D612: 2.83137 | E612: 13.7728 | F612: 85.3585 | G612: 5.61565 | H612: 99.9904 | I612: 100 | J612: 2.85894 | K612: 0.054034 | L612: 0.95846
A613: Run 4 function ACO 4start8 | B613: 116.525 | C613: 110.919 | D613: 2.79963 | E613: 13.7708 | F613: 85.3319 | G613: 5.60532 | H613: 99.9916 | I613: 100 | J613: 2.86259 | K613: 0.0545027 | L613: 0.957583
A614: Run 4 function ACO 4start9 | B614: 116.563 | C614: 110.973 | D614: 2.83752 | E614: 13.7718 | F614: 85.338 | G614: 5.59026 | H614: 100 | I614: 100 | J614: 2.86165 | K614: 0.0540802 | L614: 0.931803
A615: Run 4 function ACO 4start10 | B615: 116.572 | C615: 110.985 | D615: 2.83444 | E615: 13.8127 | F615: 85.3175 | G615: 5.58723 | H615: 99.992 | I615: 100 | J615: 2.86142 | K615: 0.055114 | L615: 0.959202
A616: Run 4 function ACO 4start11 | B616: 116.603 | C616: 110.99 | D616: 2.81499 | E616: 13.7871 | F616: 85.3431 | G616: 5.61274 | H616: 99.9924 | I616: 100 | J616: 2.86067 | K616: 0.0558083 | L616: 0.93179
... A804: Run 4 function ACO 4start transposed49 | B804: 164.061 | C804: 157.802 | D804: 2.89281 | E804: 87.439 | F804: 57.3514 | G804: 6.25929 | H804: 50.2196 | I804: 100 | J804: 2.03316 | K804: 0.0832596 | L804: 0.931794
A805: Device 0: Tesla V100-SXM2-16GB | B805: Max thread in blocks: 1024 Total Global Memory: 16151,1 MB GPU Global Memory Usage: 3,95159 MB GPU Global Memory Hash Table: 1024 MB Max PARAMETR_SIZE in GPU Global Memory: 7482045 Shared memory per block: 49152 bytes (48 KB) Shared memory per multiprocessor: 98304 bytes (96 KB) Data size in Shared memory per block: 5376 bytes (5,25 KB) Constant Memory: 65536 bytes Parameter data size (in Constant Memory): 26880 bytes (26,25 KB) Registers per Block: 65536 Warp Size: 32 Compute Capability: 7,0 Can Map Host Memory: Yes Clock Rate: 1530 MHz L2 Cache Size: 6291456 bytes Multiprocessor Count: 80 | C805: Max thread in blocks by axis: (1024, 1024, 64) | D805: Max blocks by axis: (2147483647, 65535, 65535) | E805: PARAMETR_SIZE: 672 | F805: MAX_VALUE_SIZE: 5 | G805: SET_PARAMETR_SIZE_ONE_X: 21 | H805: ANT_SIZE: 500 | I805: MAX_THREAD_CUDA: 512 | J805: NAME_FILE_GRAPH: Parametr_Graph/test672,txt | K805: KOL_ITERATION: 500 | L805: KOL_PROGREV: 5 | M805: KOL_PROGON_STATISTICS: 50 | N805: PARAMETR_RO: 0,999 | O805: PARAMETR_Q: 1 | P805: PRINT_INFORMATION: 0 | Q805: MAX_PARAMETR_VALUE_TO_MIN_OPT: 1 | R805: OPTIMIZE: OPTIMIZE_MIN_1 | S805: FUNCTION: SHAFFERA GO_HASH: 1 | T805: HASH_TABLE_SIZE: 67108864 | U805: ZERO_HASH_RESULT: -1 | V805: ZERO_HASH: 18446744073709551615 | W805: MAX_PROBES: 10000 | X805: MAX_CONST: 8192 | Y805: MAX_SHARED: 6144 | Z805: BLOCK_SIZE: 64 | AA805: BIN_SEARCH: 0 | AB805: NON_WHILE_ANT: 1
A806: Run 4 function ACO 4start0 | B806: 143.594 | C806: 136.207 | D806: 3.60347 | E806: 33.5268 | F806: 87.2869 | G806: 7.38699 | H806: 99.9988 | I806: 100 | J806: 4.63294 | K806: 0.149834 | L806: 0.837043
A807: Run 4 function ACO 4start1 | B807: 139.158 | C807: 132.759 | D807: 2.9563 | E807: 32.9872 | F807: 86.5169 | G807: 6.39879 | H807: 99.9972 | I807: 100 | J807: 4.78062 | K807: 0.147418 | L807: 0.865275
A808: Run 4 function ACO 4start2 | B808: 137.294 | C808: 131.467 | D808: 2.84059 | E808: 32.8572 | F808: 86.3941 | G808: 5.82617 | H808: 99.994 | I808: 100 | J808: 4.84554 | K808: 0.159469 | L808: 0.836887
A809: Run 4 function ACO 4start3 | B809: 137.59 | C809: 131.344 | D809: 2.84878 | E809: 32.8428 | F809: 86.4197 | G809: 6.24687 | H809: 99.9912 | I809: 100 | J809: 4.83509 | K809: 0.151709 | L809: 0.836469
A810: Run 4 function ACO 4start4 | B810: 136.966 | C810: 131.263 | D810: 2.8068 | E810: 32.8449 | F810: 86.4115 | G810: 5.70358 | H810: 99.9948 | I810: 100 | J810: 4.85713 | K810: 0.173765 | L810: 0.836119
A811: Run 4 function ACO 4start5 | B811: 138.455 | C811: 132.108 | D811: 2.97781 | E811: 32.9483 | F811: 86.5661 | G811: 6.34651 | H811: 99.9968 | I811: 100 | J811: 4.8049 | K811: 0.157761 | L811: 0.837034
A812: Run 4 function ACO 4start6 | B812: 144.245 | C812: 136.65 | D812: 3.64341 | E812: 33.6435 | F812: 87.2439 | G812: 7.59541 | H812: 99.9956 | I812: 100 | J812: 4.61203 | K812: 0.147314 | L812: 0.837039
A813: Run 4 function ACO 4start7 | B813: 139.305 | C813: 132.855 | D813: 2.98293 | E813: 33.019 | F813: 86.5426 | G813: 6.45024 | H813: 99.9992 | I813: 100 | J813: 4.77559 | K813: 0.15395 | L813: 0.83674
A814: Run 4 function ACO 4start8 | B814: 138.453 | C814: 132.269 | D814: 2.93684 | E814: 32.9043 | F814: 86.4422 | G814: 6.18399 | H814: 99.998 | I814: 100 | J814: 4.80498 | K814: 0.150309 | L814: 0.845251
A815: Run 4 function ACO 4start9 | B815: 138.439 | C815: 132.202 | D815: 2.83547 | E815: 32.8787 | F815: 86.4637 | G815: 6.23703 | H815: 99.9944 | I815: 100 | J815: 4.80544 | K815: 0.147225 | L815: 0.837016
A816: Run 4 function ACO 4start10 | B816: 138.506 | C816: 132.261 | D816: 2.83956 | E816: 32.9104 | F816: 86.4811 | G816: 6.24519 | H816: 99.9984 | I816: 100 | J816: 4.80313 | K816: 0.149044 | L816: 0.864565
A817: Run 4 function ACO 4start11 | B817: 138.468 | C817: 132.254 | D817: 2.85697 | E817: 32.8981 | F817: 86.4463 | G817: 6.21396 | H817: 99.9964 | I817: 100 | J817: 4.80446 | K817: 0.151568 | L817: 0.837052
... A1005: Run 4 function ACO 4start transposed49 | B1005: 245.922 | C1005: 239.768 | D1005: 3.01979 | E1005: 170.35 | F1005: 56.9578 | G1005: 6.15359 | H1005: 50.236 | I1005: 100 | J1005: 2.70518 | K1005: 0.178454 | L1005: 0.835484
A1006: Device 0: Tesla V100-SXM2-16GB | B1006: Max thread in blocks: 1024 Total Global Memory: 16151,1 MB GPU Global Memory Usage: 7,89934 MB GPU Global Memory Hash Table: 1024 MB Max PARAMETR_SIZE in GPU Global Memory: 7482045 Shared memory per block: 49152 bytes (48 KB) Shared memory per multiprocessor: 98304 bytes (96 KB) Data size in Shared memory per block: 10752 bytes (10,5 KB) Constant Memory: 65536 bytes Parameter data size (in Constant Memory): 53760 bytes (52,5 KB) Registers per Block: 65536 Warp Size: 32 Compute Capability: 7,0 Can Map Host Memory: Yes Clock Rate: 1530 MHz L2 Cache Size: 6291456 bytes Multiprocessor Count: 80 | C1006: Max thread in blocks by axis: (1024, 1024, 64) | D1006: Max blocks by axis: (2147483647, 65535, 65535) | E1006: PARAMETR_SIZE: 1344 | F1006: MAX_VALUE_SIZE: 5 | G1006: SET_PARAMETR_SIZE_ONE_X: 21 | H1006: ANT_SIZE: 500 | I1006: MAX_THREAD_CUDA: 512 | J1006: NAME_FILE_GRAPH: Parametr_Graph/test1344,txt | K1006: KOL_ITERATION: 500 | L1006: KOL_PROGREV: 5 | M1006: KOL_PROGON_STATISTICS: 50 | N1006: PARAMETR_RO: 0,999 | O1006: PARAMETR_Q: 1 | P1006: PRINT_INFORMATION: 0 | Q1006: MAX_PARAMETR_VALUE_TO_MIN_OPT: 1 | R1006: OPTIMIZE: OPTIMIZE_MIN_1 | S1006: FUNCTION: SHAFFERA GO_HASH: 1 | T1006: HASH_TABLE_SIZE: 67108864 | U1006: ZERO_HASH_RESULT: -1 | V1006: ZERO_HASH: 18446744073709551615 | W1006: MAX_PROBES: 10000 | X1006: MAX_CONST: 8192 | Y1006: MAX_SHARED: 6144 | Z1006: BLOCK_SIZE: 64 | AA1006: BIN_SEARCH: 0 | AB1006: NON_WHILE_ANT: 1
A1007: Run 4 function ACO 4start0 | B1007: 219.857 | C1007: 214.098 | D1007: 2.95425 | E1007: 93.5024 | F1007: 108.296 | G1007: 5.75894 | H1007: 99.9976 | I1007: 100 | J1007: 6.0433 | K1007: 0.283082 | L1007: 0.727698
A1008: Run 4 function ACO 4start1 | B1008: 219.886 | C1008: 214.091 | D1008: 2.96449 | E1008: 93.5496 | F1008: 108.252 | G1008: 5.79477 | H1008: 99.9992 | I1008: 100 | J1008: 6.04251 | K1008: 0.283113 | L1008: 0.727163
A1009: Run 4 function ACO 4start2 | B1009: 223.389 | C1009: 216.562 | D1009: 3.35157 | E1009: 93.8505 | F1009: 108.65 | G1009: 6.82722 | H1009: 99.9992 | I1009: 100 | J1009: 5.94776 | K1009: 0.283094 | L1009: 0.727695
A1010: Run 4 function ACO 4start3 | B1010: 223.227 | C1010: 216.502 | D1010: 3.30651 | E1010: 93.8629 | F1010: 108.454 | G1010: 6.72559 | H1010: 99.9992 | I1010: 100 | J1010: 5.95206 | K1010: 0.283079 | L1010: 0.72665
A1011: Run 4 function ACO 4start4 | B1011: 224.04 | C1011: 217.095 | D1011: 3.43348 | E1011: 94.0176 | F1011: 108.622 | G1011: 6.94455 | H1011: 99.9996 | I1011: 100 | J1011: 5.93048 | K1011: 0.280442 | L1011: 0.711082
A1012: Run 4 function ACO 4start5 | B1012: 220.289 | C1012: 214.341 | D1012: 2.98702 | E1012: 93.5394 | F1012: 108.209 | G1012: 5.94826 | H1012: 99.9968 | I1012: 100 | J1012: 6.03145 | K1012: 0.264459 | L1012: 0.727881
A1013: Run 4 function ACO 4start6 | B1013: 222.646 | C1013: 216.102 | D1013: 3.22971 | E1013: 93.7514 | F1013: 108.458 | G1013: 6.54327 | H1013: 99.9972 | I1013: 100 | J1013: 5.96761 | K1013: 0.283079 | L1013: 0.727595
A1014: Run 4 function ACO 4start7 | B1014: 221.529 | C1014: 215.061 | D1014: 3.01467 | E1014: 93.609 | F1014: 108.282 | G1014: 6.46783 | H1014: 99.9984 | I1014: 100 | J1014: 5.9977 | K1014: 0.283079 | L1014: 0.727863
A1015: Run 4 function ACO 4start8 | B1015: 221.287 | C1015: 215.06 | D1015: 3.0587 | E1015: 93.5721 | F1015: 108.296 | G1015: 6.22691 | H1015: 99.9968 | I1015: 100 | J1015: 6.00425 | K1015: 0.263589 | L1015: 0.726883
A1016: Run 4 function ACO 4start9 | B1016: 221.34 | C1016: 215.08 | D1016: 3.01262 | E1016: 93.5957 | F1016: 108.26 | G1016: 6.25909 | H1016: 99.998 | I1016: 100 | J1016: 6.00282 | K1016: 0.28308 | L1016: 0.75042
A1017: Run 4 function ACO 4start10 | B1017: 224.089 | C1017: 217.187 | D1017: 3.43758 | E1017: 94.0002 | F1017: 108.649 | G1017: 6.90234 | H1017: 99.9976 | I1017: 100 | J1017: 5.92917 | K1017: 0.283111 | L1017: 0.727328
A1018: Run 4 function ACO 4start11 | B1018: 220.372 | C1018: 214.35 | D1018: 2.98702 | E1018: 93.5946 | F1018: 108.243 | G1018: 6.02168 | H1018: 99.9948 | I1018: 100 | J1018: 6.02918 | K1018: 0.283112 | L1018: 0.715899
... A1206: Run 4 function ACO 4start transposed49 | B1206: 457.388 | C1206: 450.747 | D1206: 3.91169 | E1206: 360.768 | F1206: 75.1535 | G1206: 6.64133 | H1206: 50.198 | I1206: 100 | J1206: 2.90489 | K1206: 0.28309 | L1206: 0.706512
A1207: Device 0: Tesla V100-SXM2-16GB | B1207: Max thread in blocks: 1024 Total Global Memory: 16151,1 MB GPU Global Memory Usage: 15,7948 MB GPU Global Memory Hash Table: 1024 MB Max PARAMETR_SIZE in GPU Global Memory: 7343488 Shared memory per block: 49152 bytes (48 KB) Shared memory per multiprocessor: 98304 bytes (96 KB) Data size in Shared memory per block: 21504 bytes (21 KB) Constant Memory: 65536 bytes Parameter data size (in Constant Memory): 107520 bytes (105 KB) Registers per Block: 65536 Warp Size: 32 Compute Capability: 7,0 Can Map Host Memory: Yes Clock Rate: 1530 MHz L2 Cache Size: 6291456 bytes Multiprocessor Count: 80 | C1207: Max thread in blocks by axis: (1024, 1024, 64) | D1207: Max blocks by axis: (2147483647, 65535, 65535) | E1207: PARAMETR_SIZE: 2688 | F1207: MAX_VALUE_SIZE: 5 | G1207: SET_PARAMETR_SIZE_ONE_X: 21 | H1207: ANT_SIZE: 500 | I1207: MAX_THREAD_CUDA: 512 | J1207: NAME_FILE_GRAPH: Parametr_Graph/test2688,txt | K1207: KOL_ITERATION: 500 | L1207: KOL_PROGREV: 5 | M1207: KOL_PROGON_STATISTICS: 50 | N1207: PARAMETR_RO: 0,999 | O1207: PARAMETR_Q: 1 | P1207: PRINT_INFORMATION: 0 | Q1207: MAX_PARAMETR_VALUE_TO_MIN_OPT: 1 | R1207: OPTIMIZE: OPTIMIZE_MIN_1 | S1207: FUNCTION: SHAFFERA GO_HASH: 1 | T1207: HASH_TABLE_SIZE: 67108864 | U1207: ZERO_HASH_RESULT: -1 | V1207: ZERO_HASH: 18446744073709551615 | W1207: MAX_PROBES: 10000 | X1207: MAX_CONST: 8192 | Y1207: MAX_SHARED: 6144 | Z1207: BLOCK_SIZE: 64 | AA1207: BIN_SEARCH: 0 | AB1207: NON_WHILE_ANT: 1
A1208: Run 4 function ACO 4start0 | B1208: 355.607 | C1208: 349.71 | D1208: 3.07509 | E1208: 230.725 | F1208: 106.495 | G1208: 5.89636 | H1208: 99.9988 | I1208: 100 | J1208: 7.46741 | K1208: 0.375724 | L1208: 0.62941
A1209: Run 4 function ACO 4start1 | B1209: 359.193 | C1209: 352.266 | D1209: 3.50004 | E1209: 231.167 | F1209: 106.542 | G1209: 6.927 | H1209: 99.9992 | I1209: 100 | J1209: 7.39285 | K1209: 0.375691 | L1209: 0.62965
A1210: Run 4 function ACO 4start2 | B1210: 358.757 | C1210: 351.949 | D1210: 3.34337 | E1210: 231.095 | F1210: 106.529 | G1210: 6.80801 | H1210: 99.9984 | I1210: 100 | J1210: 7.40184 | K1210: 0.37569 | L1210: 0.629779
A1211: Run 4 function ACO 4start3 | B1211: 355.046 | C1211: 349.225 | D1211: 3.07099 | E1211: 230.645 | F1211: 106.145 | G1211: 5.82114 | H1211: 99.9996 | I1211: 100 | J1211: 7.47921 | K1211: 0.37569 | L1211: 0.629236
A1212: Run 4 function ACO 4start4 | B1212: 355.024 | C1212: 349.244 | D1212: 3.04539 | E1212: 230.746 | F1212: 106.18 | G1212: 5.78012 | H1212: 99.9988 | I1212: 100 | J1212: 7.47966 | K1212: 0.37569 | L1212: 0.629384
A1213: Run 4 function ACO 4start5 | B1213: 354.985 | C1213: 349.234 | D1213: 3.06382 | E1213: 230.723 | F1213: 106.174 | G1213: 5.75073 | H1213: 99.9972 | I1213: 100 | J1213: 7.4805 | K1213: 0.37569 | L1213: 0.629795
A1214: Run 4 function ACO 4start6 | B1214: 354.907 | C1214: 349.14 | D1214: 3.07406 | E1214: 230.654 | F1214: 106.104 | G1214: 5.76688 | H1214: 99.9972 | I1214: 100 | J1214: 7.48214 | K1214: 0.365395 | L1214: 0.629794
A1215: Run 4 function ACO 4start7 | B1215: 354.904 | C1215: 349.149 | D1215: 3.07201 | E1215: 230.698 | F1215: 106.067 | G1215: 5.75473 | H1215: 99.9928 | I1215: 100 | J1215: 7.48221 | K1215: 0.37569 | L1215: 0.629447
A1216: Run 4 function ACO 4start8 | B1216: 354.951 | C1216: 349.192 | D1216: 3.04744 | E1216: 230.719 | F1216: 106.15 | G1216: 5.75937 | H1216: 99.9996 | I1216: 100 | J1216: 7.4812 | K1216: 0.375691 | L1216: 0.62968
A1217: Run 4 function ACO 4start9 | B1217: 354.826 | C1217: 349.043 | D1217: 3.03925 | E1217: 230.604 | F1217: 106.125 | G1217: 5.78232 | H1217: 99.9992 | I1217: 100 | J1217: 7.48385 | K1217: 0.375691 | L1217: 0.629775
A1218: Run 4 function ACO 4start10 | B1218: 355.017 | C1218: 349.195 | D1218: 3.05768 | E1218: 230.697 | F1218: 106.086 | G1218: 5.82178 | H1218: 99.9976 | I1218: 100 | J1218: 7.47982 | K1218: 0.37569 | L1218: 0.629693
A1219: Run 4 function ACO 4start11 | B1219: 357.617 | C1219: 351.085 | D1219: 3.3444 | E1219: 230.978 | F1219: 106.441 | G1219: 6.53131 | H1219: 99.9992 | I1219: 100 | J1219: 7.42544 | K1219: 0.37569 | L1219: 0.62835
... A1407: Run 4 function ACO 4start transposed49 | B1407: 1586.98 | C1407: 840.89 | D1407: 3.58299 | E1407: 751.35 | F1407: 75.4739 | G1407: 746.092 | H1407: 50.2972 | I1407: 100 | J1407: 1.67328 | K1407: 0.37671 | L1407: 0.619122
A1408: Device 0: Tesla V100-SXM2-16GB | B1408: Max thread in blocks: 1024 Total Global Memory: 16151,1 MB GPU Global Memory Usage: 31,5859 MB GPU Global Memory Hash Table: 1024 MB Max PARAMETR_SIZE in GPU Global Memory: 7343488 Shared memory per block: 49152 bytes (48 KB) Shared memory per multiprocessor: 98304 bytes (96 KB) Data size in Shared memory per block: 43008 bytes (42 KB) Constant Memory: 65536 bytes Parameter data size (in Constant Memory): 215040 bytes (210 KB) Registers per Block: 65536 Warp Size: 32 Compute Capability: 7,0 Can Map Host Memory: Yes Clock Rate: 1530 MHz L2 Cache Size: 6291456 bytes Multiprocessor Count: 80 | C1408: Max thread in blocks by axis: (1024, 1024, 64) | D1408: Max blocks by axis: (2147483647, 65535, 65535) | E1408: PARAMETR_SIZE: 5376 | F1408: MAX_VALUE_SIZE: 5 | G1408: SET_PARAMETR_SIZE_ONE_X: 21 | H1408: ANT_SIZE: 500 | I1408: MAX_THREAD_CUDA: 512 | J1408: NAME_FILE_GRAPH: Parametr_Graph/test5376,txt | K1408: KOL_ITERATION: 500 | L1408: KOL_PROGREV: 5 | M1408: KOL_PROGON_STATISTICS: 50 | N1408: PARAMETR_RO: 0,999 | O1408: PARAMETR_Q: 1 | P1408: PRINT_INFORMATION: 0 | Q1408: MAX_PARAMETR_VALUE_TO_MIN_OPT: 1 | R1408: OPTIMIZE: OPTIMIZE_MIN_1 | S1408: FUNCTION: SHAFFERA GO_HASH: 1 | T1408: HASH_TABLE_SIZE: 67108864 | U1408: ZERO_HASH_RESULT: -1 | V1408: ZERO_HASH: 18446744073709551615 | W1408: MAX_PROBES: 10000 | X1408: MAX_CONST: 8192 | Y1408: MAX_SHARED: 6144 | Z1408: BLOCK_SIZE: 256 | AA1408: BIN_SEARCH: 0 | AB1408: NON_WHILE_ANT: 1
A1409: Run 4 function ACO 4start0 | B1409: 594.139 | C1409: 588.352 | D1409: 3.76526 | E1409: 425.303 | F1409: 150.008 | G1409: 5.78711 | H1409: 100 | I1409: 100 | J1409: 8.93572 | K1409: 0.432592 | L1409: 0.565132
...

Sheet Лист1_1
A1: Device 0: Tesla V100-SXM2-16GB | B1: Max thread in blocks: 1024 Total Global Memory: 16151,1 MB GPU Global Memory Usage: 0,250568 MB GPU Global Memory Hash Table: 16 MB Max PARAMETR_SIZE in GPU Global Memory: 7980613 Shared memory per block: 49152 bytes (48 KB) Shared memory per multiprocessor: 98304 bytes (96 KB) Data size in Shared memory per block: 336 bytes (0,328125 KB) Constant Memory: 65536 bytes Parameter data size (in Constant Memory): 1680 bytes (1,64062 KB) Registers per Block: 65536 Warp Size: 32 Compute Capability: 7,0 Can Map Host Memory: Yes Clock Rate: 1530 MHz L2 Cache Size: 6291456 bytes Multiprocessor Count: 80 | C1: Max thread in blocks by axis: (1024, 1024, 64) | D1: Max blocks by axis: (2147483647, 65535, 65535) | E1: PARAMETR_SIZE: 42 | F1: MAX_VALUE_SIZE: 5 | G1: SET_PARAMETR_SIZE_ONE_X: 21 | H1: ANT_SIZE: 500 | I1: MAX_THREAD_CUDA: 512 | J1: NAME_FILE_GRAPH: Parametr_Graph/test42,txt | K1: KOL_ITERATION: 500 | L1: KOL_PROGREV: 5 | M1: KOL_PROGON_STATISTICS: 50 | N1: PARAMETR_RO: 0,999 | O1: PARAMETR_Q: 1 | P1: PRINT_INFORMATION: 0 | Q1: MAX_PARAMETR_VALUE_TO_MIN_OPT: 1 | R1: OPTIMIZE: OPTIMIZE_MIN_1 | S1: FUNCTION: SHAFFERA GO_HASH: 1 | T1: HASH_TABLE_SIZE: 1048576 | U1: ZERO_HASH_RESULT: -1 | V1: ZERO_HASH: 18446744073709551615 | W1: MAX_PROBES: 10000 | X1: MAX_CONST: 8192 | Y1: MAX_SHARED: 49152 | Z1: BLOCK_SIZE: 64 | AA1: BIN_SEARCH: 0 | AB1: NON_WHILE_ANT: 1
A2: Run 4 function ACO 4start0 | B2: 4020.3 | C2: 4014.01 | D2: 3.08123 | E2: 3992.29 | F2: 8.21453 | G2: 6.28564 | H2: 100 | I2: 100 | J2: 0.0107766 | K2: 0.00123005 | L2: 0.996112
A3: Run 4 function ACO 4start1 | B3: 4452.78 | C3: 4015.81 | D3: 3.1355 | E3: 3994.61 | F3: 7.71072 | G3: 436.968 | H3: 100 | I3: 100 | J3: 0.0097299 | K3: 0.00123006 | L3: 0.995116
A4: Run 4 function ACO 4start2 | B4: 4011.96 | C4: 4005.6 | D4: 3.09557 | E4: 3984.23 | F4: 7.74144 | G4: 6.35254 | H4: 98.5228 | I4: 100 | J4: 0.010799 | K4: 0.00123037 | L4: 0.995897
A5: Run 4 function ACO 4start3 | B5: 4143.5 | C5: 4011.91 | D5: 3.02184 | E5: 3990.76 | F5: 7.71584 | G5: 131.596 | H5: 99.6348 | I5: 100 | J5: 0.0104562 | K5: 0.00123006 | L5: 0.995116
A6: Run 4 function ACO 4start4 | B6: 4022.23 | C6: 4015.87 | D6: 3.08635 | E6: 3994.39 | F6: 7.78343 | G6: 6.36035 | H6: 100 | I6: 100 | J6: 0.0107714 | K6: 0.00123005 | L6: 0.995235
A7: Run 4 function ACO 4start5 | B7: 4023.08 | C7: 4016.73 | D7: 3.04027 | E7: 3995.36 | F7: 7.79366 | G7: 6.34937 | H7: 100 | I7: 100 | J7: 0.0107692 | K7: 0.00123005 | L7: 0.995586
A8: Run 4 function ACO 4start6 | B8: 4022.04 | C8: 4015.76 | D8: 3.06894 | E8: 3994.56 | F8: 7.70048 | G8: 6.27759 | H8: 100 | I8: 100 | J8: 0.0107719 | K8: 0.00123007 | L8: 0.996122
A9: Run 4 function ACO 4start7 | B9: 4020.93 | C9: 4014.46 | D9: 3.1611 | E9: 3992.79 | F9: 7.93702 | G9: 6.46704 | H9: 100 | I9: 100 | J9: 0.0107749 | K9: 0.0012301 | L9: 0.995239
A10: Run 4 function ACO 4start8 | B10: 4527.18 | C10: 4014.22 | D10: 3.11809 | E10: 3992.9 | F10: 7.78239 | G10: 512.954 | H10: 99.9368 | I10: 100 | J10: 0.00957001 | K10: 0.00123047 | L10: 0.998067
A11: Run 4 function ACO 4start9 | B11: 4618.44 | C11: 4015.85 | D11: 3.07918 | E11: 3994.46 | F11: 7.81311 | G11: 602.588 | H11: 99.9572 | I11: 100 | J11: 0.00938091 | K11: 0.00123005 | L11: 0.996693
A12: Run 4 function ACO 4start10 | B12: 5043.74 | C12: 4017.84 | D12: 3.1396 | E12: 3996.18 | F12: 7.86739 | G12: 1025.9 | H12: 100 | I12: 100 | J12: 0.00858988 | K12: 0.00123005 | L12: 0.996709
A13: Run 4 function ACO 4start11 | B13: 4021.02 | C13: 4014.64 | D13: 3.03515 | E13: 3993.3 | F13: 7.73939 | G13: 6.3772 | H13: 99.9988 | I13: 100 | J13: 0.0107747 | K13: 0.00123009 | L13: 0.995116
... A201: Run 4 function ACO 4start transposed49 | B201: 5153.75 | C201: 5147.53 | D201: 3.2123 | E201: 5038.12 | F201: 95.8311 | G201: 6.21875 | H201: 51.7996 | I201: 100 | J201: 0.00840653 | K201: 0.00123006 | L201: 0.995116
A202: Device 0: Tesla V100-SXM2-16GB | B202: Max thread in blocks: 1024 Total Global Memory: 16151,1 MB GPU Global Memory Usage: 0,497303 MB GPU Global Memory Hash Table: 16 MB Max PARAMETR_SIZE in GPU Global Memory: 7980613 Shared memory per block: 49152 bytes (48 KB) Shared memory per multiprocessor: 98304 bytes (96 KB) Data size in Shared memory per block: 672 bytes (0,65625 KB) Constant Memory: 65536 bytes Parameter data size (in Constant Memory): 3360 bytes (3,28125 KB) Registers per Block: 65536 Warp Size: 32 Compute Capability: 7,0 Can Map Host Memory: Yes Clock Rate: 1530 MHz L2 Cache Size: 6291456 bytes Multiprocessor Count: 80 | C202: Max thread in blocks by axis: (1024, 1024, 64) | D202: Max blocks by axis: (2147483647, 65535, 65535) | E202: PARAMETR_SIZE: 84 | F202: MAX_VALUE_SIZE: 5 | G202: SET_PARAMETR_SIZE_ONE_X: 21 | H202: ANT_SIZE: 500 | I202: MAX_THREAD_CUDA: 512 | J202: NAME_FILE_GRAPH: Parametr_Graph/test84,txt | K202: KOL_ITERATION: 500 | L202: KOL_PROGREV: 5 | M202: KOL_PROGON_STATISTICS: 50 | N202: PARAMETR_RO: 0,999 | O202: PARAMETR_Q: 1 | P202: PRINT_INFORMATION: 0 | Q202: MAX_PARAMETR_VALUE_TO_MIN_OPT: 1 | R202: OPTIMIZE: OPTIMIZE_MIN_1 | S202: FUNCTION: SHAFFERA GO_HASH: 1 | T202: HASH_TABLE_SIZE: 1048576 | U202: ZERO_HASH_RESULT: -1 | V202: ZERO_HASH: 18446744073709551615 | W202: MAX_PROBES: 10000 | X202: MAX_CONST: 8192 | Y202: MAX_SHARED: 49152 | Z202: BLOCK_SIZE: 64 | AA202: BIN_SEARCH: 0 | AB202: NON_WHILE_ANT: 1
A203: Run 4 function ACO 4start0 | B203: 4035.52 | C203: 4029.07 | D203: 3.46421 | E203: 3995.39 | F203: 8.36403 | G203: 6.45557 | H203: 100 | I203: 100 | J203: 0.0210103 | K203: 0.00125174 | L203: 0.995114
A204: Run 4 function ACO 4start1 | B204: 4260.19 | C204: 4016.94 | D204: 3.35464 | E204: 3995.07 | F204: 7.94726 | G204: 243.248 | H204: 100 | I204: 100 | J204: 0.0199023 | K204: 0.00135373 | L204: 0.995115
A205: Run 4 function ACO 4start2 | B205: 4024.61 | C205: 4018.24 | D205: 3.36078 | E205: 3996.05 | F205: 8.03328 | G205: 6.36914 | H205: 99.9924 | I205: 100 | J205: 0.0210673 | K205: 0.00125079 | L205: 0.995116
A206: Run 4 function ACO 4start3 | B206: 4022.61 | C206: 4016.37 | D206: 3.27989 | E206: 3994.9 | F206: 7.82745 | G206: 6.24072 | H206: 100 | I206: 100 | J206: 0.0210777 | K206: 0.00123005 | L206: 0.995115
A207: Run 4 function ACO 4start4 | B207: 4025.12 | C207: 4018.81 | D207: 3.33314 | E207: 3996.95 | F207: 7.96058 | G207: 6.30737 | H207: 100 | I207: 100 | J207: 0.0210646 | K207: 0.00134037 | L207: 0.995115
A208: Run 4 function ACO 4start5 | B208: 4023.63 | C208: 4017.2 | D208: 3.43451 | E208: 3995.03 | F208: 8.11623 | G208: 6.42627 | H208: 100 | I208: 100 | J208: 0.0210724 | K208: 0.00127372 | L208: 0.995116
A209: Run 4 function ACO 4start6 | B209: 4488.06 | C209: 4017.9 | D209: 3.40482 | E209: 3995.93 | F209: 7.98822 | G209: 470.161 | H209: 100 | I209: 100 | J209: 0.0188918 | K209: 0.00123045 | L209: 0.995115
A210: Run 4 function ACO 4start7 | B210: 4023.05 | C210: 4016.71 | D210: 3.29422 | E210: 3995.06 | F210: 7.89401 | G210: 6.33154 | H210: 100 | I210: 100 | J210: 0.0210755 | K210: 0.00123336 | L210: 0.995116
A211: Run 4 function ACO 4start8 | B211: 4022.58 | C211: 4016.42 | D211: 3.40687 | E211: 3994.84 | F211: 7.851 | G211: 6.15503 | H211: 100 | I211: 100 | J211: 0.0210779 | K211: 0.0012439 | L211: 0.995115
A212: Run 4 function ACO 4start9 | B212: 4025.44 | C212: 4019.16 | D212: 3.40789 | E212: 3997.32 | F212: 7.93805 | G212: 6.28442 | H212: 100 | I212: 100 | J212: 0.0210629 | K212: 0.00123196 | L212: 0.995116
A213: Run 4 function ACO 4start10 | B213: 4023.33 | C213: 4016.97 | D213: 3.46421 | E213: 3994.92 | F213: 8.05069 | G213: 6.35278 | H213: 100 | I213: 100 | J213: 0.021074 | K213: 0.00123416 | L213: 0.995116
A214: Run 4 function ACO 4start11 | B214: 4025.28 | C214: 4018.89 | D214: 3.3403 | E214: 3997.08 | F214: 7.95546 | G214: 6.39014 | H214: 100 | I214: 100 | J214: 0.0210638 | K214: 0.00123534 | L214: 0.995116
... A402: Run 4 function ACO 4start transposed49 | B402: 5210.96 | C402: 5204.49 | D402: 3.46319 | E402: 5095.8 | F402: 94.814 | G402: 6.47314 | H402: 50.9932 | I402: 100 | J402: 0.016271 | K402: 0.00123144 | L402: 0.995116
A403: Device 0: Tesla V100-SXM2-16GB | B403: Max thread in blocks: 1024 Total Global Memory: 16151,1 MB GPU Global Memory Usage: 0,990772 MB GPU Global Memory Hash Table: 16 MB Max PARAMETR_SIZE in GPU Global Memory: 7980613 Shared memory per block: 49152 bytes (48 KB) Shared memory per multiprocessor: 98304 bytes (96 KB) Data size in Shared memory per block: 1344 bytes (1,3125 KB) Constant Memory: 65536 bytes Parameter data size (in Constant Memory): 6720 bytes (6,5625 KB) Registers per Block: 65536 Warp Size: 32 Compute Capability: 7,0 Can Map Host Memory: Yes Clock Rate: 1530 MHz L2 Cache Size: 6291456 bytes Multiprocessor Count: 80 | C403: Max thread in blocks by axis: (1024, 1024, 64) | D403: Max blocks by axis: (2147483647, 65535, 65535) | E403: PARAMETR_SIZE: 168 | F403: MAX_VALUE_SIZE: 5 | G403: SET_PARAMETR_SIZE_ONE_X: 21 | H403: ANT_SIZE: 500 | I403: MAX_THREAD_CUDA: 512 | J403: NAME_FILE_GRAPH: Parametr_Graph/test168,txt | K403: KOL_ITERATION: 500 | L403: KOL_PROGREV: 5 | M403: KOL_PROGON_STATISTICS: 50 | N403: PARAMETR_RO: 0,999 | O403: PARAMETR_Q: 1 | P403: PRINT_INFORMATION: 0 | Q403: MAX_PARAMETR_VALUE_TO_MIN_OPT: 1 | R403: OPTIMIZE: OPTIMIZE_MIN_1 | S403: FUNCTION: SHAFFERA GO_HASH: 1 | T403: HASH_TABLE_SIZE: 1048576 | U403: ZERO_HASH_RESULT: -1 | V403: ZERO_HASH: 18446744073709551615 | W403: MAX_PROBES: 10000 | X403: MAX_CONST: 8192 | Y403: MAX_SHARED: 49152 | Z403: BLOCK_SIZE: 64 | AA403: BIN_SEARCH: 0 | AB403: NON_WHILE_ANT: 1
A404: Run 4 function ACO 4start0 | B404: 4024.22 | C404: 4018.56 | D404: 2.91636 | E404: 3998.43 | F404: 7.84076 | G404: 5.66309 | H404: 100 | I404: 100 | J404: 0.0416758 | K404: 0.0151234 | L404: 0.980924
A405: Run 4 function ACO 4start1 | B405: 4027.91 | C405: 4021.73 | D405: 3.09352 | E405: 4000.48 | F405: 7.95649 | G405: 6.17725 | H405: 100 | I405: 100 | J405: 0.0416377 | K405: 0.0117191 | L405: 0.98098
A406: Run 4 function ACO 4start2 | B406: 4023.87 | C406: 4018.21 | D406: 2.92251 | E406: 3998.27 | F406: 7.6759 | G406: 5.65381 | H406: 100 | I406: 100 | J406: 0.0416794 | K406: 0.0226716 | L406: 0.980991
A407: Run 4 function ACO 4start3 | B407: 4278.54 | C407: 4019.11 | D407: 2.96449 | E407: 3998.93 | F407: 7.7783 | G407: 259.426 | H407: 100 | I407: 100 | J407: 0.0391986 | K407: 0.0111844 | L407: 0.981019
A408: Run 4 function ACO 4start4 | B408: 4025.6 | C408: 4019.45 | D408: 3.07304 | E408: 3998.21 | F408: 7.9923 | G408: 6.14307 | H408: 100 | I408: 100 | J408: 0.0416616 | K408: 0.0118759 | L408: 0.981019
A409: Run 4 function ACO 4start5 | B409: 4023.76 | C409: 4018.13 | D409: 2.89384 | E409: 3998.34 | F409: 7.65952 | G409: 5.63452 | H409: 100 | I409: 100 | J409: 0.0416806 | K409: 0.0114666 | L409: 0.980976
A410: Run 4 function ACO 4start6 | B410: 4027.61 | C410: 4021.52 | D410: 3.09352 | E410: 4000.33 | F410: 7.95135 | G410: 6.09326 | H410: 100 | I410: 100 | J410: 0.0416407 | K410: 0.0111219 | L410: 0.981018
A411: Run 4 function ACO 4start7 | B411: 4023.89 | C411: 4018.2 | D411: 2.9051 | E411: 3998.31 | F411: 7.69331 | G411: 5.68091 | H411: 100 | I411: 100 | J411: 0.0416793 | K411: 0.0246223 | L411: 0.981019
A412: Run 4 function ACO 4start8 | B412: 4027.35 | C412: 4020.67 | D412: 2.92456 | E412: 4000.37 | F412: 7.84077 | G412: 6.67896 | H412: 100 | I412: 100 | J412: 0.0416434 | K412: 0.0133764 | L412: 0.9949
A413: Run 4 function ACO 4start9 | B413: 4025.86 | C413: 4019.5 | D413: 3.03925 | E413: 3998.32 | F413: 7.81823 | G413: 6.36572 | H413: 100 | I413: 100 | J413: 0.0416588 | K413: 0.0134136 | L413: 0.995104
A414: Run 4 function ACO 4start10 | B414: 4025.78 | C414: 4019.5 | D414: 2.95425 | E414: 3998.55 | F414: 7.73324 | G414: 6.28027 | H414: 100 | I414: 100 | J414: 0.0416597 | K414: 0.0119778 | L414: 0.993836
A415: Run 4 function ACO 4start11 | B415: 4026.69 | C415: 4020.8 | D415: 2.93582 | E415: 4000.45 | F415: 7.75782 | G415: 5.89478 | H415: 100 | I415: 100 | J415: 0.0416502 | K415: 0.0112281 | L415: 0.980984
... A603: Run 4 function ACO 4start transposed49 | B603: 5221.99 | C603: 5216.28 | D603: 3.27784 | E603: 5110.52 | F603: 93.1012 | G603: 5.7085 | H603: 51.1984 | I603: 100 | J603: 0.0321166 | K603: 0.0290378 | L603: 0.980796
A604: Device 0: Tesla V100-SXM2-16GB | B604: Max thread in blocks: 1024 Total Global Memory: 16151,1 MB GPU Global Memory Usage: 1,97771 MB GPU Global Memory Hash Table: 16 MB Max PARAMETR_SIZE in GPU Global Memory: 7980613 Shared memory per block: 49152 bytes (48 KB) Shared memory per multiprocessor: 98304 bytes (96 KB) Data size in Shared memory per block: 2688 bytes (2,625 KB) Constant Memory: 65536 bytes Parameter data size (in Constant Memory): 13440 bytes (13,125 KB) Registers per Block: 65536 Warp Size: 32 Compute Capability: 7,0 Can Map Host Memory: Yes Clock Rate: 1530 MHz L2 Cache Size: 6291456 bytes Multiprocessor Count: 80 | C604: Max thread in blocks by axis: (1024, 1024, 64) | D604: Max blocks by axis: (2147483647, 65535, 65535) | E604: PARAMETR_SIZE: 336 | F604: MAX_VALUE_SIZE: 5 | G604: SET_PARAMETR_SIZE_ONE_X: 21 | H604: ANT_SIZE: 500 | I604: MAX_THREAD_CUDA: 512 | J604: NAME_FILE_GRAPH: Parametr_Graph/test336,txt | K604: KOL_ITERATION: 500 | L604: KOL_PROGREV: 5 | M604: KOL_PROGON_STATISTICS: 50 | N604: PARAMETR_RO: 0,999 | O604: PARAMETR_Q: 1 | P604: PRINT_INFORMATION: 0 | Q604: MAX_PARAMETR_VALUE_TO_MIN_OPT: 1 | R604: OPTIMIZE: OPTIMIZE_MIN_1 | S604: FUNCTION: SHAFFERA GO_HASH: 1 | T604: HASH_TABLE_SIZE: 1048576 | U604: ZERO_HASH_RESULT: -1 | V604: ZERO_HASH: 18446744073709551615 | W604: MAX_PROBES: 10000 | X604: MAX_CONST: 8192 | Y604: MAX_SHARED: 49152 | Z604: BLOCK_SIZE: 64 | AA604: BIN_SEARCH: 0 | AB604: NON_WHILE_ANT: 1
A605: Run 4 function ACO 4start0 | B605: 4035.81 | C605: 4030.13 | D605: 2.91739 | E605: 4009.16 | F605: 8.47361 | G605: 5.67896 | H605: 100 | I605: 100 | J605: 0.0826507 | K605: 0.0567661 | L605: 0.954351
A606: Run 4 function ACO 4start1 | B606: 4038.04 | C606: 4031.96 | D606: 2.94606 | E606: 4011.04 | F606: 8.32411 | G606: 6.0813 | H606: 100 | I606: 100 | J606: 0.0826051 | K606: 0.0540094 | L606: 0.931831
A607: Run 4 function ACO 4start2 | B607: 4051.18 | C607: 4032.76 | D607: 2.94913 | E607: 4011.63 | F607: 8.28519 | G607: 18.4165 | H607: 100 | I607: 100 | J607: 0.0823372 | K607: 0.0715957 | L607: 0.958144
A608: Run 4 function ACO 4start3 | B608: 5613.72 | C608: 4032.7 | D608: 2.96961 | E608: 4011.87 | F608: 8.24219 | G608: 1581.01 | H608: 100 | I608: 100 | J608: 0.0594192 | K608: 0.0579171 | L608: 0.949371
A609: Run 4 function ACO 4start4 | B609: 4036.45 | C609: 4030.31 | D609: 3.0116 | E609: 4008.94 | F609: 8.40603 | G609: 6.13818 | H609: 100 | I609: 100 | J609: 0.0826377 | K609: 0.0539349 | L609: 0.931765
A610: Run 4 function ACO 4start5 | B610: 4035.11 | C610: 4029.42 | D610: 2.92251 | E610: 4008.97 | F610: 8.23297 | G610: 5.68457 | H610: 100 | I610: 100 | J610: 0.0826651 | K610: 0.0713568 | L610: 0.931804
A611: Run 4 function ACO 4start6 | B611: 4039.7 | C611: 4033.35 | D611: 3.06689 | E611: 4011.34 | F611: 8.51764 | G611: 6.35107 | H611: 100 | I611: 100 | J611: 0.082571 | K611: 0.0596716 | L611: 0.931801
A612: Run 4 function ACO 4start7 | B612: 4035.33 | C612: 4029.52 | D612: 2.9092 | E612: 4008.91 | F612: 8.23502 | G612: 5.81396 | H612: 100 | I612: 100 | J612: 0.0826605 | K612: 0.0545224 | L612: 0.931835
A613: Run 4 function ACO 4start8 | B613: 4039.63 | C613: 4032.35 | D613: 2.99829 | E613: 4011.17 | F613: 8.3282 | G613: 7.2793 | H613: 100 | I613: 100 | J613: 0.0825725 | K613: 0.0539254 | L613: 0.931762
A614: Run 4 function ACO 4start9 | B614: 4036.79 | C614: 4030.59 | D614: 3.07713 | E614: 4009.02 | F614: 8.38759 | G614: 6.20068 | H614: 100 | I614: 100 | J614: 0.0826307 | K614: 0.0769258 | L614: 0.936339
A615: Run 4 function ACO 4start10 | B615: 4035 | C615: 4029.29 | D615: 2.89281 | E615: 4008.83 | F615: 8.21556 | G615: 5.70386 | H615: 100 | I615: 100 | J615: 0.0826674 | K615: 0.0541692 | L615: 0.931834
A616: Run 4 function ACO 4start11 | B616: 4039.21 | C616: 4032.92 | D616: 2.98804 | E616: 4011.25 | F616: 8.37838 | G616: 6.28882 | H616: 100 | I616: 100 | J616: 0.0825812 | K616: 0.0832567 | L616: 0.93178
... A804: Run 4 function ACO 4start transposed49 | B804: 5280.92 | C804: 5274.85 | D804: 3.46523 | E804: 5166.86 | F804: 94.4957 | G804: 6.06836 | H804: 51.4 | I804: 100 | J804: 0.0631637 | K804: 0.0832682 | L804: 0.930673
A805: Device 0: Tesla V100-SXM2-16GB | B805: Max thread in blocks: 1024 Total Global Memory: 16151,1 MB GPU Global Memory Usage: 3,95159 MB GPU Global Memory Hash Table: 16 MB Max PARAMETR_SIZE in GPU Global Memory: 7980613 Shared memory per block: 49152 bytes (48 KB) Shared memory per multiprocessor: 98304 bytes (96 KB) Data size in Shared memory per block: 5376 bytes (5,25 KB) Constant Memory: 65536 bytes Parameter data size (in Constant Memory): 26880 bytes (26,25 KB) Registers per Block: 65536 Warp Size: 32 Compute Capability: 7,0 Can Map Host Memory: Yes Clock Rate: 1530 MHz L2 Cache Size: 6291456 bytes Multiprocessor Count: 80 | C805: Max thread in blocks by axis: (1024, 1024, 64) | D805: Max blocks by axis: (2147483647, 65535, 65535) | E805: PARAMETR_SIZE: 672 | F805: MAX_VALUE_SIZE: 5 | G805: SET_PARAMETR_SIZE_ONE_X: 21 | H805: ANT_SIZE: 500 | I805: MAX_THREAD_CUDA: 512 | J805: NAME_FILE_GRAPH: Parametr_Graph/test672,txt | K805: KOL_ITERATION: 500 | L805: KOL_PROGREV: 5 | M805: KOL_PROGON_STATISTICS: 50 | N805: PARAMETR_RO: 0,999 | O805: PARAMETR_Q: 1 | P805: PRINT_INFORMATION: 0 | Q805: MAX_PARAMETR_VALUE_TO_MIN_OPT: 1 | R805: OPTIMIZE: OPTIMIZE_MIN_1 | S805: FUNCTION: SHAFFERA GO_HASH: 1 | T805: HASH_TABLE_SIZE: 1048576 | U805: ZERO_HASH_RESULT: -1 | V805: ZERO_HASH: 18446744073709551615 | W805: MAX_PROBES: 10000 | X805: MAX_CONST: 8192 | Y805: MAX_SHARED: 49152 | Z805: BLOCK_SIZE: 64 | AA805: BIN_SEARCH: 0 | AB805: NON_WHILE_ANT: 1
A806: Run 4 function ACO 4start0 | B806: 4845.38 | C806: 4053.97 | D806: 2.91841 | E806: 4033.37 | F806: 8.44596 | G806: 791.41 | H806: 100 | I806: 100 | J806: 0.137298 | K806: 0.148646 | L806: 0.836763
A807: Run 4 function ACO 4start1 | B807: 4062.3 | C807: 4056.21 | D807: 3.04846 | E807: 4034.89 | F807: 8.44391 | G807: 6.08887 | H807: 100 | I807: 100 | J807: 0.163765 | K807: 0.178454 | L807: 0.836684
A808: Run 4 function ACO 4start2 | B808: 4059.4 | C808: 4053.73 | D808: 2.91432 | E808: 4033.24 | F808: 8.30772 | G808: 5.66162 | H808: 100 | I808: 100 | J808: 0.163882 | K808: 0.157543 | L808: 0.836707
A809: Run 4 function ACO 4start3 | B809: 4063.11 | C809: 4057.04 | D809: 3.00955 | E809: 4035.69 | F809: 8.42855 | G809: 6.07153 | H809: 100 | I809: 100 | J809: 0.163732 | K809: 0.149509 | L809: 0.835084
A810: Run 4 function ACO 4start4 | B810: 4059.98 | C810: 4054.17 | D810: 2.9563 | E810: 4033.42 | F810: 8.33435 | G810: 5.8103 | H810: 100 | I810: 100 | J810: 0.163858 | K810: 0.159978 | L810: 0.836863
A811: Run 4 function ACO 4start5 | B811: 4256.73 | C811: 4054.98 | D811: 2.90715 | E811: 4034.42 | F811: 8.3241 | G811: 201.751 | H811: 100 | I811: 100 | J811: 0.156285 | K811: 0.178459 | L811: 0.836938
A812: Run 4 function ACO 4start6 | B812: 5273.48 | C812: 4057.36 | D812: 3.0372 | E812: 4035.54 | F812: 8.41523 | G812: 1216.12 | H812: 100 | I812: 100 | J812: 0.126152 | K812: 0.147448 | L812: 0.83703
A813: Run 4 function ACO 4start7 | B813: 4851.63 | C813: 4056.81 | D813: 2.97781 | E813: 4035.56 | F813: 8.42651 | G813: 794.812 | H813: 100 | I813: 100 | J813: 0.137122 | K813: 0.147894 | L813: 0.850217
A814: Run 4 function ACO 4start8 | B814: 4061.11 | C814: 4055.07 | D814: 3.0372 | E814: 4033.67 | F814: 8.47668 | G814: 6.04077 | H814: 100 | I814: 100 | J814: 0.163813 | K814: 0.169038 | L814: 0.836828
A815: Run 4 function ACO 4start9 | B815: 4059.7 | C815: 4054 | D815: 2.94094 | E815: 4033.37 | F815: 8.31694 | G815: 5.7041 | H815: 100 | I815: 100 | J815: 0.16387 | K815: 0.178457 | L815: 0.836927
A816: Run 4 function ACO 4start10 | B816: 4063.34 | C816: 4057.17 | D816: 3.0372 | E816: 4035.65 | F816: 8.45415 | G816: 6.16748 | H816: 100 | I816: 100 | J816: 0.163723 | K816: 0.17846 | L816: 0.83705
A817: Run 4 function ACO 4start11 | B817: 4059.5 | C817: 4053.79 | D817: 2.89588 | E817: 4033.31 | F817: 8.3067 | G817: 5.7124 | H817: 100 | I817: 100 | J817: 0.163878 | K817: 0.147851 | L817: 0.837049
... A1005: Run 4 function ACO 4start transposed49 | B1005: 6859.07 | C1005: 5364.04 | D1005: 3.32699 | E1005: 5258.02 | F1005: 93.4301 | G1005: 1495.02 | H1005: 52.6 | I1005: 100 | J1005: 0.0969902 | K1005: 0.178467 | L1005: 0.832654
A1006: Device 0: Tesla V100-SXM2-16GB | B1006: Max thread in blocks: 1024 Total Global Memory: 16151,1 MB GPU Global Memory Usage: 7,89934 MB GPU Global Memory Hash Table: 16 MB Max PARAMETR_SIZE in GPU Global Memory: 7980613 Shared memory per block: 49152 bytes (48 KB) Shared memory per multiprocessor: 98304 bytes (96 KB) Data size in Shared memory per block: 10752 bytes (10,5 KB) Constant Memory: 65536 bytes Parameter data size (in Constant Memory): 53760 bytes (52,5 KB) Registers per Block: 65536 Warp Size: 32 Compute Capability: 7,0 Can Map Host Memory: Yes Clock Rate: 1530 MHz L2 Cache Size: 6291456 bytes Multiprocessor Count: 80 | C1006: Max thread in blocks by axis: (1024, 1024, 64) | D1006: Max blocks by axis: (2147483647, 65535, 65535) | E1006: PARAMETR_SIZE: 1344 | F1006: MAX_VALUE_SIZE: 5 | G1006: SET_PARAMETR_SIZE_ONE_X: 21 | H1006: ANT_SIZE: 500 | I1006: MAX_THREAD_CUDA: 512 | J1006: NAME_FILE_GRAPH: Parametr_Graph/test1344,txt | K1006: KOL_ITERATION: 500 | L1006: KOL_PROGREV: 5 | M1006: KOL_PROGON_STATISTICS: 50 | N1006: PARAMETR_RO: 0,999 | O1006: PARAMETR_Q: 1 | P1006: PRINT_INFORMATION: 0 | Q1006: MAX_PARAMETR_VALUE_TO_MIN_OPT: 1 | R1006: OPTIMIZE: OPTIMIZE_MIN_1 | S1006: FUNCTION: SHAFFERA GO_HASH: 1 | T1006: HASH_TABLE_SIZE: 1048576 | U1006: ZERO_HASH_RESULT: -1 | V1006: ZERO_HASH: 18446744073709551615 | W1006: MAX_PROBES: 10000 | X1006: MAX_CONST: 8192 | Y1006: MAX_SHARED: 49152 | Z1006: BLOCK_SIZE: 64 | AA1006: BIN_SEARCH: 0 | AB1006: NON_WHILE_ANT: 1
A1007: Run 4 function ACO 4start0 | B1007: 4479.66 | C1007: 4104.39 | D1007: 2.97166 | E1007: 4083.48 | F1007: 8.63949 | G1007: 375.274 | H1007: 100 | I1007: 100 | J1007: 0.296599 | K1007: 0.261424 | L1007: 0.72751
A1008: Run 4 function ACO 4start1 | B1008: 4112.38 | C1008: 4106.38 | D1008: 3.1099 | E1008: 4084.74 | F1008: 8.66202 | G1008: 5.99902 | H1008: 100 | I1008: 100 | J1008: 0.323088 | K1008: 0.283079 | L1008: 0.714831
A1009: Run 4 function ACO 4start2 | B1009: 4109.35 | C1009: 4103.73 | D1009: 2.98293 | E1009: 4083.06 | F1009: 8.45824 | G1009: 5.62646 | H1009: 100 | I1009: 100 | J1009: 0.323326 | K1009: 0.283085 | L1009: 0.726425
A1010: Run 4 function ACO 4start3 | B1010: 4114.79 | C1010: 4108.45 | D1010: 3.23073 | E1010: 4085.86 | F1010: 8.90368 | G1010: 6.34131 | H1010: 100 | I1010: 100 | J1010: 0.322899 | K1010: 0.283079 | L1010: 0.727562
A1011: Run 4 function ACO 4start4 | B1011: 4109.3 | C1011: 4103.67 | D1011: 2.986 | E1011: 4082.89 | F1011: 8.48384 | G1011: 5.63086 | H1011: 100 | I1011: 100 | J1011: 0.32333 | K1011: 0.283085 | L1011: 0.706531
A1012: Run 4 function ACO 4start5 | B1012: 4112.29 | C1012: 4106.34 | D1012: 3.02491 | E1012: 4085.23 | F1012: 8.54323 | G1012: 5.95703 | H1012: 100 | I1012: 100 | J1012: 0.323095 | K1012: 0.283117 | L1012: 0.726816
A1013: Run 4 function ACO 4start6 | B1013: 4110.52 | C1013: 4104.56 | D1013: 3.11912 | E1013: 4082.95 | F1013: 8.58829 | G1013: 5.96045 | H1013: 100 | I1013: 100 | J1013: 0.323235 | K1013: 0.283078 | L1013: 0.723895
A1014: Run 4 function ACO 4start7 | B1014: 4109.17 | C1014: 4103.54 | D1014: 2.96552 | E1014: 4082.89 | F1014: 8.45926 | G1014: 5.62354 | H1014: 100 | I1014: 100 | J1014: 0.323341 | K1014: 0.261652 | L1014: 0.726653
A1015: Run 4 function ACO 4start8 | B1015: 4113.32 | C1015: 4107.31 | D1015: 3.12526 | E1015: 4085.43 | F1015: 8.69785 | G1015: 6.00879 | H1015: 100 | I1015: 100 | J1015: 0.323015 | K1015: 0.284113 | L1015: 0.727521
A1016: Run 4 function ACO 4start9 | B1016: 4109.13 | C1016: 4103.52 | D1016: 2.96245 | E1016: 4082.93 | F1016: 8.448 | G1016: 5.60205 | H1016: 100 | I1016: 100 | J1016: 0.323344 | K1016: 0.283082 | L1016: 0.725023
A1017: Run 4 function ACO 4start10 | B1017: 4112.27 | C1017: 4106.39 | D1017: 3.30037 | E1017: 4084.81 | F1017: 8.59239 | G1017: 5.88281 | H1017: 100 | I1017: 100 | J1017: 0.323097 | K1017: 0.283088 | L1017: 0.706531
A1018: Run 4 function ACO 4start11 | B1018: 4110.66 | C1018: 4104.75 | D1018: 3.02901 | E1018: 4083.41 | F1018: 8.5289 | G1018: 5.91943 | H1018: 100 | I1018: 100 | J1018: 0.323223 | K1018: 0.283082 | L1018: 0.706532
... A1206: Run 4 function ACO 4start transposed49 | B1206: 5548.07 | C1206: 5542.43 | D1206: 3.36693 | E1206: 5436.61 | F1206: 93.132 | G1206: 5.64062 | H1206: 53.4 | I1206: 100 | J1206: 0.239482 | K1206: 0.284226 | L1206: 0.726575
A1207: Device 0: Tesla V100-SXM2-16GB | B1207: Max thread in blocks: 1024 Total Global Memory: 16151,1 MB GPU Global Memory Usage: 15,7948 MB GPU Global Memory Hash Table: 16 MB Max PARAMETR_SIZE in GPU Global Memory: 7832824 Shared memory per block: 49152 bytes (48 KB) Shared memory per multiprocessor: 98304 bytes (96 KB) Data size in Shared memory per block: 21504 bytes (21 KB) Constant Memory: 65536 bytes Parameter data size (in Constant Memory): 107520 bytes (105 KB) Registers per Block: 65536 Warp Size: 32 Compute Capability: 7,0 Can Map Host Memory: Yes Clock Rate: 1530 MHz L2 Cache Size: 6291456 bytes Multiprocessor Count: 80 | C1207: Max thread in blocks by axis: (1024, 1024, 64) | D1207: Max blocks by axis: (2147483647, 65535, 65535) | E1207: PARAMETR_SIZE: 2688 | F1207: MAX_VALUE_SIZE: 5 | G1207: SET_PARAMETR_SIZE_ONE_X: 21 | H1207: ANT_SIZE: 500 | I1207: MAX_THREAD_CUDA: 512 | J1207: NAME_FILE_GRAPH: Parametr_Graph/test2688,txt | K1207: KOL_ITERATION: 500 | L1207: KOL_PROGREV: 5 | M1207: KOL_PROGON_STATISTICS: 50 | N1207: PARAMETR_RO: 0,999 | O1207: PARAMETR_Q: 1 | P1207: PRINT_INFORMATION: 0 | Q1207: MAX_PARAMETR_VALUE_TO_MIN_OPT: 1 | R1207: OPTIMIZE: OPTIMIZE_MIN_1 | S1207: FUNCTION: SHAFFERA GO_HASH: 1 | T1207: HASH_TABLE_SIZE: 1048576 | U1207: ZERO_HASH_RESULT: -1 | V1207: ZERO_HASH: 18446744073709551615 | W1207: MAX_PROBES: 10000 | X1207: MAX_CONST: 8192 | Y1207: MAX_SHARED: 49152 | Z1207: BLOCK_SIZE: 64 | AA1207: BIN_SEARCH: 0 | AB1207: NON_WHILE_ANT: 1
A1208: Run 4 function ACO 4start0 | B1208: 4684.3 | C1208: 4219.07 | D1208: 3.06894 | E1208: 4196.94 | F1208: 9.35423 | G1208: 465.231 | H1208: 100 | I1208: 100 | J1208: 0.566886 | K1208: 0.376426 | L1208: 0.629215
A1209: Run 4 function ACO 4start1 | B1209: 4409.03 | C1209: 4402.73 | D1209: 3.19797 | E1209: 4196.15 | F1209: 9.14944 | G1209: 6.30713 | H1209: 100 | I1209: 100 | J1209: 0.602277 | K1209: 0.375731 | L1209: 0.619121
A1210: Run 4 function ACO 4start2 | B1210: 4221.22 | C1210: 4215.46 | D1210: 3.06382 | E1210: 4194.24 | F1210: 8.77771 | G1210: 5.75684 | H1210: 100 | I1210: 100 | J1210: 0.629075 | K1210: 0.375736 | L1210: 0.619121
A1211: Run 4 function ACO 4start3 | B1211: 4402.93 | C1211: 4218.15 | D1211: 3.13038 | E1211: 4196.35 | F1211: 8.86373 | G1211: 184.783 | H1211: 100 | I1211: 100 | J1211: 0.603112 | K1211: 0.377916 | L1211: 0.619122
A1212: Run 4 function ACO 4start4 | B1212: 4221.8 | C1212: 4215.97 | D1212: 3.09147 | E1212: 4194.37 | F1212: 8.875 | G1212: 5.82666 | H1212: 100 | I1212: 100 | J1212: 0.628988 | K1212: 0.37569 | L1212: 0.629579
A1213: Run 4 function ACO 4start5 | B1213: 4495.06 | C1213: 4216.83 | D1213: 3.06689 | E1213: 4195.4 | F1213: 8.85554 | G1213: 278.233 | H1213: 100 | I1213: 100 | J1213: 0.590751 | K1213: 0.37572 | L1213: 0.629617
A1214: Run 4 function ACO 4start6 | B1214: 4222.56 | C1214: 4216.5 | D1214: 3.14574 | E1214: 4194.61 | F1214: 8.90469 | G1214: 6.05518 | H1214: 100 | I1214: 100 | J1214: 0.628875 | K1214: 0.375691 | L1214: 0.619111
A1215: Run 4 function ACO 4start7 | B1215: 5716.67 | C1215: 4215.8 | D1215: 3.02389 | E1215: 4194.6 | F1215: 8.79717 | G1215: 1500.87 | H1215: 100 | I1215: 100 | J1215: 0.464512 | K1215: 0.375833 | L1215: 0.619122
A1216: Run 4 function ACO 4start8 | B1216: 4222.66 | C1216: 4216.53 | D1216: 3.19285 | E1216: 4194.62 | F1216: 8.9262 | G1216: 6.13086 | H1216: 100 | I1216: 100 | J1216: 0.62886 | K1216: 0.37569 | L1216: 0.619122
A1217: Run 4 function ACO 4start9 | B1217: 5823.47 | C1217: 4215.7 | D1217: 3.05461 | E1217: 4194.42 | F1217: 8.78079 | G1217: 1607.77 | H1217: 100 | I1217: 100 | J1217: 0.455993 | K1217: 0.375692 | L1217: 0.629668
A1218: Run 4 function ACO 4start10 | B1218: 4222.7 | C1218: 4216.71 | D1218: 3.11605 | E1218: 4194.88 | F1218: 8.9221 | G1218: 5.99365 | H1218: 100 | I1218: 100 | J1218: 0.628853 | K1218: 0.375781 | L1218: 0.628606
A1219: Run 4 function ACO 4start11 | B1219: 5752.82 | C1219: 4215.92 | D1219: 3.04539 | E1219: 4194.66 | F1219: 8.79615 | G1219: 1536.9 | H1219: 100 | I1219: 100 | J1219: 0.461593 | K1219: 0.37612 | L1219: 0.629162
... A1407: Run 4 function ACO 4start transposed49 | B1407: 5915.94 | C1407: 5909.99 | D1407: 3.40584 | E1407: 5802.84 | F1407: 94.0985 | G1407: 5.95654 | H1407: 57.6 | I1407: 100 | J1407: 0.448865 | K1407: 0.375882 | L1407: 0.619114
A1408: Device 0: Tesla V100-SXM2-16GB | B1408: Max thread in blocks: 1024 Total Global Memory: 16151,1 MB GPU Global Memory Usage: 31,5859 MB GPU Global Memory Hash Table: 16 MB Max PARAMETR_SIZE in GPU Global Memory: 7832824 Shared memory per block: 49152 bytes (48 KB) Shared memory per multiprocessor: 98304 bytes (96 KB) Data size in Shared memory per block: 43008 bytes (42 KB) Constant Memory: 65536 bytes Parameter data size (in Constant Memory): 215040 bytes (210 KB) Registers per Block: 65536 Warp Size: 32 Compute Capability: 7,0 Can Map Host Memory: Yes Clock Rate: 1530 MHz L2 Cache Size: 6291456 bytes Multiprocessor Count: 80 | C1408: Max thread in blocks by axis: (1024, 1024, 64) | D1408: Max blocks by axis: (2147483647, 65535, 65535) | E1408: PARAMETR_SIZE: 5376 | F1408: MAX_VALUE_SIZE: 5 | G1408: SET_PARAMETR_SIZE_ONE_X: 21 | H1408: ANT_SIZE: 500 | I1408: MAX_THREAD_CUDA: 512 | J1408: NAME_FILE_GRAPH: Parametr_Graph/test5376,txt | K1408: KOL_ITERATION: 500 | L1408: KOL_PROGREV: 5 | M1408: KOL_PROGON_STATISTICS: 50 | N1408: PARAMETR_RO: 0,999 | O1408: PARAMETR_Q: 1 | P1408: PRINT_INFORMATION: 0 | Q1408: MAX_PARAMETR_VALUE_TO_MIN_OPT: 1 | R1408: OPTIMIZE: OPTIMIZE_MIN_1 | S1408: FUNCTION: SHAFFERA GO_HASH: 1 | T1408: HASH_TABLE_SIZE: 1048576 | U1408: ZERO_HASH_RESULT: -1 | V1408: ZERO_HASH: 18446744073709551615 | W1408: MAX_PROBES: 10000 | X1408: MAX_CONST: 8192 | Y1408: MAX_SHARED: 49152 | Z1408: BLOCK_SIZE: 256 | AA1408: BIN_SEARCH: 0 | AB1408: NON_WHILE_ANT: 1
A1409: Run 4 function ACO 4start0 | B1409: 4403.58 | C1409: 4397.49 | D1409: 3.68539 | E1409: 4373.68 | F1409: 9.78431 | G1409: 6.08643 | H1409: 100 | I1409: 100 | J1409: 1.20562 | K1409: 0.432795 | L1409: 0.565176
...

Sheet Лист2
A1: Device 0: Tesla V100-SXM2-16GB | B1: Max thread in blocks: 1024 Total Global Memory: 16151,1 MB GPU Global Memory Usage: 0,250568 MB GPU Global Memory Hash Table: 1024 MB Max PARAMETR_SIZE in GPU Global Memory: 7482045 Shared memory per block: 49152 bytes (48 KB) Shared memory per multiprocessor: 98304 bytes (96 KB) Data size in Shared memory per block: 336 bytes (0,328125 KB) Constant Memory: 65536 bytes Parameter data size (in Constant Memory): 1680 bytes (1,64062 KB) Registers per Block: 65536 Warp Size: 32 Compute Capability: 7,0 Can Map Host Memory: Yes Clock Rate: 1530 MHz L2 Cache Size: 6291456 bytes Multiprocessor Count: 80 | C1: Max thread in blocks by axis: (1024, 1024, 64) | D1: Max blocks by axis: (2147483647, 65535, 65535) | E1: PARAMETR_SIZE: 42 | F1: MAX_VALUE_SIZE: 5 | G1: SET_PARAMETR_SIZE_ONE_X: 21 | H1: ANT_SIZE: 500 | I1: MAX_THREAD_CUDA: 512 | J1: NAME_FILE_GRAPH: Parametr_Graph/test42,txt | K1: KOL_ITERATION: 500 | L1: KOL_PROGREV: 5 | M1: KOL_PROGON_STATISTICS: 50 | N1: PARAMETR_RO: 0,999 | O1: PARAMETR_Q: 1 | P1: PRINT_INFORMATION: 0 | Q1: MAX_PARAMETR_VALUE_TO_MIN_OPT: 1 | R1: OPTIMIZE: OPTIMIZE_MIN_1 | S1: FUNCTION: SHAFFERA GO_HASH: 0 | T1: HASH_TABLE_SIZE: 67108864 | U1: ZERO_HASH_RESULT: -1 | V1: ZERO_HASH: 18446744073709551615 | W1: MAX_PROBES: 10000 | X1: MAX_CONST: 8192 | Y1: MAX_SHARED: 6144 | Z1: BLOCK_SIZE: 64 | AA1: BIN_SEARCH: 0 | AB1: NON_WHILE_ANT: 1
A2: Run 4 function ACO 4start0 | B2: 104.56 | C2: 97.8819 | D2: 3.22254 | E2: 5.18657 | F2: 79.0253 | G2: 6.67862 | H2: 100 | I2: 100 | J2: 0.414355 | K2: 0.00123009 | L2: 0.999998
A3: Run 4 function ACO 4start1 | B3: 105.052 | C3: 98.2587 | D3: 3.25429 | E3: 5.27976 | F3: 79.0703 | G3: 6.79322 | H3: 100 | I3: 100 | J3: 0.412416 | K3: 0.00123005 | L3: 0.999989
A4: Run 4 function ACO 4start2 | B4: 104.92 | C4: 98.1164 | D4: 3.27681 | E4: 5.27975 | F4: 79.015 | G4: 6.80357 | H4: 100 | I4: 100 | J4: 0.412935 | K4: 0.00123005 | L4: 0.999996
A5: Run 4 function ACO 4start3 | B5: 104.889 | C5: 98.1133 | D5: 3.24405 | E5: 5.25415 | F5: 79.0549 | G5: 6.77603 | H5: 100 | I5: 100 | J5: 0.413056 | K5: 0.00123006 | L5: 0.999996
A6: Run 4 function ACO 4start4 | B6: 104.603 | C6: 97.9034 | D6: 3.22459 | E6: 5.22139 | F6: 78.9699 | G6: 6.7 | H6: 100 | I6: 100 | J6: 0.414185 | K6: 0.00123006 | L6: 0.999996
A7: Run 4 function ACO 4start5 | B7: 104.751 | C7: 97.9812 | D7: 3.25531 | E7: 5.23265 | F7: 78.9606 | G7: 6.77027 | H7: 100 | I7: 100 | J7: 0.413599 | K7: 0.00123006 | L7: 0.999983
A8: Run 4 function ACO 4start6 | B8: 103.614 | C8: 96.9277 | D8: 3.08225 | E8: 5.08827 | F8: 78.421 | G8: 6.68615 | H8: 100 | I8: 100 | J8: 0.41814 | K8: 0.00123006 | L8: 0.999999
A9: Run 4 function ACO 4start7 | B9: 104.751 | C9: 97.9465 | D9: 3.25122 | E9: 5.27669 | F9: 78.7927 | G9: 6.80412 | H9: 100 | I9: 100 | J9: 0.413603 | K9: 0.00123006 | L9: 0.999999
A10: Run 4 function ACO 4start8 | B10: 104.824 | C10: 98.0478 | D10: 3.30754 | E10: 5.29512 | F10: 78.8459 | G10: 6.77657 | H10: 100 | I10: 100 | J10: 0.413311 | K10: 0.00123006 | L10: 1
A11: Run 4 function ACO 4start9 | B11: 104.793 | C11: 97.9842 | D11: 3.25224 | E11: 5.30023 | F11: 78.8132 | G11: 6.80831 | H11: 100 | I11: 100 | J11: 0.413437 | K11: 0.00123006 | L11: 0.999981
A12: Run 4 function ACO 4start10 | B12: 103.4 | C12: 96.8314 | D12: 3.09249 | E12: 5.10875 | F12: 78.3698 | G12: 6.56848 | H12: 100 | I12: 100 | J12: 0.419006 | K12: 0.00123005 | L12: 0.999994
A13: Run 4 function ACO 4start11 | B13: 104.779 | C13: 98.0222 | D13: 3.25531 | E13: 5.34632 | F13: 78.802 | G13: 6.75699 | H13: 100 | I13: 100 | J13: 0.41349 | K13: 0.00123006 | L13: 1
... A201: Run 4 function ACO 4start transposed49 | B201: 105.391 | C201: 98.7652 | D201: 3.22152 | E201: 12.9444 | F201: 72.1714 | G201: 6.62604 | H201: 100 | I201: 100 | J201: 0.411089 | K201: 0.00123006 | L201: 0.998549
A202: Device 0: Tesla V100-SXM2-16GB | B202: Max thread in blocks: 1024 Total Global Memory: 16151,1 MB GPU Global Memory Usage: 0,497303 MB GPU Global Memory Hash Table: 1024 MB Max PARAMETR_SIZE in GPU Global Memory: 7482045 Shared memory per block: 49152 bytes (48 KB) Shared memory per multiprocessor: 98304 bytes (96 KB) Data size in Shared memory per block: 672 bytes (0,65625 KB) Constant Memory: 65536 bytes Parameter data size (in Constant Memory): 3360 bytes (3,28125 KB) Registers per Block: 65536 Warp Size: 32 Compute Capability: 7,0 Can Map Host Memory: Yes Clock Rate: 1530 MHz L2 Cache Size: 6291456 bytes Multiprocessor Count: 80 | C202: Max thread in blocks by axis: (1024, 1024, 64) | D202: Max blocks by axis: (2147483647, 65535, 65535) | E202: PARAMETR_SIZE: 84 | F202: MAX_VALUE_SIZE: 5 | G202: SET_PARAMETR_SIZE_ONE_X: 21 | H202: ANT_SIZE: 500 | I202: MAX_THREAD_CUDA: 512 | J202: NAME_FILE_GRAPH: Parametr_Graph/test84,txt | K202: KOL_ITERATION: 500 | L202: KOL_PROGREV: 5 | M202: KOL_PROGON_STATISTICS: 50 | N202: PARAMETR_RO: 0,999 | O202: PARAMETR_Q: 1 | P202: PRINT_INFORMATION: 0 | Q202: MAX_PARAMETR_VALUE_TO_MIN_OPT: 1 | R202: OPTIMIZE: OPTIMIZE_MIN_1 | S202: FUNCTION: SHAFFERA GO_HASH: 0 | T202: HASH_TABLE_SIZE: 67108864 | U202: ZERO_HASH_RESULT: -1 | V202: ZERO_HASH: 18446744073709551615 | W202: MAX_PROBES: 10000 | X202: MAX_CONST: 8192 | Y202: MAX_SHARED: 6144 | Z202: BLOCK_SIZE: 64 | AA202: BIN_SEARCH: 0 | AB202: NON_WHILE_ANT: 1
A203: Run 4 function ACO 4start0 | B203: 112.77 | C203: 106.112 | D203: 2.99726 | E203: 6.08258 | F203: 86.4966 | G203: 6.65776 | H203: 100 | I203: 100 | J203: 0.751864 | K203: 0.00123085 | L203: 0.995116
A204: Run 4 function ACO 4start1 | B204: 112.677 | C204: 106.03 | D204: 3.00648 | E204: 6.08463 | F204: 86.4025 | G204: 6.64655 | H204: 100 | I204: 100 | J204: 0.752485 | K204: 0.00123009 | L204: 0.995116
A205: Run 4 function ACO 4start2 | B205: 113.272 | C205: 106.108 | D205: 3.06177 | E205: 6.10613 | F205: 86.4178 | G205: 7.16456 | H205: 100 | I205: 100 | J205: 0.748528 | K205: 0.00123019 | L205: 0.995116
A206: Run 4 function ACO 4start3 | B206: 113.993 | C206: 106.915 | D206: 3.22971 | E206: 6.25357 | F206: 86.6336 | G206: 7.07848 | H206: 100 | I206: 100 | J206: 0.743794 | K206: 0.00123005 | L206: 0.995116
A207: Run 4 function ACO 4start4 | B207: 115.767 | C207: 108.232 | D207: 3.4171 | E207: 6.45531 | F207: 87.0789 | G207: 7.53529 | H207: 100 | I207: 100 | J207: 0.732399 | K207: 0.00123078 | L207: 0.995116
A208: Run 4 function ACO 4start5 | B208: 115.538 | C208: 107.526 | D208: 3.25224 | E208: 6.3437 | F208: 86.8693 | G208: 8.01195 | H208: 100 | I208: 100 | J208: 0.733851 | K208: 0.00123005 | L208: 0.995116
A209: Run 4 function ACO 4start6 | B209: 113.045 | C209: 106.319 | D209: 3.08225 | E209: 6.23003 | F209: 86.5756 | G209: 6.72568 | H209: 100 | I209: 100 | J209: 0.750035 | K209: 0.00123103 | L209: 0.995116
A210: Run 4 function ACO 4start7 | B210: 113.226 | C210: 106.434 | D210: 3.13653 | E210: 6.20034 | F210: 86.6122 | G210: 6.79253 | H210: 100 | I210: 100 | J210: 0.748835 | K210: 0.0012312 | L210: 0.995116
A211: Run 4 function ACO 4start8 | B211: 113.275 | C211: 106.415 | D211: 3.13448 | E211: 6.25871 | F211: 86.4393 | G211: 6.85965 | H211: 100 | I211: 100 | J211: 0.748513 | K211: 0.0012301 | L211: 0.995116
A212: Run 4 function ACO 4start9 | B212: 112.614 | C212: 105.841 | D212: 3.06792 | E212: 6.16654 | F212: 86.2363 | G212: 6.77395 | H212: 100 | I212: 100 | J212: 0.752901 | K212: 0.00123012 | L212: 0.995116
A213: Run 4 function ACO 4start10 | B213: 112.027 | C213: 105.426 | D213: 3.01774 | E213: 6.14504 | F213: 86.1052 | G213: 6.60099 | H213: 100 | I213: 100 | J213: 0.75685 | K213: 0.00123122 | L213: 0.995116
A214: Run 4 function ACO 4start11 | B214: 111.425 | C214: 104.959 | D214: 2.92046 | E214: 6.07336 | F214: 85.9701 | G214: 6.46629 | H214: 100 | I214: 100 | J214: 0.760937 | K214: 0.00123149 | L214: 0.995116
... A402: Run 4 function ACO 4start transposed49 | B402: 209.134 | C402: 202.596 | D402: 2.98395 | E402: 22.1419 | F402: 167.196 | G402: 6.53775 | H402: 100 | I402: 100 | J402: 0.405423 | K402: 0.0108569 | L402: 0.995113
A403: Device 0: Tesla V100-SXM2-16GB | B403: Max thread in blocks: 1024 Total Global Memory: 16151,1 MB GPU Global Memory Usage: 0,990772 MB GPU Global Memory Hash Table: 1024 MB Max PARAMETR_SIZE in GPU Global Memory: 7482045 Shared memory per block: 49152 bytes (48 KB) Shared memory per multiprocessor: 98304 bytes (96 KB) Data size in Shared memory per block: 1344 bytes (1,3125 KB) Constant Memory: 65536 bytes Parameter data size (in Constant Memory): 6720 bytes (6,5625 KB) Registers per Block: 65536 Warp Size: 32 Compute Capability: 7,0 Can Map Host Memory: Yes Clock Rate: 1530 MHz L2 Cache Size: 6291456 bytes Multiprocessor Count: 80 | C403: Max thread in blocks by axis: (1024, 1024, 64) | D403: Max blocks by axis: (2147483647, 65535, 65535) | E403: PARAMETR_SIZE: 168 | F403: MAX_VALUE_SIZE: 5 | G403: SET_PARAMETR_SIZE_ONE_X: 21 | H403: ANT_SIZE: 500 | I403: MAX_THREAD_CUDA: 512 | J403: NAME_FILE_GRAPH: Parametr_Graph/test168,txt | K403: KOL_ITERATION: 500 | L403: KOL_PROGREV: 5 | M403: KOL_PROGON_STATISTICS: 50 | N403: PARAMETR_RO: 0,999 | O403: PARAMETR_Q: 1 | P403: PRINT_INFORMATION: 0 | Q403: MAX_PARAMETR_VALUE_TO_MIN_OPT: 1 | R403: OPTIMIZE: OPTIMIZE_MIN_1 | S403: FUNCTION: SHAFFERA GO_HASH: 0 | T403: HASH_TABLE_SIZE: 67108864 | U403: ZERO_HASH_RESULT: -1 | V403: ZERO_HASH: 18446744073709551615 | W403: MAX_PROBES: 10000 | X403: MAX_CONST: 8192 | Y403: MAX_SHARED: 6144 | Z403: BLOCK_SIZE: 64 | AA403: BIN_SEARCH: 0 | AB403: NON_WHILE_ANT: 1
A404: Run 4 function ACO 4start0 | B404: 114.98 | C404: 108.457 | D404: 2.99829 | E404: 8.17562 | F404: 87.0155 | G404: 6.52263 | H404: 100 | I404: 100 | J404: 1.45863 | K404: 0.011379 | L404: 0.980969
A405: Run 4 function ACO 4start1 | B405: 115.049 | C405: 108.487 | D405: 2.98907 | E405: 8.23501 | F405: 86.9858 | G405: 6.56214 | H405: 100 | I405: 100 | J405: 1.45775 | K405: 0.0111864 | L405: 0.991873
A406: Run 4 function ACO 4start2 | B406: 115.988 | C406: 109.236 | D406: 3.09352 | E406: 8.28826 | F406: 87.0318 | G406: 6.75227 | H406: 100 | I406: 100 | J406: 1.44594 | K406: 0.0108569 | L406: 0.981014
A407: Run 4 function ACO 4start3 | B407: 115.138 | C407: 108.457 | D407: 2.99829 | E407: 8.2176 | F407: 86.9407 | G407: 6.68084 | H407: 100 | I407: 100 | J407: 1.45663 | K407: 0.0115929 | L407: 0.981019
A408: Run 4 function ACO 4start4 | B408: 114.805 | C408: 108.294 | D408: 2.94504 | E408: 8.18689 | F408: 86.9008 | G408: 6.51131 | H408: 100 | I408: 100 | J408: 1.46084 | K408: 0.010878 | L408: 0.994867
A409: Run 4 function ACO 4start5 | B409: 114.718 | C409: 108.229 | D409: 2.92763 | E409: 8.19303 | F409: 86.9091 | G409: 6.48949 | H409: 100 | I409: 100 | J409: 1.46195 | K409: 0.0113744 | L409: 0.991578
A410: Run 4 function ACO 4start6 | B410: 115.087 | C410: 108.5 | D410: 2.98395 | E410: 8.2473 | F410: 86.9746 | G410: 6.587 | H410: 100 | I410: 100 | J410: 1.45727 | K410: 0.0108682 | L410: 0.981018
A411: Run 4 function ACO 4start7 | B411: 115.012 | C411: 108.433 | D411: 2.96859 | E411: 8.24321 | F411: 86.95 | G411: 6.57822 | H411: 100 | I411: 100 | J411: 1.45822 | K411: 0.0108597 | L411: 0.991912
A412: Run 4 function ACO 4start8 | B412: 114.998 | C412: 108.436 | D412: 2.99317 | E412: 8.23399 | F412: 86.9345 | G412: 6.56183 | H412: 100 | I412: 100 | J412: 1.45839 | K412: 0.0108571 | L412: 0.994998
A413: Run 4 function ACO 4start9 | B413: 115.078 | C413: 108.475 | D413: 2.98088 | E413: 8.26368 | F413: 86.956 | G413: 6.60279 | H413: 100 | I413: 100 | J413: 1.45738 | K413: 0.010997 | L413: 0.995031
A414: Run 4 function ACO 4start10 | B414: 114.971 | C414: 108.39 | D414: 2.9563 | E414: 8.21351 | F414: 86.9397 | G414: 6.58106 | H414: 100 | I414: 100 | J414: 1.45873 | K414: 0.0111615 | L414: 0.981019
A415: Run 4 function ACO 4start11 | B415: 114.973 | C415: 108.412 | D415: 2.98907 | E415: 8.22785 | F415: 86.9408 | G415: 6.56159 | H415: 100 | I415: 100 | J415: 1.45871 | K415: 0.0108682 | L415: 0.981018
... A603: Run 4 function ACO 4start transposed49 | B603: 232.385 | C603: 225.515 | D603: 3.1396 | E603: 43.8015 | F603: 167.773 | G603: 6.86967 | H603: 100 | I603: 100 | J603: 0.721703 | K603: 0.0161244 | L603: 0.980838
A604: Device 0: Tesla V100-SXM2-16GB | B604: Max thread in blocks: 1024 Total Global Memory: 16151,1 MB GPU Global Memory Usage: 1,97771 MB GPU Global Memory Hash Table: 1024 MB Max PARAMETR_SIZE in GPU Global Memory: 7482045 Shared memory per block: 49152 bytes (48 KB) Shared memory per multiprocessor: 98304 bytes (96 KB) Data size in Shared memory per block: 2688 bytes (2,625 KB) Constant Memory: 65536 bytes Parameter data size (in Constant Memory): 13440 bytes (13,125 KB) Registers per Block: 65536 Warp Size: 32 Compute Capability: 7,0 Can Map Host Memory: Yes Clock Rate: 1530 MHz L2 Cache Size: 6291456 bytes Multiprocessor Count: 80 | C604: Max thread in blocks by axis: (1024, 1024, 64) | D604: Max blocks by axis: (2147483647, 65535, 65535) | E604: PARAMETR_SIZE: 336 | F604: MAX_VALUE_SIZE: 5 | G604: SET_PARAMETR_SIZE_ONE_X: 21 | H604: ANT_SIZE: 500 | I604: MAX_THREAD_CUDA: 512 | J604: NAME_FILE_GRAPH: Parametr_Graph/test336,txt | K604: KOL_ITERATION: 500 | L604: KOL_PROGREV: 5 | M604: KOL_PROGON_STATISTICS: 50 | N604: PARAMETR_RO: 0,999 | O604: PARAMETR_Q: 1 | P604: PRINT_INFORMATION: 0 | Q604: MAX_PARAMETR_VALUE_TO_MIN_OPT: 1 | R604: OPTIMIZE: OPTIMIZE_MIN_1 | S604: FUNCTION: SHAFFERA GO_HASH: 0 | T604: HASH_TABLE_SIZE: 67108864 | U604: ZERO_HASH_RESULT: -1 | V604: ZERO_HASH: 18446744073709551615 | W604: MAX_PROBES: 10000 | X604: MAX_CONST: 8192 | Y604: MAX_SHARED: 6144 | Z604: BLOCK_SIZE: 64 | AA604: BIN_SEARCH: 0 | AB604: NON_WHILE_ANT: 1
A605: Run 4 function ACO 4start0 | B605: 121.42 | C605: 114.629 | D605: 3.05461 | E605: 13.653 | F605: 87.26 | G605: 6.79153 | H605: 100 | I605: 100 | J605: 2.74718 | K605: 0.055743 | L605: 0.931836
A606: Run 4 function ACO 4start1 | B606: 121.293 | C606: 114.507 | D606: 3.05563 | E606: 13.6694 | F606: 87.1985 | G606: 6.78596 | H606: 100 | I606: 100 | J606: 2.75006 | K606: 0.0539602 | L606: 0.958811
A607: Run 4 function ACO 4start2 | B607: 121.299 | C607: 114.506 | D607: 3.0843 | E607: 13.653 | F607: 87.1883 | G607: 6.79319 | H607: 100 | I607: 100 | J607: 2.74992 | K607: 0.0546854 | L607: 0.931835
A608: Run 4 function ACO 4start3 | B608: 121.269 | C608: 114.528 | D608: 3.05461 | E608: 13.6714 | F608: 87.1729 | G608: 6.74031 | H608: 100 | I608: 100 | J608: 2.75061 | K608: 0.0540858 | L608: 0.931831
A609: Run 4 function ACO 4start4 | B609: 120.757 | C609: 114.038 | D609: 3.03003 | E609: 13.5895 | F609: 86.863 | G609: 6.71964 | H609: 100 | I609: 100 | J609: 2.76225 | K609: 0.0539098 | L609: 0.931833
A610: Run 4 function ACO 4start5 | B610: 120.782 | C610: 114.09 | D610: 3.00545 | E610: 13.6049 | F610: 86.865 | G610: 6.69162 | H610: 100 | I610: 100 | J610: 2.7617 | K610: 0.0539545 | L610: 0.956714
A611: Run 4 function ACO 4start6 | B611: 120.795 | C611: 114.08 | D611: 3.05665 | E611: 13.5997 | F611: 86.8343 | G611: 6.71553 | H611: 100 | I611: 100 | J611: 2.76139 | K611: 0.0569367 | L611: 0.931807
A612: Run 4 function ACO 4start7 | B612: 120.827 | C612: 114.169 | D612: 3.07099 | E612: 13.5864 | F612: 86.8936 | G612: 6.65866 | H612: 100 | I612: 100 | J612: 2.76065 | K612: 0.0539963 | L612: 0.931768
A613: Run 4 function ACO 4start8 | B613: 120.821 | C613: 114.126 | D613: 3.04437 | E613: 13.5936 | F613: 86.8711 | G613: 6.6956 | H613: 100 | I613: 100 | J613: 2.76079 | K613: 0.0323154 | L613: 0.949197
A614: Run 4 function ACO 4start9 | B614: 120.834 | C614: 114.17 | D614: 3.04744 | E614: 13.6161 | F614: 86.8609 | G614: 6.66361 | H614: 100 | I614: 100 | J614: 2.76051 | K614: 0.0589147 | L614: 0.95558
A615: Run 4 function ACO 4start10 | B615: 121.175 | C615: 114.153 | D615: 3.0628 | E615: 13.6325 | F615: 86.8895 | G615: 7.02155 | H615: 100 | I615: 100 | J615: 2.75273 | K615: 0.0539653 | L615: 0.931741
A616: Run 4 function ACO 4start11 | B616: 120.866 | C616: 114.163 | D616: 3.05768 | E616: 13.6264 | F616: 86.864 | G616: 6.70385 | H616: 100 | I616: 100 | J616: 2.75976 | K616: 0.0780121 | L616: 0.958247
... A804: Run 4 function ACO 4start transposed49 | B804: 335.624 | C804: 328.315 | D804: 3.15905 | E804: 87.7973 | F804: 226.597 | G804: 7.30838 | H804: 100 | I804: 100 | J804: 0.993859 | K804: 0.083279 | L804: 0.901063
A805: Device 0: Tesla V100-SXM2-16GB | B805: Max thread in blocks: 1024 Total Global Memory: 16151,1 MB GPU Global Memory Usage: 3,95159 MB GPU Global Memory Hash Table: 1024 MB Max PARAMETR_SIZE in GPU Global Memory: 7482045 Shared memory per block: 49152 bytes (48 KB) Shared memory per multiprocessor: 98304 bytes (96 KB) Data size in Shared memory per block: 5376 bytes (5,25 KB) Constant Memory: 65536 bytes Parameter data size (in Constant Memory): 26880 bytes (26,25 KB) Registers per Block: 65536 Warp Size: 32 Compute Capability: 7,0 Can Map Host Memory: Yes Clock Rate: 1530 MHz L2 Cache Size: 6291456 bytes Multiprocessor Count: 80 | C805: Max thread in blocks by axis: (1024, 1024, 64) | D805: Max blocks by axis: (2147483647, 65535, 65535) | E805: PARAMETR_SIZE: 672 | F805: MAX_VALUE_SIZE: 5 | G805: SET_PARAMETR_SIZE_ONE_X: 21 | H805: ANT_SIZE: 500 | I805: MAX_THREAD_CUDA: 512 | J805: NAME_FILE_GRAPH: Parametr_Graph/test672,txt | K805: KOL_ITERATION: 500 | L805: KOL_PROGREV: 5 | M805: KOL_PROGON_STATISTICS: 50 | N805: PARAMETR_RO: 0,999 | O805: PARAMETR_Q: 1 | P805: PRINT_INFORMATION: 0 | Q805: MAX_PARAMETR_VALUE_TO_MIN_OPT: 1 | R805: OPTIMIZE: OPTIMIZE_MIN_1 | S805: FUNCTION: SHAFFERA GO_HASH: 0 | T805: HASH_TABLE_SIZE: 67108864 | U805: ZERO_HASH_RESULT: -1 | V805: ZERO_HASH: 18446744073709551615 | W805: MAX_PROBES: 10000 | X805: MAX_CONST: 8192 | Y805: MAX_SHARED: 6144 | Z805: BLOCK_SIZE: 64 | AA805: BIN_SEARCH: 0 | AB805: NON_WHILE_ANT: 1
A806: Run 4 function ACO 4start0 | B806: 138.659 | C806: 132.186 | D806: 2.97371 | E806: 31.2852 | F806: 87.7789 | G806: 6.47282 | H806: 100 | I806: 100 | J806: 4.79784 | K806: 0.147445 | L806: 0.836854
A807: Run 4 function ACO 4start1 | B807: 138.612 | C807: 132.112 | D807: 2.94401 | E807: 31.2637 | F807: 87.6693 | G807: 6.49983 | H807: 100 | I807: 100 | J807: 4.79945 | K807: 0.154117 | L807: 0.836877
A808: Run 4 function ACO 4start2 | B808: 138.566 | C808: 132.093 | D808: 2.97166 | E808: 31.321 | F808: 87.6611 | G808: 6.47348 | H808: 100 | I808: 100 | J808: 4.80104 | K808: 0.160616 | L808: 0.836312
A809: Run 4 function ACO 4start3 | B809: 138.794 | C809: 132.253 | D809: 2.99317 | E809: 31.3343 | F809: 87.6641 | G809: 6.54164 | H809: 100 | I809: 100 | J809: 4.79316 | K809: 0.159149 | L809: 0.83633
A810: Run 4 function ACO 4start4 | B810: 138.437 | C810: 131.996 | D810: 2.95221 | E810: 31.3241 | F810: 87.6355 | G810: 6.44125 | H810: 100 | I810: 100 | J810: 4.80553 | K810: 0.169024 | L810: 0.836774
A811: Run 4 function ACO 4start5 | B811: 138.687 | C811: 132.181 | D811: 2.98702 | E811: 31.3425 | F811: 87.6836 | G811: 6.50603 | H811: 100 | I811: 100 | J811: 4.79687 | K811: 0.152479 | L811: 0.83694
A812: Run 4 function ACO 4start6 | B812: 138.674 | C812: 132.207 | D812: 2.99317 | E812: 31.3681 | F812: 87.6621 | G812: 6.46768 | H812: 100 | I812: 100 | J812: 4.7973 | K812: 0.178454 | L812: 0.868828
A813: Run 4 function ACO 4start7 | B813: 138.534 | C813: 132.085 | D813: 2.95835 | E813: 31.32 | F813: 87.6754 | G813: 6.44897 | H813: 100 | I813: 100 | J813: 4.80217 | K813: 0.153154 | L813: 0.837549
A814: Run 4 function ACO 4start8 | B814: 138.998 | C814: 132.169 | D814: 2.98805 | E814: 31.363 | F814: 87.6539 | G814: 6.82996 | H814: 100 | I814: 100 | J814: 4.78611 | K814: 0.155191 | L814: 0.837052
A815: Run 4 function ACO 4start9 | B815: 139.872 | C815: 133.053 | D815: 3.1652 | E815: 31.49 | F815: 87.8475 | G815: 6.81813 | H815: 100 | I815: 100 | J815: 4.75624 | K815: 0.165115 | L815: 0.836056
A816: Run 4 function ACO 4start10 | B816: 142.117 | C816: 134.058 | D816: 3.34338 | E816: 31.6887 | F816: 88.0063 | G816: 8.05928 | H816: 100 | I816: 100 | J816: 4.68108 | K816: 0.148323 | L816: 0.836983
A817: Run 4 function ACO 4start11 | B817: 139.47 | C817: 132.726 | D817: 3.0884 | E817: 31.4787 | F817: 87.7666 | G817: 6.74486 | H817: 100 | I817: 100 | J817: 4.76991 | K817: 0.148154 | L817: 0.868782
... A1005: Run 4 function ACO 4start transposed49 | B1005: 469.87 | C1005: 463.211 | D1005: 3.04437 | E1005: 170.477 | F1005: 279.374 | G1005: 6.659 | H1005: 100 | I1005: 100 | J1005: 1.41584 | K1005: 0.191587 | L1005: 0.834569
A1006: Device 0: Tesla V100-SXM2-16GB | B1006: Max thread in blocks: 1024 Total Global Memory: 16151,1 MB GPU Global Memory Usage: 7,89934 MB GPU Global Memory Hash Table: 1024 MB Max PARAMETR_SIZE in GPU Global Memory: 7482045 Shared memory per block: 49152 bytes (48 KB) Shared memory per multiprocessor: 98304 bytes (96 KB) Data size in Shared memory per block: 10752 bytes (10,5 KB) Constant Memory: 65536 bytes Parameter data size (in Constant Memory): 53760 bytes (52,5 KB) Registers per Block: 65536 Warp Size: 32 Compute Capability: 7,0 Can Map Host Memory: Yes Clock Rate: 1530 MHz L2 Cache Size: 6291456 bytes Multiprocessor Count: 80 | C1006: Max thread in blocks by axis: (1024, 1024, 64) | D1006: Max blocks by axis: (2147483647, 65535, 65535) | E1006: PARAMETR_SIZE: 1344 | F1006: MAX_VALUE_SIZE: 5 | G1006: SET_PARAMETR_SIZE_ONE_X: 21 | H1006: ANT_SIZE: 500 | I1006: MAX_THREAD_CUDA: 512 | J1006: NAME_FILE_GRAPH: Parametr_Graph/test1344,txt | K1006: KOL_ITERATION: 500 | L1006: KOL_PROGREV: 5 | M1006: KOL_PROGON_STATISTICS: 50 | N1006: PARAMETR_RO: 0,999 | O1006: PARAMETR_Q: 1 | P1006: PRINT_INFORMATION: 0 | Q1006: MAX_PARAMETR_VALUE_TO_MIN_OPT: 1 | R1006: OPTIMIZE: OPTIMIZE_MIN_1 | S1006: FUNCTION: SHAFFERA GO_HASH: 0 | T1006: HASH_TABLE_SIZE: 67108864 | U1006: ZERO_HASH_RESULT: -1 | V1006: ZERO_HASH: 18446744073709551615 | W1006: MAX_PROBES: 10000 | X1006: MAX_CONST: 8192 | Y1006: MAX_SHARED: 6144 | Z1006: BLOCK_SIZE: 64 | AA1006: BIN_SEARCH: 0 | AB1006: NON_WHILE_ANT: 1
A1007: Run 4 function ACO 4start0 | B1007: 220.492 | C1007: 213.679 | D1007: 3.28296 | E1007: 93.9724 | F1007: 105.6 | G1007: 6.81345 | H1007: 100 | I1007: 100 | J1007: 6.02588 | K1007: 0.283089 | L1007: 0.72788
A1008: Run 4 function ACO 4start1 | B1008: 220.322 | C1008: 213.518 | D1008: 3.2676 | E1008: 94.0145 | F1008: 105.452 | G1008: 6.80344 | H1008: 100 | I1008: 100 | J1008: 6.03056 | K1008: 0.264241 | L1008: 0.727811
A1009: Run 4 function ACO 4start2 | B1009: 220.452 | C1009: 213.639 | D1009: 3.27784 | E1009: 93.9941 | F1009: 105.457 | G1009: 6.81332 | H1009: 100 | I1009: 100 | J1009: 6.02698 | K1009: 0.261693 | L1009: 0.725468
A1010: Run 4 function ACO 4start3 | B1010: 220.815 | C1010: 213.552 | D1010: 3.2676 | E1010: 93.952 | F1010: 105.504 | G1010: 7.26297 | H1010: 100 | I1010: 100 | J1010: 6.01708 | K1010: 0.263382 | L1010: 0.721197
A1011: Run 4 function ACO 4start4 | B1011: 220.377 | C1011: 213.591 | D1011: 3.24917 | E1011: 94.0493 | F1011: 105.451 | G1011: 6.78606 | H1011: 100 | I1011: 100 | J1011: 6.02904 | K1011: 0.283125 | L1011: 0.72503
A1012: Run 4 function ACO 4start5 | B1012: 220.497 | C1012: 213.66 | D1012: 3.24814 | E1012: 94.0421 | F1012: 105.491 | G1012: 6.83752 | H1012: 100 | I1012: 100 | J1012: 6.02575 | K1012: 0.28309 | L1012: 0.725452
A1013: Run 4 function ACO 4start6 | B1013: 220.422 | C1013: 213.622 | D1013: 3.27477 | E1013: 94.0145 | F1013: 105.483 | G1013: 6.80008 | H1013: 100 | I1013: 100 | J1013: 6.02781 | K1013: 0.283085 | L1013: 0.727433
A1014: Run 4 function ACO 4start7 | B1014: 220.614 | C1014: 213.778 | D1014: 3.26248 | E1014: 94.0605 | F1014: 105.566 | G1014: 6.83521 | H1014: 100 | I1014: 100 | J1014: 6.02258 | K1014: 0.283078 | L1014: 0.727861
A1015: Run 4 function ACO 4start8 | B1015: 220.458 | C1015: 213.706 | D1015: 3.27886 | E1015: 94.0554 | F1015: 105.515 | G1015: 6.75195 | H1015: 100 | I1015: 100 | J1015: 6.02684 | K1015: 0.27055 | L1015: 0.727853
A1016: Run 4 function ACO 4start9 | B1016: 220.599 | C1016: 213.771 | D1016: 3.29934 | E1016: 93.9868 | F1016: 105.544 | G1016: 6.82812 | H1016: 100 | I1016: 100 | J1016: 6.02296 | K1016: 0.26062 | L1016: 0.727891
A1017: Run 4 function ACO 4start10 | B1017: 220.521 | C1017: 213.731 | D1017: 3.27579 | E1017: 94.0472 | F1017: 105.556 | G1017: 6.78987 | H1017: 100 | I1017: 100 | J1017: 6.0251 | K1017: 0.283082 | L1017: 0.72607
A1018: Run 4 function ACO 4start11 | B1018: 220.473 | C1018: 213.668 | D1018: 3.30446 | E1018: 94.0185 | F1018: 105.473 | G1018: 6.80559 | H1018: 100 | I1018: 100 | J1018: 6.0264 | K1018: 0.274701 | L1018: 0.727803
... A1206: Run 4 function ACO 4start transposed49 | B1206: 680.485 | C1206: 673.966 | D1206: 3.21538 | E1206: 358.74 | F1206: 301.44 | G1206: 6.5191 | H1206: 100 | I1206: 100 | J1206: 1.95252 | K1206: 0.283462 | L1206: 0.706532
A1207: Device 0: Tesla V100-SXM2-16GB | B1207: Max thread in blocks: 1024 Total Global Memory: 16151,1 MB GPU Global Memory Usage: 15,7948 MB GPU Global Memory Hash Table: 1024 MB Max PARAMETR_SIZE in GPU Global Memory: 7343488 Shared memory per block: 49152 bytes (48 KB) Shared memory per multiprocessor: 98304 bytes (96 KB) Data size in Shared memory per block: 21504 bytes (21 KB) Constant Memory: 65536 bytes Parameter data size (in Constant Memory): 107520 bytes (105 KB) Registers per Block: 65536 Warp Size: 32 Compute Capability: 7,0 Can Map Host Memory: Yes Clock Rate: 1530 MHz L2 Cache Size: 6291456 bytes Multiprocessor Count: 80 | C1207: Max thread in blocks by axis: (1024, 1024, 64) | D1207: Max blocks by axis: (2147483647, 65535, 65535) | E1207: PARAMETR_SIZE: 2688 | F1207: MAX_VALUE_SIZE: 5 | G1207: SET_PARAMETR_SIZE_ONE_X: 21 | H1207: ANT_SIZE: 500 | I1207: MAX_THREAD_CUDA: 512 | J1207: NAME_FILE_GRAPH: Parametr_Graph/test2688,txt | K1207: KOL_ITERATION: 500 | L1207: KOL_PROGREV: 5 | M1207: KOL_PROGON_STATISTICS: 50 | N1207: PARAMETR_RO: 0,999 | O1207: PARAMETR_Q: 1 | P1207: PRINT_INFORMATION: 0 | Q1207: MAX_PARAMETR_VALUE_TO_MIN_OPT: 1 | R1207: OPTIMIZE: OPTIMIZE_MIN_1 | S1207: FUNCTION: SHAFFERA GO_HASH: 0 | T1207: HASH_TABLE_SIZE: 67108864 | U1207: ZERO_HASH_RESULT: -1 | V1207: ZERO_HASH: 18446744073709551615 | W1207: MAX_PROBES: 10000 | X1207: MAX_CONST: 8192 | Y1207: MAX_SHARED: 6144 | Z1207: BLOCK_SIZE: 64 | AA1207: BIN_SEARCH: 0 | AB1207: NON_WHILE_ANT: 1
A1208: Run 4 function ACO 4start0 | B1208: 358.814 | C1208: 352.143 | D1208: 3.30856 | E1208: 230.648 | F1208: 107.566 | G1208: 6.67093 | H1208: 100 | I1208: 100 | J1208: 7.40066 | K1208: 0.37569 | L1208: 0.623094
A1209: Run 4 function ACO 4start1 | B1209: 358.119 | C1209: 351.403 | D1209: 3.31061 | E1209: 230.555 | F1209: 106.857 | G1209: 6.71631 | H1209: 100 | I1209: 100 | J1209: 7.41503 | K1209: 0.375691 | L1209: 0.629236
A1210: Run 4 function ACO 4start2 | B1210: 357.811 | C1210: 351.191 | D1210: 3.30344 | E1210: 230.576 | F1210: 106.657 | G1210: 6.61957 | H1210: 100 | I1210: 100 | J1210: 7.42142 | K1210: 0.364782 | L1210: 0.620546
A1211: Run 4 function ACO 4start3 | B1211: 357.876 | C1211: 351.134 | D1211: 3.31266 | E1211: 230.612 | F1211: 106.553 | G1211: 6.74194 | H1211: 100 | I1211: 100 | J1211: 7.42006 | K1211: 0.364635 | L1211: 0.62974
A1212: Run 4 function ACO 4start4 | B1212: 358.036 | C1212: 351.211 | D1212: 3.34952 | E1212: 230.629 | F1212: 106.544 | G1212: 6.82462 | H1212: 100 | I1212: 100 | J1212: 7.41674 | K1212: 0.375699 | L1212: 0.629348
A1213: Run 4 function ACO 4start5 | B1213: 357.834 | C1213: 351.088 | D1213: 3.33006 | E1213: 230.539 | F1213: 106.581 | G1213: 6.74579 | H1213: 100 | I1213: 100 | J1213: 7.42093 | K1213: 0.375691 | L1213: 0.619122
A1214: Run 4 function ACO 4start6 | B1214: 357.975 | C1214: 351.32 | D1214: 3.3188 | E1214: 230.523 | F1214: 106.83 | G1214: 6.65536 | H1214: 100 | I1214: 100 | J1214: 7.418 | K1214: 0.364433 | L1214: 0.62973
A1215: Run 4 function ACO 4start7 | B1215: 358.13 | C1215: 351.454 | D1215: 3.33928 | E1215: 230.572 | F1215: 106.89 | G1215: 6.67548 | H1215: 100 | I1215: 100 | J1215: 7.41481 | K1215: 0.375725 | L1215: 0.629802
A1216: Run 4 function ACO 4start8 | B1216: 358.572 | C1216: 351.886 | D1216: 3.32904 | E1216: 230.603 | F1216: 106.866 | G1216: 6.6861 | H1216: 100 | I1216: 100 | J1216: 7.40565 | K1216: 0.375708 | L1216: 0.629792
A1217: Run 4 function ACO 4start9 | B1217: 358.131 | C1217: 351.37 | D1217: 3.31368 | E1217: 230.613 | F1217: 106.766 | G1217: 6.76071 | H1217: 100 | I1217: 100 | J1217: 7.41478 | K1217: 0.375844 | L1217: 0.627921
A1218: Run 4 function ACO 4start10 | B1218: 359.238 | C1218: 352.246 | D1218: 3.51336 | E1218: 230.826 | F1218: 106.923 | G1218: 6.99231 | H1218: 100 | I1218: 100 | J1218: 7.39193 | K1218: 0.37571 | L1218: 0.629741
A1219: Run 4 function ACO 4start11 | B1219: 358.834 | C1219: 351.33 | D1219: 3.35464 | E1219: 230.607 | F1219: 106.819 | G1219: 7.50345 | H1219: 100 | I1219: 100 | J1219: 7.40026 | K1219: 0.375692 | L1219: 0.6293
... A1407: Run 4 function ACO 4start transposed49 | B1407: 1079.01 | C1407: 1072.12 | D1407: 3.44373 | E1407: 749.867 | F1407: 306.948 | G1407: 6.88965 | H1407: 100 | I1407: 100 | J1407: 2.46102 | K1407: 0.375702 | L1407: 0.619088
A1408: Device 0: Tesla V100-SXM2-16GB | B1408: Max thread in blocks: 1024 Total Global Memory: 16151,1 MB GPU Global Memory Usage: 31,5859 MB GPU Global Memory Hash Table: 1024 MB Max PARAMETR_SIZE in GPU Global Memory: 7343488 Shared memory per block: 49152 bytes (48 KB) Shared memory per multiprocessor: 98304 bytes (96 KB) Data size in Shared memory per block: 43008 bytes (42 KB) Constant Memory: 65536 bytes Parameter data size (in Constant Memory): 215040 bytes (210 KB) Registers per Block: 65536 Warp Size: 32 Compute Capability: 7,0 Can Map Host Memory: Yes Clock Rate: 1530 MHz L2 Cache Size: 6291456 bytes Multiprocessor Count: 80 | C1408: Max thread in blocks by axis: (1024, 1024, 64) | D1408: Max blocks by axis: (2147483647, 65535, 65535) | E1408: PARAMETR_SIZE: 5376 | F1408: MAX_VALUE_SIZE: 5 | G1408: SET_PARAMETR_SIZE_ONE_X: 21 | H1408: ANT_SIZE: 500 | I1408: MAX_THREAD_CUDA: 512 | J1408: NAME_FILE_GRAPH: Parametr_Graph/test5376,txt | K1408: KOL_ITERATION: 500 | L1408: KOL_PROGREV: 5 | M1408: KOL_PROGON_STATISTICS: 50 | N1408: PARAMETR_RO: 0,999 | O1408: PARAMETR_Q: 1 | P1408: PRINT_INFORMATION: 0 | Q1408: MAX_PARAMETR_VALUE_TO_MIN_OPT: 1 | R1408: OPTIMIZE: OPTIMIZE_MIN_1 | S1408: FUNCTION: SHAFFERA GO_HASH: 0 | T1408: HASH_TABLE_SIZE: 67108864 | U1408: ZERO_HASH_RESULT: -1 | V1408: ZERO_HASH: 18446744073709551615 | W1408: MAX_PROBES: 10000 | X1408: MAX_CONST: 8192 | Y1408: MAX_SHARED: 6144 | Z1408: BLOCK_SIZE: 256 | AA1408: BIN_SEARCH: 0 | AB1408: NON_WHILE_ANT: 1
A1409: Run 4 function ACO 4start0 | B1409: 597.712 | C1409: 591.045 | D1409: 3.8779 | E1409: 426.237 | F1409: 149.546 | G1409: 6.66718 | H1409: 100 | I1409: 100 | J1409: 8.88231 | K1409: 0.43283 | L1409: 0.565177
...

Sheet Лист2_1
A1: Device 0: Tesla V100-SXM2-16GB | B1: Max thread in blocks: 1024 Total Global Memory: 16151,1 MB GPU Global Memory Usage: 0,250568 MB GPU Global Memory Hash Table: 1024 MB Max PARAMETR_SIZE in GPU Global Memory: 7482045 Shared memory per block: 49152 bytes (48 KB) Shared memory per multiprocessor: 98304 bytes (96 KB) Data size in Shared memory per block: 336 bytes (0,328125 KB) Constant Memory: 65536 bytes Parameter data size (in Constant Memory): 1680 bytes (1,64062 KB) Registers per Block: 65536 Warp Size: 32 Compute Capability: 7,0 Can Map Host Memory: Yes Clock Rate: 1530 MHz L2 Cache Size: 6291456 bytes Multiprocessor Count: 80 | C1: Max thread in blocks by axis: (1024, 1024, 64) | D1: Max blocks by axis: (2147483647, 65535, 65535) | E1: PARAMETR_SIZE: 42 | F1: MAX_VALUE_SIZE: 5 | G1: SET_PARAMETR_SIZE_ONE_X: 21 | H1: ANT_SIZE: 500 | I1: MAX_THREAD_CUDA: 512 | J1: NAME_FILE_GRAPH: Parametr_Graph/test42,txt | K1: KOL_ITERATION: 500 | L1: KOL_PROGREV: 5 | M1: KOL_PROGON_STATISTICS: 50 | N1: PARAMETR_RO: 0,999 | O1: PARAMETR_Q: 1 | P1: PRINT_INFORMATION: 0 | Q1: MAX_PARAMETR_VALUE_TO_MIN_OPT: 1 | R1: OPTIMIZE: OPTIMIZE_MIN_1 | S1: FUNCTION: SHAFFERA GO_HASH: 1 | T1: HASH_TABLE_SIZE: 67108864 | U1: ZERO_HASH_RESULT: -1 | V1: ZERO_HASH: 18446744073709551615 | W1: MAX_PROBES: 10000 | X1: MAX_CONST: 8192 | Y1: MAX_SHARED: 6144 | Z1: BLOCK_SIZE: 64 | AA1: BIN_SEARCH: 0 | AB1: NON_WHILE_ANT: 1
A2: Run 4 function ACO 4start0 | B2: 41.3497 | C2: 23.5489 | D2: 2.92456 | E2: 5.14869 | F2: 6.14914 | G2: 17.8008 | H2: 81.8356 | I2: 100 | J2: 1.04777 | K2: 0.00123006 | L2: 0.995116
A3: Run 4 function ACO 4start1 | B3: 29.2548 | C3: 23.4055 | D3: 2.92456 | E3: 5.14664 | F3: 6.09077 | G3: 5.84927 | H3: 79.664 | I3: 100 | J3: 1.48096 | K3: 0.00123009 | L3: 0.995116
A4: Run 4 function ACO 4start2 | B4: 29.5232 | C4: 23.4413 | D4: 2.94504 | E4: 5.15483 | F4: 6.09384 | G4: 6.08191 | H4: 77.618 | I4: 100 | J4: 1.46749 | K4: 0.00123007 | L4: 0.995116
A5: Run 4 function ACO 4start3 | B5: 35.5826 | C5: 23.5253 | D5: 2.97678 | E5: 5.15585 | F5: 6.0621 | G5: 12.0573 | H5: 75.7016 | I5: 100 | J5: 1.21759 | K5: 0.00123007 | L5: 0.995116
A6: Run 4 function ACO 4start4 | B6: 516.201 | C6: 22.276 | D6: 2.76584 | E6: 4.80666 | F6: 5.63405 | G6: 493.925 | H6: 74.0636 | I6: 100 | J6: 0.0839308 | K6: 0.00123011 | L6: 0.995116
A7: Run 4 function ACO 4start5 | B7: 28.5012 | C7: 22.6221 | D7: 2.79041 | E7: 4.83533 | F7: 5.68013 | G7: 5.87904 | H7: 72.0492 | I7: 100 | J7: 1.52012 | K7: 0.00123007 | L7: 0.995116
A8: Run 4 function ACO 4start6 | B8: 28.1784 | C8: 22.4624 | D8: 2.79553 | E8: 4.80359 | F8: 5.65965 | G8: 5.71601 | H8: 70.528 | I8: 100 | J8: 1.53753 | K8: 0.00123011 | L8: 0.995116
A9: Run 4 function ACO 4start7 | B9: 28.1392 | C9: 22.4204 | D9: 2.7515 | E9: 4.8169 | F9: 5.63814 | G9: 5.71876 | H9: 69.266 | I9: 100 | J9: 1.53967 | K9: 0.00123011 | L9: 0.995116
A10: Run 4 function ACO 4start8 | B10: 28.243 | C10: 22.5054 | D10: 2.7812 | E10: 4.81792 | F10: 5.67603 | G10: 5.73758 | H10: 67.7712 | I10: 100 | J10: 1.53401 | K10: 0.00123005 | L10: 0.995116
A11: Run 4 function ACO 4start9 | B11: 28.6083 | C11: 22.3999 | D11: 2.79246 | E11: 4.8169 | F11: 5.63917 | G11: 6.20838 | H11: 66.2408 | I11: 100 | J11: 1.51442 | K11: 0.00123011 | L11: 0.995116
A12: Run 4 function ACO 4start10 | B12: 27.9624 | C12: 22.276 | D12: 2.77505 | E12: 4.81792 | F12: 5.61152 | G12: 5.68641 | H12: 65.186 | I12: 100 | J12: 1.5494 | K12: 0.0012301 | L12: 0.995116
A13: Run 4 function ACO 4start11 | B13: 27.9921 | C13: 22.318 | D13: 2.74433 | E13: 4.84148 | F13: 5.64019 | G13: 5.67409 | H13: 64.3424 | I13: 100 | J13: 1.54776 | K13: 0.00123011 | L13: 0.995116
... A201: Run 4 function ACO 4start transposed49 | B201: 85.9668 | C201: 80.3613 | D201: 2.83035 | E201: 12.6168 | F201: 55.9163 | G201: 5.60547 | H201: 51.3932 | I201: 100 | J201: 0.503975 | K201: 0.00123006 | L201: 0.995677
A202: Device 0: Tesla V100-SXM2-16GB | B202: Max thread in blocks: 1024 Total Global Memory: 16151,1 MB GPU Global Memory Usage: 0,497303 MB GPU Global Memory Hash Table: 1024 MB Max PARAMETR_SIZE in GPU Global Memory: 7482045 Shared memory per block: 49152 bytes (48 KB) Shared memory per multiprocessor: 98304 bytes (96 KB) Data size in Shared memory per block: 672 bytes (0,65625 KB) Constant Memory: 65536 bytes Parameter data size (in Constant Memory): 3360 bytes (3,28125 KB) Registers per Block: 65536 Warp Size: 32 Compute Capability: 7,0 Can Map Host Memory: Yes Clock Rate: 1530 MHz L2 Cache Size: 6291456 bytes Multiprocessor Count: 80 | C202: Max thread in blocks by axis: (1024, 1024, 64) | D202: Max blocks by axis: (2147483647, 65535, 65535) | E202: PARAMETR_SIZE: 84 | F202: MAX_VALUE_SIZE: 5 | G202: SET_PARAMETR_SIZE_ONE_X: 21 | H202: ANT_SIZE: 500 | I202: MAX_THREAD_CUDA: 512 | J202: NAME_FILE_GRAPH: Parametr_Graph/test84,txt | K202: KOL_ITERATION: 500 | L202: KOL_PROGREV: 5 | M202: KOL_PROGON_STATISTICS: 50 | N202: PARAMETR_RO: 0,999 | O202: PARAMETR_Q: 1 | P202: PRINT_INFORMATION: 0 | Q202: MAX_PARAMETR_VALUE_TO_MIN_OPT: 1 | R202: OPTIMIZE: OPTIMIZE_MIN_1 | S202: FUNCTION: SHAFFERA GO_HASH: 1 | T202: HASH_TABLE_SIZE: 67108864 | U202: ZERO_HASH_RESULT: -1 | V202: ZERO_HASH: 18446744073709551615 | W202: MAX_PROBES: 10000 | X202: MAX_CONST: 8192 | Y202: MAX_SHARED: 6144 | Z202: BLOCK_SIZE: 64 | AA202: BIN_SEARCH: 0 | AB202: NON_WHILE_ANT: 1
A203: Run 4 function ACO 4start0 | B203: 30.4163 | C203: 24.8823 | D203: 2.89998 | E203: 6.20137 | F203: 6.7502 | G203: 5.53399 | H203: 98.9064 | I203: 100 | J203: 2.78758 | K203: 0.00142329 | L203: 0.995116
A204: Run 4 function ACO 4start1 | B204: 30.4755 | C204: 24.8505 | D204: 2.89896 | E204: 6.20342 | F204: 6.69286 | G204: 5.62497 | H204: 98.7632 | I204: 100 | J204: 2.78216 | K204: 0.00123007 | L204: 0.995116
A205: Run 4 function ACO 4start2 | B205: 30.3305 | C205: 24.7635 | D205: 2.90305 | E205: 6.20853 | F205: 6.699 | G205: 5.567 | H205: 98.5668 | I205: 100 | J205: 2.79546 | K205: 0.00123384 | L205: 0.995116
A206: Run 4 function ACO 4start3 | B206: 30.3832 | C206: 24.7962 | D206: 2.89179 | E206: 6.21673 | F206: 6.6519 | G206: 5.58698 | H206: 98.412 | I206: 100 | J206: 2.79061 | K206: 0.00123295 | L206: 0.995115
A207: Run 4 function ACO 4start4 | B207: 30.3772 | C207: 24.8126 | D207: 2.91329 | E207: 6.22184 | F207: 6.66624 | G207: 5.56455 | H207: 98.1612 | I207: 100 | J207: 2.79116 | K207: 0.00124204 | L207: 0.995116
A208: Run 4 function ACO 4start5 | B208: 29.5832 | C208: 24.0456 | D208: 2.79451 | E208: 5.95867 | F208: 6.33858 | G208: 5.53757 | H208: 98.0612 | I208: 100 | J208: 2.86608 | K208: 0.00123114 | L208: 0.995115
A209: Run 4 function ACO 4start6 | B209: 29.49 | C209: 23.9637 | D209: 2.77096 | E209: 5.96481 | F209: 6.3355 | G209: 5.52634 | H209: 97.8924 | I209: 100 | J209: 2.87513 | K209: 0.00123055 | L209: 0.995116
A210: Run 4 function ACO 4start7 | B210: 29.5694 | C210: 24.0231 | D210: 2.78017 | E210: 5.96379 | F210: 6.34062 | G210: 5.54636 | H210: 97.6628 | I210: 100 | J210: 2.86741 | K210: 0.00123117 | L210: 0.995115
A211: Run 4 function ACO 4start8 | B211: 29.5228 | C211: 24.0241 | D211: 2.79451 | E211: 5.98529 | F211: 6.3396 | G211: 5.4987 | H211: 97.5064 | I211: 100 | J211: 2.87194 | K211: 0.00123117 | L211: 0.995116
A212: Run 4 function ACO 4start9 | B212: 29.5274 | C212: 23.9718 | D212: 2.78017 | E212: 5.96891 | F212: 6.30888 | G212: 5.55553 | H212: 97.3436 | I212: 100 | J212: 2.87149 | K212: 0.00124204 | L212: 0.995116
A213: Run 4 function ACO 4start10 | B213: 29.4651 | C213: 23.9544 | D213: 2.78632 | E213: 5.96379 | F213: 6.29557 | G213: 5.51067 | H213: 97.2508 | I213: 100 | J213: 2.87756 | K213: 0.00123008 | L213: 0.995116
A214: Run 4 function ACO 4start11 | B214: 29.5451 | C214: 23.9841 | D214: 2.77812 | E214: 5.97608 | F214: 6.30069 | G214: 5.56091 | H214: 97.0764 | I214: 100 | J214: 2.86977 | K214: 0.00123528 | L214: 0.995116
... A402: Run 4 function ACO 4start transposed49 | B402: 97.3928 | C402: 91.4364 | D402: 2.86312 | E402: 22.02 | F402: 56.9619 | G402: 5.95646 | H402: 50.6996 | I402: 100 | J402: 0.870573 | K402: 0.00125346 | L402: 0.995116
A403: Device 0: Tesla V100-SXM2-16GB | B403: Max thread in blocks: 1024 Total Global Memory: 16151,1 MB GPU Global Memory Usage: 0,990772 MB GPU Global Memory Hash Table: 1024 MB Max PARAMETR_SIZE in GPU Global Memory: 7482045 Shared memory per block: 49152 bytes (48 KB) Shared memory per multiprocessor: 98304 bytes (96 KB) Data size in Shared memory per block: 1344 bytes (1,3125 KB) Constant Memory: 65536 bytes Parameter data size (in Constant Memory): 6720 bytes (6,5625 KB) Registers per Block: 65536 Warp Size: 32 Compute Capability: 7,0 Can Map Host Memory: Yes Clock Rate: 1530 MHz L2 Cache Size: 6291456 bytes Multiprocessor Count: 80 | C403: Max thread in blocks by axis: (1024, 1024, 64) | D403: Max blocks by axis: (2147483647, 65535, 65535) | E403: PARAMETR_SIZE: 168 | F403: MAX_VALUE_SIZE: 5 | G403: SET_PARAMETR_SIZE_ONE_X: 21 | H403: ANT_SIZE: 500 | I403: MAX_THREAD_CUDA: 512 | J403: NAME_FILE_GRAPH: Parametr_Graph/test168,txt | K403: KOL_ITERATION: 500 | L403: KOL_PROGREV: 5 | M403: KOL_PROGON_STATISTICS: 50 | N403: PARAMETR_RO: 0,999 | O403: PARAMETR_Q: 1 | P403: PRINT_INFORMATION: 0 | Q403: MAX_PARAMETR_VALUE_TO_MIN_OPT: 1 | R403: OPTIMIZE: OPTIMIZE_MIN_1 | S403: FUNCTION: SHAFFERA GO_HASH: 1 | T403: HASH_TABLE_SIZE: 67108864 | U403: ZERO_HASH_RESULT: -1 | V403: ZERO_HASH: 18446744073709551615 | W403: MAX_PROBES: 10000 | X403: MAX_CONST: 8192 | Y403: MAX_SHARED: 6144 | Z403: BLOCK_SIZE: 64 | AA403: BIN_SEARCH: 0 | AB403: NON_WHILE_ANT: 1
A404: Run 4 function ACO 4start0 | B404: 34.0077 | C404: 28.2572 | D404: 2.9532 | E404: 8.66611 | F404: 7.3288 | G404: 5.75051 | H404: 99.9592 | I404: 100 | J404: 4.9316 | K404: 0.0112518 | L404: 0.981002
A405: Run 4 function ACO 4start1 | B405: 33.3917 | C405: 27.6254 | D405: 2.91636 | E405: 8.51046 | F405: 7.12809 | G405: 5.76627 | H405: 99.9144 | I405: 100 | J405: 5.02258 | K405: 0.0113369 | L405: 0.981015
A406: Run 4 function ACO 4start2 | B406: 33.3649 | C406: 27.5548 | D406: 2.88155 | E406: 8.49305 | F406: 7.10659 | G406: 5.81015 | H406: 99.9236 | I406: 100 | J406: 5.02661 | K406: 0.0110202 | L406: 0.981019
A407: Run 4 function ACO 4start3 | B407: 33.2413 | C407: 27.5558 | D407: 2.89691 | E407: 8.50226 | F407: 7.09737 | G407: 5.68549 | H407: 99.9312 | I407: 100 | J407: 5.04531 | K407: 0.0111812 | L407: 0.991982
A408: Run 4 function ACO 4start4 | B408: 33.0751 | C408: 27.4319 | D408: 2.89588 | E408: 8.46643 | F408: 7.09532 | G408: 5.64323 | H408: 99.934 | I408: 100 | J408: 5.07066 | K408: 0.0122221 | L408: 0.988727
A409: Run 4 function ACO 4start5 | B409: 33.0488 | C409: 27.3387 | D409: 2.88155 | E409: 8.28314 | F409: 6.90892 | G409: 5.7101 | H409: 99.9172 | I409: 100 | J409: 5.0747 | K409: 0.017729 | L409: 0.981017
A410: Run 4 function ACO 4start6 | B410: 32.3267 | C410: 26.7233 | D410: 2.80884 | E410: 8.11419 | F410: 6.80141 | G410: 5.60343 | H410: 99.9108 | I410: 100 | J410: 5.18805 | K410: 0.0108611 | L410: 0.981007
A411: Run 4 function ACO 4start7 | B411: 32.8681 | C411: 26.8451 | D411: 2.81396 | E411: 8.09985 | F411: 6.80755 | G411: 6.02293 | H411: 99.8992 | I411: 100 | J411: 5.1026 | K411: 0.0114177 | L411: 0.992435
A412: Run 4 function ACO 4start8 | B412: 260.313 | C412: 26.9291 | D412: 2.83035 | E412: 8.08858 | F412: 6.80653 | G412: 233.384 | H412: 99.8876 | I412: 100 | J412: 0.644272 | K412: 0.0109067 | L412: 0.981001
A413: Run 4 function ACO 4start9 | B413: 301.56 | C413: 29.3224 | D413: 3.15086 | E413: 8.47769 | F413: 7.15164 | G413: 272.237 | H413: 99.8732 | I413: 100 | J413: 0.556151 | K413: 0.0108651 | L413: 0.981019
A414: Run 4 function ACO 4start10 | B414: 40.3252 | C414: 32.6604 | D414: 3.74888 | E414: 9.00608 | F414: 8.03839 | G414: 7.66476 | H414: 99.8716 | I414: 100 | J414: 4.159 | K414: 0.0135348 | L414: 0.988225
A415: Run 4 function ACO 4start11 | B415: 37.2779 | C415: 30.3075 | D415: 3.32392 | E415: 8.67327 | F415: 7.33084 | G415: 6.97045 | H415: 99.8804 | I415: 100 | J415: 4.49898 | K415: 0.0112238 | L415: 0.991571
... A603: Run 4 function ACO 4start transposed49 | B603: 118.202 | C603: 112.572 | D603: 2.84161 | E603: 43.5558 | F603: 57.1752 | G603: 5.63087 | H603: 50.4864 | I603: 100 | J603: 1.41886 | K603: 0.0116819 | L603: 0.980982
A604: Device 0: Tesla V100-SXM2-16GB | B604: Max thread in blocks: 1024 Total Global Memory: 16151,1 MB GPU Global Memory Usage: 1,97771 MB GPU Global Memory Hash Table: 1024 MB Max PARAMETR_SIZE in GPU Global Memory: 7482045 Shared memory per block: 49152 bytes (48 KB) Shared memory per multiprocessor: 98304 bytes (96 KB) Data size in Shared memory per block: 2688 bytes (2,625 KB) Constant Memory: 65536 bytes Parameter data size (in Constant Memory): 13440 bytes (13,125 KB) Registers per Block: 65536 Warp Size: 32 Compute Capability: 7,0 Can Map Host Memory: Yes Clock Rate: 1530 MHz L2 Cache Size: 6291456 bytes Multiprocessor Count: 80 | C604: Max thread in blocks by axis: (1024, 1024, 64) | D604: Max blocks by axis: (2147483647, 65535, 65535) | E604: PARAMETR_SIZE: 336 | F604: MAX_VALUE_SIZE: 5 | G604: SET_PARAMETR_SIZE_ONE_X: 21 | H604: ANT_SIZE: 500 | I604: MAX_THREAD_CUDA: 512 | J604: NAME_FILE_GRAPH: Parametr_Graph/test336,txt | K604: KOL_ITERATION: 500 | L604: KOL_PROGREV: 5 | M604: KOL_PROGON_STATISTICS: 50 | N604: PARAMETR_RO: 0,999 | O604: PARAMETR_Q: 1 | P604: PRINT_INFORMATION: 0 | Q604: MAX_PARAMETR_VALUE_TO_MIN_OPT: 1 | R604: OPTIMIZE: OPTIMIZE_MIN_1 | S604: FUNCTION: SHAFFERA GO_HASH: 1 | T604: HASH_TABLE_SIZE: 67108864 | U604: ZERO_HASH_RESULT: -1 | V604: ZERO_HASH: 18446744073709551615 | W604: MAX_PROBES: 10000 | X604: MAX_CONST: 8192 | Y604: MAX_SHARED: 6144 | Z604: BLOCK_SIZE: 64 | AA604: BIN_SEARCH: 0 | AB604: NON_WHILE_ANT: 1
A605: Run 4 function ACO 4start0 | B605: 41.5474 | C605: 35.3567 | D605: 3.06283 | E605: 15.0405 | F605: 7.92682 | G605: 6.19071 | H605: 99.9872 | I605: 100 | J605: 8.02849 | K605: 0.0577325 | L605: 0.931755
A606: Run 4 function ACO 4start1 | B606: 271.505 | C606: 33.84 | D606: 2.95016 | E606: 14.1353 | F606: 7.43733 | G606: 237.665 | H606: 99.994 | I606: 100 | J606: 1.22857 | K606: 0.0546899 | L606: 0.931807
A607: Run 4 function ACO 4start2 | B607: 273.009 | C607: 34.0919 | D607: 2.92353 | E607: 14.204 | F607: 7.44961 | G607: 238.917 | H607: 99.9904 | I607: 100 | J607: 1.2218 | K607: 0.0572129 | L607: 0.931835
A608: Run 4 function ACO 4start3 | B608: 43.0698 | C608: 36.2731 | D608: 3.26043 | E608: 14.5911 | F608: 7.75679 | G608: 6.79661 | H608: 99.9912 | I608: 100 | J608: 7.7447 | K608: 0.0670997 | L608: 0.957481
A609: Run 4 function ACO 4start4 | B609: 41.5092 | C609: 35.1559 | D609: 3.08737 | E609: 14.3197 | F609: 7.57658 | G609: 6.35329 | H609: 99.9828 | I609: 100 | J609: 8.03587 | K609: 0.0560991 | L609: 0.931833
A610: Run 4 function ACO 4start5 | B610: 40.0339 | C610: 33.962 | D610: 2.92353 | E610: 14.0247 | F610: 7.33289 | G610: 6.07193 | H610: 99.9884 | I610: 100 | J610: 8.332 | K610: 0.0567396 | L610: 0.931746
A611: Run 4 function ACO 4start6 | B611: 38.5921 | C611: 32.767 | D611: 2.7986 | E611: 13.5004 | F611: 7.1158 | G611: 5.82511 | H611: 99.9892 | I611: 100 | J611: 8.64328 | K611: 0.0544313 | L611: 0.931699
A612: Run 4 function ACO 4start7 | B612: 38.3519 | C612: 32.5827 | D612: 2.77608 | E612: 13.443 | F612: 7.09122 | G612: 5.76923 | H612: 99.9856 | I612: 100 | J612: 8.69741 | K612: 0.0551044 | L612: 0.931835
A613: Run 4 function ACO 4start8 | B613: 38.2803 | C613: 32.5254 | D613: 2.7986 | E613: 13.443 | F613: 7.10556 | G613: 5.75498 | H613: 99.992 | I613: 100 | J613: 8.71368 | K613: 0.0682578 | L613: 0.93174
A614: Run 4 function ACO 4start9 | B614: 38.3403 | C614: 32.5592 | D614: 2.79758 | E614: 13.4748 | F614: 7.08303 | G614: 5.78117 | H614: 99.986 | I614: 100 | J614: 8.70004 | K614: 0.0542606 | L614: 0.931788
A615: Run 4 function ACO 4start10 | B615: 38.3046 | C615: 32.554 | D615: 2.80168 | E615: 13.4605 | F615: 7.09737 | G615: 5.7506 | H615: 99.99 | I615: 100 | J615: 8.70815 | K615: 0.075432 | L615: 0.938124
A616: Run 4 function ACO 4start11 | B616: 38.8069 | C616: 32.9688 | D616: 2.80372 | E616: 13.4605 | F616: 7.10044 | G616: 5.83813 | H616: 99.9936 | I616: 100 | J616: 8.59545 | K616: 0.0612806 | L616: 0.946992
... A804: Run 4 function ACO 4start transposed49 | B804: 162.314 | C804: 156.792 | D804: 2.88155 | E804: 87.6345 | F804: 57.332 | G804: 5.52229 | H804: 50.212 | I804: 100 | J804: 2.05505 | K804: 0.0587425 | L804: 0.931337
A805: Device 0: Tesla V100-SXM2-16GB | B805: Max thread in blocks: 1024 Total Global Memory: 16151,1 MB GPU Global Memory Usage: 3,95159 MB GPU Global Memory Hash Table: 1024 MB Max PARAMETR_SIZE in GPU Global Memory: 7482045 Shared memory per block: 49152 bytes (48 KB) Shared memory per multiprocessor: 98304 bytes (96 KB) Data size in Shared memory per block: 5376 bytes (5,25 KB) Constant Memory: 65536 bytes Parameter data size (in Constant Memory): 26880 bytes (26,25 KB) Registers per Block: 65536 Warp Size: 32 Compute Capability: 7,0 Can Map Host Memory: Yes Clock Rate: 1530 MHz L2 Cache Size: 6291456 bytes Multiprocessor Count: 80 | C805: Max thread in blocks by axis: (1024, 1024, 64) | D805: Max blocks by axis: (2147483647, 65535, 65535) | E805: PARAMETR_SIZE: 672 | F805: MAX_VALUE_SIZE: 5 | G805: SET_PARAMETR_SIZE_ONE_X: 21 | H805: ANT_SIZE: 500 | I805: MAX_THREAD_CUDA: 512 | J805: NAME_FILE_GRAPH: Parametr_Graph/test672,txt | K805: KOL_ITERATION: 500 | L805: KOL_PROGREV: 5 | M805: KOL_PROGON_STATISTICS: 50 | N805: PARAMETR_RO: 0,999 | O805: PARAMETR_Q: 1 | P805: PRINT_INFORMATION: 0 | Q805: MAX_PARAMETR_VALUE_TO_MIN_OPT: 1 | R805: OPTIMIZE: OPTIMIZE_MIN_1 | S805: FUNCTION: SHAFFERA GO_HASH: 1 | T805: HASH_TABLE_SIZE: 67108864 | U805: ZERO_HASH_RESULT: -1 | V805: ZERO_HASH: 18446744073709551615 | W805: MAX_PROBES: 10000 | X805: MAX_CONST: 8192 | Y805: MAX_SHARED: 6144 | Z805: BLOCK_SIZE: 64 | AA805: BIN_SEARCH: 0 | AB805: NON_WHILE_ANT: 1
A806: Run 4 function ACO 4start0 | B806: 59.1862 | C806: 53.1835 | D806: 2.95528 | E806: 32.9319 | F806: 7.67385 | G806: 6.00267 | H806: 99.9832 | I806: 100 | J806: 11.2402 | K806: 0.157076 | L806: 0.836944
A807: Run 4 function ACO 4start1 | B807: 58.8644 | C807: 52.9306 | D807: 2.91227 | E807: 32.808 | F807: 7.61958 | G807: 5.93389 | H807: 99.9836 | I807: 100 | J807: 11.3016 | K807: 0.157886 | L807: 0.836151
A808: Run 4 function ACO 4start2 | B808: 57.569 | C808: 51.4745 | D808: 2.92046 | E808: 31.4613 | F808: 7.37692 | G808: 6.09452 | H808: 99.9864 | I808: 100 | J808: 11.5559 | K808: 0.178454 | L808: 0.837032
A809: Run 4 function ACO 4start3 | B809: 56.4904 | C809: 50.5958 | D809: 2.82318 | E809: 31.1787 | F809: 7.24893 | G809: 5.89454 | H809: 99.9928 | I809: 100 | J809: 11.7766 | K809: 0.152618 | L809: 0.868805
A810: Run 4 function ACO 4start4 | B810: 56.0008 | C810: 50.3715 | D810: 2.81294 | E810: 31.1387 | F810: 7.2223 | G810: 5.62922 | H810: 99.9924 | I810: 100 | J810: 11.8795 | K810: 0.169077 | L810: 0.859133
A811: Run 4 function ACO 4start5 | B811: 56.1296 | C811: 50.5518 | D811: 2.8027 | E811: 31.1439 | F811: 7.25404 | G811: 5.57786 | H811: 99.9936 | I811: 100 | J811: 11.8523 | K811: 0.178457 | L811: 0.864169
A812: Run 4 function ACO 4start6 | B812: 55.6648 | C812: 50.1391 | D812: 2.80884 | E812: 31.1387 | F812: 7.21206 | G812: 5.52571 | H812: 99.9928 | I812: 100 | J812: 11.9512 | K812: 0.178454 | L812: 0.868515
A813: Run 4 function ACO 4start7 | B813: 55.6508 | C813: 50.1125 | D813: 2.78734 | E813: 31.1408 | F813: 7.2264 | G813: 5.5383 | H813: 99.9876 | I813: 100 | J813: 11.9542 | K813: 0.169553 | L813: 0.837052
A814: Run 4 function ACO 4start8 | B814: 55.6568 | C814: 50.1371 | D814: 2.79656 | E814: 31.1818 | F814: 7.23459 | G814: 5.51973 | H814: 99.9888 | I814: 100 | J814: 11.9529 | K814: 0.15184 | L814: 0.837035
A815: Run 4 function ACO 4start9 | B815: 55.7852 | C815: 50.2036 | D815: 2.78836 | E815: 31.1859 | F815: 7.23561 | G815: 5.58159 | H815: 99.9944 | I815: 100 | J815: 11.9254 | K815: 0.147348 | L815: 0.836992
A816: Run 4 function ACO 4start10 | B816: 55.8715 | C816: 50.2763 | D816: 2.8068 | E816: 31.1766 | F816: 7.23971 | G816: 5.5952 | H816: 99.996 | I816: 100 | J816: 11.907 | K816: 0.178454 | L816: 0.837012
A817: Run 4 function ACO 4start11 | B817: 55.8769 | C817: 50.2681 | D817: 2.8027 | E817: 31.1961 | F817: 7.25507 | G817: 5.6088 | H817: 99.9924 | I817: 100 | J817: 11.9059 | K817: 0.15333 | L817: 0.837021
... A1005: Run 4 function ACO 4start transposed49 | B1005: 245.099 | C1005: 239.323 | D1005: 2.88872 | E1005: 170.351 | F1005: 56.8769 | G1005: 5.77663 | H1005: 50.204 | I1005: 100 | J1005: 2.71426 | K1005: 0.171103 | L1005: 0.837045
A1006: Device 0: Tesla V100-SXM2-16GB | B1006: Max thread in blocks: 1024 Total Global Memory: 16151,1 MB GPU Global Memory Usage: 7,89934 MB GPU Global Memory Hash Table: 1024 MB Max PARAMETR_SIZE in GPU Global Memory: 7482045 Shared memory per block: 49152 bytes (48 KB) Shared memory per multiprocessor: 98304 bytes (96 KB) Data size in Shared memory per block: 10752 bytes (10,5 KB) Constant Memory: 65536 bytes Parameter data size (in Constant Memory): 53760 bytes (52,5 KB) Registers per Block: 65536 Warp Size: 32 Compute Capability: 7,0 Can Map Host Memory: Yes Clock Rate: 1530 MHz L2 Cache Size: 6291456 bytes Multiprocessor Count: 80 | C1006: Max thread in blocks by axis: (1024, 1024, 64) | D1006: Max blocks by axis: (2147483647, 65535, 65535) | E1006: PARAMETR_SIZE: 1344 | F1006: MAX_VALUE_SIZE: 5 | G1006: SET_PARAMETR_SIZE_ONE_X: 21 | H1006: ANT_SIZE: 500 | I1006: MAX_THREAD_CUDA: 512 | J1006: NAME_FILE_GRAPH: Parametr_Graph/test1344,txt | K1006: KOL_ITERATION: 500 | L1006: KOL_PROGREV: 5 | M1006: KOL_PROGON_STATISTICS: 50 | N1006: PARAMETR_RO: 0,999 | O1006: PARAMETR_Q: 1 | P1006: PRINT_INFORMATION: 0 | Q1006: MAX_PARAMETR_VALUE_TO_MIN_OPT: 1 | R1006: OPTIMIZE: OPTIMIZE_MIN_1 | S1006: FUNCTION: SHAFFERA GO_HASH: 1 | T1006: HASH_TABLE_SIZE: 67108864 | U1006: ZERO_HASH_RESULT: -1 | V1006: ZERO_HASH: 18446744073709551615 | W1006: MAX_PROBES: 10000 | X1006: MAX_CONST: 8192 | Y1006: MAX_SHARED: 6144 | Z1006: BLOCK_SIZE: 64 | AA1006: BIN_SEARCH: 0 | AB1006: NON_WHILE_ANT: 1
A1007: Run 4 function ACO 4start0 | B1007: 120.277 | C1007: 114.467 | D1007: 2.97781 | E1007: 93.8506 | F1007: 8.17767 | G1007: 5.80972 | H1007: 99.9988 | I1007: 100 | J1007: 11.0467 | K1007: 0.283095 | L1007: 0.727835
A1008: Run 4 function ACO 4start1 | B1008: 119.448 | C1008: 113.831 | D1008: 2.89588 | E1008: 93.8701 | F1008: 7.96058 | G1008: 5.61702 | H1008: 99.9972 | I1008: 100 | J1008: 11.1233 | K1008: 0.283078 | L1008: 0.706526
A1009: Run 4 function ACO 4start2 | B1009: 119.329 | C1009: 113.778 | D1009: 2.89588 | E1009: 93.8486 | F1009: 7.95034 | G1009: 5.55145 | H1009: 99.9984 | I1009: 100 | J1009: 11.1344 | K1009: 0.283223 | L1009: 0.727611
A1010: Run 4 function ACO 4start3 | B1010: 119.365 | C1010: 113.784 | D1010: 2.91329 | E1010: 93.8261 | F1010: 7.95546 | G1010: 5.58085 | H1010: 99.9964 | I1010: 100 | J1010: 11.1311 | K1010: 0.260935 | L1010: 0.727855
A1011: Run 4 function ACO 4start4 | B1011: 119.34 | C1011: 113.795 | D1011: 2.94913 | E1011: 93.7861 | F1011: 7.96263 | G1011: 5.54459 | H1011: 99.9996 | I1011: 100 | J1011: 11.1334 | K1011: 0.263725 | L1011: 0.717171
A1012: Run 4 function ACO 4start5 | B1012: 119.317 | C1012: 113.785 | D1012: 2.9266 | E1012: 93.7922 | F1012: 7.95546 | G1012: 5.53233 | H1012: 99.9964 | I1012: 100 | J1012: 11.1355 | K1012: 0.283209 | L1012: 0.725952
A1013: Run 4 function ACO 4start6 | B1013: 119.341 | C1013: 113.817 | D1013: 2.92661 | E1013: 93.8558 | F1013: 7.9657 | G1013: 5.52455 | H1013: 99.9968 | I1013: 100 | J1013: 11.1333 | K1013: 0.283078 | L1013: 0.727072
A1014: Run 4 function ACO 4start7 | B1014: 119.335 | C1014: 113.784 | D1014: 2.9348 | E1014: 93.7554 | F1014: 7.97492 | G1014: 5.55094 | H1014: 99.99 | I1014: 100 | J1014: 11.1339 | K1014: 0.283078 | L1014: 0.717593
A1015: Run 4 function ACO 4start8 | B1015: 119.346 | C1015: 113.807 | D1015: 2.93173 | E1015: 93.8435 | F1015: 7.94419 | G1015: 5.53815 | H1015: 99.9956 | I1015: 100 | J1015: 11.1329 | K1015: 0.283145 | L1015: 0.721621
A1016: Run 4 function ACO 4start9 | B1016: 119.354 | C1016: 113.801 | D1016: 2.9307 | E1016: 93.8086 | F1016: 7.9616 | G1016: 5.55254 | H1016: 99.998 | I1016: 100 | J1016: 11.1321 | K1016: 0.28308 | L1016: 0.727858
A1017: Run 4 function ACO 4start10 | B1017: 119.371 | C1017: 113.847 | D1017: 2.93889 | E1017: 93.8312 | F1017: 7.96672 | G1017: 5.52367 | H1017: 99.996 | I1017: 100 | J1017: 11.1305 | K1017: 0.283085 | L1017: 0.726381
A1018: Run 4 function ACO 4start11 | B1018: 119.362 | C1018: 113.839 | D1018: 2.92763 | E1018: 93.8159 | F1018: 7.96468 | G1018: 5.52316 | H1018: 99.998 | I1018: 100 | J1018: 11.1313 | K1018: 0.27033 | L1018: 0.71927
... A1206: Run 4 function ACO 4start transposed49 | B1206: 452.984 | C1206: 447.418 | D1206: 3.33518 | E1206: 359.834 | F1206: 75.1423 | G1206: 5.56555 | H1206: 50.1976 | I1206: 100 | J1206: 2.93313 | K1206: 0.268526 | L1206: 0.726855
A1207: Device 0: Tesla V100-SXM2-16GB | B1207: Max thread in blocks: 1024 Total Global Memory: 16151,1 MB GPU Global Memory Usage: 15,7948 MB GPU Global Memory Hash Table: 1024 MB Max PARAMETR_SIZE in GPU Global Memory: 7343488 Shared memory per block: 49152 bytes (48 KB) Shared memory per multiprocessor: 98304 bytes (96 KB) Data size in Shared memory per block: 21504 bytes (21 KB) Constant Memory: 65536 bytes Parameter data size (in Constant Memory): 107520 bytes (105 KB) Registers per Block: 65536 Warp Size: 32 Compute Capability: 7,0 Can Map Host Memory: Yes Clock Rate: 1530 MHz L2 Cache Size: 6291456 bytes Multiprocessor Count: 80 | C1207: Max thread in blocks by axis: (1024, 1024, 64) | D1207: Max blocks by axis: (2147483647, 65535, 65535) | E1207: PARAMETR_SIZE: 2688 | F1207: MAX_VALUE_SIZE: 5 | G1207: SET_PARAMETR_SIZE_ONE_X: 21 | H1207: ANT_SIZE: 500 | I1207: MAX_THREAD_CUDA: 512 | J1207: NAME_FILE_GRAPH: Parametr_Graph/test2688,txt | K1207: KOL_ITERATION: 500 | L1207: KOL_PROGREV: 5 | M1207: KOL_PROGON_STATISTICS: 50 | N1207: PARAMETR_RO: 0,999 | O1207: PARAMETR_Q: 1 | P1207: PRINT_INFORMATION: 0 | Q1207: MAX_PARAMETR_VALUE_TO_MIN_OPT: 1 | R1207: OPTIMIZE: OPTIMIZE_MIN_1 | S1207: FUNCTION: SHAFFERA GO_HASH: 1 | T1207: HASH_TABLE_SIZE: 67108864 | U1207: ZERO_HASH_RESULT: -1 | V1207: ZERO_HASH: 18446744073709551615 | W1207: MAX_PROBES: 10000 | X1207: MAX_CONST: 8192 | Y1207: MAX_SHARED: 6144 | Z1207: BLOCK_SIZE: 64 | AA1207: BIN_SEARCH: 0 | AB1207: NON_WHILE_ANT: 1
A1208: Run 4 function ACO 4start0 | B1208: 260.077 | C1208: 253.41 | D1208: 3.40686 | E1208: 230.64 | F1208: 8.46439 | G1208: 6.66707 | H1208: 100 | I1208: 100 | J1208: 10.2103 | K1208: 0.376037 | L1208: 0.6298
A1209: Run 4 function ACO 4start1 | B1209: 256.374 | C1209: 250.72 | D1209: 3.03105 | E1209: 230.201 | F1209: 8.0722 | G1209: 5.65395 | H1209: 99.9992 | I1209: 100 | J1209: 10.3578 | K1209: 0.375819 | L1209: 0.622849
A1210: Run 4 function ACO 4start2 | B1210: 256.136 | C1210: 250.531 | D1210: 3.02286 | E1210: 230.275 | F1210: 8.01998 | G1210: 5.605 | H1210: 99.996 | I1210: 100 | J1210: 10.3674 | K1210: 0.376359 | L1210: 0.629772
A1211: Run 4 function ACO 4start3 | B1211: 256.015 | C1211: 250.442 | D1211: 3.01774 | E1211: 230.207 | F1211: 8.02202 | G1211: 5.57243 | H1211: 99.9828 | I1211: 100 | J1211: 10.3723 | K1211: 0.375733 | L1211: 0.619122
A1212: Run 4 function ACO 4start4 | B1212: 256.006 | C1212: 250.454 | D1212: 3.01672 | E1212: 230.251 | F1212: 8.021 | G1212: 5.55258 | H1212: 99.9936 | I1212: 100 | J1212: 10.3726 | K1212: 0.375815 | L1212: 0.629605
A1213: Run 4 function ACO 4start5 | B1213: 256.05 | C1213: 250.454 | D1213: 3.0372 | E1213: 230.226 | F1213: 8.021 | G1213: 5.59558 | H1213: 99.9964 | I1213: 100 | J1213: 10.3709 | K1213: 0.375876 | L1213: 0.619122
A1214: Run 4 function ACO 4start6 | B1214: 256.099 | C1214: 250.469 | D1214: 3.06382 | E1214: 230.22 | F1214: 8.0169 | G1214: 5.63043 | H1214: 99.9984 | I1214: 100 | J1214: 10.3689 | K1214: 0.375702 | L1214: 0.62941
A1215: Run 4 function ACO 4start7 | B1215: 255.989 | C1215: 250.425 | D1215: 3.01365 | E1215: 230.229 | F1215: 8.00973 | G1215: 5.56383 | H1215: 99.9948 | I1215: 100 | J1215: 10.3734 | K1215: 0.37569 | L1215: 0.619122
A1216: Run 4 function ACO 4start8 | B1216: 256.034 | C1216: 250.43 | D1216: 3.01569 | E1216: 230.259 | F1216: 8.01383 | G1216: 5.60378 | H1216: 99.9984 | I1216: 100 | J1216: 10.3715 | K1216: 0.375691 | L1216: 0.629169
A1217: Run 4 function ACO 4start9 | B1217: 256.091 | C1217: 250.51 | D1217: 3.02491 | E1217: 230.242 | F1217: 8.01485 | G1217: 5.58069 | H1217: 99.9944 | I1217: 100 | J1217: 10.3692 | K1217: 0.374655 | L1217: 0.619122
A1218: Run 4 function ACO 4start10 | B1218: 256.036 | C1218: 250.479 | D1218: 3.02286 | E1218: 230.285 | F1218: 8.00871 | G1218: 5.55705 | H1218: 100 | I1218: 100 | J1218: 10.3714 | K1218: 0.376292 | L1218: 0.619119
A1219: Run 4 function ACO 4start11 | B1219: 256.018 | C1219: 250.453 | D1219: 3.01262 | E1219: 230.222 | F1219: 8.01793 | G1219: 5.56422 | H1219: 99.998 | I1219: 100 | J1219: 10.3722 | K1219: 0.375699 | L1219: 0.619117
... A1407: Run 4 function ACO 4start transposed49 | B1407: 843.833 | C1407: 838.148 | D1407: 3.47343 | E1407: 749.515 | F1407: 75.8832 | G1407: 5.68451 | H1407: 50.3072 | I1407: 100 | J1407: 3.1469 | K1407: 0.376508 | L1407: 0.61912
A1408: Device 0: Tesla V100-SXM2-16GB | B1408: Max thread in blocks: 1024 Total Global Memory: 16151,1 MB GPU Global Memory Usage: 31,5859 MB GPU Global Memory Hash Table: 1024 MB Max PARAMETR_SIZE in GPU Global Memory: 7343488 Shared memory per block: 49152 bytes (48 KB) Shared memory per multiprocessor: 98304 bytes (96 KB) Data size in Shared memory per block: 43008 bytes (42 KB) Constant Memory: 65536 bytes Parameter data size (in Constant Memory): 215040 bytes (210 KB) Registers per Block: 65536 Warp Size: 32 Compute Capability: 7,0 Can Map Host Memory: Yes Clock Rate: 1530 MHz L2 Cache Size: 6291456 bytes Multiprocessor Count: 80 | C1408: Max thread in blocks by axis: (1024, 1024, 64) | D1408: Max blocks by axis: (2147483647, 65535, 65535) | E1408: PARAMETR_SIZE: 5376 | F1408: MAX_VALUE_SIZE: 5 | G1408: SET_PARAMETR_SIZE_ONE_X: 21 | H1408: ANT_SIZE: 500 | I1408: MAX_THREAD_CUDA: 512 | J1408: NAME_FILE_GRAPH: Parametr_Graph/test5376,txt | K1408: KOL_ITERATION: 500 | L1408: KOL_PROGREV: 5 | M1408: KOL_PROGON_STATISTICS: 50 | N1408: PARAMETR_RO: 0,999 | O1408: PARAMETR_Q: 1 | P1408: PRINT_INFORMATION: 0 | Q1408: MAX_PARAMETR_VALUE_TO_MIN_OPT: 1 | R1408: OPTIMIZE: OPTIMIZE_MIN_1 | S1408: FUNCTION: SHAFFERA GO_HASH: 1 | T1408: HASH_TABLE_SIZE: 67108864 | U1408: ZERO_HASH_RESULT: -1 | V1408: ZERO_HASH: 18446744073709551615 | W1408: MAX_PROBES: 10000 | X1408: MAX_CONST: 8192 | Y1408: MAX_SHARED: 6144 | Z1408: BLOCK_SIZE: 256 | AA1408: BIN_SEARCH: 0 | AB1408: NON_WHILE_ANT: 1
A1409: Run 4 function ACO 4start0 | B1409: 453.385 | C1409: 447.835 | D1409: 3.56661 | E1409: 425.837 | F1409: 9.21907 | G1409: 5.55008 | H1409: 100 | I1409: 100 | J1409: 11.7098 | K1409: 0.436956 | L1409: 0.56513
...

Sheet Лист3
A1: Device 0: Tesla V100-SXM2-16GB | B1: Max thread in blocks: 1024 Total Global Memory: 16151,1 MB GPU Global Memory Usage: 0,250568 MB GPU Global Memory Hash Table: 1024 MB Max PARAMETR_SIZE in GPU Global Memory: 7482045 Shared memory per block: 49152 bytes (48 KB) Shared memory per multiprocessor: 98304 bytes (96 KB) Data size in Shared memory per block: 336 bytes (0,328125 KB) Constant Memory: 65536 bytes Parameter data size (in Constant Memory): 1680 bytes (1,64062 KB) Registers per Block: 65536 Warp Size: 32 Compute Capability: 7,0 Can Map Host Memory: Yes Clock Rate: 1530 MHz L2 Cache Size: 6291456 bytes Multiprocessor Count: 80 | C1: Max thread in blocks by axis: (1024, 1024, 64) | D1: Max blocks by axis: (2147483647, 65535, 65535) | E1: PARAMETR_SIZE: 42 | F1: MAX_VALUE_SIZE: 5 | G1: SET_PARAMETR_SIZE_ONE_X: 21 | H1: ANT_SIZE: 500 | I1: MAX_THREAD_CUDA: 512 | J1: NAME_FILE_GRAPH: Parametr_Graph/test42,txt | K1: KOL_ITERATION: 500 | L1: KOL_PROGREV: 5 | M1: KOL_PROGON_STATISTICS: 50 | N1: PARAMETR_RO: 0,999 | O1: PARAMETR_Q: 1 | P1: PRINT_INFORMATION: 0 | Q1: MAX_PARAMETR_VALUE_TO_MIN_OPT: 1 | R1: OPTIMIZE: OPTIMIZE_MIN_1 | S1: FUNCTION: SHAFFERA GO_HASH: 0 | T1: HASH_TABLE_SIZE: 67108864 | U1: ZERO_HASH_RESULT: -1 | V1: ZERO_HASH: 18446744073709551615 | W1: MAX_PROBES: 10000 | X1: MAX_CONST: 8192 | Y1: MAX_SHARED: 6144 | Z1: BLOCK_SIZE: 64 | AA1: BIN_SEARCH: 0 | AB1: NON_WHILE_ANT: 1
A2: Run 4 function ACO 4start0 | B2: 104.56 | C2: 97.8819 | D2: 3.22254 | E2: 5.18657 | F2: 79.0253 | G2: 6.67862 | H2: 100 | I2: 100 | J2: 0.414355 | K2: 0.00123009 | L2: 0.999998
A3: Run 4 function ACO 4start1 | B3: 105.052 | C3: 98.2587 | D3: 3.25429 | E3: 5.27976 | F3: 79.0703 | G3: 6.79322 | H3: 100 | I3: 100 | J3: 0.412416 | K3: 0.00123005 | L3: 0.999989
A4: Run 4 function ACO 4start2 | B4: 104.92 | C4: 98.1164 | D4: 3.27681 | E4: 5.27975 | F4: 79.015 | G4: 6.80357 | H4: 100 | I4: 100 | J4: 0.412935 | K4: 0.00123005 | L4: 0.999996
A5: Run 4 function ACO 4start3 | B5: 104.889 | C5: 98.1133 | D5: 3.24405 | E5: 5.25415 | F5: 79.0549 | G5: 6.77603 | H5: 100 | I5: 100 | J5: 0.413056 | K5: 0.00123006 | L5: 0.999996
A6: Run 4 function ACO 4start4 | B6: 104.603 | C6: 97.9034 | D6: 3.22459 | E6: 5.22139 | F6: 78.9699 | G6: 6.7 | H6: 100 | I6: 100 | J6: 0.414185 | K6: 0.00123006 | L6: 0.999996
A7: Run 4 function ACO 4start5 | B7: 104.751 | C7: 97.9812 | D7: 3.25531 | E7: 5.23265 | F7: 78.9606 | G7: 6.77027 | H7: 100 | I7: 100 | J7: 0.413599 | K7: 0.00123006 | L7: 0.999983
A8: Run 4 function ACO 4start6 | B8: 103.614 | C8: 96.9277 | D8: 3.08225 | E8: 5.08827 | F8: 78.421 | G8: 6.68615 | H8: 100 | I8: 100 | J8: 0.41814 | K8: 0.00123006 | L8: 0.999999
A9: Run 4 function ACO 4start7 | B9: 104.751 | C9: 97.9465 | D9: 3.25122 | E9: 5.27669 | F9: 78.7927 | G9: 6.80412 | H9: 100 | I9: 100 | J9: 0.413603 | K9: 0.00123006 | L9: 0.999999
A10: Run 4 function ACO 4start8 | B10: 104.824 | C10: 98.0478 | D10: 3.30754 | E10: 5.29512 | F10: 78.8459 | G10: 6.77657 | H10: 100 | I10: 100 | J10: 0.413311 | K10: 0.00123006 | L10: 1
A11: Run 4 function ACO 4start9 | B11: 104.793 | C11: 97.9842 | D11: 3.25224 | E11: 5.30023 | F11: 78.8132 | G11: 6.80831 | H11: 100 | I11: 100 | J11: 0.413437 | K11: 0.00123006 | L11: 0.999981
A12: Run 4 function ACO 4start10 | B12: 103.4 | C12: 96.8314 | D12: 3.09249 | E12: 5.10875 | F12: 78.3698 | G12: 6.56848 | H12: 100 | I12: 100 | J12: 0.419006 | K12: 0.00123005 | L12: 0.999994
A13: Run 4 function ACO 4start11 | B13: 104.779 | C13: 98.0222 | D13: 3.25531 | E13: 5.34632 | F13: 78.802 | G13: 6.75699 | H13: 100 | I13: 100 | J13: 0.41349 | K13: 0.00123006 | L13: 1
... A201: Run 4 function ACO 4start transposed49 | B201: 105.391 | C201: 98.7652 | D201: 3.22152 | E201: 12.9444 | F201: 72.1714 | G201: 6.62604 | H201: 100 | I201: 100 | J201: 0.411089 | K201: 0.00123006 | L201: 0.998549
A202: Device 0: Tesla V100-SXM2-16GB | B202: Max thread in blocks: 1024 Total Global Memory: 16151,1 MB GPU Global Memory Usage: 0,497303 MB GPU Global Memory Hash Table: 1024 MB Max PARAMETR_SIZE in GPU Global Memory: 7482045 Shared memory per block: 49152 bytes (48 KB) Shared memory per multiprocessor: 98304 bytes (96 KB) Data size in Shared memory per block: 672 bytes (0,65625 KB) Constant Memory: 65536 bytes Parameter data size (in Constant Memory): 3360 bytes (3,28125 KB) Registers per Block: 65536 Warp Size: 32 Compute Capability: 7,0 Can Map Host Memory: Yes Clock Rate: 1530 MHz L2 Cache Size: 6291456 bytes Multiprocessor Count: 80 | C202: Max thread in blocks by axis: (1024, 1024, 64) | D202: Max blocks by axis: (2147483647, 65535, 65535) | E202: PARAMETR_SIZE: 84 | F202: MAX_VALUE_SIZE: 5 | G202: SET_PARAMETR_SIZE_ONE_X: 21 | H202: ANT_SIZE: 500 | I202: MAX_THREAD_CUDA: 512 | J202: NAME_FILE_GRAPH: Parametr_Graph/test84,txt | K202: KOL_ITERATION: 500 | L202: KOL_PROGREV: 5 | M202: KOL_PROGON_STATISTICS: 50 | N202: PARAMETR_RO: 0,999 | O202: PARAMETR_Q: 1 | P202: PRINT_INFORMATION: 0 | Q202: MAX_PARAMETR_VALUE_TO_MIN_OPT: 1 | R202: OPTIMIZE: OPTIMIZE_MIN_1 | S202: FUNCTION: SHAFFERA GO_HASH: 0 | T202: HASH_TABLE_SIZE: 67108864 | U202: ZERO_HASH_RESULT: -1 | V202: ZERO_HASH: 18446744073709551615 | W202: MAX_PROBES: 10000 | X202: MAX_CONST: 8192 | Y202: MAX_SHARED: 6144 | Z202: BLOCK_SIZE: 64 | AA202: BIN_SEARCH: 0 | AB202: NON_WHILE_ANT: 1
A203: Run 4 function ACO 4start0 | B203: 112.77 | C203: 106.112 | D203: 2.99726 | E203: 6.08258 | F203: 86.4966 | G203: 6.65776 | H203: 100 | I203: 100 | J203: 0.751864 | K203: 0.00123085 | L203: 0.995116
A204: Run 4 function ACO 4start1 | B204: 112.677 | C204: 106.03 | D204: 3.00648 | E204: 6.08463 | F204: 86.4025 | G204: 6.64655 | H204: 100 | I204: 100 | J204: 0.752485 | K204: 0.00123009 | L204: 0.995116
A205: Run 4 function ACO 4start2 | B205: 113.272 | C205: 106.108 | D205: 3.06177 | E205: 6.10613 | F205: 86.4178 | G205: 7.16456 | H205: 100 | I205: 100 | J205: 0.748528 | K205: 0.00123019 | L205: 0.995116
A206: Run 4 function ACO 4start3 | B206: 113.993 | C206: 106.915 | D206: 3.22971 | E206: 6.25357 | F206: 86.6336 | G206: 7.07848 | H206: 100 | I206: 100 | J206: 0.743794 | K206: 0.00123005 | L206: 0.995116
A207: Run 4 function ACO 4start4 | B207: 115.767 | C207: 108.232 | D207: 3.4171 | E207: 6.45531 | F207: 87.0789 | G207: 7.53529 | H207: 100 | I207: 100 | J207: 0.732399 | K207: 0.00123078 | L207: 0.995116
A208: Run 4 function ACO 4start5 | B208: 115.538 | C208: 107.526 | D208: 3.25224 | E208: 6.3437 | F208: 86.8693 | G208: 8.01195 | H208: 100 | I208: 100 | J208: 0.733851 | K208: 0.00123005 | L208: 0.995116
A209: Run 4 function ACO 4start6 | B209: 113.045 | C209: 106.319 | D209: 3.08225 | E209: 6.23003 | F209: 86.5756 | G209: 6.72568 | H209: 100 | I209: 100 | J209: 0.750035 | K209: 0.00123103 | L209: 0.995116
A210: Run 4 function ACO 4start7 | B210: 113.226 | C210: 106.434 | D210: 3.13653 | E210: 6.20034 | F210: 86.6122 | G210: 6.79253 | H210: 100 | I210: 100 | J210: 0.748835 | K210: 0.0012312 | L210: 0.995116
A211: Run 4 function ACO 4start8 | B211: 113.275 | C211: 106.415 | D211: 3.13448 | E211: 6.25871 | F211: 86.4393 | G211: 6.85965 | H211: 100 | I211: 100 | J211: 0.748513 | K211: 0.0012301 | L211: 0.995116
A212: Run 4 function ACO 4start9 | B212: 112.614 | C212: 105.841 | D212: 3.06792 | E212: 6.16654 | F212: 86.2363 | G212: 6.77395 | H212: 100 | I212: 100 | J212: 0.752901 | K212: 0.00123012 | L212: 0.995116
A213: Run 4 function ACO 4start10 | B213: 112.027 | C213: 105.426 | D213: 3.01774 | E213: 6.14504 | F213: 86.1052 | G213: 6.60099 | H213: 100 | I213: 100 | J213: 0.75685 | K213: 0.00123122 | L213: 0.995116
A214: Run 4 function ACO 4start11 | B214: 111.425 | C214: 104.959 | D214: 2.92046 | E214: 6.07336 | F214: 85.9701 | G214: 6.46629 | H214: 100 | I214: 100 | J214: 0.760937 | K214: 0.00123149 | L214: 0.995116
... A402: Run 4 function ACO 4start transposed49 | B402: 209.134 | C402: 202.596 | D402: 2.98395 | E402: 22.1419 | F402: 167.196 | G402: 6.53775 | H402: 100 | I402: 100 | J402: 0.405423 | K402: 0.0108569 | L402: 0.995113
A403: Device 0: Tesla V100-SXM2-16GB | B403: Max thread in blocks: 1024 Total Global Memory: 16151,1 MB GPU Global Memory Usage: 0,990772 MB GPU Global Memory Hash Table: 1024 MB Max PARAMETR_SIZE in GPU Global Memory: 7482045 Shared memory per block: 49152 bytes (48 KB) Shared memory per multiprocessor: 98304 bytes (96 KB) Data size in Shared memory per block: 1344 bytes (1,3125 KB) Constant Memory: 65536 bytes Parameter data size (in Constant Memory): 6720 bytes (6,5625 KB) Registers per Block: 65536 Warp Size: 32 Compute Capability: 7,0 Can Map Host Memory: Yes Clock Rate: 1530 MHz L2 Cache Size: 6291456 bytes Multiprocessor Count: 80 | C403: Max thread in blocks by axis: (1024, 1024, 64) | D403: Max blocks by axis: (2147483647, 65535, 65535) | E403: PARAMETR_SIZE: 168 | F403: MAX_VALUE_SIZE: 5 | G403: SET_PARAMETR_SIZE_ONE_X: 21 | H403: ANT_SIZE: 500 | I403: MAX_THREAD_CUDA: 512 | J403: NAME_FILE_GRAPH: Parametr_Graph/test168,txt | K403: KOL_ITERATION: 500 | L403: KOL_PROGREV: 5 | M403: KOL_PROGON_STATISTICS: 50 | N403: PARAMETR_RO: 0,999 | O403: PARAMETR_Q: 1 | P403: PRINT_INFORMATION: 0 | Q403: MAX_PARAMETR_VALUE_TO_MIN_OPT: 1 | R403: OPTIMIZE: OPTIMIZE_MIN_1 | S403: FUNCTION: SHAFFERA GO_HASH: 0 | T403: HASH_TABLE_SIZE: 67108864 | U403: ZERO_HASH_RESULT: -1 | V403: ZERO_HASH: 18446744073709551615 | W403: MAX_PROBES: 10000 | X403: MAX_CONST: 8192 | Y403: MAX_SHARED: 6144 | Z403: BLOCK_SIZE: 64 | AA403: BIN_SEARCH: 0 | AB403: NON_WHILE_ANT: 1
A404: Run 4 function ACO 4start0 | B404: 114.98 | C404: 108.457 | D404: 2.99829 | E404: 8.17562 | F404: 87.0155 | G404: 6.52263 | H404: 100 | I404: 100 | J404: 1.45863 | K404: 0.011379 | L404: 0.980969
A405: Run 4 function ACO 4start1 | B405: 115.049 | C405: 108.487 | D405: 2.98907 | E405: 8.23501 | F405: 86.9858 | G405: 6.56214 | H405: 100 | I405: 100 | J405: 1.45775 | K405: 0.0111864 | L405: 0.991873
A406: Run 4 function ACO 4start2 | B406: 115.988 | C406: 109.236 | D406: 3.09352 | E406: 8.28826 | F406: 87.0318 | G406: 6.75227 | H406: 100 | I406: 100 | J406: 1.44594 | K406: 0.0108569 | L406: 0.981014
A407: Run 4 function ACO 4start3 | B407: 115.138 | C407: 108.457 | D407: 2.99829 | E407: 8.2176 | F407: 86.9407 | G407: 6.68084 | H407: 100 | I407: 100 | J407: 1.45663 | K407: 0.0115929 | L407: 0.981019
A408: Run 4 function ACO 4start4 | B408: 114.805 | C408: 108.294 | D408: 2.94504 | E408: 8.18689 | F408: 86.9008 | G408: 6.51131 | H408: 100 | I408: 100 | J408: 1.46084 | K408: 0.010878 | L408: 0.994867
A409: Run 4 function ACO 4start5 | B409: 114.718 | C409: 108.229 | D409: 2.92763 | E409: 8.19303 | F409: 86.9091 | G409: 6.48949 | H409: 100 | I409: 100 | J409: 1.46195 | K409: 0.0113744 | L409: 0.991578
A410: Run 4 function ACO 4start6 | B410: 115.087 | C410: 108.5 | D410: 2.98395 | E410: 8.2473 | F410: 86.9746 | G410: 6.587 | H410: 100 | I410: 100 | J410: 1.45727 | K410: 0.0108682 | L410: 0.981018
A411: Run 4 function ACO 4start7 | B411: 115.012 | C411: 108.433 | D411: 2.96859 | E411: 8.24321 | F411: 86.95 | G411: 6.57822 | H411: 100 | I411: 100 | J411: 1.45822 | K411: 0.0108597 | L411: 0.991912
A412: Run 4 function ACO 4start8 | B412: 114.998 | C412: 108.436 | D412: 2.99317 | E412: 8.23399 | F412: 86.9345 | G412: 6.56183 | H412: 100 | I412: 100 | J412: 1.45839 | K412: 0.0108571 | L412: 0.994998
A413: Run 4 function ACO 4start9 | B413: 115.078 | C413: 108.475 | D413: 2.98088 | E413: 8.26368 | F413: 86.956 | G413: 6.60279 | H413: 100 | I413: 100 | J413: 1.45738 | K413: 0.010997 | L413: 0.995031
A414: Run 4 function ACO 4start10 | B414: 114.971 | C414: 108.39 | D414: 2.9563 | E414: 8.21351 | F414: 86.9397 | G414: 6.58106 | H414: 100 | I414: 100 | J414: 1.45873 | K414: 0.0111615 | L414: 0.981019
A415: Run 4 function ACO 4start11 | B415: 114.973 | C415: 108.412 | D415: 2.98907 | E415: 8.22785 | F415: 86.9408 | G415: 6.56159 | H415: 100 | I415: 100 | J415: 1.45871 | K415: 0.0108682 | L415: 0.981018
... A603: Run 4 function ACO 4start transposed49 | B603: 232.385 | C603: 225.515 | D603: 3.1396 | E603: 43.8015 | F603: 167.773 | G603: 6.86967 | H603: 100 | I603: 100 | J603: 0.721703 | K603: 0.0161244 | L603: 0.980838
A604: Device 0: Tesla V100-SXM2-16GB | B604: Max thread in blocks: 1024 Total Global Memory: 16151,1 MB GPU Global Memory Usage: 1,97771 MB GPU Global Memory Hash Table: 1024 MB Max PARAMETR_SIZE in GPU Global Memory: 7482045 Shared memory per block: 49152 bytes (48 KB) Shared memory per multiprocessor: 98304 bytes (96 KB) Data size in Shared memory per block: 2688 bytes (2,625 KB) Constant Memory: 65536 bytes Parameter data size (in Constant Memory): 13440 bytes (13,125 KB) Registers per Block: 65536 Warp Size: 32 Compute Capability: 7,0 Can Map Host Memory: Yes Clock Rate: 1530 MHz L2 Cache Size: 6291456 bytes Multiprocessor Count: 80 | C604: Max thread in blocks by axis: (1024, 1024, 64) | D604: Max blocks by axis: (2147483647, 65535, 65535) | E604: PARAMETR_SIZE: 336 | F604: MAX_VALUE_SIZE: 5 | G604: SET_PARAMETR_SIZE_ONE_X: 21 | H604: ANT_SIZE: 500 | I604: MAX_THREAD_CUDA: 512 | J604: NAME_FILE_GRAPH: Parametr_Graph/test336,txt | K604: KOL_ITERATION: 500 | L604: KOL_PROGREV: 5 | M604: KOL_PROGON_STATISTICS: 50 | N604: PARAMETR_RO: 0,999 | O604: PARAMETR_Q: 1 | P604: PRINT_INFORMATION: 0 | Q604: MAX_PARAMETR_VALUE_TO_MIN_OPT: 1 | R604: OPTIMIZE: OPTIMIZE_MIN_1 | S604: FUNCTION: SHAFFERA GO_HASH: 0 | T604: HASH_TABLE_SIZE: 67108864 | U604: ZERO_HASH_RESULT: -1 | V604: ZERO_HASH: 18446744073709551615 | W604: MAX_PROBES: 10000 | X604: MAX_CONST: 8192 | Y604: MAX_SHARED: 6144 | Z604: BLOCK_SIZE: 64 | AA604: BIN_SEARCH: 0 | AB604: NON_WHILE_ANT: 1
A605: Run 4 function ACO 4start0 | B605: 121.42 | C605: 114.629 | D605: 3.05461 | E605: 13.653 | F605: 87.26 | G605: 6.79153 | H605: 100 | I605: 100 | J605: 2.74718 | K605: 0.055743 | L605: 0.931836
A606: Run 4 function ACO 4start1 | B606: 121.293 | C606: 114.507 | D606: 3.05563 | E606: 13.6694 | F606: 87.1985 | G606: 6.78596 | H606: 100 | I606: 100 | J606: 2.75006 | K606: 0.0539602 | L606: 0.958811
A607: Run 4 function ACO 4start2 | B607: 121.299 | C607: 114.506 | D607: 3.0843 | E607: 13.653 | F607: 87.1883 | G607: 6.79319 | H607: 100 | I607: 100 | J607: 2.74992 | K607: 0.0546854 | L607: 0.931835
A608: Run 4 function ACO 4start3 | B608: 121.269 | C608: 114.528 | D608: 3.05461 | E608: 13.6714 | F608: 87.1729 | G608: 6.74031 | H608: 100 | I608: 100 | J608: 2.75061 | K608: 0.0540858 | L608: 0.931831
A609: Run 4 function ACO 4start4 | B609: 120.757 | C609: 114.038 | D609: 3.03003 | E609: 13.5895 | F609: 86.863 | G609: 6.71964 | H609: 100 | I609: 100 | J609: 2.76225 | K609: 0.0539098 | L609: 0.931833
A610: Run 4 function ACO 4start5 | B610: 120.782 | C610: 114.09 | D610: 3.00545 | E610: 13.6049 | F610: 86.865 | G610: 6.69162 | H610: 100 | I610: 100 | J610: 2.7617 | K610: 0.0539545 | L610: 0.956714
A611: Run 4 function ACO 4start6 | B611: 120.795 | C611: 114.08 | D611: 3.05665 | E611: 13.5997 | F611: 86.8343 | G611: 6.71553 | H611: 100 | I611: 100 | J611: 2.76139 | K611: 0.0569367 | L611: 0.931807
A612: Run 4 function ACO 4start7 | B612: 120.827 | C612: 114.169 | D612: 3.07099 | E612: 13.5864 | F612: 86.8936 | G612: 6.65866 | H612: 100 | I612: 100 | J612: 2.76065 | K612: 0.0539963 | L612: 0.931768
A613: Run 4 function ACO 4start8 | B613: 120.821 | C613: 114.126 | D613: 3.04437 | E613: 13.5936 | F613: 86.8711 | G613: 6.6956 | H613: 100 | I613: 100 | J613: 2.76079 | K613: 0.0323154 | L613: 0.949197
A614: Run 4 function ACO 4start9 | B614: 120.834 | C614: 114.17 | D614: 3.04744 | E614: 13.6161 | F614: 86.8609 | G614: 6.66361 | H614: 100 | I614: 100 | J614: 2.76051 | K614: 0.0589147 | L614: 0.95558
A615: Run 4 function ACO 4start10 | B615: 121.175 | C615: 114.153 | D615: 3.0628 | E615: 13.6325 | F615: 86.8895 | G615: 7.02155 | H615: 100 | I615: 100 | J615: 2.75273 | K615: 0.0539653 | L615: 0.931741
A616: Run 4 function ACO 4start11 | B616: 120.866 | C616: 114.163 | D616: 3.05768 | E616: 13.6264 | F616: 86.864 | G616: 6.70385 | H616: 100 | I616: 100 | J616: 2.75976 | K616: 0.0780121 | L616: 0.958247
... A804: Run 4 function ACO 4start transposed49 | B804: 335.624 | C804: 328.315 | D804: 3.15905 | E804: 87.7973 | F804: 226.597 | G804: 7.30838 | H804: 100 | I804: 100 | J804: 0.993859 | K804: 0.083279 | L804: 0.901063
A805: Device 0: Tesla V100-SXM2-16GB | B805: Max thread in blocks: 1024 Total Global Memory: 16151,1 MB GPU Global Memory Usage: 3,95159 MB GPU Global Memory Hash Table: 1024 MB Max PARAMETR_SIZE in GPU Global Memory: 7482045 Shared memory per block: 49152 bytes (48 KB) Shared memory per multiprocessor: 98304 bytes (96 KB) Data size in Shared memory per block: 5376 bytes (5,25 KB) Constant Memory: 65536 bytes Parameter data size (in Constant Memory): 26880 bytes (26,25 KB) Registers per Block: 65536 Warp Size: 32 Compute Capability: 7,0 Can Map Host Memory: Yes Clock Rate: 1530 MHz L2 Cache Size: 6291456 bytes Multiprocessor Count: 80 | C805: Max thread in blocks by axis: (1024, 1024, 64) | D805: Max blocks by axis: (2147483647, 65535, 65535) | E805: PARAMETR_SIZE: 672 | F805: MAX_VALUE_SIZE: 5 | G805: SET_PARAMETR_SIZE_ONE_X: 21 | H805: ANT_SIZE: 500 | I805: MAX_THREAD_CUDA: 512 | J805: NAME_FILE_GRAPH: Parametr_Graph/test672,txt | K805: KOL_ITERATION: 500 | L805: KOL_PROGREV: 5 | M805: KOL_PROGON_STATISTICS: 50 | N805: PARAMETR_RO: 0,999 | O805: PARAMETR_Q: 1 | P805: PRINT_INFORMATION: 0 | Q805: MAX_PARAMETR_VALUE_TO_MIN_OPT: 1 | R805: OPTIMIZE: OPTIMIZE_MIN_1 | S805: FUNCTION: SHAFFERA GO_HASH: 0 | T805: HASH_TABLE_SIZE: 67108864 | U805: ZERO_HASH_RESULT: -1 | V805: ZERO_HASH: 18446744073709551615 | W805: MAX_PROBES: 10000 | X805: MAX_CONST: 8192 | Y805: MAX_SHARED: 6144 | Z805: BLOCK_SIZE: 64 | AA805: BIN_SEARCH: 0 | AB805: NON_WHILE_ANT: 1
A806: Run 4 function ACO 4start0 | B806: 138.659 | C806: 132.186 | D806: 2.97371 | E806: 31.2852 | F806: 87.7789 | G806: 6.47282 | H806: 100 | I806: 100 | J806: 4.79784 | K806: 0.147445 | L806: 0.836854
A807: Run 4 function ACO 4start1 | B807: 138.612 | C807: 132.112 | D807: 2.94401 | E807: 31.2637 | F807: 87.6693 | G807: 6.49983 | H807: 100 | I807: 100 | J807: 4.79945 | K807: 0.154117 | L807: 0.836877
A808: Run 4 function ACO 4start2 | B808: 138.566 | C808: 132.093 | D808: 2.97166 | E808: 31.321 | F808: 87.6611 | G808: 6.47348 | H808: 100 | I808: 100 | J808: 4.80104 | K808: 0.160616 | L808: 0.836312
A809: Run 4 function ACO 4start3 | B809: 138.794 | C809: 132.253 | D809: 2.99317 | E809: 31.3343 | F809: 87.6641 | G809: 6.54164 | H809: 100 | I809: 100 | J809: 4.79316 | K809: 0.159149 | L809: 0.83633
A810: Run 4 function ACO 4start4 | B810: 138.437 | C810: 131.996 | D810: 2.95221 | E810: 31.3241 | F810: 87.6355 | G810: 6.44125 | H810: 100 | I810: 100 | J810: 4.80553 | K810: 0.169024 | L810: 0.836774
A811: Run 4 function ACO 4start5 | B811: 138.687 | C811: 132.181 | D811: 2.98702 | E811: 31.3425 | F811: 87.6836 | G811: 6.50603 | H811: 100 | I811: 100 | J811: 4.79687 | K811: 0.152479 | L811: 0.83694
A812: Run 4 function ACO 4start6 | B812: 138.674 | C812: 132.207 | D812: 2.99317 | E812: 31.3681 | F812: 87.6621 | G812: 6.46768 | H812: 100 | I812: 100 | J812: 4.7973 | K812: 0.178454 | L812: 0.868828
A813: Run 4 function ACO 4start7 | B813: 138.534 | C813: 132.085 | D813: 2.95835 | E813: 31.32 | F813: 87.6754 | G813: 6.44897 | H813: 100 | I813: 100 | J813: 4.80217 | K813: 0.153154 | L813: 0.837549
A814: Run 4 function ACO 4start8 | B814: 138.998 | C814: 132.169 | D814: 2.98805 | E814: 31.363 | F814: 87.6539 | G814: 6.82996 | H814: 100 | I814: 100 | J814: 4.78611 | K814: 0.155191 | L814: 0.837052
A815: Run 4 function ACO 4start9 | B815: 139.872 | C815: 133.053 | D815: 3.1652 | E815: 31.49 | F815: 87.8475 | G815: 6.81813 | H815: 100 | I815: 100 | J815: 4.75624 | K815: 0.165115 | L815: 0.836056
A816: Run 4 function ACO 4start10 | B816: 142.117 | C816: 134.058 | D816: 3.34338 | E816: 31.6887 | F816: 88.0063 | G816: 8.05928 | H816: 100 | I816: 100 | J816: 4.68108 | K816: 0.148323 | L816: 0.836983
A817: Run 4 function ACO 4start11 | B817: 139.47 | C817: 132.726 | D817: 3.0884 | E817: 31.4787 | F817: 87.7666 | G817: 6.74486 | H817: 100 | I817: 100 | J817: 4.76991 | K817: 0.148154 | L817: 0.868782
... A1005: Run 4 function ACO 4start transposed49 | B1005: 469.87 | C1005: 463.211 | D1005: 3.04437 | E1005: 170.477 | F1005: 279.374 | G1005: 6.659 | H1005: 100 | I1005: 100 | J1005: 1.41584 | K1005: 0.191587 | L1005: 0.834569
A1006: Device 0: Tesla V100-SXM2-16GB | B1006: Max thread in blocks: 1024 Total Global Memory: 16151,1 MB GPU Global Memory Usage: 7,89934 MB GPU Global Memory Hash Table: 1024 MB Max PARAMETR_SIZE in GPU Global Memory: 7482045 Shared memory per block: 49152 bytes (48 KB) Shared memory per multiprocessor: 98304 bytes (96 KB) Data size in Shared memory per block: 10752 bytes (10,5 KB) Constant Memory: 65536 bytes Parameter data size (in Constant Memory): 53760 bytes (52,5 KB) Registers per Block: 65536 Warp Size: 32 Compute Capability: 7,0 Can Map Host Memory: Yes Clock Rate: 1530 MHz L2 Cache Size: 6291456 bytes Multiprocessor Count: 80 | C1006: Max thread in blocks by axis: (1024, 1024, 64) | D1006: Max blocks by axis: (2147483647, 65535, 65535) | E1006: PARAMETR_SIZE: 1344 | F1006: MAX_VALUE_SIZE: 5 | G1006: SET_PARAMETR_SIZE_ONE_X: 21 | H1006: ANT_SIZE: 500 | I1006: MAX_THREAD_CUDA: 512 | J1006: NAME_FILE_GRAPH: Parametr_Graph/test1344,txt | K1006: KOL_ITERATION: 500 | L1006: KOL_PROGREV: 5 | M1006: KOL_PROGON_STATISTICS: 50 | N1006: PARAMETR_RO: 0,999 | O1006: PARAMETR_Q: 1 | P1006: PRINT_INFORMATION: 0 | Q1006: MAX_PARAMETR_VALUE_TO_MIN_OPT: 1 | R1006: OPTIMIZE: OPTIMIZE_MIN_1 | S1006: FUNCTION: SHAFFERA GO_HASH: 0 | T1006: HASH_TABLE_SIZE: 67108864 | U1006: ZERO_HASH_RESULT: -1 | V1006: ZERO_HASH: 18446744073709551615 | W1006: MAX_PROBES: 10000 | X1006: MAX_CONST: 8192 | Y1006: MAX_SHARED: 6144 | Z1006: BLOCK_SIZE: 64 | AA1006: BIN_SEARCH: 0 | AB1006: NON_WHILE_ANT: 1
A1007: Run 4 function ACO 4start0 | B1007: 220.492 | C1007: 213.679 | D1007: 3.28296 | E1007: 93.9724 | F1007: 105.6 | G1007: 6.81345 | H1007: 100 | I1007: 100 | J1007: 6.02588 | K1007: 0.283089 | L1007: 0.72788
A1008: Run 4 function ACO 4start1 | B1008: 220.322 | C1008: 213.518 | D1008: 3.2676 | E1008: 94.0145 | F1008: 105.452 | G1008: 6.80344 | H1008: 100 | I1008: 100 | J1008: 6.03056 | K1008: 0.264241 | L1008: 0.727811
A1009: Run 4 function ACO 4start2 | B1009: 220.452 | C1009: 213.639 | D1009: 3.27784 | E1009: 93.9941 | F1009: 105.457 | G1009: 6.81332 | H1009: 100 | I1009: 100 | J1009: 6.02698 | K1009: 0.261693 | L1009: 0.725468
A1010: Run 4 function ACO 4start3 | B1010: 220.815 | C1010: 213.552 | D1010: 3.2676 | E1010: 93.952 | F1010: 105.504 | G1010: 7.26297 | H1010: 100 | I1010: 100 | J1010: 6.01708 | K1010: 0.263382 | L1010: 0.721197
A1011: Run 4 function ACO 4start4 | B1011: 220.377 | C1011: 213.591 | D1011: 3.24917 | E1011: 94.0493 | F1011: 105.451 | G1011: 6.78606 | H1011: 100 | I1011: 100 | J1011: 6.02904 | K1011: 0.283125 | L1011: 0.72503
A1012: Run 4 function ACO 4start5 | B1012: 220.497 | C1012: 213.66 | D1012: 3.24814 | E1012: 94.0421 | F1012: 105.491 | G1012: 6.83752 | H1012: 100 | I1012: 100 | J1012: 6.02575 | K1012: 0.28309 | L1012: 0.725452
A1013: Run 4 function ACO 4start6 | B1013: 220.422 | C1013: 213.622 | D1013: 3.27477 | E1013: 94.0145 | F1013: 105.483 | G1013: 6.80008 | H1013: 100 | I1013: 100 | J1013: 6.02781 | K1013: 0.283085 | L1013: 0.727433
A1014: Run 4 function ACO 4start7 | B1014: 220.614 | C1014: 213.778 | D1014: 3.26248 | E1014: 94.0605 | F1014: 105.566 | G1014: 6.83521 | H1014: 100 | I1014: 100 | J1014: 6.02258 | K1014: 0.283078 | L1014: 0.727861
A1015: Run 4 function ACO 4start8 | B1015: 220.458 | C1015: 213.706 | D1015: 3.27886 | E1015: 94.0554 | F1015: 105.515 | G1015: 6.75195 | H1015: 100 | I1015: 100 | J1015: 6.02684 | K1015: 0.27055 | L1015: 0.727853
A1016: Run 4 function ACO 4start9 | B1016: 220.599 | C1016: 213.771 | D1016: 3.29934 | E1016: 93.9868 | F1016: 105.544 | G1016: 6.82812 | H1016: 100 | I1016: 100 | J1016: 6.02296 | K1016: 0.26062 | L1016: 0.727891
A1017: Run 4 function ACO 4start10 | B1017: 220.521 | C1017: 213.731 | D1017: 3.27579 | E1017: 94.0472 | F1017: 105.556 | G1017: 6.78987 | H1017: 100 | I1017: 100 | J1017: 6.0251 | K1017: 0.283082 | L1017: 0.72607
A1018: Run 4 function ACO 4start11 | B1018: 220.473 | C1018: 213.668 | D1018: 3.30446 | E1018: 94.0185 | F1018: 105.473 | G1018: 6.80559 | H1018: 100 | I1018: 100 | J1018: 6.0264 | K1018: 0.274701 | L1018: 0.727803
... A1206: Run 4 function ACO 4start transposed49 | B1206: 680.485 | C1206: 673.966 | D1206: 3.21538 | E1206: 358.74 | F1206: 301.44 | G1206: 6.5191 | H1206: 100 | I1206: 100 | J1206: 1.95252 | K1206: 0.283462 | L1206: 0.706532
A1207: Device 0: Tesla V100-SXM2-16GB | B1207: Max thread in blocks: 1024 Total Global Memory: 16151,1 MB GPU Global Memory Usage: 15,7948 MB GPU Global Memory Hash Table: 1024 MB Max PARAMETR_SIZE in GPU Global Memory: 7343488 Shared memory per block: 49152 bytes (48 KB) Shared memory per multiprocessor: 98304 bytes (96 KB) Data size in Shared memory per block: 21504 bytes (21 KB) Constant Memory: 65536 bytes Parameter data size (in Constant Memory): 107520 bytes (105 KB) Registers per Block: 65536 Warp Size: 32 Compute Capability: 7,0 Can Map Host Memory: Yes Clock Rate: 1530 MHz L2 Cache Size: 6291456 bytes Multiprocessor Count: 80 | C1207: Max thread in blocks by axis: (1024, 1024, 64) | D1207: Max blocks by axis: (2147483647, 65535, 65535) | E1207: PARAMETR_SIZE: 2688 | F1207: MAX_VALUE_SIZE: 5 | G1207: SET_PARAMETR_SIZE_ONE_X: 21 | H1207: ANT_SIZE: 500 | I1207: MAX_THREAD_CUDA: 512 | J1207: NAME_FILE_GRAPH: Parametr_Graph/test2688,txt | K1207: KOL_ITERATION: 500 | L1207: KOL_PROGREV: 5 | M1207: KOL_PROGON_STATISTICS: 50 | N1207: PARAMETR_RO: 0,999 | O1207: PARAMETR_Q: 1 | P1207: PRINT_INFORMATION: 0 | Q1207: MAX_PARAMETR_VALUE_TO_MIN_OPT: 1 | R1207: OPTIMIZE: OPTIMIZE_MIN_1 | S1207: FUNCTION: SHAFFERA GO_HASH: 0 | T1207: HASH_TABLE_SIZE: 67108864 | U1207: ZERO_HASH_RESULT: -1 | V1207: ZERO_HASH: 18446744073709551615 | W1207: MAX_PROBES: 10000 | X1207: MAX_CONST: 8192 | Y1207: MAX_SHARED: 6144 | Z1207: BLOCK_SIZE: 64 | AA1207: BIN_SEARCH: 0 | AB1207: NON_WHILE_ANT: 1
A1208: Run 4 function ACO 4start0 | B1208: 358.814 | C1208: 352.143 | D1208: 3.30856 | E1208: 230.648 | F1208: 107.566 | G1208: 6.67093 | H1208: 100 | I1208: 100 | J1208: 7.40066 | K1208: 0.37569 | L1208: 0.623094
A1209: Run 4 function ACO 4start1 | B1209: 358.119 | C1209: 351.403 | D1209: 3.31061 | E1209: 230.555 | F1209: 106.857 | G1209: 6.71631 | H1209: 100 | I1209: 100 | J1209: 7.41503 | K1209: 0.375691 | L1209: 0.629236
A1210: Run 4 function ACO 4start2 | B1210: 357.811 | C1210: 351.191 | D1210: 3.30344 | E1210: 230.576 | F1210: 106.657 | G1210: 6.61957 | H1210: 100 | I1210: 100 | J1210: 7.42142 | K1210: 0.364782 | L1210: 0.620546
A1211: Run 4 function ACO 4start3 | B1211: 357.876 | C1211: 351.134 | D1211: 3.31266 | E1211: 230.612 | F1211: 106.553 | G1211: 6.74194 | H1211: 100 | I1211: 100 | J1211: 7.42006 | K1211: 0.364635 | L1211: 0.62974
A1212: Run 4 function ACO 4start4 | B1212: 358.036 | C1212: 351.211 | D1212: 3.34952 | E1212: 230.629 | F1212: 106.544 | G1212: 6.82462 | H1212: 100 | I1212: 100 | J1212: 7.41674 | K1212: 0.375699 | L1212: 0.629348
A1213: Run 4 function ACO 4start5 | B1213: 357.834 | C1213: 351.088 | D1213: 3.33006 | E1213: 230.539 | F1213: 106.581 | G1213: 6.74579 | H1213: 100 | I1213: 100 | J1213: 7.42093 | K1213: 0.375691 | L1213: 0.619122
A1214: Run 4 function ACO 4start6 | B1214: 357.975 | C1214: 351.32 | D1214: 3.3188 | E1214: 230.523 | F1214: 106.83 | G1214: 6.65536 | H1214: 100 | I1214: 100 | J1214: 7.418 | K1214: 0.364433 | L1214: 0.62973
A1215: Run 4 function ACO 4start7 | B1215: 358.13 | C1215: 351.454 | D1215: 3.33928 | E1215: 230.572 | F1215: 106.89 | G1215: 6.67548 | H1215: 100 | I1215: 100 | J1215: 7.41481 | K1215: 0.375725 | L1215: 0.629802
A1216: Run 4 function ACO 4start8 | B1216: 358.572 | C1216: 351.886 | D1216: 3.32904 | E1216: 230.603 | F1216: 106.866 | G1216: 6.6861 | H1216: 100 | I1216: 100 | J1216: 7.40565 | K1216: 0.375708 | L1216: 0.629792
A1217: Run 4 function ACO 4start9 | B1217: 358.131 | C1217: 351.37 | D1217: 3.31368 | E1217: 230.613 | F1217: 106.766 | G1217: 6.76071 | H1217: 100 | I1217: 100 | J1217: 7.41478 | K1217: 0.375844 | L1217: 0.627921
A1218: Run 4 function ACO 4start10 | B1218: 359.238 | C1218: 352.246 | D1218: 3.51336 | E1218: 230.826 | F1218: 106.923 | G1218: 6.99231 | H1218: 100 | I1218: 100 | J1218: 7.39193 | K1218: 0.37571 | L1218: 0.629741
A1219: Run 4 function ACO 4start11 | B1219: 358.834 | C1219: 351.33 | D1219: 3.35464 | E1219: 230.607 | F1219: 106.819 | G1219: 7.50345 | H1219: 100 | I1219: 100 | J1219: 7.40026 | K1219: 0.375692 | L1219: 0.6293
... A1407: Run 4 function ACO 4start transposed49 | B1407: 1079.01 | C1407: 1072.12 | D1407: 3.44373 | E1407: 749.867 | F1407: 306.948 | G1407: 6.88965 | H1407: 100 | I1407: 100 | J1407: 2.46102 | K1407: 0.375702 | L1407: 0.619088
A1408: Device 0: Tesla V100-SXM2-16GB | B1408: Max thread in blocks: 1024 Total Global Memory: 16151,1 MB GPU Global Memory Usage: 31,5859 MB GPU Global Memory Hash Table: 1024 MB Max PARAMETR_SIZE in GPU Global Memory: 7343488 Shared memory per block: 49152 bytes (48 KB) Shared memory per multiprocessor: 98304 bytes (96 KB) Data size in Shared memory per block: 43008 bytes (42 KB) Constant Memory: 65536 bytes Parameter data size (in Constant Memory): 215040 bytes (210 KB) Registers per Block: 65536 Warp Size: 32 Compute Capability: 7,0 Can Map Host Memory: Yes Clock Rate: 1530 MHz L2 Cache Size: 6291456 bytes Multiprocessor Count: 80 | C1408: Max thread in blocks by axis: (1024, 1024, 64) | D1408: Max blocks by axis: (2147483647, 65535, 65535) | E1408: PARAMETR_SIZE: 5376 | F1408: MAX_VALUE_SIZE: 5 | G1408: SET_PARAMETR_SIZE_ONE_X: 21 | H1408: ANT_SIZE: 500 | I1408: MAX_THREAD_CUDA: 512 | J1408: NAME_FILE_GRAPH: Parametr_Graph/test5376,txt | K1408: KOL_ITERATION: 500 | L1408: KOL_PROGREV: 5 | M1408: KOL_PROGON_STATISTICS: 50 | N1408: PARAMETR_RO: 0,999 | O1408: PARAMETR_Q: 1 | P1408: PRINT_INFORMATION: 0 | Q1408: MAX_PARAMETR_VALUE_TO_MIN_OPT: 1 | R1408: OPTIMIZE: OPTIMIZE_MIN_1 | S1408: FUNCTION: SHAFFERA GO_HASH: 0 | T1408: HASH_TABLE_SIZE: 67108864 | U1408: ZERO_HASH_RESULT: -1 | V1408: ZERO_HASH: 18446744073709551615 | W1408: MAX_PROBES: 10000 | X1408: MAX_CONST: 8192 | Y1408: MAX_SHARED: 6144 | Z1408: BLOCK_SIZE: 256 | AA1408: BIN_SEARCH: 0 | AB1408: NON_WHILE_ANT: 1
A1409: Run 4 function ACO 4start0 | B1409: 597.712 | C1409: 591.045 | D1409: 3.8779 | E1409: 426.237 | F1409: 149.546 | G1409: 6.66718 | H1409: 100 | I1409: 100 | J1409: 8.88231 | K1409: 0.43283 | L1409: 0.565177
...

Sheet Лист4
A1: Device 0: Tesla V100-SXM2-16GB | B1: Max thread in blocks: 1024 Total Global Memory: 16151,1 MB GPU Global Memory Usage: 0,248966 MB GPU Global Memory Hash Table: 1024 MB Max PARAMETR_SIZE in GPU Global Memory: 7482045 Shared memory per block: 49152 bytes (48 KB) Shared memory per multiprocessor: 98304 bytes (96 KB) Data size in Shared memory per block: 336 bytes (0,328125 KB) Constant Memory: 65536 bytes Parameter data size (in Constant Memory): 1680 bytes (1,64062 KB) Registers per Block: 65536 Warp Size: 32 Compute Capability: 7,0 Can Map Host Memory: Yes Clock Rate: 1530 MHz L2 Cache Size: 6291456 bytes Multiprocessor Count: 80 | C1: Max thread in blocks by axis: (1024, 1024, 64) | D1: Max blocks by axis: (2147483647, 65535, 65535) | E1: PARAMETR_SIZE: 42 | F1: MAX_VALUE_SIZE: 5 | G1: SET_PARAMETR_SIZE_ONE_X: 21 | H1: ANT_SIZE: 500 | I1: MAX_THREAD_CUDA: 512 | J1: NAME_FILE_GRAPH: Parametr_Graph/test42,txt | K1: KOL_ITERATION: 500 | L1: KOL_PROGREV: 5 | M1: KOL_PROGON_STATISTICS: 50 | N1: PARAMETR_RO: 0,999 | O1: PARAMETR_Q: 1 | P1: PRINT_INFORMATION: 0 | Q1: MAX_PARAMETR_VALUE_TO_MIN_OPT: 1 | R1: OPTIMIZE: OPTIMIZE_MIN_1 | S1: FUNCTION: SHAFFERA GO_HASH: 1 | T1: HASH_TABLE_SIZE: 67108864 | U1: ZERO_HASH_RESULT: -1 | V1: ZERO_HASH: 18446744073709551615 | W1: MAX_PROBES: 10000 | X1: MAX_CONST: 8192 | Y1: MAX_SHARED: 6144 | Z1: BLOCK_SIZE: 64 | AA1: BIN_SEARCH: 0 | AB1: NON_WHILE_ANT: 1
A2: Run 4 function ACO 4start0 | B2: 102.517 | C2: 96.255 | D2: 2.85083 | E2: 5.09237 | F2: 78.213 | G2: 6.26226 | H2: 82.2392 | I2: 100 | J2: 0.422613 | K2: 0.00123008 | L2: 0.999983
A3: Run 4 function ACO 4start1 | B3: 107.744 | C3: 100.234 | D3: 3.49287 | E3: 5.81427 | F3: 79.3119 | G3: 7.50957 | H3: 79.8576 | I3: 100 | J3: 0.402113 | K3: 0.00123008 | L3: 0.999983
A4: Run 4 function ACO 4start2 | B4: 103.413 | C4: 96.9258 | D4: 3.01262 | E4: 5.28591 | F4: 78.4189 | G4: 6.48698 | H4: 77.8852 | I4: 100 | J4: 0.418953 | K4: 0.00123006 | L4: 0.999983
A5: Run 4 function ACO 4start3 | B5: 101.004 | C5: 95.157 | D5: 2.76891 | E5: 5.0555 | F5: 77.96 | G5: 5.84752 | H5: 75.7444 | I5: 100 | J5: 0.428943 | K5: 0.00123007 | L5: 0.999983
A6: Run 4 function ACO 4start4 | B6: 100.365 | C6: 94.6799 | D6: 2.7259 | E6: 5.04014 | F6: 77.871 | G6: 5.68501 | H6: 74.1228 | I6: 100 | J6: 0.431676 | K6: 0.00123009 | L6: 0.999983
A7: Run 4 function ACO 4start5 | B7: 100.91 | C7: 94.8058 | D7: 2.74126 | E7: 5.05653 | F7: 77.9027 | G7: 6.10426 | H7: 72.4232 | I7: 100 | J7: 0.429344 | K7: 0.00123008 | L7: 0.999983
A8: Run 4 function ACO 4start6 | B8: 100.41 | C8: 94.7229 | D8: 2.73 | E8: 5.05346 | F8: 77.8945 | G8: 5.68674 | H8: 71.0144 | I8: 100 | J8: 0.431484 | K8: 0.00123007 | L8: 0.999983
A9: Run 4 function ACO 4start7 | B9: 100.511 | C9: 94.858 | D9: 2.76481 | E9: 5.06677 | F9: 77.916 | G9: 5.65292 | H9: 69.3388 | I9: 100 | J9: 0.431049 | K9: 0.00123009 | L9: 0.999983
A10: Run 4 function ACO 4start8 | B10: 100.393 | C10: 94.7556 | D10: 2.74331 | E10: 5.04833 | F10: 77.9016 | G10: 5.63747 | H10: 67.9124 | I10: 100 | J10: 0.431555 | K10: 0.00123006 | L10: 0.999983
A11: Run 4 function ACO 4start9 | B11: 100.424 | C11: 94.7905 | D11: 2.73 | E11: 5.08827 | F11: 77.8689 | G11: 5.63323 | H11: 66.6596 | I11: 100 | J11: 0.431423 | K11: 0.00123006 | L11: 0.999983
A12: Run 4 function ACO 4start10 | B12: 100.473 | C12: 94.7813 | D12: 2.74228 | E12: 5.08929 | F12: 77.876 | G12: 5.69132 | H12: 65.6076 | I12: 100 | J12: 0.431213 | K12: 0.00123007 | L12: 0.999983
A13: Run 4 function ACO 4start11 | B13: 100.627 | C13: 94.8816 | D13: 2.73 | E13: 5.0852 | F13: 77.8853 | G13: 5.74506 | H13: 69.0916 | I13: 100 | J13: 0.430553 | K13: 0.00123005 | L13: 0.999996
... A201: Run 4 function ACO 4start transposed49 | B201: 86.8037 | C201: 81.1007 | D201: 2.89384 | E201: 12.1385 | F201: 56.881 | G201: 5.70306 | H201: 51.3888 | I201: 100 | J201: 0.499116 | K201: 0.00123007 | L201: 0.999193
A202: Device 0: Tesla V100-SXM2-16GB | B202: Max thread in blocks: 1024 Total Global Memory: 16151,1 MB GPU Global Memory Usage: 0,494099 MB GPU Global Memory Hash Table: 1024 MB Max PARAMETR_SIZE in GPU Global Memory: 7482045 Shared memory per block: 49152 bytes (48 KB) Shared memory per multiprocessor: 98304 bytes (96 KB) Data size in Shared memory per block: 672 bytes (0,65625 KB) Constant Memory: 65536 bytes Parameter data size (in Constant Memory): 3360 bytes (3,28125 KB) Registers per Block: 65536 Warp Size: 32 Compute Capability: 7,0 Can Map Host Memory: Yes Clock Rate: 1530 MHz L2 Cache Size: 6291456 bytes Multiprocessor Count: 80 | C202: Max thread in blocks by axis: (1024, 1024, 64) | D202: Max blocks by axis: (2147483647, 65535, 65535) | E202: PARAMETR_SIZE: 84 | F202: MAX_VALUE_SIZE: 5 | G202: SET_PARAMETR_SIZE_ONE_X: 21 | H202: ANT_SIZE: 500 | I202: MAX_THREAD_CUDA: 512 | J202: NAME_FILE_GRAPH: Parametr_Graph/test84,txt | K202: KOL_ITERATION: 500 | L202: KOL_PROGREV: 5 | M202: KOL_PROGON_STATISTICS: 50 | N202: PARAMETR_RO: 0,999 | O202: PARAMETR_Q: 1 | P202: PRINT_INFORMATION: 0 | Q202: MAX_PARAMETR_VALUE_TO_MIN_OPT: 1 | R202: OPTIMIZE: OPTIMIZE_MIN_1 | S202: FUNCTION: SHAFFERA GO_HASH: 1 | T202: HASH_TABLE_SIZE: 67108864 | U202: ZERO_HASH_RESULT: -1 | V202: ZERO_HASH: 18446744073709551615 | W202: MAX_PROBES: 10000 | X202: MAX_CONST: 8192 | Y202: MAX_SHARED: 6144 | Z202: BLOCK_SIZE: 64 | AA202: BIN_SEARCH: 0 | AB202: NON_WHILE_ANT: 1
A203: Run 4 function ACO 4start0 | B203: 110.59 | C203: 104.399 | D203: 2.91022 | E203: 6.74406 | F203: 84.7258 | G203: 6.19089 | H203: 98.9068 | I203: 100 | J203: 0.766688 | K203: 0.00123035 | L203: 0.995116
A204: Run 4 function ACO 4start1 | B204: 110.47 | C204: 104.227 | D204: 2.86414 | E204: 6.76863 | F204: 84.6059 | G204: 6.24364 | H204: 98.64 | I204: 100 | J204: 0.767515 | K204: 0.00123018 | L204: 0.995116
A205: Run 4 function ACO 4start2 | B205: 110.55 | C205: 104.345 | D205: 2.87438 | E205: 6.8096 | F205: 84.6449 | G205: 6.20409 | H205: 98.4264 | I205: 100 | J205: 0.766965 | K205: 0.00123018 | L205: 0.995116
A206: Run 4 function ACO 4start3 | B206: 112.609 | C206: 105.705 | D206: 3.12526 | E206: 7.01851 | F206: 84.9561 | G206: 6.90321 | H206: 98.2728 | I206: 100 | J206: 0.752941 | K206: 0.00123087 | L206: 0.995116
A207: Run 4 function ACO 4start4 | B207: 114.726 | C207: 107.546 | D207: 3.45397 | E207: 7.32776 | F207: 85.5816 | G207: 7.18083 | H207: 98.1 | I207: 100 | J207: 0.739042 | K207: 0.00123069 | L207: 0.995115
A208: Run 4 function ACO 4start5 | B208: 110.033 | C208: 103.953 | D208: 2.88257 | E208: 6.83315 | F208: 84.6172 | G208: 6.08 | H208: 97.9732 | I208: 100 | J208: 0.770563 | K208: 0.00123203 | L208: 0.995116
A209: Run 4 function ACO 4start6 | B209: 109.098 | C209: 103.347 | D209: 2.8068 | E209: 6.7502 | F209: 84.5343 | G209: 5.75042 | H209: 97.7168 | I209: 100 | J209: 0.77717 | K209: 0.00123068 | L209: 0.995116
A210: Run 4 function ACO 4start7 | B210: 109.66 | C210: 103.435 | D210: 2.88052 | E210: 6.77581 | F210: 84.5527 | G210: 6.22449 | H210: 97.4952 | I210: 100 | J210: 0.773187 | K210: 0.00123218 | L210: 0.995116
A211: Run 4 function ACO 4start8 | B211: 117.544 | C211: 109.781 | D211: 3.77242 | E211: 7.68408 | F211: 86.1543 | G211: 7.76324 | H211: 97.28 | I211: 100 | J211: 0.721326 | K211: 0.00123008 | L211: 0.995116
A212: Run 4 function ACO 4start9 | B212: 113.217 | C212: 106.391 | D212: 3.22357 | E212: 7.21308 | F212: 85.1209 | G212: 6.82627 | H212: 97.226 | I212: 100 | J212: 0.748895 | K212: 0.00123006 | L212: 0.995116
A213: Run 4 function ACO 4start10 | B213: 111.014 | C213: 104.706 | D213: 2.96245 | E213: 6.91098 | F213: 84.696 | G213: 6.30798 | H213: 97.212 | I213: 100 | J213: 0.763757 | K213: 0.00123014 | L213: 0.995116
A214: Run 4 function ACO 4start11 | B214: 110.673 | C214: 104.376 | D214: 2.858 | E214: 6.88231 | F214: 84.5639 | G214: 6.29687 | H214: 99.8788 | I214: 100 | J214: 0.766109 | K214: 0.00123007 | L214: 0.995116
... A402: Run 4 function ACO 4start transposed49 | B402: 95.3651 | C402: 89.5426 | D402: 2.84776 | E402: 20.479 | F402: 56.9353 | G402: 5.82247 | H402: 50.7176 | I402: 100 | J402: 0.889084 | K402: 0.00141883 | L402: 0.995113
A403: Device 0: Tesla V100-SXM2-16GB | B403: Max thread in blocks: 1024 Total Global Memory: 16151,1 MB GPU Global Memory Usage: 0,984364 MB GPU Global Memory Hash Table: 1024 MB Max PARAMETR_SIZE in GPU Global Memory: 7482045 Shared memory per block: 49152 bytes (48 KB) Shared memory per multiprocessor: 98304 bytes (96 KB) Data size in Shared memory per block: 1344 bytes (1,3125 KB) Constant Memory: 65536 bytes Parameter data size (in Constant Memory): 6720 bytes (6,5625 KB) Registers per Block: 65536 Warp Size: 32 Compute Capability: 7,0 Can Map Host Memory: Yes Clock Rate: 1530 MHz L2 Cache Size: 6291456 bytes Multiprocessor Count: 80 | C403: Max thread in blocks by axis: (1024, 1024, 64) | D403: Max blocks by axis: (2147483647, 65535, 65535) | E403: PARAMETR_SIZE: 168 | F403: MAX_VALUE_SIZE: 5 | G403: SET_PARAMETR_SIZE_ONE_X: 21 | H403: ANT_SIZE: 500 | I403: MAX_THREAD_CUDA: 512 | J403: NAME_FILE_GRAPH: Parametr_Graph/test168,txt | K403: KOL_ITERATION: 500 | L403: KOL_PROGREV: 5 | M403: KOL_PROGON_STATISTICS: 50 | N403: PARAMETR_RO: 0,999 | O403: PARAMETR_Q: 1 | P403: PRINT_INFORMATION: 0 | Q403: MAX_PARAMETR_VALUE_TO_MIN_OPT: 1 | R403: OPTIMIZE: OPTIMIZE_MIN_1 | S403: FUNCTION: SHAFFERA GO_HASH: 1 | T403: HASH_TABLE_SIZE: 67108864 | U403: ZERO_HASH_RESULT: -1 | V403: ZERO_HASH: 18446744073709551615 | W403: MAX_PROBES: 10000 | X403: MAX_CONST: 8192 | Y403: MAX_SHARED: 6144 | Z403: BLOCK_SIZE: 64 | AA403: BIN_SEARCH: 0 | AB403: NON_WHILE_ANT: 1
A404: Run 4 function ACO 4start0 | B404: 111.913 | C404: 106.182 | D404: 2.80987 | E404: 9.55799 | F404: 84.6858 | G404: 5.73088 | H404: 99.9536 | I404: 100 | J404: 1.4986 | K404: 0.0108662 | L404: 0.981019
A405: Run 4 function ACO 4start1 | B405: 111.814 | C405: 106.063 | D405: 2.7986 | E405: 9.56004 | F405: 84.6039 | G405: 5.75124 | H405: 99.9424 | I405: 100 | J405: 1.49992 | K405: 0.0109423 | L405: 0.982906
A406: Run 4 function ACO 4start2 | B406: 111.798 | C406: 106.088 | D406: 2.81806 | E406: 9.57437 | F406: 84.6059 | G406: 5.70969 | H406: 99.9304 | I406: 100 | J406: 1.50014 | K406: 0.0109651 | L406: 0.990354
A407: Run 4 function ACO 4start3 | B407: 111.98 | C407: 106.179 | D407: 2.82728 | E407: 9.5795 | F407: 84.5762 | G407: 5.80188 | H407: 99.924 | I407: 100 | J407: 1.49769 | K407: 0.0108661 | L407: 0.981017
A408: Run 4 function ACO 4start4 | B408: 111.933 | C408: 106.159 | D408: 2.82113 | E408: 9.61226 | F408: 84.6295 | G408: 5.77385 | H408: 99.9324 | I408: 100 | J408: 1.49833 | K408: 0.0109738 | L408: 0.981019
A409: Run 4 function ACO 4start5 | B409: 111.85 | C409: 106.099 | D409: 2.79348 | E409: 9.59076 | F409: 84.5895 | G409: 5.75101 | H409: 99.9136 | I409: 100 | J409: 1.49945 | K409: 0.0123785 | L409: 0.99356
A410: Run 4 function ACO 4start6 | B410: 112.034 | C410: 106.254 | D410: 2.78836 | E410: 9.58871 | F410: 84.6203 | G410: 5.78004 | H410: 99.91 | I410: 100 | J410: 1.49697 | K410: 0.0113026 | L410: 0.987732
A411: Run 4 function ACO 4start7 | B411: 112.037 | C411: 106.313 | D411: 2.78324 | E411: 9.63889 | F411: 84.6254 | G411: 5.72449 | H411: 99.9044 | I411: 100 | J411: 1.49694 | K411: 0.0108833 | L411: 0.981019
A412: Run 4 function ACO 4start8 | B412: 112.37 | C412: 106.319 | D412: 2.83547 | E412: 9.62353 | F412: 84.6049 | G412: 6.05129 | H412: 99.8972 | I412: 100 | J412: 1.4925 | K412: 0.0108987 | L412: 0.981018
A413: Run 4 function ACO 4start9 | B413: 112.011 | C413: 106.246 | D413: 2.80065 | E413: 9.61738 | F413: 84.611 | G413: 5.76499 | H413: 99.8812 | I413: 100 | J413: 1.49728 | K413: 0.0108691 | L413: 0.991863
A414: Run 4 function ACO 4start10 | B414: 111.795 | C414: 106.165 | D414: 2.8283 | E414: 9.64299 | F414: 84.6141 | G414: 5.62956 | H414: 99.984 | I414: 100 | J414: 1.50018 | K414: 0.0108961 | L414: 0.991342
A415: Run 4 function ACO 4start11 | B415: 111.771 | C415: 106.132 | D415: 2.80475 | E415: 9.63582 | F415: 84.652 | G415: 5.63889 | H415: 99.9876 | I415: 100 | J415: 1.5005 | K415: 0.0108905 | L415: 0.993746
... A603: Run 4 function ACO 4start transposed49 | B603: 114.1 | C603: 108.331 | D603: 2.88155 | E603: 39.7088 | F603: 56.6527 | G603: 5.76846 | H603: 50.2964 | I603: 100 | J603: 1.46988 | K603: 0.0110449 | L603: 0.98089
A604: Device 0: Tesla V100-SXM2-16GB | B604: Max thread in blocks: 1024 Total Global Memory: 16151,1 MB GPU Global Memory Usage: 1,96489 MB GPU Global Memory Hash Table: 1024 MB Max PARAMETR_SIZE in GPU Global Memory: 7482045 Shared memory per block: 49152 bytes (48 KB) Shared memory per multiprocessor: 98304 bytes (96 KB) Data size in Shared memory per block: 2688 bytes (2,625 KB) Constant Memory: 65536 bytes Parameter data size (in Constant Memory): 13440 bytes (13,125 KB) Registers per Block: 65536 Warp Size: 32 Compute Capability: 7,0 Can Map Host Memory: Yes Clock Rate: 1530 MHz L2 Cache Size: 6291456 bytes Multiprocessor Count: 80 | C604: Max thread in blocks by axis: (1024, 1024, 64) | D604: Max blocks by axis: (2147483647, 65535, 65535) | E604: PARAMETR_SIZE: 336 | F604: MAX_VALUE_SIZE: 5 | G604: SET_PARAMETR_SIZE_ONE_X: 21 | H604: ANT_SIZE: 500 | I604: MAX_THREAD_CUDA: 512 | J604: NAME_FILE_GRAPH: Parametr_Graph/test336,txt | K604: KOL_ITERATION: 500 | L604: KOL_PROGREV: 5 | M604: KOL_PROGON_STATISTICS: 50 | N604: PARAMETR_RO: 0,999 | O604: PARAMETR_Q: 1 | P604: PRINT_INFORMATION: 0 | Q604: MAX_PARAMETR_VALUE_TO_MIN_OPT: 1 | R604: OPTIMIZE: OPTIMIZE_MIN_1 | S604: FUNCTION: SHAFFERA GO_HASH: 1 | T604: HASH_TABLE_SIZE: 67108864 | U604: ZERO_HASH_RESULT: -1 | V604: ZERO_HASH: 18446744073709551615 | W604: MAX_PROBES: 10000 | X604: MAX_CONST: 8192 | Y604: MAX_SHARED: 6144 | Z604: BLOCK_SIZE: 64 | AA604: BIN_SEARCH: 0 | AB604: NON_WHILE_ANT: 1
A605: Run 4 function ACO 4start0 | B605: 120.29 | C605: 113.949 | D605: 3.01262 | E605: 16.1997 | F605: 85.2889 | G605: 6.34162 | H605: 99.9988 | I605: 100 | J605: 2.77298 | K605: 0.0540286 | L605: 0.948073
A606: Run 4 function ACO 4start1 | B606: 128.237 | C606: 120.359 | D606: 4.19841 | E606: 17.2554 | F606: 86.5751 | G606: 7.87746 | H606: 99.9976 | I606: 100 | J606: 2.60115 | K606: 0.0748623 | L606: 0.931824
A607: Run 4 function ACO 4start2 | B607: 122.229 | C607: 115.669 | D607: 3.27272 | E607: 16.4536 | F607: 85.3564 | G607: 6.5594 | H607: 99.9976 | I607: 100 | J607: 2.72901 | K607: 0.0539571 | L607: 0.951915
A608: Run 4 function ACO 4start3 | B608: 121.355 | C608: 114.386 | D608: 3.04129 | E608: 16.2652 | F608: 85.126 | G608: 6.96909 | H608: 99.9968 | I608: 100 | J608: 2.74865 | K608: 0.0550043 | L608: 0.947271
A609: Run 4 function ACO 4start4 | B609: 120.339 | C609: 114.206 | D609: 3.01467 | E609: 16.2058 | F609: 85.1086 | G609: 6.13344 | H609: 99.996 | I609: 100 | J609: 2.77185 | K609: 0.0550763 | L609: 0.956692
A610: Run 4 function ACO 4start5 | B610: 120.421 | C610: 114.227 | D610: 3.00545 | E610: 16.2345 | F610: 85.084 | G610: 6.19334 | H610: 99.9952 | I610: 100 | J610: 2.76997 | K610: 0.0541634 | L610: 0.935594
A611: Run 4 function ACO 4start6 | B611: 120.519 | C611: 114.326 | D611: 3.0075 | E611: 16.2222 | F611: 85.1055 | G611: 6.19336 | H611: 99.9944 | I611: 100 | J611: 2.76771 | K611: 0.0575088 | L611: 0.931815
A612: Run 4 function ACO 4start7 | B612: 120.67 | C612: 114.419 | D612: 3.04027 | E612: 16.2663 | F612: 85.0953 | G612: 6.25114 | H612: 99.9896 | I612: 100 | J612: 2.76425 | K612: 0.0578529 | L612: 0.931835
A613: Run 4 function ACO 4start8 | B613: 120.408 | C613: 114.241 | D613: 3.02901 | E613: 16.211 | F613: 85.083 | G613: 6.16703 | H613: 99.9976 | I613: 100 | J613: 2.77027 | K613: 0.0564656 | L613: 0.931817
A614: Run 4 function ACO 4start9 | B614: 120.453 | C614: 114.277 | D614: 2.97166 | E614: 16.2499 | F614: 85.126 | G614: 6.17619 | H614: 99.9988 | I614: 100 | J614: 2.76924 | K614: 0.0543629 | L614: 0.931836
A615: Run 4 function ACO 4start10 | B615: 120.602 | C615: 114.41 | D615: 3.05973 | E615: 16.2581 | F615: 85.1403 | G615: 6.19187 | H615: 99.9964 | I615: 100 | J615: 2.76582 | K615: 0.0635257 | L615: 0.931814
A616: Run 4 function ACO 4start11 | B616: 120.602 | C616: 114.376 | D616: 3.00853 | E616: 16.2622 | F616: 85.1137 | G616: 6.2256 | H616: 99.998 | I616: 100 | J616: 2.76582 | K616: 0.0543557 | L616: 0.931814
... A804: Run 4 function ACO 4start transposed49 | B804: 157.499 | C804: 151.219 | D804: 2.91841 | E804: 80.5342 | F804: 57.6133 | G804: 6.28046 | H804: 50.23 | I804: 100 | J804: 2.11787 | K804: 0.0832561 | L804: 0.93157
A805: Device 0: Tesla V100-SXM2-16GB | B805: Max thread in blocks: 1024 Total Global Memory: 16151,1 MB GPU Global Memory Usage: 3,92595 MB GPU Global Memory Hash Table: 1024 MB Max PARAMETR_SIZE in GPU Global Memory: 7482045 Shared memory per block: 49152 bytes (48 KB) Shared memory per multiprocessor: 98304 bytes (96 KB) Data size in Shared memory per block: 5376 bytes (5,25 KB) Constant Memory: 65536 bytes Parameter data size (in Constant Memory): 26880 bytes (26,25 KB) Registers per Block: 65536 Warp Size: 32 Compute Capability: 7,0 Can Map Host Memory: Yes Clock Rate: 1530 MHz L2 Cache Size: 6291456 bytes Multiprocessor Count: 80 | C805: Max thread in blocks by axis: (1024, 1024, 64) | D805: Max blocks by axis: (2147483647, 65535, 65535) | E805: PARAMETR_SIZE: 672 | F805: MAX_VALUE_SIZE: 5 | G805: SET_PARAMETR_SIZE_ONE_X: 21 | H805: ANT_SIZE: 500 | I805: MAX_THREAD_CUDA: 512 | J805: NAME_FILE_GRAPH: Parametr_Graph/test672,txt | K805: KOL_ITERATION: 500 | L805: KOL_PROGREV: 5 | M805: KOL_PROGON_STATISTICS: 50 | N805: PARAMETR_RO: 0,999 | O805: PARAMETR_Q: 1 | P805: PRINT_INFORMATION: 0 | Q805: MAX_PARAMETR_VALUE_TO_MIN_OPT: 1 | R805: OPTIMIZE: OPTIMIZE_MIN_1 | S805: FUNCTION: SHAFFERA GO_HASH: 1 | T805: HASH_TABLE_SIZE: 67108864 | U805: ZERO_HASH_RESULT: -1 | V805: ZERO_HASH: 18446744073709551615 | W805: MAX_PROBES: 10000 | X805: MAX_CONST: 8192 | Y805: MAX_SHARED: 6144 | Z805: BLOCK_SIZE: 64 | AA805: BIN_SEARCH: 0 | AB805: NON_WHILE_ANT: 1
A806: Run 4 function ACO 4start0 | B806: 137.937 | C806: 132.142 | D806: 2.86926 | E806: 34.8733 | F806: 85.1383 | G806: 5.7955 | H806: 99.998 | I806: 100 | J806: 4.82293 | K806: 0.178454 | L806: 0.83698
A807: Run 4 function ACO 4start1 | B807: 137.881 | C807: 132.124 | D807: 2.88769 | E807: 34.8794 | F807: 85.1086 | G807: 5.75717 | H807: 99.9956 | I807: 100 | J807: 4.82491 | K807: 0.178476 | L807: 0.836388
A808: Run 4 function ACO 4start2 | B808: 137.565 | C808: 131.915 | D808: 2.88052 | E808: 34.8773 | F808: 85.0871 | G808: 5.6503 | H808: 99.9908 | I808: 100 | J808: 4.83599 | K808: 0.157091 | L808: 0.837029
A809: Run 4 function ACO 4start3 | B809: 137.666 | C809: 131.997 | D809: 2.88769 | E809: 34.8763 | F809: 85.127 | G809: 5.66959 | H809: 99.9984 | I809: 100 | J809: 4.83243 | K809: 0.147136 | L809: 0.83697
A810: Run 4 function ACO 4start4 | B810: 137.77 | C810: 132.046 | D810: 2.86004 | E810: 34.8845 | F810: 85.1014 | G810: 5.72406 | H810: 99.9976 | I810: 100 | J810: 4.8288 | K810: 0.147131 | L810: 0.836651
A811: Run 4 function ACO 4start5 | B811: 1050.23 | C811: 132.127 | D811: 2.86312 | E811: 34.8876 | F811: 85.1281 | G811: 918.099 | H811: 99.9992 | I811: 100 | J811: 0.633447 | K811: 0.14914 | L811: 0.861742
A812: Run 4 function ACO 4start6 | B812: 140.506 | C812: 133.728 | D812: 3.13243 | E812: 35.077 | F812: 85.3247 | G812: 6.77827 | H812: 99.998 | I812: 100 | J812: 4.73475 | K812: 0.150019 | L812: 0.836833
A813: Run 4 function ACO 4start7 | B813: 137.98 | C813: 132.113 | D813: 2.86619 | E813: 34.904 | F813: 85.1045 | G813: 5.86723 | H813: 99.9968 | I813: 100 | J813: 4.82142 | K813: 0.15085 | L813: 0.837039
A814: Run 4 function ACO 4start8 | B814: 283.059 | C814: 132.137 | D814: 2.87438 | E814: 34.8999 | F814: 85.1168 | G814: 150.922 | H814: 99.9884 | I814: 100 | J814: 2.35026 | K814: 0.148945 | L814: 0.897111
A815: Run 4 function ACO 4start9 | B815: 138.738 | C815: 132.675 | D815: 2.9266 | E815: 34.9654 | F815: 85.1547 | G815: 6.06268 | H815: 99.994 | I815: 100 | J815: 4.7951 | K815: 0.147177 | L815: 0.837003
A816: Run 4 function ACO 4start10 | B816: 137.899 | C816: 132.163 | D816: 2.87028 | E816: 34.9285 | F816: 85.1014 | G816: 5.73528 | H816: 99.9944 | I816: 100 | J816: 4.82429 | K816: 0.168086 | L816: 0.852654
A817: Run 4 function ACO 4start11 | B817: 137.906 | C817: 132.171 | D817: 2.86312 | E817: 34.9613 | F817: 85.1034 | G817: 5.73575 | H817: 99.9988 | I817: 100 | J817: 4.82402 | K817: 0.152654 | L817: 0.866348
... A1005: Run 4 function ACO 4start transposed49 | B1005: 232.32 | C1005: 226.534 | D1005: 2.89179 | E1005: 156.877 | F1005: 57.3186 | G1005: 5.7859 | H1005: 50.144 | I1005: 100 | J1005: 2.86356 | K1005: 0.166443 | L1005: 0.836652
A1006: Device 0: Tesla V100-SXM2-16GB | B1006: Max thread in blocks: 1024 Total Global Memory: 16151,1 MB GPU Global Memory Usage: 7,84807 MB GPU Global Memory Hash Table: 1024 MB Max PARAMETR_SIZE in GPU Global Memory: 7482045 Shared memory per block: 49152 bytes (48 KB) Shared memory per multiprocessor: 98304 bytes (96 KB) Data size in Shared memory per block: 10752 bytes (10,5 KB) Constant Memory: 65536 bytes Parameter data size (in Constant Memory): 53760 bytes (52,5 KB) Registers per Block: 65536 Warp Size: 32 Compute Capability: 7,0 Can Map Host Memory: Yes Clock Rate: 1530 MHz L2 Cache Size: 6291456 bytes Multiprocessor Count: 80 | C1006: Max thread in blocks by axis: (1024, 1024, 64) | D1006: Max blocks by axis: (2147483647, 65535, 65535) | E1006: PARAMETR_SIZE: 1344 | F1006: MAX_VALUE_SIZE: 5 | G1006: SET_PARAMETR_SIZE_ONE_X: 21 | H1006: ANT_SIZE: 500 | I1006: MAX_THREAD_CUDA: 512 | J1006: NAME_FILE_GRAPH: Parametr_Graph/test1344,txt | K1006: KOL_ITERATION: 500 | L1006: KOL_PROGREV: 5 | M1006: KOL_PROGON_STATISTICS: 50 | N1006: PARAMETR_RO: 0,999 | O1006: PARAMETR_Q: 1 | P1006: PRINT_INFORMATION: 0 | Q1006: MAX_PARAMETR_VALUE_TO_MIN_OPT: 1 | R1006: OPTIMIZE: OPTIMIZE_MIN_1 | S1006: FUNCTION: SHAFFERA GO_HASH: 1 | T1006: HASH_TABLE_SIZE: 67108864 | U1006: ZERO_HASH_RESULT: -1 | V1006: ZERO_HASH: 18446744073709551615 | W1006: MAX_PROBES: 10000 | X1006: MAX_CONST: 8192 | Y1006: MAX_SHARED: 6144 | Z1006: BLOCK_SIZE: 64 | AA1006: BIN_SEARCH: 0 | AB1006: NON_WHILE_ANT: 1
A1007: Run 4 function ACO 4start0 | B1007: 235.895 | C1007: 228.292 | D1007: 3.66593 | E1007: 104.317 | F1007: 109.229 | G1007: 7.60393 | H1007: 99.996 | I1007: 100 | J1007: 5.63242 | K1007: 0.26701 | L1007: 0.737366
A1008: Run 4 function ACO 4start1 | B1008: 231.366 | C1008: 225.384 | D1008: 3.10069 | E1008: 103.905 | F1008: 108.851 | G1008: 5.98219 | H1008: 99.9988 | I1008: 100 | J1008: 5.74268 | K1008: 0.271015 | L1008: 0.727779
A1009: Run 4 function ACO 4start2 | B1009: 230.608 | C1009: 224.928 | D1009: 3.06485 | E1009: 103.84 | F1009: 108.766 | G1009: 5.68013 | H1009: 99.9968 | I1009: 100 | J1009: 5.76156 | K1009: 0.283078 | L1009: 0.727653
A1010: Run 4 function ACO 4start3 | B1010: 230.601 | C1010: 224.892 | D1010: 3.0587 | E1010: 103.834 | F1010: 108.751 | G1010: 5.70911 | H1010: 99.9968 | I1010: 100 | J1010: 5.76173 | K1010: 0.272905 | L1010: 0.727872
A1011: Run 4 function ACO 4start4 | B1011: 230.643 | C1011: 224.913 | D1011: 3.06587 | E1011: 103.873 | F1011: 108.75 | G1011: 5.73065 | H1011: 99.9992 | I1011: 100 | J1011: 5.76068 | K1011: 0.260545 | L1011: 0.724547
A1012: Run 4 function ACO 4start5 | B1012: 230.647 | C1012: 224.901 | D1012: 3.05563 | E1012: 103.824 | F1012: 108.792 | G1012: 5.74538 | H1012: 99.9972 | I1012: 100 | J1012: 5.76059 | K1012: 0.28311 | L1012: 0.727845
A1013: Run 4 function ACO 4start6 | B1013: 230.735 | C1013: 225.043 | D1013: 3.04334 | E1013: 103.933 | F1013: 108.811 | G1013: 5.69179 | H1013: 99.9988 | I1013: 100 | J1013: 5.7584 | K1013: 0.283094 | L1013: 0.727429
A1014: Run 4 function ACO 4start7 | B1014: 230.631 | C1014: 224.949 | D1014: 3.0628 | E1014: 103.867 | F1014: 108.784 | G1014: 5.68225 | H1014: 99.998 | I1014: 100 | J1014: 5.76099 | K1014: 0.283082 | L1014: 0.727851
A1015: Run 4 function ACO 4start8 | B1015: 230.668 | C1015: 224.949 | D1015: 3.05973 | E1015: 103.876 | F1015: 108.791 | G1015: 5.71935 | H1015: 99.998 | I1015: 100 | J1015: 5.76006 | K1015: 0.261048 | L1015: 0.727685
A1016: Run 4 function ACO 4start9 | B1016: 231.147 | C1016: 225.132 | D1016: 3.08021 | E1016: 103.916 | F1016: 108.811 | G1016: 6.01472 | H1016: 99.9972 | I1016: 100 | J1016: 5.74813 | K1016: 0.28311 | L1016: 0.727794
A1017: Run 4 function ACO 4start10 | B1017: 1032.94 | C1017: 226.925 | D1017: 3.35054 | E1017: 104.205 | F1017: 109.159 | G1017: 806.011 | H1017: 99.9988 | I1017: 100 | J1017: 1.2863 | K1017: 0.283078 | L1017: 0.727816
A1018: Run 4 function ACO 4start11 | B1018: 234.912 | C1018: 227.783 | D1018: 3.46728 | E1018: 104.348 | F1018: 109.117 | G1018: 7.12885 | H1018: 99.9992 | I1018: 100 | J1018: 5.65601 | K1018: 0.283082 | L1018: 0.727612
... A1206: Run 4 function ACO 4start transposed49 | B1206: 436.394 | C1206: 430.668 | D1206: 3.40789 | E1206: 342.559 | F1206: 75.4011 | G1206: 5.72629 | H1206: 50.1904 | I1206: 100 | J1206: 3.04464 | K1206: 0.283185 | L1206: 0.717131

Sheet Лист5
A1: Device 0: Tesla V100-SXM2-16GB | B1: Max thread in blocks: 1024 Total Global Memory: 16151,1 MB GPU Global Memory Usage: 0,248966 MB GPU Global Memory Hash Table: 1024 MB Max PARAMETR_SIZE in GPU Global Memory: 7482045 Shared memory per block: 49152 bytes (48 KB) Shared memory per multiprocessor: 98304 bytes (96 KB) Data size in Shared memory per block: 336 bytes (0,328125 KB) Constant Memory: 65536 bytes Parameter data size (in Constant Memory): 1680 bytes (1,64062 KB) Registers per Block: 65536 Warp Size: 32 Compute Capability: 7,0 Can Map Host Memory: Yes Clock Rate: 1530 MHz L2 Cache Size: 6291456 bytes Multiprocessor Count: 80 | C1: Max thread in blocks by axis: (1024, 1024, 64) | D1: Max blocks by axis: (2147483647, 65535, 65535) | E1: PARAMETR_SIZE: 42 | F1: MAX_VALUE_SIZE: 5 | G1: SET_PARAMETR_SIZE_ONE_X: 21 | H1: ANT_SIZE: 500 | I1: MAX_THREAD_CUDA: 512 | J1: NAME_FILE_GRAPH: Parametr_Graph/test42,txt | K1: KOL_ITERATION: 500 | L1: KOL_PROGREV: 5 | M1: KOL_PROGON_STATISTICS: 50 | N1: PARAMETR_RO: 0,999 | O1: PARAMETR_Q: 1 | P1: PRINT_INFORMATION: 0 | Q1: MAX_PARAMETR_VALUE_TO_MIN_OPT: 1 | R1: OPTIMIZE: OPTIMIZE_MIN_1 | S1: FUNCTION: SHAFFERA GO_HASH: 0 | T1: HASH_TABLE_SIZE: 67108864 | U1: ZERO_HASH_RESULT: -1 | V1: ZERO_HASH: 18446744073709551615 | W1: MAX_PROBES: 10000 | X1: MAX_CONST: 8192 | Y1: MAX_SHARED: 6144 | Z1: BLOCK_SIZE: 64 | AA1: BIN_SEARCH: 0 | AB1: NON_WHILE_ANT: 1
A2: Run 4 function ACO 4start0 | B2: 101.367 | C2: 94.9635 | D2: 2.85902 | E2: 4.29364 | F2: 77.7892 | G2: 6.40385 | H2: 100 | I2: 100 | J2: 0.427407 | K2: 0.00123005 | L2: 0.999999
A3: Run 4 function ACO 4start1 | B3: 101.68 | C3: 95.1724 | D3: 2.89179 | E3: 4.29979 | F3: 77.824 | G3: 6.50716 | H3: 100 | I3: 100 | J3: 0.426095 | K3: 0.00123005 | L3: 0.999998
A4: Run 4 function ACO 4start2 | B4: 101.275 | C4: 94.8949 | D4: 2.84264 | E4: 4.25473 | F4: 77.6663 | G4: 6.37964 | H4: 100 | I4: 100 | J4: 0.427799 | K4: 0.00123005 | L4: 1
A5: Run 4 function ACO 4start3 | B5: 102.192 | C5: 95.624 | D5: 2.89281 | E5: 4.31105 | F5: 78.2694 | G5: 6.56768 | H5: 100 | I5: 100 | J5: 0.42396 | K5: 0.00123006 | L5: 1
A6: Run 4 function ACO 4start4 | B6: 101.67 | C6: 95.1835 | D6: 2.89896 | E6: 4.33358 | F6: 77.7841 | G6: 6.48679 | H6: 100 | I6: 100 | J6: 0.426134 | K6: 0.00123007 | L6: 0.999999
A7: Run 4 function ACO 4start5 | B7: 101.673 | C7: 95.1736 | D7: 2.88257 | E7: 4.29466 | F7: 77.7933 | G7: 6.49976 | H7: 100 | I7: 100 | J7: 0.426121 | K7: 0.00123006 | L7: 1
A8: Run 4 function ACO 4start6 | B8: 101.422 | C8: 94.9594 | D8: 2.86516 | E8: 4.2793 | F8: 77.6612 | G8: 6.4624 | H8: 100 | I8: 100 | J8: 0.427178 | K8: 0.00123005 | L8: 1
A9: Run 4 function ACO 4start7 | B9: 101.555 | C9: 95.0659 | D9: 2.87643 | E9: 4.29159 | F9: 77.7534 | G9: 6.48902 | H9: 100 | I9: 100 | J9: 0.426618 | K9: 0.00123005 | L9: 1
A10: Run 4 function ACO 4start8 | B10: 101.638 | C10: 95.1344 | D10: 2.9092 | E10: 4.31822 | F10: 77.7708 | G10: 6.50368 | H10: 100 | I10: 100 | J10: 0.426269 | K10: 0.00123007 | L10: 1
A11: Run 4 function ACO 4start9 | B11: 101.494 | C11: 95.0199 | D11: 2.87131 | E11: 4.27726 | F11: 77.7308 | G11: 6.47399 | H11: 100 | I11: 100 | J11: 0.426874 | K11: 0.00123006 | L11: 0.999999
A12: Run 4 function ACO 4start10 | B12: 101.61 | C12: 95.0925 | D12: 2.86824 | E12: 4.30388 | F12: 77.74 | G12: 6.51763 | H12: 100 | I12: 100 | J12: 0.426386 | K12: 0.00123006 | L12: 0.999999
A13: Run 4 function ACO 4start11 | B13: 101.685 | C13: 95.1539 | D13: 2.86312 | E13: 4.32846 | F13: 77.781 | G13: 6.53152 | H13: 100 | I13: 100 | J13: 0.42607 | K13: 0.00123005 | L13: 0.999997
... A201: Run 4 function ACO 4start transposed49 | B201: 86.8032 | C201: 79.9754 | D201: 3.00341 | E201: 9.02348 | F201: 57.1721 | G201: 6.82783 | H201: 100 | I201: 100 | J201: 0.499119 | K201: 0.00123022 | L201: 0.995115
A202: Device 0: Tesla V100-SXM2-16GB | B202: Max thread in blocks: 1024 Total Global Memory: 16151,1 MB GPU Global Memory Usage: 0,494099 MB GPU Global Memory Hash Table: 1024 MB Max PARAMETR_SIZE in GPU Global Memory: 7482045 Shared memory per block: 49152 bytes (48 KB) Shared memory per multiprocessor: 98304 bytes (96 KB) Data size in Shared memory per block: 672 bytes (0,65625 KB) Constant Memory: 65536 bytes Parameter data size (in Constant Memory): 3360 bytes (3,28125 KB) Registers per Block: 65536 Warp Size: 32 Compute Capability: 7,0 Can Map Host Memory: Yes Clock Rate: 1530 MHz L2 Cache Size: 6291456 bytes Multiprocessor Count: 80 | C202: Max thread in blocks by axis: (1024, 1024, 64) | D202: Max blocks by axis: (2147483647, 65535, 65535) | E202: PARAMETR_SIZE: 84 | F202: MAX_VALUE_SIZE: 5 | G202: SET_PARAMETR_SIZE_ONE_X: 21 | H202: ANT_SIZE: 500 | I202: MAX_THREAD_CUDA: 512 | J202: NAME_FILE_GRAPH: Parametr_Graph/test84,txt | K202: KOL_ITERATION: 500 | L202: KOL_PROGREV: 5 | M202: KOL_PROGON_STATISTICS: 50 | N202: PARAMETR_RO: 0,999 | O202: PARAMETR_Q: 1 | P202: PRINT_INFORMATION: 0 | Q202: MAX_PARAMETR_VALUE_TO_MIN_OPT: 1 | R202: OPTIMIZE: OPTIMIZE_MIN_1 | S202: FUNCTION: SHAFFERA GO_HASH: 0 | T202: HASH_TABLE_SIZE: 67108864 | U202: ZERO_HASH_RESULT: -1 | V202: ZERO_HASH: 18446744073709551615 | W202: MAX_PROBES: 10000 | X202: MAX_CONST: 8192 | Y202: MAX_SHARED: 6144 | Z202: BLOCK_SIZE: 64 | AA202: BIN_SEARCH: 0 | AB202: NON_WHILE_ANT: 1
A203: Run 4 function ACO 4start0 | B203: 111.285 | C203: 104.849 | D203: 3.05563 | E203: 5.3412 | F203: 86.3583 | G203: 6.43552 | H203: 100 | I203: 100 | J203: 0.761898 | K203: 0.00123105 | L203: 0.995116
A204: Run 4 function ACO 4start1 | B204: 111.095 | C204: 104.67 | D204: 3.03617 | E204: 5.33813 | F204: 86.217 | G204: 6.42516 | H204: 100 | I204: 100 | J204: 0.763198 | K204: 0.00123055 | L204: 0.995116
A205: Run 4 function ACO 4start2 | B205: 111.514 | C205: 104.775 | D205: 3.09352 | E205: 5.33812 | F205: 86.222 | G205: 6.73862 | H205: 100 | I205: 100 | J205: 0.760331 | K205: 0.00123005 | L205: 0.995116
A206: Run 4 function ACO 4start3 | B206: 111.141 | C206: 104.712 | D206: 3.04949 | E206: 5.32584 | F206: 86.22 | G206: 6.42922 | H206: 100 | I206: 100 | J206: 0.762882 | K206: 0.00123573 | L206: 0.995116
A207: Run 4 function ACO 4start4 | B207: 110.566 | C207: 104.23 | D207: 2.98088 | E207: 5.26542 | F207: 86.0838 | G207: 6.3363 | H207: 100 | I207: 100 | J207: 0.766851 | K207: 0.00123014 | L207: 0.995116
A208: Run 4 function ACO 4start5 | B208: 111.183 | C208: 104.7 | D208: 3.04129 | E208: 5.32174 | F208: 86.2077 | G208: 6.48383 | H208: 100 | I208: 100 | J208: 0.762592 | K208: 0.00123032 | L208: 0.995116
A209: Run 4 function ACO 4start6 | B209: 111.17 | C209: 104.719 | D209: 3.05051 | E209: 5.34119 | F209: 86.2363 | G209: 6.451 | H209: 100 | I209: 100 | J209: 0.762683 | K209: 0.00123011 | L209: 0.995116
A210: Run 4 function ACO 4start7 | B210: 110.479 | C210: 104.155 | D210: 2.96552 | E210: 5.26645 | F210: 86.052 | G210: 6.32407 | H210: 100 | I210: 100 | J210: 0.767455 | K210: 0.00123804 | L210: 0.995728
A211: Run 4 function ACO 4start8 | B211: 111.223 | C211: 104.805 | D211: 3.07304 | E211: 5.35451 | F211: 86.2395 | G211: 6.41751 | H211: 100 | I211: 100 | J211: 0.762324 | K211: 0.00123035 | L211: 0.995116
A212: Run 4 function ACO 4start9 | B212: 111.227 | C212: 104.766 | D212: 3.05665 | E212: 5.32481 | F212: 86.2651 | G212: 6.46026 | H212: 100 | I212: 100 | J212: 0.762296 | K212: 0.00123105 | L212: 0.995116
A213: Run 4 function ACO 4start10 | B213: 110.575 | C213: 104.249 | D213: 2.96552 | E213: 5.26645 | F213: 86.1217 | G213: 6.32603 | H213: 100 | I213: 100 | J213: 0.766787 | K213: 0.00123006 | L213: 0.995116
A214: Run 4 function ACO 4start11 | B214: 111.115 | C214: 104.68 | D214: 3.01569 | E214: 5.33813 | F214: 86.2262 | G214: 6.43513 | H214: 100 | I214: 100 | J214: 0.763059 | K214: 0.0012308 | L214: 0.995116
... A402: Run 4 function ACO 4start transposed49 | B402: 93.7705 | C402: 87.2611 | D402: 3.01467 | E402: 16.9666 | F402: 57.1085 | G402: 6.50934 | H402: 100 | I402: 100 | J402: 0.904204 | K402: 0.00123129 | L402: 0.995116
A403: Device 0: Tesla V100-SXM2-16GB | B403: Max thread in blocks: 1024 Total Global Memory: 16151,1 MB GPU Global Memory Usage: 0,984364 MB GPU Global Memory Hash Table: 1024 MB Max PARAMETR_SIZE in GPU Global Memory: 7482045 Shared memory per block: 49152 bytes (48 KB) Shared memory per multiprocessor: 98304 bytes (96 KB) Data size in Shared memory per block: 1344 bytes (1,3125 KB) Constant Memory: 65536 bytes Parameter data size (in Constant Memory): 6720 bytes (6,5625 KB) Registers per Block: 65536 Warp Size: 32 Compute Capability: 7,0 Can Map Host Memory: Yes Clock Rate: 1530 MHz L2 Cache Size: 6291456 bytes Multiprocessor Count: 80 | C403: Max thread in blocks by axis: (1024, 1024, 64) | D403: Max blocks by axis: (2147483647, 65535, 65535) | E403: PARAMETR_SIZE: 168 | F403: MAX_VALUE_SIZE: 5 | G403: SET_PARAMETR_SIZE_ONE_X: 21 | H403: ANT_SIZE: 500 | I403: MAX_THREAD_CUDA: 512 | J403: NAME_FILE_GRAPH: Parametr_Graph/test168,txt | K403: KOL_ITERATION: 500 | L403: KOL_PROGREV: 5 | M403: KOL_PROGON_STATISTICS: 50 | N403: PARAMETR_RO: 0,999 | O403: PARAMETR_Q: 1 | P403: PRINT_INFORMATION: 0 | Q403: MAX_PARAMETR_VALUE_TO_MIN_OPT: 1 | R403: OPTIMIZE: OPTIMIZE_MIN_1 | S403: FUNCTION: SHAFFERA GO_HASH: 0 | T403: HASH_TABLE_SIZE: 67108864 | U403: ZERO_HASH_RESULT: -1 | V403: ZERO_HASH: 18446744073709551615 | W403: MAX_PROBES: 10000 | X403: MAX_CONST: 8192 | Y403: MAX_SHARED: 6144 | Z403: BLOCK_SIZE: 64 | AA403: BIN_SEARCH: 0 | AB403: NON_WHILE_ANT: 1
A404: Run 4 function ACO 4start0 | B404: 110.734 | C404: 104.378 | D404: 3.03515 | E404: 6.90586 | F404: 84.608 | G404: 6.35558 | H404: 100 | I404: 100 | J404: 1.51455 | K404: 0.0108649 | L404: 0.995087
A405: Run 4 function ACO 4start1 | B405: 110.496 | C405: 104.095 | D405: 3.01057 | E405: 6.88437 | F405: 84.4595 | G405: 6.401 | H405: 100 | I405: 100 | J405: 1.51782 | K405: 0.0108849 | L405: 0.981009
A406: Run 4 function ACO 4start2 | B406: 110.574 | C406: 104.221 | D406: 2.96142 | E406: 6.87821 | F406: 84.5251 | G406: 6.35355 | H406: 100 | I406: 100 | J406: 1.51674 | K406: 0.0108667 | L406: 0.981412
A407: Run 4 function ACO 4start3 | B407: 110.506 | C407: 104.155 | D407: 3.01057 | E407: 6.8649 | F407: 84.5036 | G407: 6.3505 | H407: 100 | I407: 100 | J407: 1.51768 | K407: 0.0108738 | L407: 0.981013
A408: Run 4 function ACO 4start4 | B408: 110.264 | C408: 104.016 | D408: 2.96961 | E408: 6.84033 | F408: 84.4175 | G408: 6.24821 | H408: 100 | I408: 100 | J408: 1.52101 | K408: 0.010907 | L408: 0.990309
A409: Run 4 function ACO 4start5 | B409: 110.102 | C409: 103.866 | D409: 2.90612 | E409: 6.84442 | F409: 84.397 | G409: 6.23567 | H409: 100 | I409: 100 | J409: 1.52325 | K409: 0.0108765 | L409: 0.995115
A410: Run 4 function ACO 4start6 | B410: 110.273 | C410: 104.029 | D410: 2.95323 | E410: 6.86081 | F410: 84.4524 | G410: 6.24338 | H410: 100 | I410: 100 | J410: 1.52089 | K410: 0.0111101 | L410: 0.987856
A411: Run 4 function ACO 4start7 | B411: 110.219 | C411: 103.935 | D411: 2.94709 | E411: 6.83418 | F411: 84.4021 | G411: 6.28403 | H411: 100 | I411: 100 | J411: 1.52163 | K411: 0.0110527 | L411: 0.989364
A412: Run 4 function ACO 4start8 | B412: 110.188 | C412: 104.012 | D412: 2.94913 | E412: 6.84646 | F412: 84.4534 | G412: 6.17588 | H412: 100 | I412: 100 | J412: 1.52206 | K412: 0.0109431 | L412: 0.993101
A413: Run 4 function ACO 4start9 | B413: 110.346 | C413: 104.07 | D413: 2.95425 | E413: 6.86286 | F413: 84.5025 | G413: 6.27584 | H413: 100 | I413: 100 | J413: 1.51988 | K413: 0.0109038 | L413: 0.990208
A414: Run 4 function ACO 4start10 | B414: 110.347 | C414: 104.006 | D414: 2.97985 | E414: 6.88743 | F414: 84.4267 | G414: 6.3409 | H414: 100 | I414: 100 | J414: 1.51987 | K414: 0.0108908 | L414: 0.986382
A415: Run 4 function ACO 4start11 | B415: 110.615 | C415: 103.991 | D415: 2.91534 | E415: 6.83009 | F415: 84.4175 | G415: 6.62376 | H415: 100 | I415: 100 | J415: 1.51618 | K415: 0.0108593 | L415: 0.994568
... A603: Run 4 function ACO 4start transposed49 | B603: 107.078 | C603: 100.971 | D603: 2.91739 | E603: 31.6487 | F603: 56.6917 | G603: 6.10758 | H603: 100 | I603: 100 | J603: 1.56626 | K603: 0.0139405 | L603: 0.981019
A604: Device 0: Tesla V100-SXM2-16GB | B604: Max thread in blocks: 1024 Total Global Memory: 16151,1 MB GPU Global Memory Usage: 1,96489 MB GPU Global Memory Hash Table: 1024 MB Max PARAMETR_SIZE in GPU Global Memory: 7482045 Shared memory per block: 49152 bytes (48 KB) Shared memory per multiprocessor: 98304 bytes (96 KB) Data size in Shared memory per block: 2688 bytes (2,625 KB) Constant Memory: 65536 bytes Parameter data size (in Constant Memory): 13440 bytes (13,125 KB) Registers per Block: 65536 Warp Size: 32 Compute Capability: 7,0 Can Map Host Memory: Yes Clock Rate: 1530 MHz L2 Cache Size: 6291456 bytes Multiprocessor Count: 80 | C604: Max thread in blocks by axis: (1024, 1024, 64) | D604: Max blocks by axis: (2147483647, 65535, 65535) | E604: PARAMETR_SIZE: 336 | F604: MAX_VALUE_SIZE: 5 | G604: SET_PARAMETR_SIZE_ONE_X: 21 | H604: ANT_SIZE: 500 | I604: MAX_THREAD_CUDA: 512 | J604: NAME_FILE_GRAPH: Parametr_Graph/test336,txt | K604: KOL_ITERATION: 500 | L604: KOL_PROGREV: 5 | M604: KOL_PROGON_STATISTICS: 50 | N604: PARAMETR_RO: 0,999 | O604: PARAMETR_Q: 1 | P604: PRINT_INFORMATION: 0 | Q604: MAX_PARAMETR_VALUE_TO_MIN_OPT: 1 | R604: OPTIMIZE: OPTIMIZE_MIN_1 | S604: FUNCTION: SHAFFERA GO_HASH: 0 | T604: HASH_TABLE_SIZE: 67108864 | U604: ZERO_HASH_RESULT: -1 | V604: ZERO_HASH: 18446744073709551615 | W604: MAX_PROBES: 10000 | X604: MAX_CONST: 8192 | Y604: MAX_SHARED: 6144 | Z604: BLOCK_SIZE: 64 | AA604: BIN_SEARCH: 0 | AB604: NON_WHILE_ANT: 1
A605: Run 4 function ACO 4start0 | B605: 115.49 | C605: 109.028 | D605: 2.97371 | E605: 10.3179 | F605: 85.5265 | G605: 6.4621 | H605: 100 | I605: 100 | J605: 2.88823 | K605: 0.057313 | L605: 0.949947
A606: Run 4 function ACO 4start1 | B606: 116.408 | C606: 109.637 | D606: 3.114 | E606: 10.453 | F606: 85.591 | G606: 6.77129 | H606: 100 | I606: 100 | J606: 2.86546 | K606: 0.0555589 | L606: 0.931836
A607: Run 4 function ACO 4start2 | B607: 116.226 | C607: 109.213 | D607: 3.03617 | E607: 10.367 | F607: 85.5377 | G607: 7.0134 | H607: 100 | I607: 100 | J607: 2.86995 | K607: 0.0539469 | L607: 0.931835
A608: Run 4 function ACO 4start3 | B608: 116.401 | C608: 109.625 | D608: 3.10581 | E608: 10.4366 | F608: 85.6279 | G608: 6.77661 | H608: 100 | I608: 100 | J608: 2.86563 | K608: 0.055527 | L608: 0.931835
A609: Run 4 function ACO 4start4 | B609: 116.663 | C609: 109.857 | D609: 3.13857 | E609: 10.4766 | F609: 85.636 | G609: 6.80643 | H609: 100 | I609: 100 | J609: 2.85919 | K609: 0.0564062 | L609: 0.931836
A610: Run 4 function ACO 4start5 | B610: 117.643 | C610: 109.864 | D610: 3.15393 | E610: 10.5063 | F610: 85.6904 | G610: 7.77838 | H610: 100 | I610: 100 | J610: 2.83539 | K610: 0.0539393 | L610: 0.931833
A611: Run 4 function ACO 4start6 | B611: 116.283 | C611: 109.635 | D611: 3.09147 | E611: 10.451 | F611: 85.6032 | G611: 6.64872 | H611: 100 | I611: 100 | J611: 2.86853 | K611: 0.0539338 | L611: 0.958566
A612: Run 4 function ACO 4start7 | B612: 115.65 | C612: 109.087 | D612: 3.00033 | E612: 10.3578 | F612: 85.4742 | G612: 6.56347 | H612: 100 | I612: 100 | J612: 2.88424 | K612: 0.0539232 | L612: 0.931837
A613: Run 4 function ACO 4start8 | B613: 115.688 | C613: 109.156 | D613: 2.99931 | E613: 10.3435 | F613: 85.5173 | G613: 6.53154 | H613: 100 | I613: 100 | J613: 2.8833 | K613: 0.0553797 | L613: 0.931831
A614: Run 4 function ACO 4start9 | B614: 115.408 | C614: 108.934 | D614: 2.95835 | E614: 10.3189 | F614: 85.4732 | G614: 6.47373 | H614: 100 | I614: 100 | J614: 2.8903 | K614: 0.0565998 | L614: 0.931836
A615: Run 4 function ACO 4start10 | B615: 115.647 | C615: 109.124 | D615: 2.99931 | E615: 10.3302 | F615: 85.5049 | G615: 6.52319 | H615: 100 | I615: 100 | J615: 2.88432 | K615: 0.0549841 | L615: 0.959165
A616: Run 4 function ACO 4start11 | B616: 115.41 | C616: 108.935 | D616: 2.9348 | E616: 10.324 | F616: 85.4875 | G616: 6.47535 | H616: 100 | I616: 100 | J616: 2.89023 | K616: 0.0755828 | L616: 0.934217
... A804: Run 4 function ACO 4start transposed49 | B804: 141.254 | C804: 134.506 | D804: 3.07509 | E804: 63.0868 | F804: 57.7781 | G804: 6.7487 | H804: 100 | I804: 100 | J804: 2.36143 | K804: 0.0610915 | L804: 0.93182
A805: Device 0: Tesla V100-SXM2-16GB | B805: Max thread in blocks: 1024 Total Global Memory: 16151,1 MB GPU Global Memory Usage: 3,92595 MB GPU Global Memory Hash Table: 1024 MB Max PARAMETR_SIZE in GPU Global Memory: 7482045 Shared memory per block: 49152 bytes (48 KB) Shared memory per multiprocessor: 98304 bytes (96 KB) Data size in Shared memory per block: 5376 bytes (5,25 KB) Constant Memory: 65536 bytes Parameter data size (in Constant Memory): 26880 bytes (26,25 KB) Registers per Block: 65536 Warp Size: 32 Compute Capability: 7,0 Can Map Host Memory: Yes Clock Rate: 1530 MHz L2 Cache Size: 6291456 bytes Multiprocessor Count: 80 | C805: Max thread in blocks by axis: (1024, 1024, 64) | D805: Max blocks by axis: (2147483647, 65535, 65535) | E805: PARAMETR_SIZE: 672 | F805: MAX_VALUE_SIZE: 5 | G805: SET_PARAMETR_SIZE_ONE_X: 21 | H805: ANT_SIZE: 500 | I805: MAX_THREAD_CUDA: 512 | J805: NAME_FILE_GRAPH: Parametr_Graph/test672,txt | K805: KOL_ITERATION: 500 | L805: KOL_PROGREV: 5 | M805: KOL_PROGON_STATISTICS: 50 | N805: PARAMETR_RO: 0,999 | O805: PARAMETR_Q: 1 | P805: PRINT_INFORMATION: 0 | Q805: MAX_PARAMETR_VALUE_TO_MIN_OPT: 1 | R805: OPTIMIZE: OPTIMIZE_MIN_1 | S805: FUNCTION: SHAFFERA GO_HASH: 0 | T805: HASH_TABLE_SIZE: 67108864 | U805: ZERO_HASH_RESULT: -1 | V805: ZERO_HASH: 18446744073709551615 | W805: MAX_PROBES: 10000 | X805: MAX_CONST: 8192 | Y805: MAX_SHARED: 6144 | Z805: BLOCK_SIZE: 64 | AA805: BIN_SEARCH: 0 | AB805: NON_WHILE_ANT: 1
A806: Run 4 function ACO 4start0 | B806: 125.816 | C806: 119.015 | D806: 3.05461 | E806: 19.5471 | F806: 85.8204 | G806: 6.8012 | H806: 100 | I806: 100 | J806: 5.28759 | K806: 0.178458 | L806: 0.836997
A807: Run 4 function ACO 4start1 | B807: 126.378 | C807: 119.137 | D807: 3.11912 | E807: 19.586 | F807: 85.7754 | G807: 7.24104 | H807: 100 | I807: 100 | J807: 5.26405 | K807: 0.15077 | L807: 0.83692
A808: Run 4 function ACO 4start2 | B808: 127.198 | C808: 120.133 | D808: 3.29422 | E808: 19.7785 | F808: 85.969 | G808: 7.06583 | H808: 100 | I808: 100 | J808: 5.23011 | K808: 0.147454 | L808: 0.836999
A809: Run 4 function ACO 4start3 | B809: 126.38 | C809: 119.427 | D809: 3.19285 | E809: 19.6608 | F809: 85.8021 | G809: 6.95293 | H809: 100 | I809: 100 | J809: 5.26398 | K809: 0.147127 | L809: 0.836998
A810: Run 4 function ACO 4start4 | B810: 125.78 | C810: 119.036 | D810: 3.08942 | E810: 19.5522 | F810: 85.7222 | G810: 6.74377 | H810: 100 | I810: 100 | J810: 5.28911 | K810: 0.166352 | L810: 0.837052
A811: Run 4 function ACO 4start5 | B811: 126.214 | C811: 119.352 | D811: 3.15394 | E811: 19.6495 | F811: 85.7743 | G811: 6.86124 | H811: 100 | I811: 100 | J811: 5.27092 | K811: 0.162644 | L811: 0.837052
A812: Run 4 function ACO 4start6 | B812: 126.147 | C812: 119.378 | D812: 3.18875 | E812: 19.6219 | F812: 85.7723 | G812: 6.76937 | H812: 100 | I812: 100 | J812: 5.27369 | K812: 0.148966 | L812: 0.837052
A813: Run 4 function ACO 4start7 | B813: 126.435 | C813: 119.536 | D813: 3.20104 | E813: 19.6751 | F813: 85.8358 | G813: 6.89991 | H813: 100 | I813: 100 | J813: 5.26168 | K813: 0.147618 | L813: 0.836671
A814: Run 4 function ACO 4start8 | B814: 126.248 | C814: 119.423 | D814: 3.16725 | E814: 19.627 | F814: 85.8021 | G814: 6.82504 | H814: 100 | I814: 100 | J814: 5.26949 | K814: 0.157625 | L814: 0.837018
A815: Run 4 function ACO 4start9 | B815: 127.778 | C815: 120.534 | D815: 3.39253 | E815: 19.8646 | F815: 86.0653 | G815: 7.24413 | H815: 100 | I815: 100 | J815: 5.20639 | K815: 0.150733 | L815: 0.868376
A816: Run 4 function ACO 4start10 | B816: 127.041 | C816: 120.032 | D816: 3.28296 | E816: 19.7703 | F816: 85.9485 | G816: 7.00884 | H816: 100 | I816: 100 | J816: 5.23659 | K816: 0.178474 | L816: 0.836937
A817: Run 4 function ACO 4start11 | B817: 127.14 | C817: 120.086 | D817: 3.31163 | E817: 19.7714 | F817: 85.9527 | G817: 7.05351 | H817: 100 | I817: 100 | J817: 5.23253 | K817: 0.123531 | L817: 0.836999
... A1005: Run 4 function ACO 4start transposed49 | B1005: 202.394 | C1005: 195.584 | D1005: 3.08737 | E1005: 124.205 | F1005: 57.5254 | G1005: 6.80991 | H1005: 100 | I1005: 100 | J1005: 3.28697 | K1005: 0.147114 | L1005: 0.836496
