Workbook

Sheet 42clangOMP31
A1: Max threads OMP : 12 OpenMP version: 201107 :OpenMP 3,1 (2011) supported
A2: PARAMETR_SIZE: 42 | B2: PARAMETR_SIZE_ONE_X: 21 | C2: MAX_VALUE_SIZE: 5 | D2: NAME_FILE_GRAPH: Parametr_Graph/test42,txt | E2: ANT_SIZE: 500 | F2: KOL_ITERATION: 500 | G2: KOL_PROGON_STATISTICS: 50 | H2: PARAMETR_Q: 1 | I2: PARAMETR_RO: 0,999 | J2: TYPE_ACO: 1 | K2: ACOCCyN_KOL_ITERATION: 50, MAX_PARAMETR_VALUE_TO_MIN_OPT: 1, HASH_TABLE_SIZE: 67108864, MAX_PROBES: 10000, MAX_THREAD_CUDA: 512, CPU_RANDOM: 0, KOL_THREAD_CPU_ANT: 12, CONST_RANDOM: 100000, MAX_CONST: 8000, OPTIMIZE: OPTIMIZE_MAX | L2: FUNCTION: GO_ALG_MINMAX: 1(1, 1000)
A3: Time non CUDA_time | B3: 332.093 | C3: 242.681 | D3: 242.662 | E3: 242.442 | F3: 5.7892 | G3: 108.435 | H3: 20.7169 | I3: 15.1636 | J3: 57.251 | K3: 117.409 | L3: 1.74518e-07 | M3: 724.704 | N3: 0
A4: Time non CUDA_time | B4: 347.295 | C4: 254.437 | D4: 254.417 | E4: 254.19 | F4: 6.1156 | G4: 114.765 | H4: 21.2956 | I4: 16.328 | J4: 61.3861 | K4: 122.321 | L4: 1.32572e-05 | M4: 724.704 | N4: 0
A5: Time non CUDA_time | B5: 344.517 | C5: 254.989 | D5: 254.969 | E5: 254.735 | F5: 6.0924 | G5: 113.982 | H5: 21.3584 | I5: 15.4761 | J5: 61.8081 | K5: 123.263 | L5: 8.16369e-08 | M5: 724.704 | N5: 0
A6: Time non CUDA_time | B6: 329.173 | C6: 244.339 | D6: 244.321 | E6: 244.106 | F6: 5.9917 | G6: 108.147 | H6: 21.3265 | I6: 15.2165 | J6: 56.0935 | K6: 118.992 | L6: 2.5658e-08 | M6: 724.703 | N6: 0
A7: Time non CUDA_time | B7: 345.865 | C7: 252.376 | D7: 252.358 | E7: 252.134 | F7: 7.2257 | G7: 112.526 | H7: 21.2631 | I7: 15.6848 | J7: 59.9079 | K7: 121.142 | L7: 3.83913e-08 | M7: 724.704 | N7: 0
A8: Time non CUDA_time | B8: 339.283 | C8: 249.559 | D8: 249.539 | E8: 249.309 | F8: 5.7838 | G8: 112.462 | H8: 21.2141 | I8: 15.6529 | J8: 59.2914 | K8: 118.986 | L8: 1.45714e-08 | M8: 724.704 | N8: 0
A9: Time non CUDA_time | B9: 332.127 | C9: 242.676 | D9: 242.658 | E9: 242.445 | F9: 5.7431 | G9: 108.022 | H9: 21.1985 | I9: 15.2821 | J9: 56.3098 | K9: 117.93 | L9: 5.08293e-06 | M9: 724.704 | N9: 0
A10: Time non CUDA_time | B10: 340.494 | C10: 252.983 | D10: 252.957 | E10: 252.733 | F10: 6.2984 | G10: 113.999 | H10: 21.5591 | I10: 16.7554 | J10: 60.2362 | K10: 121.28 | L10: 1.30741e-06 | M10: 724.704 | N10: 0
A11: Time non CUDA_time | B11: 341.411 | C11: 251.933 | D11: 251.909 | E11: 251.673 | F11: 5.8656 | G11: 114.424 | H11: 20.7445 | I11: 15.6283 | J11: 62.5974 | K11: 120.345 | L11: 7.97349e-08 | M11: 724.704 | N11: 0
A12: Time non CUDA_time | B12: 339.79 | C12: 249.083 | D12: 249.061 | E12: 248.847 | F12: 5.8868 | G12: 112.167 | H12: 21.2291 | I12: 15.4996 | J12: 59.9904 | K12: 119.828 | L12: 1.19711e-07 | M12: 724.704 | N12: 0
A13: Time non CUDA_time | B13: 342.096 | C13: 251.711 | D13: 251.691 | E13: 251.462 | F13: 5.9338 | G13: 113.166 | H13: 21.115 | I13: 15.4124 | J13: 60.7044 | K13: 120.841 | L13: 3.12848e-06 | M13: 724.704 | N13: 0
A14: Time non CUDA_time | B14: 342.285 | C14: 251.554 | D14: 251.536 | E14: 251.306 | F14: 5.9084 | G14: 114.565 | H14: 22.2216 | I14: 17.0115 | J14: 60.1212 | K14: 120.031 | L14: 6.84744e-07 | M14: 724.704 | N14: 0
... A57: Time non CUDA_time | B57: 335.368 | C57: 245.214 | D57: 245.196 | E57: 244.977 | F57: 5.8934 | G57: 110.106 | H57: 21.0585 | I57: 15.3474 | J57: 58.2586 | K57: 117.986 | L57: 4.09695e-10 | M57: 724.704 | N57: 0
A58: Time non CUDA_time: | B58: 17267.304 | C58: sec
A59: Time non CUDA | B59: 268.933 | C59: 0 | D59: 0 | E59: 0 | F59: 0 | G59: 0 | H59: 0 | I59: 0 | J59: 0 | K59: 9.76062e-07 | L59: 724.704 | M59: 0
A60: Time non CUDA | B60: 265.948 | C60: 0 | D60: 0 | E60: 0 | F60: 0 | G60: 0 | H60: 0 | I60: 0 | J60: 0 | K60: 7.63268e-06 | L60: 724.704 | M60: 0
A61: Time non CUDA | B61: 273.392 | C61: 0 | D61: 0 | E61: 0 | F61: 0 | G61: 0 | H61: 0 | I61: 0 | J61: 0 | K61: 1.35105e-05 | L61: 724.704 | M61: 0
A62: Time non CUDA | B62: 282.192 | C62: 0 | D62: 0 | E62: 0 | F62: 0 | G62: 0 | H62: 0 | I62: 0 | J62: 0 | K62: 3.70315e-06 | L62: 724.704 | M62: 0
A63: Time non CUDA | B63: 264.56 | C63: 0 | D63: 0 | E63: 0 | F63: 0 | G63: 0 | H63: 0 | I63: 0 | J63: 0 | K63: 4.9561e-06 | L63: 724.704 | M63: 0
A64: Time non CUDA | B64: 261.446 | C64: 0 | D64: 0 | E64: 0 | F64: 0 | G64: 0 | H64: 0 | I64: 0 | J64: 0 | K64: 8.24945e-06 | L64: 724.702 | M64: 0
A65: Time non CUDA | B65: 271.258 | C65: 0 | D65: 0 | E65: 0 | F65: 0 | G65: 0 | H65: 0 | I65: 0 | J65: 0 | K65: 1.04223e-06 | L65: 724.701 | M65: 0
A66: Time non CUDA | B66: 267.984 | C66: 0 | D66: 0 | E66: 0 | F66: 0 | G66: 0 | H66: 0 | I66: 0 | J66: 0 | K66: 6.93993e-07 | L66: 724.704 | M66: 0
A67: Time non CUDA | B67: 268.026 | C67: 0 | D67: 0 | E67: 0 | F67: 0 | G67: 0 | H67: 0 | I67: 0 | J67: 0 | K67: 3.02566e-05 | L67: 724.704 | M67: 0
A68: Time non CUDA | B68: 275.76 | C68: 0 | D68: 0 | E68: 0 | F68: 0 | G68: 0 | H68: 0 | I68: 0 | J68: 0 | K68: 8.7522e-06 | L68: 724.704 | M68: 0
A69: Time non CUDA | B69: 266.981 | C69: 0 | D69: 0 | E69: 0 | F69: 0 | G69: 0 | H69: 0 | I69: 0 | J69: 0 | K69: 4.99724e-07 | L69: 724.703 | M69: 0
A70: Time non CUDA | B70: 269.43 | C70: 0 | D70: 0 | E70: 0 | F70: 0 | G70: 0 | H70: 0 | I70: 0 | J70: 0 | K70: 9.27797e-07 | L70: 724.704 | M70: 0
... A113: Time non CUDA | B113: 272.982 | C113: 0 | D113: 0 | E113: 0 | F113: 0 | G113: 0 | H113: 0 | I113: 0 | J113: 0 | K113: 3.87342e-09 | L113: 724.704 | M113: 0
A114: Time non CUDA: | B114: 13714.558 | C114: sec
A115: Time non CUDA non hash: | B115: 146.513 | C115: 146.347 | D115: 146.331 | E115: 146.111 | F115: 5.9177 | G115: 0 | H115: 20.6733 | I115: 0 | J115: 1.83465e-06 | K115: 724.704 | L115: 0
A116: Time non CUDA non hash: | B116: 148.409 | C116: 148.231 | D116: 148.215 | E116: 147.992 | F116: 6.1586 | G116: 0 | H116: 21.2904 | I116: 0 | J116: 3.29209e-07 | K116: 724.702 | L116: 0
A117: Time non CUDA non hash: | B117: 147.297 | C117: 147.116 | D117: 147.099 | E117: 146.879 | F117: 6.1071 | G117: 0 | H117: 21.0238 | I117: 0 | J117: 5.28367e-06 | K117: 724.704 | L117: 0
A118: Time non CUDA non hash: | B118: 152.485 | C118: 152.306 | D118: 152.29 | E118: 152.061 | F118: 6.396 | G118: 0 | H118: 21.3825 | I118: 0 | J118: 4.99644e-06 | K118: 724.704 | L118: 0
A119: Time non CUDA non hash: | B119: 147.441 | C119: 147.263 | D119: 147.246 | E119: 147.041 | F119: 6.6556 | G119: 0 | H119: 21.2951 | I119: 0 | J119: 9.53693e-08 | K119: 724.704 | L119: 0
A120: Time non CUDA non hash: | B120: 149.809 | C120: 149.627 | D120: 149.609 | E120: 149.361 | F120: 6.0512 | G120: 0 | H120: 21.3806 | I120: 0 | J120: 3.68981e-09 | K120: 724.704 | L120: 0
A121: Time non CUDA non hash: | B121: 147.937 | C121: 147.755 | D121: 147.739 | E121: 147.515 | F121: 5.908 | G121: 0 | H121: 20.7725 | I121: 0 | J121: 5.11364e-09 | K121: 724.704 | L121: 0
A122: Time non CUDA non hash: | B122: 146.92 | C122: 146.758 | D122: 146.741 | E122: 146.521 | F122: 5.8048 | G122: 0 | H122: 21.5332 | I122: 0 | J122: 1.70158e-06 | K122: 724.704 | L122: 0
A123: Time non CUDA non hash: | B123: 146.696 | C123: 146.537 | D123: 146.519 | E123: 146.178 | F123: 6.4202 | G123: 0 | H123: 20.8858 | I123: 0 | J123: 4.00512e-06 | K123: 724.704 | L123: 0
A124: Time non CUDA non hash: | B124: 146.657 | C124: 146.474 | D124: 146.458 | E124: 146.233 | F124: 6.1048 | G124: 0 | H124: 20.5786 | I124: 0 | J124: 3.72701e-07 | K124: 724.704 | L124: 0
A125: Time non CUDA non hash: | B125: 154.043 | C125: 153.885 | D125: 153.868 | E125: 153.555 | F125: 6.1479 | G125: 0 | H125: 22.6019 | I125: 0 | J125: 1.65734e-06 | K125: 724.704 | L125: 0
A126: Time non CUDA non hash: | B126: 147.526 | C126: 147.349 | D126: 147.333 | E126: 147.109 | F126: 6.6668 | G126: 0 | H126: 21.0402 | I126: 0 | J126: 1.5072e-07 | K126: 724.704 | L126: 0
... A169: Time non CUDA non hash: | B169: 146.855 | C169: 146.671 | D169: 146.654 | E169: 146.433 | F169: 6.0614 | G169: 0 | H169: 21.0985 | I169: 0 | J169: 2.91861e-08 | K169: 724.704 | L169: 0
A170: Time non CUDA non hash: | B170: 7570.262 | C170: sec
A171: Time classical ACO | B171: 2423.12 | C171: 1685.1 | D171: 1681.94 | E171: 1681.73 | F171: 14.2325 | G171: 124.484 | H171: 27.1738 | I171: 1.64189e-09 | J171: 724.251 | K171: 0
A172: Time classical ACO | B172: 2426.4 | C172: 1681.41 | D172: 1678.24 | E172: 1678.04 | F172: 14.5539 | G172: 123.651 | H172: 27.0819 | I172: 3.59111e-09 | J172: 724.014 | K172: 0
A173: Time classical ACO | B173: 2419.53 | C173: 1673.41 | D173: 1670.17 | E173: 1669.93 | F173: 14.6022 | G173: 125.349 | H173: 27.931 | I173: 1.94816e-08 | J173: 724.235 | K173: 0
A174: Time classical ACO | B174: 2474.18 | C174: 1727.52 | D174: 1724.06 | E174: 1723.85 | F174: 15.5722 | G174: 134.39 | H174: 28.7703 | I174: 4.57729e-11 | J174: 724.34 | K174: 0
A175: Time classical ACO | B175: 2428.69 | C175: 1675.52 | D175: 1672.31 | E175: 1672.12 | F175: 14.1175 | G175: 125.082 | H175: 29.4679 | I175: 4.30278e-10 | J175: 724.703 | K175: 0
A176: Time classical ACO | B176: 2414.28 | C176: 1676.77 | D176: 1673.42 | E176: 1673.22 | F176: 14.8393 | G176: 122.202 | H176: 27.6212 | I176: 1.28974e-15 | J176: 724.53 | K176: 0
A177: Time classical ACO | B177: 2430.22 | C177: 1691.54 | D177: 1687.94 | E177: 1687.75 | F177: 14.622 | G177: 123.915 | H177: 27.187 | I177: 1.0189e-09 | J177: 724.688 | K177: 0
A178: Time classical ACO | B178: 2435.87 | C178: 1691.23 | D178: 1687.98 | E178: 1687.78 | F178: 14.8052 | G178: 124.411 | H178: 27.7968 | I178: 1.10148e-08 | J178: 724.479 | K178: 0
A179: Time classical ACO | B179: 2425.43 | C179: 1689.5 | D179: 1686.29 | E179: 1686.1 | F179: 19.5508 | G179: 127.516 | H179: 27.4542 | I179: 5.57701e-09 | J179: 724.388 | K179: 0
A180: Time classical ACO | B180: 2440.53 | C180: 1684.66 | D180: 1681.42 | E180: 1681.21 | F180: 19.5544 | G180: 124.85 | H180: 27.6819 | I180: 1.50478e-08 | J180: 724.09 | K180: 0
A181: Time classical ACO | B181: 2448.18 | C181: 1704.45 | D181: 1701.16 | E181: 1700.96 | F181: 19.7857 | G181: 126.724 | H181: 28.3708 | I181: 8.2922e-09 | J181: 724.089 | K181: 0
A182: Time classical ACO | B182: 2428.36 | C182: 1679.72 | D182: 1676.38 | E182: 1676.18 | F182: 14.5968 | G182: 124.382 | H182: 28.1135 | I182: 5.88286e-11 | J182: 724.55 | K182: 0
... A225: Time classical ACO | B225: 2395.03 | C225: 1658.92 | D225: 1655.59 | E225: 1655.39 | F225: 14.6292 | G225: 122.404 | H225: 27.6799 | I225: 5.44075e-11 | J225: 723.811 | K225: 0
A226: Time Classic ACO: | B226: 121585.29 | C226: sec
A227: Time classical ACO non hash | B227: 1573.65 | C227: 1573.48 | D227: 1569.7 | E227: 1569.51 | F227: 11.2986 | G227: 0 | H227: 27.4631 | I227: 1.31401e-09 | J227: 724.69 | K227: 0
A228: Time classical ACO non hash | B228: 1569.77 | C228: 1569.61 | D228: 1565.74 | E228: 1565.55 | F228: 11.4113 | G228: 0 | H228: 27.1165 | I228: 3.26994e-12 | J228: 724.448 | K228: 0
A229: Time classical ACO non hash | B229: 1559.99 | C229: 1559.82 | D229: 1556.07 | E229: 1555.87 | F229: 12.1272 | G229: 0 | H229: 27.099 | I229: 2.00039e-09 | J229: 724.698 | K229: 0
A230: Time classical ACO non hash | B230: 1568.11 | C230: 1567.95 | D230: 1564.21 | E230: 1564.01 | F230: 11.9205 | G230: 0 | H230: 27.1602 | I230: 7.38932e-13 | J230: 724.661 | K230: 0
A231: Time classical ACO non hash | B231: 1570.5 | C231: 1570.32 | D231: 1566.54 | E231: 1566.35 | F231: 12.1588 | G231: 0 | H231: 27.5641 | I231: 6.04705e-09 | J231: 724.444 | K231: 0
A232: Time classical ACO non hash | B232: 1559.79 | C232: 1559.63 | D232: 1555.77 | E232: 1555.58 | F232: 12.1024 | G232: 0 | H232: 27.0886 | I232: 9.10838e-11 | J232: 724.512 | K232: 0
A233: Time classical ACO non hash | B233: 1557.52 | C233: 1557.35 | D233: 1553.66 | E233: 1553.47 | F233: 11.978 | G233: 0 | H233: 27.8562 | I233: 4.01981e-08 | J233: 724.685 | K233: 0
A234: Time classical ACO non hash | B234: 1567.23 | C234: 1567.07 | D234: 1563.35 | E234: 1563.15 | F234: 11.9321 | G234: 0 | H234: 27.1085 | I234: 5.66207e-09 | J234: 724.635 | K234: 0
A235: Time classical ACO non hash | B235: 1559.56 | C235: 1559.39 | D235: 1555.58 | E235: 1555.39 | F235: 11.9155 | G235: 0 | H235: 27.1653 | I235: 9.50677e-10 | J235: 724.64 | K235: 0
A236: Time classical ACO non hash | B236: 1566.18 | C236: 1566.01 | D236: 1562.06 | E236: 1561.86 | F236: 12.0803 | G236: 0 | H236: 27.4711 | I236: 1.32145e-11 | J236: 724.281 | K236: 0
A237: Time classical ACO non hash | B237: 1559.89 | C237: 1559.72 | D237: 1555.97 | E237: 1555.78 | F237: 12.0658 | G237: 0 | H237: 27.3136 | I237: 1.73243e-14 | J237: 724.229 | K237: 0
A238: Time classical ACO non hash | B238: 1564.61 | C238: 1564.32 | D238: 1560.59 | E238: 1560.4 | F238: 12.0861 | G238: 0 | H238: 27.3352 | I238: 9.83766e-09 | J238: 723.652 | K238: 0
... A281: Time classical ACO non hash | B281: 1578.72 | C281: 1578.53 | D281: 1574.68 | E281: 1574.49 | F281: 11.8322 | G281: 0 | H281: 26.8657 | I281: 2.69487e-08 | J281: 724.648 | K281: 0
A282: Time Classic ACO non hash: | B282: 79272.372 | C282: sec
A283: Time omp: | B283: 349.062 | C283: 246.049 | D283: 246.028 | E283: 232.424 | F283: 57.1743 | G283: 1391.82 | H283: 169.977 | I283: 1.13585e-05 | J283: 724.704 | K283: 0
A284: Time omp: | B284: 325.074 | C284: 234.722 | D284: 234.694 | E284: 221.085 | F284: 57.89 | G284: 1247.54 | H284: 168.681 | I284: 1.49961e-05 | J284: 724.704 | K284: 0
A285: Time omp: | B285: 373.659 | C285: 266.012 | D285: 265.989 | E285: 251.724 | F285: 58.4787 | G285: 1610.33 | H285: 178.503 | I285: 1.24293e-05 | J285: 724.704 | K285: 0
A286: Time omp: | B286: 405.751 | C286: 315.071 | D286: 315.052 | E286: 300.378 | F286: 58.8479 | G286: 2174.02 | H286: 189.773 | I286: 3.76972e-06 | J286: 724.704 | K286: 0
A287: Time omp: | B287: 336.404 | C287: 236.44 | D287: 236.418 | E287: 222.62 | F287: 56.8882 | G287: 1291.36 | H287: 170.167 | I287: 2.28153e-06 | J287: 724.704 | K287: 0
A288: Time omp: | B288: 308.227 | C288: 204.844 | D288: 204.823 | E288: 191.141 | F288: 56.007 | G288: 938.383 | H288: 162.975 | I288: 2.32636e-06 | J288: 724.704 | K288: 0
A289: Time omp: | B289: 315.892 | C289: 222.042 | D289: 222.019 | E289: 208.242 | F289: 57.1861 | G289: 1119.45 | H289: 166.945 | I289: 1.24439e-05 | J289: 724.704 | K289: 0
A290: Time omp: | B290: 315.99 | C290: 220.357 | D290: 220.336 | E290: 206.57 | F290: 56.3117 | G290: 1112.72 | H290: 166.163 | I290: 6.25612e-06 | J290: 724.704 | K290: 0
A291: Time omp: | B291: 298.351 | C291: 204.473 | D291: 204.454 | E291: 191.081 | F291: 56.5086 | G291: 929.934 | H291: 162.332 | I291: 3.95633e-05 | J291: 724.704 | K291: 0
A292: Time omp: | B292: 336.994 | C292: 244.598 | D292: 244.576 | E292: 230.594 | F292: 57.7563 | G292: 1378.22 | H292: 169.794 | I292: 7.52039e-06 | J292: 724.704 | K292: 0
A293: Time omp: | B293: 331.721 | C293: 228.457 | D293: 228.436 | E293: 213.86 | F293: 58.883 | G293: 1161.09 | H293: 167.755 | I293: 1.80168e-07 | J293: 724.704 | K293: 0
A294: Time omp: | B294: 333.991 | C294: 237.471 | D294: 237.451 | E294: 223.599 | F294: 57.7591 | G294: 1293.96 | H294: 165.64 | I294: 2.70348e-07 | J294: 724.704 | K294: 0
... A337: Time omp: | B337: 312.7 | C337: 215.008 | D337: 214.99 | E337: 200.56 | F337: 60.4931 | G337: 1003.03 | H337: 164.311 | I337: 1.90839e-06 | J337: 724.701 | K337: 0
A338: Time omp: | B338: 16282.396 | C338: sec
A339: Time omp non hash: | B339: 143.919 | C339: 143.769 | D339: 143.75 | E339: 130.205 | F339: 55.8092 | G339: 0 | H339: 134.727 | I339: 2.22019e-07 | J339: 724.704 | K339: 0
A340: Time omp non hash: | B340: 147.255 | C340: 147.079 | D340: 147.058 | E340: 133.605 | F340: 56.1201 | G340: 0 | H340: 136.554 | I340: 2.80665e-06 | J340: 724.704 | K340: 0
A341: Time omp non hash: | B341: 143.202 | C341: 143.054 | D341: 143.036 | E341: 129.476 | F341: 55.7192 | G341: 0 | H341: 134.84 | I341: 3.87825e-07 | J341: 724.704 | K341: 0
A342: Time omp non hash: | B342: 144.506 | C342: 144.369 | D342: 144.349 | E342: 130.954 | F342: 54.8828 | G342: 0 | H342: 133.599 | I342: 5.02724e-06 | J342: 724.702 | K342: 0
A343: Time omp non hash: | B343: 142.844 | C343: 142.7 | D343: 142.68 | E343: 129.451 | F343: 55.1208 | G343: 0 | H343: 133.935 | I343: 1.49486e-05 | J343: 724.704 | K343: 0
A344: Time omp non hash: | B344: 143.28 | C344: 143.138 | D344: 143.12 | E344: 129.594 | F344: 55.6764 | G344: 0 | H344: 135.054 | I344: 3.44493e-06 | J344: 724.704 | K344: 0
A345: Time omp non hash: | B345: 143.231 | C345: 143.09 | D345: 143.072 | E345: 129.663 | F345: 55.8165 | G345: 0 | H345: 134.598 | I345: 4.19646e-08 | J345: 724.704 | K345: 0
A346: Time omp non hash: | B346: 143.578 | C346: 143.408 | D346: 143.39 | E346: 130.065 | F346: 56.045 | G346: 0 | H346: 134.519 | I346: 1.81009e-07 | J346: 724.702 | K346: 0
A347: Time omp non hash: | B347: 147.469 | C347: 147.321 | D347: 147.302 | E347: 133.798 | F347: 56.1332 | G347: 0 | H347: 136.705 | I347: 6.25056e-07 | J347: 724.704 | K347: 0
A348: Time omp non hash: | B348: 143.159 | C348: 143.019 | D348: 143 | E348: 129.568 | F348: 55.8311 | G348: 0 | H348: 134.958 | I348: 1.86229e-06 | J348: 724.704 | K348: 0
A349: Time omp non hash: | B349: 144.264 | C349: 144.119 | D349: 144.1 | E349: 130.873 | F349: 54.8171 | G349: 0 | H349: 133.117 | I349: 4.86177e-08 | J349: 724.704 | K349: 0
A350: Time omp non hash: | B350: 143.925 | C350: 143.783 | D350: 143.766 | E350: 130.277 | F350: 55.9284 | G350: 0 | H350: 134.423 | I350: 4.99414e-10 | J350: 724.704 | K350: 0
... A393: Time omp non hash: | B393: 140.879 | C393: 140.733 | D393: 140.718 | E393: 127.632 | F393: 53.3124 | G393: 0 | H393: 143.972 | I393: 1.0938e-07 | J393: 724.704 | K393: 0
A394: Time omp non hash: | B394: 7260.6635 | C394: sec
...

Sheet 42clangOMP40
A1: Max threads OMP : 12 OpenMP version: 201307 :OpenMP 4,0 (2013) active
A2: PARAMETR_SIZE: 42 | B2: PARAMETR_SIZE_ONE_X: 21 | C2: MAX_VALUE_SIZE: 5 | D2: NAME_FILE_GRAPH: Parametr_Graph/test42,txt | E2: ANT_SIZE: 500 | F2: KOL_ITERATION: 500 | G2: KOL_PROGON_STATISTICS: 50 | H2: PARAMETR_Q: 1 | I2: PARAMETR_RO: 0,999 | J2: TYPE_ACO: 1 | K2: ACOCCyN_KOL_ITERATION: 50, MAX_PARAMETR_VALUE_TO_MIN_OPT: 1, HASH_TABLE_SIZE: 67108864, MAX_PROBES: 10000, MAX_THREAD_CUDA: 512, CPU_RANDOM: 0, KOL_THREAD_CPU_ANT: 12, CONST_RANDOM: 100000, MAX_CONST: 8000, OPTIMIZE: OPTIMIZE_MAX | L2: FUNCTION: GO_ALG_MINMAX: 1(1, 1000)
A3: Time non CUDA_time | B3: 344.354 | C3: 245.838 | D3: 245.82 | E3: 245.557 | F3: 6.2086 | G3: 111.327 | H3: 21.0149 | I3: 15.3854 | J3: 59.5245 | K3: 117.155 | L3: 1.03237e-05 | M3: 724.704 | N3: 0
A4: Time non CUDA_time | B4: 339.246 | C4: 245 | D4: 244.978 | E4: 244.714 | F4: 5.9969 | G4: 110.473 | H4: 20.8164 | I4: 15.3361 | J4: 58.9507 | K4: 117.226 | L4: 3.7087e-06 | M4: 724.704 | N4: 0
A5: Time non CUDA_time | B5: 333.206 | C5: 241.549 | D5: 241.529 | E5: 241.261 | F5: 6.054 | G5: 108.998 | H5: 20.4726 | I5: 15.1467 | J5: 58.2682 | K5: 115.538 | L5: 6.85364e-06 | M5: 724.704 | N5: 0
A6: Time non CUDA_time | B6: 342.458 | C6: 242.211 | D6: 242.192 | E6: 241.932 | F6: 5.9621 | G6: 109.225 | H6: 20.6205 | I6: 15.1325 | J6: 58.198 | K6: 115.982 | L6: 5.57773e-08 | M6: 724.704 | N6: 0
A7: Time non CUDA_time | B7: 334.225 | C7: 246.971 | D7: 246.952 | E7: 246.671 | F7: 6.079 | G7: 111.996 | H7: 21.1004 | I7: 15.5252 | J7: 59.7981 | K7: 117.636 | L7: 1.53084e-06 | M7: 724.704 | N7: 0
A8: Time non CUDA_time | B8: 348.038 | C8: 246.184 | D8: 246.163 | E8: 245.89 | F8: 6.0068 | G8: 111.78 | H8: 20.7809 | I8: 15.3024 | J8: 60.3969 | K8: 117.239 | L8: 8.64583e-07 | M8: 724.704 | N8: 0
A9: Time non CUDA_time | B9: 330.002 | C9: 243.574 | D9: 243.554 | E9: 243.294 | F9: 6.0844 | G9: 110.569 | H9: 20.6494 | I9: 15.1982 | J9: 59.5196 | K9: 115.906 | L9: 2.3392e-06 | M9: 724.704 | N9: 0
A10: Time non CUDA_time | B10: 343 | C10: 246.373 | D10: 246.354 | E10: 246.079 | F10: 6.0274 | G10: 112.314 | H10: 20.7273 | I10: 15.3303 | J10: 60.8806 | K10: 116.841 | L10: 1.63453e-06 | M10: 724.704 | N10: 0
A11: Time non CUDA_time | B11: 334.266 | C11: 241.521 | D11: 241.501 | E11: 241.236 | F11: 6.0075 | G11: 108.308 | H11: 20.6128 | I11: 15.1527 | J11: 57.301 | K11: 116.017 | L11: 6.81695e-07 | M11: 724.704 | N11: 0
A12: Time non CUDA_time | B12: 338.172 | C12: 244.028 | D12: 244.008 | E12: 243.732 | F12: 5.9514 | G12: 110.925 | H12: 20.4576 | I12: 15.1174 | J12: 60.2362 | K12: 116.058 | L12: 2.84063e-06 | M12: 724.704 | N12: 0
A13: Time non CUDA_time | B13: 356.291 | C13: 249.661 | D13: 249.64 | E13: 249.359 | F13: 6.1479 | G13: 113.823 | H13: 21.2299 | I13: 15.6872 | J13: 61.3931 | K13: 118.34 | L13: 6.5833e-06 | M13: 724.704 | N13: 0
A14: Time non CUDA_time | B14: 341.016 | C14: 252.18 | D14: 252.157 | E14: 251.873 | F14: 6.1721 | G14: 114.288 | H14: 21.7242 | I14: 15.6427 | J14: 61.2483 | K14: 120.295 | L14: 2.62946e-07 | M14: 724.702 | N14: 0
... A57: Time non CUDA_time | B57: 335.782 | C57: 244.692 | D57: 244.67 | E57: 244.403 | F57: 5.9088 | G57: 110.809 | H57: 20.8513 | I57: 15.4528 | J57: 59.234 | K57: 116.838 | L57: 5.73212e-07 | M57: 724.704 | N57: 0
A58: Time non CUDA_time: | B58: 17249.48 | C58: sec
A59: Time non CUDA | B59: 268.166 | C59: 0 | D59: 0 | E59: 0 | F59: 0 | G59: 0 | H59: 0 | I59: 0 | J59: 0 | K59: 7.98033e-06 | L59: 724.704 | M59: 0
A60: Time non CUDA | B60: 277.118 | C60: 0 | D60: 0 | E60: 0 | F60: 0 | G60: 0 | H60: 0 | I60: 0 | J60: 0 | K60: 9.65853e-06 | L60: 724.704 | M60: 0
A61: Time non CUDA | B61: 271.205 | C61: 0 | D61: 0 | E61: 0 | F61: 0 | G61: 0 | H61: 0 | I61: 0 | J61: 0 | K61: 1.37589e-07 | L61: 724.704 | M61: 0
A62: Time non CUDA | B62: 268.918 | C62: 0 | D62: 0 | E62: 0 | F62: 0 | G62: 0 | H62: 0 | I62: 0 | J62: 0 | K62: 4.6981e-07 | L62: 724.704 | M62: 0
A63: Time non CUDA | B63: 268.955 | C63: 0 | D63: 0 | E63: 0 | F63: 0 | G63: 0 | H63: 0 | I63: 0 | J63: 0 | K63: 5.61502e-08 | L63: 724.704 | M63: 0
A64: Time non CUDA | B64: 272.325 | C64: 0 | D64: 0 | E64: 0 | F64: 0 | G64: 0 | H64: 0 | I64: 0 | J64: 0 | K64: 7.55103e-07 | L64: 724.704 | M64: 0
A65: Time non CUDA | B65: 275.039 | C65: 0 | D65: 0 | E65: 0 | F65: 0 | G65: 0 | H65: 0 | I65: 0 | J65: 0 | K65: 8.376e-06 | L65: 724.702 | M65: 0
A66: Time non CUDA | B66: 265.087 | C66: 0 | D66: 0 | E66: 0 | F66: 0 | G66: 0 | H66: 0 | I66: 0 | J66: 0 | K66: 3.81533e-09 | L66: 724.702 | M66: 0
A67: Time non CUDA | B67: 268.833 | C67: 0 | D67: 0 | E67: 0 | F67: 0 | G67: 0 | H67: 0 | I67: 0 | J67: 0 | K67: 6.6478e-10 | L67: 724.704 | M67: 0
A68: Time non CUDA | B68: 270.341 | C68: 0 | D68: 0 | E68: 0 | F68: 0 | G68: 0 | H68: 0 | I68: 0 | J68: 0 | K68: 7.35076e-09 | L68: 724.703 | M68: 0
A69: Time non CUDA | B69: 274.479 | C69: 0 | D69: 0 | E69: 0 | F69: 0 | G69: 0 | H69: 0 | I69: 0 | J69: 0 | K69: 9.39576e-06 | L69: 724.704 | M69: 0
A70: Time non CUDA | B70: 271.378 | C70: 0 | D70: 0 | E70: 0 | F70: 0 | G70: 0 | H70: 0 | I70: 0 | J70: 0 | K70: 1.67602e-06 | L70: 724.704 | M70: 0
... A113: Time non CUDA | B113: 273.582 | C113: 0 | D113: 0 | E113: 0 | F113: 0 | G113: 0 | H113: 0 | I113: 0 | J113: 0 | K113: 4.05377e-06 | L113: 724.704 | M113: 0
A114: Time non CUDA: | B114: 13971.625 | C114: sec
A115: Time non CUDA non hash: | B115: 151.21 | C115: 150.984 | D115: 150.967 | E115: 150.783 | F115: 7.903 | G115: 0 | H115: 21.4203 | I115: 0 | J115: 2.50923e-05 | K115: 724.703 | L115: 0
A116: Time non CUDA non hash: | B116: 145.424 | C116: 145.272 | D116: 145.254 | E116: 145.009 | F116: 5.8928 | G116: 0 | H116: 21.2618 | I116: 0 | J116: 2.60989e-06 | K116: 724.704 | L116: 0
A117: Time non CUDA non hash: | B117: 143.844 | C117: 143.684 | D117: 143.668 | E117: 143.452 | F117: 5.9683 | G117: 0 | H117: 20.9263 | I117: 0 | J117: 7.83243e-08 | K117: 724.704 | L117: 0
A118: Time non CUDA non hash: | B118: 146.233 | C118: 146.075 | D118: 146.058 | E118: 145.841 | F118: 5.9023 | G118: 0 | H118: 21.0004 | I118: 0 | J118: 7.69182e-07 | K118: 724.704 | L118: 0
A119: Time non CUDA non hash: | B119: 144.883 | C119: 144.723 | D119: 144.707 | E119: 144.496 | F119: 5.8079 | G119: 0 | H119: 20.8298 | I119: 0 | J119: 9.05241e-07 | K119: 724.704 | L119: 0
A120: Time non CUDA non hash: | B120: 144.819 | C120: 144.661 | D120: 144.643 | E120: 144.432 | F120: 6.2416 | G120: 0 | H120: 20.9419 | I120: 0 | J120: 1.90093e-07 | K120: 724.704 | L120: 0
A121: Time non CUDA non hash: | B121: 145.605 | C121: 145.445 | D121: 145.429 | E121: 145.217 | F121: 5.7764 | G121: 0 | H121: 20.8895 | I121: 0 | J121: 1.6556e-07 | K121: 724.704 | L121: 0
A122: Time non CUDA non hash: | B122: 150.793 | C122: 150.633 | D122: 150.614 | E122: 150.358 | F122: 6.0052 | G122: 0 | H122: 21.7897 | I122: 0 | J122: 3.417e-05 | K122: 724.704 | L122: 0
A123: Time non CUDA non hash: | B123: 144.941 | C123: 144.789 | D123: 144.775 | E123: 144.562 | F123: 5.7748 | G123: 0 | H123: 20.7543 | I123: 0 | J123: 9.24172e-07 | K123: 724.703 | L123: 0
A124: Time non CUDA non hash: | B124: 149.202 | C124: 149.04 | D124: 149.021 | E124: 148.795 | F124: 5.9158 | G124: 0 | H124: 21.8839 | I124: 0 | J124: 8.88907e-06 | K124: 724.704 | L124: 0
A125: Time non CUDA non hash: | B125: 145.614 | C125: 145.447 | D125: 145.429 | E125: 145.24 | F125: 5.8537 | G125: 0 | H125: 20.9967 | I125: 0 | J125: 8.34262e-07 | K125: 724.703 | L125: 0
A126: Time non CUDA non hash: | B126: 145.101 | C126: 144.939 | D126: 144.924 | E126: 144.711 | F126: 5.9032 | G126: 0 | H126: 20.7355 | I126: 0 | J126: 3.64747e-07 | K126: 724.704 | L126: 0
... A169: Time non CUDA non hash: | B169: 154.794 | C169: 154.628 | D169: 154.591 | E169: 154.328 | F169: 6.0948 | G169: 0 | H169: 21.9969 | I169: 0 | J169: 1.34216e-07 | K169: 724.704 | L169: 0
A170: Time non CUDA non hash: | B170: 7477.4364 | C170: sec
A171: Time classical ACO | B171: 2377.15 | C171: 1640.08 | D171: 1636.97 | E171: 1636.78 | F171: 13.1188 | G171: 121.851 | H171: 26.9786 | I171: 1.64189e-09 | J171: 724.251 | K171: 0
A172: Time classical ACO | B172: 2369.13 | C172: 1635.27 | D172: 1631.89 | E172: 1631.69 | F172: 13.7054 | G172: 120.875 | H172: 27.0649 | I172: 3.59111e-09 | J172: 724.014 | K172: 0
A173: Time classical ACO | B173: 2367.07 | C173: 1636.05 | D173: 1632.92 | E173: 1632.73 | F173: 13.1834 | G173: 121.496 | H173: 26.9651 | I173: 1.94816e-08 | J173: 724.235 | K173: 0
A174: Time classical ACO | B174: 2371.89 | C174: 1641.48 | D174: 1638.25 | E174: 1638.06 | F174: 13.6013 | G174: 122.249 | H174: 27.0472 | I174: 4.57729e-11 | J174: 724.34 | K174: 0
A175: Time classical ACO | B175: 2376.13 | C175: 1644.2 | D175: 1640.93 | E175: 1640.74 | F175: 13.527 | G175: 122.211 | H175: 27.3821 | I175: 4.30278e-10 | J175: 724.703 | K175: 0
A176: Time classical ACO | B176: 2374.19 | C176: 1631.37 | D176: 1628.15 | E176: 1627.96 | F176: 13.3181 | G176: 121.496 | H176: 26.8843 | I176: 1.28974e-15 | J176: 724.53 | K176: 0
A177: Time classical ACO | B177: 2378.02 | C177: 1644.23 | D177: 1641.01 | E177: 1640.81 | F177: 13.5211 | G177: 124.561 | H177: 29.9582 | I177: 1.0189e-09 | J177: 724.688 | K177: 0
A178: Time classical ACO | B178: 2395.06 | C178: 1654.75 | D178: 1651.57 | E178: 1651.38 | F178: 13.7533 | G178: 123.993 | H178: 27.3491 | I178: 1.10148e-08 | J178: 724.479 | K178: 0
A179: Time classical ACO | B179: 2398.89 | C179: 1663.78 | D179: 1660.35 | E179: 1660.15 | F179: 13.8426 | G179: 124.124 | H179: 28.0214 | I179: 5.57701e-09 | J179: 724.388 | K179: 0
A180: Time classical ACO | B180: 2386.48 | C180: 1649.12 | D180: 1645.92 | E180: 1645.72 | F180: 13.3365 | G180: 122.022 | H180: 27.4226 | I180: 1.50478e-08 | J180: 724.09 | K180: 0
A181: Time classical ACO | B181: 2405.46 | C181: 1659.6 | D181: 1656.43 | E181: 1656.23 | F181: 14.2301 | G181: 123.631 | H181: 27.8703 | I181: 8.2922e-09 | J181: 724.089 | K181: 0
A182: Time classical ACO | B182: 2396.97 | C182: 1658.38 | D182: 1655.18 | E182: 1654.96 | F182: 13.9145 | G182: 123.994 | H182: 27.0965 | I182: 5.88286e-11 | J182: 724.55 | K182: 0
... A225: Time classical ACO | B225: 2398.27 | C225: 1658.35 | D225: 1654.79 | E225: 1654.6 | F225: 13.189 | G225: 123.722 | H225: 28.1543 | I225: 5.44075e-11 | J225: 723.811 | K225: 0
A226: Time Classic ACO: | B226: 120619.43 | C226: sec
A227: Time classical ACO non hash | B227: 1557.47 | C227: 1557.26 | D227: 1553.35 | E227: 1553.15 | F227: 12.7662 | G227: 0 | H227: 26.6075 | I227: 1.31401e-09 | J227: 724.69 | K227: 0
A228: Time classical ACO non hash | B228: 1557.53 | C228: 1557.35 | D228: 1553.23 | E228: 1553.03 | F228: 12.0999 | G228: 0 | H228: 27.2037 | I228: 3.26994e-12 | J228: 724.448 | K228: 0
A229: Time classical ACO non hash | B229: 1561.41 | C229: 1561.23 | D229: 1556.92 | E229: 1556.72 | F229: 12.8222 | G229: 0 | H229: 27.2545 | I229: 2.00039e-09 | J229: 724.698 | K229: 0
A230: Time classical ACO non hash | B230: 1543.98 | C230: 1543.8 | D230: 1539.99 | E230: 1539.78 | F230: 12.5406 | G230: 0 | H230: 26.7676 | I230: 7.38932e-13 | J230: 724.661 | K230: 0
A231: Time classical ACO non hash | B231: 1543.93 | C231: 1543.77 | D231: 1540.19 | E231: 1540.01 | F231: 12.072 | G231: 0 | H231: 26.7892 | I231: 6.04705e-09 | J231: 724.444 | K231: 0
A232: Time classical ACO non hash | B232: 1537.45 | C232: 1537.25 | D232: 1533.57 | E232: 1533.39 | F232: 12.6318 | G232: 0 | H232: 26.7938 | I232: 9.10838e-11 | J232: 724.512 | K232: 0
A233: Time classical ACO non hash | B233: 1531.23 | C233: 1531.07 | D233: 1527.48 | E233: 1527.3 | F233: 12.1516 | G233: 0 | H233: 26.8277 | I233: 4.01981e-08 | J233: 724.685 | K233: 0
A234: Time classical ACO non hash | B234: 1531.3 | C234: 1531.14 | D234: 1527.61 | E234: 1527.43 | F234: 12.3457 | G234: 0 | H234: 26.8795 | I234: 5.66207e-09 | J234: 724.635 | K234: 0
A235: Time classical ACO non hash | B235: 1550.54 | C235: 1550.38 | D235: 1546.47 | E235: 1546.27 | F235: 12.4189 | G235: 0 | H235: 26.9446 | I235: 9.50677e-10 | J235: 724.64 | K235: 0
A236: Time classical ACO non hash | B236: 1541.62 | C236: 1541.46 | D236: 1537.65 | E236: 1537.47 | F236: 12.5475 | G236: 0 | H236: 27.3099 | I236: 1.32145e-11 | J236: 724.281 | K236: 0
A237: Time classical ACO non hash | B237: 1539.54 | C237: 1539.37 | D237: 1535.59 | E237: 1535.41 | F237: 12.1783 | G237: 0 | H237: 26.5049 | I237: 1.73243e-14 | J237: 724.229 | K237: 0
A238: Time classical ACO non hash | B238: 1543.78 | C238: 1543.62 | D238: 1540.06 | E238: 1539.88 | F238: 12.4523 | G238: 0 | H238: 27.1942 | I238: 9.83766e-09 | J238: 723.652 | K238: 0
... A281: Time classical ACO non hash | B281: 1541.4 | C281: 1541.24 | D281: 1537.55 | E281: 1537.36 | F281: 11.8268 | G281: 0 | H281: 26.5872 | I281: 2.69487e-08 | J281: 724.648 | K281: 0
A282: Time Classic ACO non hash: | B282: 77563.912 | C282: sec
A283: Time omp: | B283: 331.067 | C283: 222.011 | D283: 221.992 | E283: 208.475 | F283: 56.9349 | G283: 1117.41 | H283: 161.017 | I283: 6.21562e-10 | J283: 724.703 | K283: 0
A284: Time omp: | B284: 329.509 | C284: 229.55 | D284: 229.528 | E284: 216.019 | F284: 57.5899 | G284: 1201.08 | H284: 160.803 | I284: 4.2913e-06 | J284: 724.704 | K284: 0
A285: Time omp: | B285: 300.845 | C285: 206.054 | D285: 206.032 | E285: 192.547 | F285: 56.6246 | G285: 944.644 | H285: 157.592 | I285: 3.3012e-07 | J285: 724.703 | K285: 0
A286: Time omp: | B286: 329.129 | C286: 232.405 | D286: 232.384 | E286: 218.521 | F286: 58.3151 | G286: 1221.22 | H286: 162.441 | I286: 9.30436e-09 | J286: 724.703 | K286: 0
A287: Time omp: | B287: 339.306 | C287: 243.387 | D287: 243.368 | E287: 229.731 | F287: 57.1711 | G287: 1366.15 | H287: 161.976 | I287: 6.56552e-06 | J287: 724.704 | K287: 0
A288: Time omp: | B288: 310.603 | C288: 218.116 | D288: 218.097 | E288: 204.564 | F288: 56.714 | G288: 1079.3 | H288: 158.727 | I288: 4.21414e-06 | J288: 724.704 | K288: 0
A289: Time omp: | B289: 333.484 | C289: 226.929 | D289: 226.907 | E289: 213.131 | F289: 57.9305 | G289: 1161.15 | H289: 162.314 | I289: 2.47202e-06 | J289: 724.704 | K289: 0
A290: Time omp: | B290: 320.896 | C290: 228.318 | D290: 228.295 | E290: 214.713 | F290: 57.5377 | G290: 1194.54 | H290: 161.961 | I290: 1.22146e-08 | J290: 724.704 | K290: 0
A291: Time omp: | B291: 346.707 | C291: 245.442 | D291: 245.419 | E291: 231.844 | F291: 57.4957 | G291: 1382.01 | H291: 162.303 | I291: 4.32306e-06 | J291: 724.704 | K291: 0
A292: Time omp: | B292: 337.375 | C292: 234.382 | D292: 234.36 | E292: 220.61 | F292: 58.0099 | G292: 1248.08 | H292: 162.253 | I292: 2.37766e-07 | J292: 724.704 | K292: 0
A293: Time omp: | B293: 315.91 | C293: 222.262 | D293: 222.242 | E293: 208.182 | F293: 58.3152 | G293: 1116.53 | H293: 160.23 | I293: 1.95882e-06 | J293: 724.704 | K293: 0
A294: Time omp: | B294: 309.152 | C294: 214.153 | D294: 214.133 | E294: 200.528 | F294: 58.437 | G294: 1012.8 | H294: 158.302 | I294: 2.2166e-08 | J294: 724.702 | K294: 0
... A337: Time omp: | B337: 337.115 | C337: 242.884 | D337: 242.859 | E337: 227.71 | F337: 62.6748 | G337: 1281.7 | H337: 163.205 | I337: 8.10084e-08 | J337: 724.704 | K337: 0
A338: Time omp: | B338: 16900.474 | C338: sec
A339: Time omp non hash: | B339: 166.869 | C339: 166.726 | D339: 166.706 | E339: 154.073 | F339: 56.1293 | G339: 0 | H339: 115.969 | I339: 7.67229e-07 | J339: 724.704 | K339: 0
A340: Time omp non hash: | B340: 164.098 | C340: 163.943 | D340: 163.923 | E340: 151.589 | F340: 54.0669 | G340: 0 | H340: 119.884 | I340: 2.62143e-07 | J340: 724.704 | K340: 0
A341: Time omp non hash: | B341: 150.03 | C341: 149.889 | D341: 149.867 | E341: 136.307 | F341: 57.0189 | G341: 0 | H341: 122.048 | I341: 4.72313e-07 | J341: 724.703 | K341: 0
A342: Time omp non hash: | B342: 151.43 | C342: 151.273 | D342: 151.25 | E342: 137.609 | F342: 57.2674 | G342: 0 | H342: 127.488 | I342: 2.96657e-07 | J342: 724.704 | K342: 0
A343: Time omp non hash: | B343: 145.664 | C343: 145.501 | D343: 145.481 | E343: 131.957 | F343: 56.6175 | G343: 0 | H343: 121.953 | I343: 3.28085e-07 | J343: 724.704 | K343: 0
A344: Time omp non hash: | B344: 152.473 | C344: 152.318 | D344: 152.296 | E344: 138.782 | F344: 55.7943 | G344: 0 | H344: 123.845 | I344: 4.25152e-08 | J344: 724.704 | K344: 0
A345: Time omp non hash: | B345: 145.694 | C345: 145.536 | D345: 145.514 | E345: 131.957 | F345: 56.5138 | G345: 0 | H345: 122.351 | I345: 1.59058e-07 | J345: 724.704 | K345: 0
A346: Time omp non hash: | B346: 145.384 | C346: 145.223 | D346: 145.203 | E346: 131.453 | F346: 56.1772 | G346: 0 | H346: 122.325 | I346: 1.82508e-08 | J346: 724.704 | K346: 0
A347: Time omp non hash: | B347: 147.281 | C347: 147.119 | D347: 147.099 | E347: 133.424 | F347: 56.7599 | G347: 0 | H347: 123.586 | I347: 8.74098e-06 | J347: 724.704 | K347: 0
A348: Time omp non hash: | B348: 151.041 | C348: 150.851 | D348: 150.83 | E348: 137.146 | F348: 56.9072 | G348: 0 | H348: 126.762 | I348: 7.06832e-08 | J348: 724.703 | K348: 0
A349: Time omp non hash: | B349: 145.992 | C349: 145.846 | D349: 145.825 | E349: 132.115 | F349: 56.5346 | G349: 0 | H349: 122.082 | I349: 2.62164e-07 | J349: 724.704 | K349: 0
A350: Time omp non hash: | B350: 145.975 | C350: 145.816 | D350: 145.795 | E350: 132.298 | F350: 55.9229 | G350: 0 | H350: 121.844 | I350: 9.67427e-07 | J350: 724.703 | K350: 0
... A393: Time omp non hash: | B393: 142.704 | C393: 142.566 | D393: 142.548 | E393: 129.612 | F393: 54.1844 | G393: 0 | H393: 140.139 | I393: 2.73604e-07 | J393: 724.704 | K393: 0
A394: Time omp non hash: | B394: 7358.5299 | C394: sec
...

Sheet 42clangOMP45
A1: Max threads OMP : 12 OpenMP version: 201511 :OpenMP 4,5 (2015) optimal
A2: PARAMETR_SIZE: 42 | B2: PARAMETR_SIZE_ONE_X: 21 | C2: MAX_VALUE_SIZE: 5 | D2: NAME_FILE_GRAPH: Parametr_Graph/test42,txt | E2: ANT_SIZE: 500 | F2: KOL_ITERATION: 500 | G2: KOL_PROGON_STATISTICS: 50 | H2: PARAMETR_Q: 1 | I2: PARAMETR_RO: 0,999 | J2: TYPE_ACO: 1 | K2: ACOCCyN_KOL_ITERATION: 50, MAX_PARAMETR_VALUE_TO_MIN_OPT: 1, HASH_TABLE_SIZE: 67108864, MAX_PROBES: 10000, MAX_THREAD_CUDA: 512, CPU_RANDOM: 0, KOL_THREAD_CPU_ANT: 12, CONST_RANDOM: 100000, MAX_CONST: 8000, OPTIMIZE: OPTIMIZE_MAX | L2: FUNCTION: GO_ALG_MINMAX: 1(1, 1000)
A3: Time non CUDA_time | B3: 339.134 | C3: 247.385 | D3: 247.358 | E3: 247.116 | F3: 5.9101 | G3: 111.811 | H3: 21.1996 | I3: 15.3943 | J3: 59.8204 | K3: 118.38 | L3: 2.64414e-07 | M3: 724.704 | N3: 0
A4: Time non CUDA_time | B4: 337.32 | C4: 247.085 | D4: 247.065 | E4: 246.832 | F4: 5.7126 | G4: 112.072 | H4: 20.7806 | I4: 15.2477 | J4: 60.4269 | K4: 118.267 | L4: 1.87591e-07 | M4: 724.704 | N4: 0
A5: Time non CUDA_time | B5: 329.839 | C5: 242.768 | D5: 242.751 | E5: 242.494 | F5: 5.9967 | G5: 107.829 | H5: 20.9905 | I5: 15.2266 | J5: 56.2947 | K5: 117.438 | L5: 6.91405e-07 | M5: 724.704 | N5: 0
A6: Time non CUDA_time | B6: 348.87 | C6: 249.11 | D6: 249.089 | E6: 248.861 | F6: 5.881 | G6: 111.124 | H6: 21.6905 | I6: 15.5078 | J6: 58.5679 | K6: 120.708 | L6: 2.75827e-09 | M6: 724.704 | N6: 0
A7: Time non CUDA_time | B7: 339.601 | C7: 246.866 | D7: 246.847 | E7: 246.615 | F7: 5.8096 | G7: 111.745 | H7: 21.1346 | I7: 15.3651 | J7: 59.7109 | K7: 118.27 | L7: 8.17271e-08 | M7: 724.704 | N7: 0
A8: Time non CUDA_time | B8: 332.156 | C8: 244.125 | D8: 244.107 | E8: 243.877 | F8: 6.0572 | G8: 109.789 | H8: 21.3819 | I8: 15.1753 | J8: 57.748 | K8: 117.211 | L8: 3.5805e-06 | M8: 724.704 | N8: 0
A9: Time non CUDA_time | B9: 339.361 | C9: 250.881 | D9: 250.86 | E9: 250.617 | F9: 5.9765 | G9: 113.658 | H9: 21.7295 | I9: 16.0634 | J9: 60.1066 | K9: 119.454 | L9: 7.68102e-08 | M9: 724.704 | N9: 0
A10: Time non CUDA_time | B10: 342.382 | C10: 249.892 | D10: 249.87 | E10: 249.63 | F10: 5.7874 | G10: 114.721 | H10: 21.8749 | I10: 15.7133 | J10: 61.5506 | K10: 118.194 | L10: 2.91672e-06 | M10: 724.704 | N10: 0
A11: Time non CUDA_time | B11: 333.688 | C11: 244.922 | D11: 244.904 | E11: 244.675 | F11: 5.7057 | G11: 109.959 | H11: 21.4126 | I11: 15.2237 | J11: 58.1759 | K11: 117.834 | L11: 3.66536e-10 | M11: 724.704 | N11: 0
A12: Time non CUDA_time | B12: 334.933 | C12: 248.57 | D12: 248.552 | E12: 248.325 | F12: 6.0162 | G12: 110.792 | H12: 21.3666 | I12: 15.6234 | J12: 57.8615 | K12: 120.263 | L12: 1.24805e-08 | M12: 724.704 | N12: 0
A13: Time non CUDA_time | B13: 337.856 | C13: 242.859 | D13: 242.841 | E13: 242.616 | F13: 6.0327 | G13: 108.948 | H13: 20.9922 | I13: 15.3401 | J13: 57.2494 | K13: 116.611 | L13: 6.74725e-07 | M13: 724.703 | N13: 0
A14: Time non CUDA_time | B14: 328.733 | C14: 241.801 | D14: 241.782 | E14: 241.554 | F14: 5.6385 | G14: 107.411 | H14: 20.8462 | I14: 15.1043 | J14: 55.4281 | K14: 117.449 | L14: 4.31389e-08 | M14: 724.704 | N14: 0
... A57: Time non CUDA_time | B57: 335.964 | C57: 245.311 | D57: 245.293 | E57: 245.071 | F57: 5.6948 | G57: 110.468 | H57: 21.772 | I57: 15.1286 | J57: 58.1852 | K57: 118.097 | L57: 7.28611e-08 | M57: 724.704 | N57: 0
A58: Time non CUDA_time: | B58: 17068.02 | C58: sec
A59: Time non CUDA | B59: 270.595 | C59: 0 | D59: 0 | E59: 0 | F59: 0 | G59: 0 | H59: 0 | I59: 0 | J59: 0 | K59: 9.32903e-06 | L59: 724.704 | M59: 0
A60: Time non CUDA | B60: 277.714 | C60: 0 | D60: 0 | E60: 0 | F60: 0 | G60: 0 | H60: 0 | I60: 0 | J60: 0 | K60: 6.14e-07 | L60: 724.703 | M60: 0
A61: Time non CUDA | B61: 271.273 | C61: 0 | D61: 0 | E61: 0 | F61: 0 | G61: 0 | H61: 0 | I61: 0 | J61: 0 | K61: 3.97282e-06 | L61: 724.703 | M61: 0
A62: Time non CUDA | B62: 270.588 | C62: 0 | D62: 0 | E62: 0 | F62: 0 | G62: 0 | H62: 0 | I62: 0 | J62: 0 | K62: 2.72784e-07 | L62: 724.704 | M62: 0
A63: Time non CUDA | B63: 267.692 | C63: 0 | D63: 0 | E63: 0 | F63: 0 | G63: 0 | H63: 0 | I63: 0 | J63: 0 | K63: 4.02384e-06 | L63: 724.704 | M63: 0
A64: Time non CUDA | B64: 265.783 | C64: 0 | D64: 0 | E64: 0 | F64: 0 | G64: 0 | H64: 0 | I64: 0 | J64: 0 | K64: 1.3249e-07 | L64: 724.704 | M64: 0
A65: Time non CUDA | B65: 271.729 | C65: 0 | D65: 0 | E65: 0 | F65: 0 | G65: 0 | H65: 0 | I65: 0 | J65: 0 | K65: 2.95926e-08 | L65: 724.704 | M65: 0
A66: Time non CUDA | B66: 268.188 | C66: 0 | D66: 0 | E66: 0 | F66: 0 | G66: 0 | H66: 0 | I66: 0 | J66: 0 | K66: 5.3658e-07 | L66: 724.704 | M66: 0
A67: Time non CUDA | B67: 279.226 | C67: 0 | D67: 0 | E67: 0 | F67: 0 | G67: 0 | H67: 0 | I67: 0 | J67: 0 | K67: 1.40921e-07 | L67: 724.703 | M67: 0
A68: Time non CUDA | B68: 274.077 | C68: 0 | D68: 0 | E68: 0 | F68: 0 | G68: 0 | H68: 0 | I68: 0 | J68: 0 | K68: 1.06588e-07 | L68: 724.704 | M68: 0
A69: Time non CUDA | B69: 275.495 | C69: 0 | D69: 0 | E69: 0 | F69: 0 | G69: 0 | H69: 0 | I69: 0 | J69: 0 | K69: 1.7789e-06 | L69: 724.704 | M69: 0
A70: Time non CUDA | B70: 267.795 | C70: 0 | D70: 0 | E70: 0 | F70: 0 | G70: 0 | H70: 0 | I70: 0 | J70: 0 | K70: 2.90641e-06 | L70: 724.703 | M70: 0
... A113: Time non CUDA | B113: 274.772 | C113: 0 | D113: 0 | E113: 0 | F113: 0 | G113: 0 | H113: 0 | I113: 0 | J113: 0 | K113: 1.56922e-05 | L113: 724.704 | M113: 0
A114: Time non CUDA: | B114: 13837.357 | C114: sec
A115: Time non CUDA non hash: | B115: 152.606 | C115: 152.458 | D115: 152.443 | E115: 152.212 | F115: 6.3647 | G115: 0 | H115: 21.7332 | I115: 0 | J115: 7.86447e-07 | K115: 724.699 | L115: 0
A116: Time non CUDA non hash: | B116: 149.652 | C116: 149.514 | D116: 149.499 | E116: 149.271 | F116: 6.169 | G116: 0 | H116: 21.0968 | I116: 0 | J116: 2.46453e-07 | K116: 724.704 | L116: 0
A117: Time non CUDA non hash: | B117: 149.199 | C117: 149.047 | D117: 149.032 | E117: 148.805 | F117: 6.4431 | G117: 0 | H117: 21.698 | I117: 0 | J117: 1.20474e-06 | K117: 724.704 | L117: 0
A118: Time non CUDA non hash: | B118: 150.281 | C118: 150.129 | D118: 150.112 | E118: 149.882 | F118: 6.1431 | G118: 0 | H118: 21.6702 | I118: 0 | J118: 7.72739e-07 | K118: 724.704 | L118: 0
A119: Time non CUDA non hash: | B119: 150.38 | C119: 150.226 | D119: 150.208 | E119: 149.984 | F119: 6.436 | G119: 0 | H119: 21.9694 | I119: 0 | J119: 4.60507e-06 | K119: 724.704 | L119: 0
A120: Time non CUDA non hash: | B120: 150.164 | C120: 150.014 | D120: 149.998 | E120: 149.774 | F120: 6.1687 | G120: 0 | H120: 21.9969 | I120: 0 | J120: 4.78952e-07 | K120: 724.704 | L120: 0
A121: Time non CUDA non hash: | B121: 149.752 | C121: 149.619 | D121: 149.601 | E121: 149.381 | F121: 6.6781 | G121: 0 | H121: 21.4481 | I121: 0 | J121: 6.2939e-09 | K121: 724.704 | L121: 0
A122: Time non CUDA non hash: | B122: 153.344 | C122: 153.209 | D122: 153.192 | E122: 152.957 | F122: 6.9501 | G122: 0 | H122: 21.6025 | I122: 0 | J122: 1.16356e-06 | K122: 724.704 | L122: 0
A123: Time non CUDA non hash: | B123: 146.674 | C123: 146.537 | D123: 146.521 | E123: 146.299 | F123: 6.1117 | G123: 0 | H123: 21.546 | I123: 0 | J123: 1.27093e-08 | K123: 724.704 | L123: 0
A124: Time non CUDA non hash: | B124: 154.662 | C124: 154.507 | D124: 154.49 | E124: 154.256 | F124: 6.2634 | G124: 0 | H124: 23.5838 | I124: 0 | J124: 4.08318e-05 | K124: 724.704 | L124: 0
A125: Time non CUDA non hash: | B125: 148.798 | C125: 148.641 | D125: 148.624 | E125: 148.395 | F125: 6.3222 | G125: 0 | H125: 21.2884 | I125: 0 | J125: 5.7269e-07 | K125: 724.704 | L125: 0
A126: Time non CUDA non hash: | B126: 147.507 | C126: 147.373 | D126: 147.356 | E126: 147.134 | F126: 6.1285 | G126: 0 | H126: 20.9986 | I126: 0 | J126: 2.7039e-07 | K126: 724.704 | L126: 0
... A169: Time non CUDA non hash: | B169: 149.4 | C169: 149.267 | D169: 149.25 | E169: 149.032 | F169: 5.9859 | G169: 0 | H169: 20.9493 | I169: 0 | J169: 7.31219e-06 | K169: 724.704 | L169: 0
A170: Time non CUDA non hash: | B170: 7688.4249 | C170: sec
A171: Time classical ACO | B171: 2823.16 | C171: 2050.01 | D171: 2046.57 | E171: 2046.36 | F171: 14.4372 | G171: 137.685 | H171: 31.5656 | I171: 1.64189e-09 | J171: 724.251 | K171: 0
A172: Time classical ACO | B172: 2699.08 | C172: 1910.04 | D172: 1905.76 | E172: 1905.56 | F172: 20.2378 | G172: 125.632 | H172: 28.5843 | I172: 3.59111e-09 | J172: 724.014 | K172: 0
A173: Time classical ACO | B173: 2652.46 | C173: 1905.43 | D173: 1901.31 | E173: 1901.09 | F173: 14.6018 | G173: 124.515 | H173: 27.7591 | I173: 1.94816e-08 | J173: 724.235 | K173: 0
A174: Time classical ACO | B174: 2644.56 | C174: 1900.13 | D174: 1896.17 | E174: 1895.97 | F174: 14.837 | G174: 124.676 | H174: 28.0572 | I174: 4.57729e-11 | J174: 724.34 | K174: 0
A175: Time classical ACO | B175: 2655.88 | C175: 1914.02 | D175: 1909.97 | E175: 1909.76 | F175: 17.1605 | G175: 127.132 | H175: 28.9244 | I175: 4.30278e-10 | J175: 724.703 | K175: 0
A176: Time classical ACO | B176: 2661.03 | C176: 1926.74 | D176: 1922.45 | E176: 1922.25 | F176: 15.4041 | G176: 125.743 | H176: 28.6252 | I176: 1.28974e-15 | J176: 724.53 | K176: 0
A177: Time classical ACO | B177: 2654.15 | C177: 1918.74 | D177: 1914.47 | E177: 1914.27 | F177: 14.7347 | G177: 125.365 | H177: 29.3272 | I177: 1.0189e-09 | J177: 724.688 | K177: 0
A178: Time classical ACO | B178: 2678.85 | C178: 1913.59 | D178: 1909.38 | E178: 1909.18 | F178: 15.568 | G178: 125.954 | H178: 29.6485 | I178: 1.10148e-08 | J178: 724.479 | K178: 0
A179: Time classical ACO | B179: 2631.78 | C179: 1897.02 | D179: 1893.04 | E179: 1892.84 | F179: 15.5728 | G179: 124.821 | H179: 28.186 | I179: 5.57701e-09 | J179: 724.388 | K179: 0
A180: Time classical ACO | B180: 2648.99 | C180: 1903.05 | D180: 1899.01 | E180: 1898.81 | F180: 15.7496 | G180: 125.303 | H180: 28.7884 | I180: 1.50478e-08 | J180: 724.09 | K180: 0
A181: Time classical ACO | B181: 2657.59 | C181: 1922.16 | D181: 1918.12 | E181: 1917.78 | F181: 17.596 | G181: 125.032 | H181: 28.2326 | I181: 8.2922e-09 | J181: 724.089 | K181: 0
A182: Time classical ACO | B182: 2641.11 | C182: 1907.33 | D182: 1903.24 | E182: 1903.04 | F182: 16.159 | G182: 125.475 | H182: 28.4793 | I182: 5.88286e-11 | J182: 724.55 | K182: 0
... A225: Time classical ACO | B225: 2650.56 | C225: 1902.34 | D225: 1898.96 | E225: 1898.75 | F225: 14.3749 | G225: 124.306 | H225: 29.8491 | I225: 5.44075e-11 | J225: 723.811 | K225: 0
A226: Time Classic ACO: | B226: 132341.48 | C226: sec
A227: Time classical ACO non hash | B227: 1808.9 | C227: 1808.71 | D227: 1804.23 | E227: 1804.03 | F227: 12.737 | G227: 0 | H227: 30.2997 | I227: 1.31401e-09 | J227: 724.69 | K227: 0
A228: Time classical ACO non hash | B228: 1814.85 | C228: 1814.67 | D228: 1810.34 | E228: 1810.15 | F228: 11.7606 | G228: 0 | H228: 28.2289 | I228: 3.26994e-12 | J228: 724.448 | K228: 0
A229: Time classical ACO non hash | B229: 1828.92 | C229: 1828.74 | D229: 1824.38 | E229: 1824.18 | F229: 11.9096 | G229: 0 | H229: 28.7449 | I229: 2.00039e-09 | J229: 724.698 | K229: 0
A230: Time classical ACO non hash | B230: 1824.11 | C230: 1823.91 | D230: 1819.58 | E230: 1819.37 | F230: 18.7905 | G230: 0 | H230: 28.0602 | I230: 7.38932e-13 | J230: 724.661 | K230: 0
A231: Time classical ACO non hash | B231: 1802.41 | C231: 1802.21 | D231: 1797.5 | E231: 1797.31 | F231: 12.4875 | G231: 0 | H231: 28.4531 | I231: 6.04705e-09 | J231: 724.444 | K231: 0
A232: Time classical ACO non hash | B232: 1821.17 | C232: 1820.97 | D232: 1816.49 | E232: 1816.29 | F232: 11.4481 | G232: 0 | H232: 29.5796 | I232: 9.10838e-11 | J232: 724.512 | K232: 0
A233: Time classical ACO non hash | B233: 1806.72 | C233: 1806.52 | D233: 1801.95 | E233: 1801.76 | F233: 11.5567 | G233: 0 | H233: 27.9581 | I233: 4.01981e-08 | J233: 724.685 | K233: 0
A234: Time classical ACO non hash | B234: 1823.54 | C234: 1823.34 | D234: 1818.97 | E234: 1818.78 | F234: 11.4198 | G234: 0 | H234: 28.4719 | I234: 5.66207e-09 | J234: 724.635 | K234: 0
A235: Time classical ACO non hash | B235: 1814.7 | C235: 1814.5 | D235: 1809.84 | E235: 1809.63 | F235: 14.779 | G235: 0 | H235: 28.8607 | I235: 9.50677e-10 | J235: 724.64 | K235: 0
A236: Time classical ACO non hash | B236: 1818.79 | C236: 1818.59 | D236: 1814.13 | E236: 1813.93 | F236: 12.1635 | G236: 0 | H236: 28.755 | I236: 1.32145e-11 | J236: 724.281 | K236: 0
A237: Time classical ACO non hash | B237: 1808.24 | C237: 1808.06 | D237: 1803.33 | E237: 1803.13 | F237: 12.2133 | G237: 0 | H237: 28.8203 | I237: 1.73243e-14 | J237: 724.229 | K237: 0
A238: Time classical ACO non hash | B238: 1810.42 | C238: 1810.22 | D238: 1805.39 | E238: 1805.2 | F238: 11.6974 | G238: 0 | H238: 29.363 | I238: 9.83766e-09 | J238: 723.652 | K238: 0
... A281: Time classical ACO non hash | B281: 1819.71 | C281: 1819.51 | D281: 1815.12 | E281: 1814.91 | F281: 20.9407 | G281: 0 | H281: 28.761 | I281: 2.69487e-08 | J281: 724.648 | K281: 0
A282: Time Classic ACO non hash: | B282: 91053.231 | C282: sec
A283: Time omp: | B283: 330.605 | C283: 231.508 | D283: 231.49 | E283: 217.767 | F283: 56.5347 | G283: 1245.01 | H283: 166.492 | I283: 1.12894e-06 | J283: 724.704 | K283: 0
A284: Time omp: | B284: 362.255 | C284: 263.667 | D284: 263.644 | E284: 249.019 | F284: 59.6349 | G284: 1547.96 | H284: 169.175 | I284: 2.37638e-06 | J284: 724.704 | K284: 0
A285: Time omp: | B285: 331.818 | C285: 212.24 | D285: 212.221 | E285: 198.74 | F285: 56.1121 | G285: 1034.64 | H285: 162.388 | I285: 2.15514e-07 | J285: 724.704 | K285: 0
A286: Time omp: | B286: 297.783 | C286: 206.175 | D286: 206.156 | E286: 192.92 | F286: 55.5065 | G286: 973.882 | H286: 160.947 | I286: 1.32733e-10 | J286: 724.704 | K286: 0
A287: Time omp: | B287: 387.963 | C287: 281.634 | D287: 281.61 | E287: 267.207 | F287: 58.477 | G287: 1784.08 | H287: 170.029 | I287: 5.05224e-06 | J287: 724.704 | K287: 0
A288: Time omp: | B288: 365.468 | C288: 269.44 | D288: 269.416 | E288: 254.847 | F288: 58.9346 | G288: 1623.39 | H288: 169.904 | I288: 3.45051e-09 | J288: 724.704 | K288: 0
A289: Time omp: | B289: 323.781 | C289: 209.625 | D289: 209.606 | E289: 196.007 | F289: 55.9175 | G289: 1003.54 | H289: 162.341 | I289: 3.08787e-06 | J289: 724.704 | K289: 0
A290: Time omp: | B290: 301.323 | C290: 205.547 | D290: 205.529 | E290: 192.341 | F290: 55.138 | G290: 968.73 | H290: 161.388 | I290: 1.05249e-08 | J290: 724.704 | K290: 0
A291: Time omp: | B291: 358.459 | C291: 238.32 | D291: 238.301 | E291: 224.719 | F291: 55.7377 | G291: 1330.18 | H291: 166.381 | I291: 1.79224e-05 | J291: 724.703 | K291: 0
A292: Time omp: | B292: 305.314 | C292: 203.092 | D292: 203.071 | E292: 189.614 | F292: 56.0603 | G292: 931.533 | H292: 160.526 | I292: 3.31855e-07 | J292: 724.704 | K292: 0
A293: Time omp: | B293: 309.373 | C293: 220.138 | D293: 220.112 | E293: 205.93 | F293: 58.855 | G293: 1075.76 | H293: 162.888 | I293: 1.2256e-05 | J293: 724.704 | K293: 0
A294: Time omp: | B294: 336.608 | C294: 218.228 | D294: 218.205 | E294: 204.319 | F294: 58.7517 | G294: 1055.6 | H294: 162.896 | I294: 6.87849e-06 | J294: 724.704 | K294: 0
... A337: Time omp: | B337: 353.363 | C337: 234.637 | D337: 234.615 | E337: 218.148 | F337: 64.725 | G337: 1151.93 | H337: 165.326 | I337: 1.90755e-07 | J337: 724.702 | K337: 0
A338: Time omp: | B338: 17197.83 | C338: sec
A339: Time omp non hash: | B339: 158.939 | C339: 158.801 | D339: 158.778 | E339: 147.053 | F339: 52.0261 | G339: 0 | H339: 98.8011 | I339: 2.21512e-07 | J339: 724.704 | K339: 0
A340: Time omp non hash: | B340: 162.324 | C340: 162.18 | D340: 162.157 | E340: 149.923 | F340: 52.6096 | G340: 0 | H340: 119.327 | I340: 6.02392e-07 | J340: 724.704 | K340: 0
A341: Time omp non hash: | B341: 161.376 | C341: 161.236 | D341: 161.217 | E341: 148.837 | F341: 53.8041 | G341: 0 | H341: 120.547 | I341: 5.10677e-07 | J341: 724.704 | K341: 0
A342: Time omp non hash: | B342: 156.391 | C342: 156.24 | D342: 156.219 | E342: 140.663 | F342: 62.4932 | G342: 0 | H342: 139.671 | I342: 7.86414e-06 | J342: 724.704 | K342: 0
A343: Time omp non hash: | B343: 154.684 | C343: 154.545 | D343: 154.525 | E343: 138.334 | F343: 64.1569 | G343: 0 | H343: 159.804 | I343: 4.27112e-08 | J343: 724.703 | K343: 0
A344: Time omp non hash: | B344: 151.993 | C344: 151.804 | D344: 151.784 | E344: 135.618 | F344: 63.16 | G344: 0 | H344: 159.539 | I344: 2.34157e-07 | J344: 724.704 | K344: 0
A345: Time omp non hash: | B345: 151.582 | C345: 151.429 | D345: 151.41 | E345: 135.365 | F345: 63.2733 | G345: 0 | H345: 159.678 | I345: 2.9063e-06 | J345: 724.704 | K345: 0
A346: Time omp non hash: | B346: 152.11 | C346: 151.966 | D346: 151.948 | E346: 136.235 | F346: 61.9105 | G346: 0 | H346: 158.471 | I346: 1.21005e-08 | J346: 724.704 | K346: 0
A347: Time omp non hash: | B347: 148.143 | C347: 148.003 | D347: 147.984 | E347: 133.112 | F347: 60.169 | G347: 0 | H347: 161.455 | I347: 2.04507e-06 | J347: 724.704 | K347: 0
A348: Time omp non hash: | B348: 138.325 | C348: 138.187 | D348: 138.169 | E348: 125.674 | F348: 53.5686 | G348: 0 | H348: 159.546 | I348: 2.81039e-06 | J348: 724.703 | K348: 0
A349: Time omp non hash: | B349: 137.959 | C349: 137.819 | D349: 137.801 | E349: 125.331 | F349: 54.0327 | G349: 0 | H349: 159.804 | I349: 5.2888e-06 | J349: 724.703 | K349: 0
A350: Time omp non hash: | B350: 143.614 | C350: 143.475 | D350: 143.456 | E350: 130.45 | F350: 55.5547 | G350: 0 | H350: 160.057 | I350: 6.90185e-06 | J350: 724.704 | K350: 0
... A393: Time omp non hash: | B393: 144.566 | C393: 144.387 | D393: 144.366 | E393: 131.052 | F393: 56.707 | G393: 0 | H393: 159.095 | I393: 1.08817e-06 | J393: 724.704 | K393: 0
A394: Time omp non hash: | B394: 7311.7588 | C394: sec
...

Sheet 42clangOMP50
A1: Max threads OMP : 12 OpenMP version: 201811 :OpenMP 5,0 (2018) active
A2: PARAMETR_SIZE: 42 | B2: PARAMETR_SIZE_ONE_X: 21 | C2: MAX_VALUE_SIZE: 5 | D2: NAME_FILE_GRAPH: Parametr_Graph/test42,txt | E2: ANT_SIZE: 500 | F2: KOL_ITERATION: 500 | G2: KOL_PROGON_STATISTICS: 50 | H2: PARAMETR_Q: 1 | I2: PARAMETR_RO: 0,999 | J2: TYPE_ACO: 1 | K2: ACOCCyN_KOL_ITERATION: 50, MAX_PARAMETR_VALUE_TO_MIN_OPT: 1, HASH_TABLE_SIZE: 67108864, MAX_PROBES: 10000, MAX_THREAD_CUDA: 512, CPU_RANDOM: 0, KOL_THREAD_CPU_ANT: 12, CONST_RANDOM: 100000, MAX_CONST: 8000, OPTIMIZE: OPTIMIZE_MAX | L2: FUNCTION: GO_ALG_MINMAX: 1(1, 1000)
A3: Time non CUDA_time | B3: 334.311 | C3: 246.947 | D3: 246.927 | E3: 246.702 | F3: 5.9837 | G3: 111.301 | H3: 21.2891 | I3: 15.5174 | J3: 58.9786 | K3: 118.525 | L3: 7.45254e-08 | M3: 724.704 | N3: 0
A4: Time non CUDA_time | B4: 343.393 | C4: 252.548 | D4: 252.53 | E4: 252.293 | F4: 5.976 | G4: 115.584 | H4: 21.183 | I4: 15.574 | J4: 63.5084 | K4: 119.867 | L4: 2.62557e-06 | M4: 724.704 | N4: 0
A5: Time non CUDA_time | B5: 361.327 | C5: 248.646 | D5: 248.62 | E5: 248.391 | F5: 5.9559 | G5: 114.474 | H5: 20.7899 | I5: 15.192 | J5: 63.1435 | K5: 117.113 | L5: 3.01223e-06 | M5: 724.704 | N5: 0
A6: Time non CUDA_time | B6: 350.489 | C6: 248.675 | D6: 248.656 | E6: 248.438 | F6: 5.8263 | G6: 112.933 | H6: 20.9987 | I6: 15.4512 | J6: 60.9226 | K6: 118.748 | L6: 2.26882e-09 | M6: 724.704 | N6: 0
A7: Time non CUDA_time | B7: 339.688 | C7: 253.479 | D7: 253.455 | E7: 253.228 | F7: 5.8032 | G7: 117.245 | H7: 20.9486 | I7: 15.6726 | J7: 65.0819 | K7: 119.1 | L7: 4.72763e-06 | M7: 724.704 | N7: 0
A8: Time non CUDA_time | B8: 340.554 | C8: 255.267 | D8: 255.241 | E8: 255.014 | F8: 5.9499 | G8: 119.335 | H8: 21.1051 | I8: 15.3185 | J8: 67.4468 | K8: 118.77 | L8: 1.38985e-06 | M8: 724.704 | N8: 0
A9: Time non CUDA_time | B9: 333.812 | C9: 250.984 | D9: 250.965 | E9: 250.74 | F9: 5.725 | G9: 116.125 | H9: 21.1653 | I9: 15.5253 | J9: 63.9935 | K9: 118.026 | L9: 7.59461e-06 | M9: 724.704 | N9: 0
A10: Time non CUDA_time | B10: 334.025 | C10: 248.689 | D10: 248.668 | E10: 248.479 | F10: 5.8966 | G10: 113.163 | H10: 21.3527 | I10: 15.2144 | J10: 61.1622 | K10: 118.659 | L10: 5.57493e-10 | M10: 724.703 | N10: 0
A11: Time non CUDA_time | B11: 341.727 | C11: 248.163 | D11: 248.143 | E11: 247.952 | F11: 5.8923 | G11: 112.282 | H11: 20.8427 | I11: 15.6869 | J11: 60.4777 | K11: 118.948 | L11: 4.69412e-08 | M11: 724.704 | N11: 0
A12: Time non CUDA_time | B12: 347.573 | C12: 243.14 | D12: 243.121 | E12: 242.891 | F12: 5.736 | G12: 108.126 | H12: 20.756 | I12: 15.3786 | J12: 56.8591 | K12: 118.095 | L12: 2.77817e-06 | M12: 724.704 | N12: 0
A13: Time non CUDA_time | B13: 331.633 | C13: 247.226 | D13: 247.207 | E13: 246.989 | F13: 5.8495 | G13: 110.513 | H13: 20.8177 | I13: 15.2661 | J13: 58.944 | K13: 119.791 | L13: 1.09306e-09 | M13: 724.704 | N13: 0
A14: Time non CUDA_time | B14: 342.138 | C14: 257.557 | D14: 257.53 | E14: 257.304 | F14: 5.9145 | G14: 121.048 | H14: 21.0117 | I14: 15.8288 | J14: 68.7359 | K14: 119.165 | L14: 4.16546e-08 | M14: 724.704 | N14: 0
... A57: Time non CUDA_time | B57: 343.707 | C57: 259.768 | D57: 259.746 | E57: 259.513 | F57: 5.7583 | G57: 121.804 | H57: 21.5377 | I57: 15.8013 | J57: 68.6914 | K57: 121.117 | L57: 3.05907e-06 | M57: 724.703 | N57: 0
A58: Time non CUDA_time: | B58: 17287.632 | C58: sec
A59: Time non CUDA | B59: 281.165 | C59: 0 | D59: 0 | E59: 0 | F59: 0 | G59: 0 | H59: 0 | I59: 0 | J59: 0 | K59: 1.98509e-06 | L59: 724.704 | M59: 0
A60: Time non CUDA | B60: 266.47 | C60: 0 | D60: 0 | E60: 0 | F60: 0 | G60: 0 | H60: 0 | I60: 0 | J60: 0 | K60: 4.38786e-07 | L60: 724.704 | M60: 0
A61: Time non CUDA | B61: 281.368 | C61: 0 | D61: 0 | E61: 0 | F61: 0 | G61: 0 | H61: 0 | I61: 0 | J61: 0 | K61: 8.8184e-06 | L61: 724.702 | M61: 0
A62: Time non CUDA | B62: 274.371 | C62: 0 | D62: 0 | E62: 0 | F62: 0 | G62: 0 | H62: 0 | I62: 0 | J62: 0 | K62: 4.19206e-06 | L62: 724.704 | M62: 0
A63: Time non CUDA | B63: 271.913 | C63: 0 | D63: 0 | E63: 0 | F63: 0 | G63: 0 | H63: 0 | I63: 0 | J63: 0 | K63: 1.13194e-06 | L63: 724.704 | M63: 0
A64: Time non CUDA | B64: 297.601 | C64: 0 | D64: 0 | E64: 0 | F64: 0 | G64: 0 | H64: 0 | I64: 0 | J64: 0 | K64: 5.07916e-07 | L64: 724.703 | M64: 0
A65: Time non CUDA | B65: 276.857 | C65: 0 | D65: 0 | E65: 0 | F65: 0 | G65: 0 | H65: 0 | I65: 0 | J65: 0 | K65: 1.20097e-08 | L65: 724.704 | M65: 0
A66: Time non CUDA | B66: 265.531 | C66: 0 | D66: 0 | E66: 0 | F66: 0 | G66: 0 | H66: 0 | I66: 0 | J66: 0 | K66: 2.03305e-06 | L66: 724.704 | M66: 0
A67: Time non CUDA | B67: 266.329 | C67: 0 | D67: 0 | E67: 0 | F67: 0 | G67: 0 | H67: 0 | I67: 0 | J67: 0 | K67: 2.74376e-07 | L67: 724.704 | M67: 0
A68: Time non CUDA | B68: 283.319 | C68: 0 | D68: 0 | E68: 0 | F68: 0 | G68: 0 | H68: 0 | I68: 0 | J68: 0 | K68: 1.06565e-05 | L68: 724.702 | M68: 0
A69: Time non CUDA | B69: 286.023 | C69: 0 | D69: 0 | E69: 0 | F69: 0 | G69: 0 | H69: 0 | I69: 0 | J69: 0 | K69: 3.62215e-07 | L69: 724.704 | M69: 0
A70: Time non CUDA | B70: 266.175 | C70: 0 | D70: 0 | E70: 0 | F70: 0 | G70: 0 | H70: 0 | I70: 0 | J70: 0 | K70: 5.36732e-08 | L70: 724.704 | M70: 0
... A113: Time non CUDA | B113: 272.919 | C113: 0 | D113: 0 | E113: 0 | F113: 0 | G113: 0 | H113: 0 | I113: 0 | J113: 0 | K113: 3.9931e-08 | L113: 724.704 | M113: 0
A114: Time non CUDA: | B114: 13842.979 | C114: sec
A115: Time non CUDA non hash: | B115: 147.991 | C115: 147.794 | D115: 147.777 | E115: 147.558 | F115: 6.0916 | G115: 0 | H115: 20.8977 | I115: 0 | J115: 5.75526e-09 | K115: 724.704 | L115: 0
A116: Time non CUDA non hash: | B116: 148.694 | C116: 148.506 | D116: 148.49 | E116: 148.26 | F116: 6.235 | G116: 0 | H116: 21.3158 | I116: 0 | J116: 1.65679e-07 | K116: 724.704 | L116: 0
A117: Time non CUDA non hash: | B117: 159.533 | C117: 159.351 | D117: 159.334 | E117: 158.958 | F117: 6.7941 | G117: 0 | H117: 22.5059 | I117: 0 | J117: 4.61381e-07 | K117: 724.704 | L117: 0
A118: Time non CUDA non hash: | B118: 146.807 | C118: 146.659 | D118: 146.642 | E118: 146.424 | F118: 6.2877 | G118: 0 | H118: 21.0469 | I118: 0 | J118: 1.26161e-07 | K118: 724.704 | L118: 0
A119: Time non CUDA non hash: | B119: 147.867 | C119: 147.714 | D119: 147.697 | E119: 147.472 | F119: 6.1306 | G119: 0 | H119: 21.5737 | I119: 0 | J119: 1.25422e-06 | K119: 724.703 | L119: 0
A120: Time non CUDA non hash: | B120: 148.127 | C120: 147.97 | D120: 147.954 | E120: 147.728 | F120: 6.2014 | G120: 0 | H120: 21.0028 | I120: 0 | J120: 7.84668e-07 | K120: 724.704 | L120: 0
A121: Time non CUDA non hash: | B121: 147.546 | C121: 147.396 | D121: 147.382 | E121: 147.161 | F121: 6.0889 | G121: 0 | H121: 21.1823 | I121: 0 | J121: 6.46551e-07 | K121: 724.704 | L121: 0
A122: Time non CUDA non hash: | B122: 157.205 | C122: 157.058 | D122: 157.04 | E122: 156.808 | F122: 6.1916 | G122: 0 | H122: 21.0446 | I122: 0 | J122: 1.18832e-07 | K122: 724.704 | L122: 0
A123: Time non CUDA non hash: | B123: 152.068 | C123: 151.908 | D123: 151.891 | E123: 151.67 | F123: 6.3756 | G123: 0 | H123: 21.5146 | I123: 0 | J123: 5.84493e-07 | K123: 724.704 | L123: 0
A124: Time non CUDA non hash: | B124: 149.655 | C124: 149.232 | D124: 149.213 | E124: 148.975 | F124: 6.3213 | G124: 0 | H124: 21.1137 | I124: 0 | J124: 5.48719e-07 | K124: 724.704 | L124: 0
A125: Time non CUDA non hash: | B125: 147.505 | C125: 147.35 | D125: 147.333 | E125: 147.114 | F125: 6.1151 | G125: 0 | H125: 21.305 | I125: 0 | J125: 4.73967e-05 | K125: 724.704 | L125: 0
A126: Time non CUDA non hash: | B126: 147.754 | C126: 147.601 | D126: 147.584 | E126: 147.358 | F126: 6.0526 | G126: 0 | H126: 21.1422 | I126: 0 | J126: 1.46393e-06 | K126: 724.704 | L126: 0
... A169: Time non CUDA non hash: | B169: 150.901 | C169: 150.745 | D169: 150.728 | E169: 150.508 | F169: 6.4417 | G169: 0 | H169: 21.5143 | I169: 0 | J169: 1.56774e-07 | K169: 724.704 | L169: 0
A170: Time non CUDA non hash: | B170: 7503.8025 | C170: sec
A171: Time classical ACO | B171: 2412.36 | C171: 1672.4 | D171: 1669.02 | E171: 1668.82 | F171: 14.4085 | G171: 124.998 | H171: 27.4128 | I171: 1.64189e-09 | J171: 724.251 | K171: 0
A172: Time classical ACO | B172: 2418.43 | C172: 1677.11 | D172: 1673.81 | E172: 1673.61 | F172: 13.7413 | G172: 125.297 | H172: 26.9423 | I172: 3.59111e-09 | J172: 724.014 | K172: 0
A173: Time classical ACO | B173: 2420.18 | C173: 1658.03 | D173: 1654.72 | E173: 1654.53 | F173: 13.4438 | G173: 124.783 | H173: 27.5003 | I173: 1.94816e-08 | J173: 724.235 | K173: 0
A174: Time classical ACO | B174: 2401.17 | C174: 1667.58 | D174: 1664.21 | E174: 1664.01 | F174: 13.3383 | G174: 122.616 | H174: 27.1827 | I174: 4.57729e-11 | J174: 724.34 | K174: 0
A175: Time classical ACO | B175: 2430.95 | C175: 1658.13 | D175: 1654.72 | E175: 1654.48 | F175: 13.8423 | G175: 121.565 | H175: 27.3679 | I175: 4.30278e-10 | J175: 724.703 | K175: 0
A176: Time classical ACO | B176: 2411.09 | C176: 1663.8 | D176: 1659.46 | E176: 1659.26 | F176: 15.4039 | G176: 125.331 | H176: 28.2411 | I176: 1.28974e-15 | J176: 724.53 | K176: 0
A177: Time classical ACO | B177: 2406.22 | C177: 1671.59 | D177: 1667.72 | E177: 1667.52 | F177: 15.3002 | G177: 122.727 | H177: 26.9857 | I177: 1.0189e-09 | J177: 724.688 | K177: 0
A178: Time classical ACO | B178: 2432.65 | C178: 1676.24 | D178: 1671.24 | E178: 1671.03 | F178: 14.1863 | G178: 124.718 | H178: 27.3028 | I178: 1.10148e-08 | J178: 724.479 | K178: 0
A179: Time classical ACO | B179: 2651.51 | C179: 1832.17 | D179: 1828.08 | E179: 1827.82 | F179: 18.2319 | G179: 144.846 | H179: 32.6358 | I179: 5.57701e-09 | J179: 724.388 | K179: 0
A180: Time classical ACO | B180: 2735.64 | C180: 1833.75 | D180: 1829.67 | E180: 1829.41 | F180: 19.0422 | G180: 151.492 | H180: 31.0417 | I180: 1.50478e-08 | J180: 724.09 | K180: 0
A181: Time classical ACO | B181: 2557.61 | C181: 1754.06 | D181: 1750.1 | E181: 1749.86 | F181: 18.5467 | G181: 132.524 | H181: 30.039 | I181: 8.2922e-09 | J181: 724.089 | K181: 0
A182: Time classical ACO | B182: 2519.12 | C182: 1750.57 | D182: 1746.76 | E182: 1746.53 | F182: 15.0201 | G182: 132.18 | H182: 28.4282 | I182: 5.88286e-11 | J182: 724.55 | K182: 0
... A225: Time classical ACO | B225: 2446.57 | C225: 1671.42 | D225: 1668.16 | E225: 1667.95 | F225: 14.7361 | G225: 126.877 | H225: 28.4947 | I225: 5.44075e-11 | J225: 723.811 | K225: 0
A226: Time Classic ACO: | B226: 124199.32 | C226: sec
A227: Time classical ACO non hash | B227: 1575.32 | C227: 1575.15 | D227: 1571.14 | E227: 1570.95 | F227: 12.2342 | G227: 0 | H227: 27.301 | I227: 1.31401e-09 | J227: 724.69 | K227: 0
A228: Time classical ACO non hash | B228: 1606.42 | C228: 1606.26 | D228: 1602.41 | E228: 1602.21 | F228: 13.0861 | G228: 0 | H228: 28.9207 | I228: 3.26994e-12 | J228: 724.448 | K228: 0
A229: Time classical ACO non hash | B229: 1596.53 | C229: 1596.35 | D229: 1592.49 | E229: 1592.29 | F229: 14.5868 | G229: 0 | H229: 27.4023 | I229: 2.00039e-09 | J229: 724.698 | K229: 0
A230: Time classical ACO non hash | B230: 1571.21 | C230: 1570.97 | D230: 1567.18 | E230: 1566.99 | F230: 13.3941 | G230: 0 | H230: 27.276 | I230: 7.38932e-13 | J230: 724.661 | K230: 0
A231: Time classical ACO non hash | B231: 1588.98 | C231: 1588.82 | D231: 1585.13 | E231: 1584.94 | F231: 12.6876 | G231: 0 | H231: 28.4468 | I231: 6.04705e-09 | J231: 724.444 | K231: 0
A232: Time classical ACO non hash | B232: 1611.08 | C232: 1610.93 | D232: 1606.77 | E232: 1606.57 | F232: 14.6412 | G232: 0 | H232: 27.9946 | I232: 9.10838e-11 | J232: 724.512 | K232: 0
A233: Time classical ACO non hash | B233: 1578.46 | C233: 1578.3 | D233: 1574.56 | E233: 1574.37 | F233: 11.9752 | G233: 0 | H233: 28.2973 | I233: 4.01981e-08 | J233: 724.685 | K233: 0
A234: Time classical ACO non hash | B234: 1559.21 | C234: 1559.05 | D234: 1555.32 | E234: 1555.14 | F234: 12.2352 | G234: 0 | H234: 26.7223 | I234: 5.66207e-09 | J234: 724.635 | K234: 0
A235: Time classical ACO non hash | B235: 1588.48 | C235: 1588.32 | D235: 1584.38 | E235: 1584.18 | F235: 18.124 | G235: 0 | H235: 27.3863 | I235: 9.50677e-10 | J235: 724.64 | K235: 0
A236: Time classical ACO non hash | B236: 1629.9 | C236: 1629.75 | D236: 1625.64 | E236: 1625.42 | F236: 14.0971 | G236: 0 | H236: 28.0072 | I236: 1.32145e-11 | J236: 724.281 | K236: 0
A237: Time classical ACO non hash | B237: 1567.04 | C237: 1566.9 | D237: 1563.05 | E237: 1562.86 | F237: 13.337 | G237: 0 | H237: 26.6053 | I237: 1.73243e-14 | J237: 724.229 | K237: 0
A238: Time classical ACO non hash | B238: 1599.18 | C238: 1599.02 | D238: 1594.87 | E238: 1594.66 | F238: 14.4989 | G238: 0 | H238: 27.7559 | I238: 9.83766e-09 | J238: 723.652 | K238: 0
... A281: Time classical ACO non hash | B281: 1551.4 | C281: 1551.25 | D281: 1547.52 | E281: 1547.33 | F281: 13.429 | G281: 0 | H281: 28.3646 | I281: 2.69487e-08 | J281: 724.648 | K281: 0
A282: Time Classic ACO non hash: | B282: 78877.319 | C282: sec
A283: Time omp: | B283: 352.622 | C283: 241.205 | D283: 241.185 | E283: 228.161 | F283: 54.726 | G283: 1373.55 | H283: 165.551 | I283: 2.55463e-08 | J283: 724.704 | K283: 0
A284: Time omp: | B284: 307.198 | C284: 218.685 | D284: 218.661 | E284: 205.069 | F284: 56.2281 | G284: 1076.22 | H284: 160.47 | I284: 3.75084e-06 | J284: 724.704 | K284: 0
A285: Time omp: | B285: 366.614 | C285: 267.143 | D285: 267.12 | E285: 253.157 | F285: 57.5273 | G285: 1616.22 | H285: 168.439 | I285: 7.60152e-08 | J285: 724.704 | K285: 0
A286: Time omp: | B286: 332.899 | C286: 211.495 | D286: 211.474 | E286: 198.289 | F286: 54.3455 | G286: 1032.74 | H286: 159.704 | I286: 8.37309e-07 | J286: 724.704 | K286: 0
A287: Time omp: | B287: 310.171 | C287: 212.847 | D287: 212.828 | E287: 199.848 | F287: 54.8658 | G287: 1046.86 | H287: 160.238 | I287: 7.36677e-07 | J287: 724.704 | K287: 0
A288: Time omp: | B288: 328.904 | C288: 237.14 | D288: 237.12 | E288: 223.843 | F288: 54.5838 | G288: 1322.87 | H288: 164.189 | I288: 8.43515e-07 | J288: 724.703 | K288: 0
A289: Time omp: | B289: 313.788 | C289: 212.661 | D289: 212.641 | E289: 199.824 | F289: 53.7776 | G289: 1054.52 | H289: 160.168 | I289: 2.71034e-06 | J289: 724.704 | K289: 0
A290: Time omp: | B290: 294.783 | C290: 204.505 | D290: 204.486 | E290: 191.543 | F290: 53.7606 | G290: 959.705 | H290: 157.077 | I290: 4.66577e-07 | J290: 724.704 | K290: 0
A291: Time omp: | B291: 366.419 | C291: 261.17 | D291: 261.146 | E291: 246.992 | F291: 57.6882 | G291: 1538.83 | H291: 167.378 | I291: 2.2073e-08 | J291: 724.704 | K291: 0
A292: Time omp: | B292: 317.821 | C292: 221.352 | D292: 221.331 | E292: 208.174 | F292: 54.7674 | G292: 1138.68 | H292: 161.504 | I292: 4.57631e-08 | J292: 724.704 | K292: 0
A293: Time omp: | B293: 315.233 | C293: 205.746 | D293: 205.729 | E293: 192.972 | F293: 53.6798 | G293: 980.429 | H293: 157.999 | I293: 4.8342e-07 | J293: 724.704 | K293: 0
A294: Time omp: | B294: 309.323 | C294: 207.093 | D294: 207.072 | E294: 193.04 | F294: 59.1115 | G294: 930.44 | H294: 155.984 | I294: 2.17121e-05 | J294: 724.703 | K294: 0
... A337: Time omp: | B337: 335.741 | C337: 221.47 | D337: 221.45 | E337: 207.319 | F337: 58.8906 | G337: 1117.19 | H337: 160.786 | I337: 1.77596e-06 | J337: 724.704 | K337: 0
A338: Time omp: | B338: 16798.612 | C338: sec
A339: Time omp non hash: | B339: 163.592 | C339: 163.456 | D339: 163.436 | E339: 150.294 | F339: 54.4962 | G339: 0 | H339: 109.686 | I339: 2.83154e-05 | J339: 724.704 | K339: 0
A340: Time omp non hash: | B340: 160.185 | C340: 160.045 | D340: 160.024 | E340: 148.322 | F340: 49.5469 | G340: 0 | H340: 120.331 | I340: 2.38447e-08 | J340: 724.704 | K340: 0
A341: Time omp non hash: | B341: 160.704 | C341: 160.54 | D341: 160.519 | E341: 148.578 | F341: 49.8456 | G341: 0 | H341: 120.755 | I341: 5.48995e-07 | J341: 724.703 | K341: 0
A342: Time omp non hash: | B342: 152.024 | C342: 151.406 | D342: 151.385 | E342: 136.645 | F342: 61.7476 | G342: 0 | H342: 158.245 | I342: 6.52801e-07 | J342: 724.703 | K342: 0
A343: Time omp non hash: | B343: 142.734 | C343: 142.586 | D343: 142.567 | E343: 128.579 | F343: 58.6052 | G343: 0 | H343: 158.103 | I343: 6.24235e-07 | J343: 724.703 | K343: 0
A344: Time omp non hash: | B344: 146.327 | C344: 146.154 | D344: 146.134 | E344: 131.739 | F344: 59.0794 | G344: 0 | H344: 156.12 | I344: 1.29907e-07 | J344: 724.703 | K344: 0
A345: Time omp non hash: | B345: 142.658 | C345: 142.517 | D345: 142.5 | E345: 128.551 | F345: 58.6583 | G345: 0 | H345: 158.325 | I345: 3.74668e-08 | J345: 724.703 | K345: 0
A346: Time omp non hash: | B346: 142.997 | C346: 142.86 | D346: 142.841 | E346: 128.697 | F346: 58.1619 | G346: 0 | H346: 158.312 | I346: 1.8701e-08 | J346: 724.702 | K346: 0
A347: Time omp non hash: | B347: 142.672 | C347: 142.538 | D347: 142.519 | E347: 128.467 | F347: 58.3328 | G347: 0 | H347: 158.032 | I347: 1.153e-06 | J347: 724.704 | K347: 0
A348: Time omp non hash: | B348: 142.718 | C348: 142.582 | D348: 142.563 | E348: 128.63 | F348: 58.3644 | G348: 0 | H348: 158.688 | I348: 7.47171e-07 | J348: 724.704 | K348: 0
A349: Time omp non hash: | B349: 147.754 | C349: 147.609 | D349: 147.589 | E349: 133.231 | F349: 59.9886 | G349: 0 | H349: 158.38 | I349: 3.05088e-08 | J349: 724.704 | K349: 0
A350: Time omp non hash: | B350: 142.854 | C350: 142.721 | D350: 142.702 | E350: 128.552 | F350: 58.2252 | G350: 0 | H350: 158.332 | I350: 3.07805e-06 | J350: 724.703 | K350: 0
... A393: Time omp non hash: | B393: 141.017 | C393: 140.886 | D393: 140.866 | E393: 127.68 | F393: 55.3682 | G393: 0 | H393: 159.214 | I393: 9.39211e-06 | J393: 724.704 | K393: 0
A394: Time omp non hash: | B394: 7358.7021 | C394: sec
...

Sheet 42clangOMP51
A1: Max threads OMP : 12 OpenMP version: 202011 :OpenMP 5,0 (2018) active
A2: PARAMETR_SIZE: 42 | B2: PARAMETR_SIZE_ONE_X: 21 | C2: MAX_VALUE_SIZE: 5 | D2: NAME_FILE_GRAPH: Parametr_Graph/test42,txt | E2: ANT_SIZE: 500 | F2: KOL_ITERATION: 500 | G2: KOL_PROGON_STATISTICS: 50 | H2: PARAMETR_Q: 1 | I2: PARAMETR_RO: 0,999 | J2: TYPE_ACO: 1 | K2: ACOCCyN_KOL_ITERATION: 50, MAX_PARAMETR_VALUE_TO_MIN_OPT: 1, HASH_TABLE_SIZE: 67108864, MAX_PROBES: 10000, MAX_THREAD_CUDA: 512, CPU_RANDOM: 0, KOL_THREAD_CPU_ANT: 12, CONST_RANDOM: 100000, MAX_CONST: 8000, OPTIMIZE: OPTIMIZE_MAX | L2: FUNCTION: GO_ALG_MINMAX: 1(1, 1000)
A3: Time non CUDA_time | B3: 339.507 | C3: 249.386 | D3: 249.364 | E3: 249.147 | F3: 5.8647 | G3: 113.169 | H3: 21.2589 | I3: 15.5663 | J3: 60.9191 | K3: 119.24 | L3: 3.44165e-08 | M3: 724.704 | N3: 0
A4: Time non CUDA_time | B4: 337.418 | C4: 247.481 | D4: 247.463 | E4: 247.249 | F4: 5.8774 | G4: 112.194 | H4: 20.5361 | I4: 15.2536 | J4: 60.8328 | K4: 118.123 | L4: 2.0298e-06 | M4: 724.704 | N4: 0
A5: Time non CUDA_time | B5: 340.568 | C5: 253.882 | D5: 253.861 | E5: 253.627 | F5: 5.8801 | G5: 114.954 | H5: 21.397 | I5: 15.9214 | J5: 61.1267 | K5: 121.649 | L5: 2.81415e-08 | M5: 724.704 | N5: 0
A6: Time non CUDA_time | B6: 359.387 | C6: 248.355 | D6: 248.332 | E6: 248.108 | F6: 5.9197 | G6: 113.978 | H6: 21.0567 | I6: 15.2971 | J6: 62.3317 | K6: 117.36 | L6: 7.03127e-06 | M6: 724.703 | N6: 0
A7: Time non CUDA_time | B7: 339.617 | C7: 247.149 | D7: 247.13 | E7: 246.918 | F7: 6.1549 | G7: 110.322 | H7: 21.4648 | I7: 15.466 | J7: 58.271 | K7: 119.747 | L7: 6.98391e-06 | M7: 724.704 | N7: 0
A8: Time non CUDA_time | B8: 338.323 | C8: 250.484 | D8: 250.465 | E8: 250.18 | F8: 6.0235 | G8: 112.387 | H8: 21.3018 | I8: 15.5149 | J8: 59.9887 | K8: 120.641 | L8: 5.95837e-05 | M8: 724.704 | N8: 0
A9: Time non CUDA_time | B9: 337.224 | C9: 252.784 | D9: 252.76 | E9: 252.518 | F9: 5.8278 | G9: 116.024 | H9: 21.2862 | I9: 15.3219 | J9: 63.9981 | K9: 119.754 | L9: 1.05552e-08 | M9: 724.703 | N9: 0
A10: Time non CUDA_time | B10: 331.753 | C10: 245.873 | D10: 245.853 | E10: 245.64 | F10: 5.7584 | G10: 110.916 | H10: 20.9276 | I10: 15.2144 | J10: 59.465 | K10: 118.141 | L10: 3.86837e-07 | M10: 724.703 | N10: 0
A11: Time non CUDA_time | B11: 333.138 | C11: 249.456 | D11: 249.437 | E11: 249.212 | F11: 5.8518 | G11: 113.057 | H11: 21.1429 | I11: 15.5586 | J11: 60.6719 | K11: 119.221 | L11: 4.03662e-06 | M11: 724.704 | N11: 0
A12: Time non CUDA_time | B12: 351.212 | C12: 250.01 | D12: 249.99 | E12: 249.773 | F12: 5.7586 | G12: 113.127 | H12: 20.9064 | I12: 15.8822 | J12: 61.1613 | K12: 120.084 | L12: 3.10101e-07 | M12: 724.704 | N12: 0
A13: Time non CUDA_time | B13: 331.542 | C13: 243.692 | D13: 243.672 | E13: 243.46 | F13: 5.7408 | G13: 109.241 | H13: 20.9327 | I13: 15.3137 | J13: 57.7087 | K13: 117.698 | L13: 3.94905e-07 | M13: 724.704 | N13: 0
A14: Time non CUDA_time | B14: 343.973 | C14: 252.11 | D14: 252.087 | E14: 251.857 | F14: 6.0264 | G14: 114.157 | H14: 21.7842 | I14: 15.9465 | J14: 60.8649 | K14: 120.403 | L14: 1.45501e-06 | M14: 724.704 | N14: 0
... A57: Time non CUDA_time | B57: 336.74 | C57: 246.363 | D57: 246.348 | E57: 246.134 | F57: 6.0207 | G57: 110.066 | H57: 20.9538 | I57: 15.4082 | J57: 57.9501 | K57: 119.022 | L57: 1.26394e-06 | M57: 724.704 | N57: 0
A58: Time non CUDA_time: | B58: 17134.564 | C58: sec
A59: Time non CUDA | B59: 275.677 | C59: 0 | D59: 0 | E59: 0 | F59: 0 | G59: 0 | H59: 0 | I59: 0 | J59: 0 | K59: 2.34198e-06 | L59: 724.704 | M59: 0
A60: Time non CUDA | B60: 278.757 | C60: 0 | D60: 0 | E60: 0 | F60: 0 | G60: 0 | H60: 0 | I60: 0 | J60: 0 | K60: 2.63634e-08 | L60: 724.704 | M60: 0
A61: Time non CUDA | B61: 267.292 | C61: 0 | D61: 0 | E61: 0 | F61: 0 | G61: 0 | H61: 0 | I61: 0 | J61: 0 | K61: 7.38851e-06 | L61: 724.704 | M61: 0
A62: Time non CUDA | B62: 267.192 | C62: 0 | D62: 0 | E62: 0 | F62: 0 | G62: 0 | H62: 0 | I62: 0 | J62: 0 | K62: 8.28732e-06 | L62: 724.704 | M62: 0
A63: Time non CUDA | B63: 279.44 | C63: 0 | D63: 0 | E63: 0 | F63: 0 | G63: 0 | H63: 0 | I63: 0 | J63: 0 | K63: 4.81329e-08 | L63: 724.702 | M63: 0
A64: Time non CUDA | B64: 265.225 | C64: 0 | D64: 0 | E64: 0 | F64: 0 | G64: 0 | H64: 0 | I64: 0 | J64: 0 | K64: 1.08874e-07 | L64: 724.704 | M64: 0
A65: Time non CUDA | B65: 260.793 | C65: 0 | D65: 0 | E65: 0 | F65: 0 | G65: 0 | H65: 0 | I65: 0 | J65: 0 | K65: 5.44342e-07 | L65: 724.704 | M65: 0
A66: Time non CUDA | B66: 277.129 | C66: 0 | D66: 0 | E66: 0 | F66: 0 | G66: 0 | H66: 0 | I66: 0 | J66: 0 | K66: 1.75795e-05 | L66: 724.704 | M66: 0
A67: Time non CUDA | B67: 283.277 | C67: 0 | D67: 0 | E67: 0 | F67: 0 | G67: 0 | H67: 0 | I67: 0 | J67: 0 | K67: 1.03186e-05 | L67: 724.704 | M67: 0
A68: Time non CUDA | B68: 270.487 | C68: 0 | D68: 0 | E68: 0 | F68: 0 | G68: 0 | H68: 0 | I68: 0 | J68: 0 | K68: 1.2767e-08 | L68: 724.704 | M68: 0
A69: Time non CUDA | B69: 262.586 | C69: 0 | D69: 0 | E69: 0 | F69: 0 | G69: 0 | H69: 0 | I69: 0 | J69: 0 | K69: 1.43933e-07 | L69: 724.704 | M69: 0
A70: Time non CUDA | B70: 277.459 | C70: 0 | D70: 0 | E70: 0 | F70: 0 | G70: 0 | H70: 0 | I70: 0 | J70: 0 | K70: 3.14432e-06 | L70: 724.704 | M70: 0
... A113: Time non CUDA | B113: 268.325 | C113: 0 | D113: 0 | E113: 0 | F113: 0 | G113: 0 | H113: 0 | I113: 0 | J113: 0 | K113: 1.43543e-06 | L113: 724.704 | M113: 0
A114: Time non CUDA: | B114: 13641.578 | C114: sec
A115: Time non CUDA non hash: | B115: 150.643 | C115: 150.483 | D115: 150.461 | E115: 150.182 | F115: 6.3086 | G115: 0 | H115: 21.8507 | I115: 0 | J115: 9.7099e-08 | K115: 724.704 | L115: 0
A116: Time non CUDA non hash: | B116: 147.218 | C116: 147.064 | D116: 147.046 | E116: 146.778 | F116: 6.4052 | G116: 0 | H116: 21.1817 | I116: 0 | J116: 5.02389e-09 | K116: 724.703 | L116: 0
A117: Time non CUDA non hash: | B117: 150.648 | C117: 150.492 | D117: 150.476 | E117: 150.2 | F117: 6.5539 | G117: 0 | H117: 22.4131 | I117: 0 | J117: 6.34274e-07 | K117: 724.704 | L117: 0
A118: Time non CUDA non hash: | B118: 147.745 | C118: 147.593 | D118: 147.577 | E118: 147.309 | F118: 6.224 | G118: 0 | H118: 20.9779 | I118: 0 | J118: 9.9724e-09 | K118: 724.704 | L118: 0
A119: Time non CUDA non hash: | B119: 148.108 | C119: 147.956 | D119: 147.941 | E119: 147.676 | F119: 6.2459 | G119: 0 | H119: 20.7466 | I119: 0 | J119: 3.46701e-07 | K119: 724.701 | L119: 0
A120: Time non CUDA non hash: | B120: 147.492 | C120: 147.341 | D120: 147.325 | E120: 147.056 | F120: 6.0454 | G120: 0 | H120: 21.0619 | I120: 0 | J120: 2.59144e-06 | K120: 724.703 | L120: 0
A121: Time non CUDA non hash: | B121: 149.396 | C121: 149.244 | D121: 149.227 | E121: 148.952 | F121: 6.1571 | G121: 0 | H121: 21.1841 | I121: 0 | J121: 4.67222e-08 | K121: 724.704 | L121: 0
A122: Time non CUDA non hash: | B122: 147.033 | C122: 146.872 | D122: 146.854 | E122: 146.588 | F122: 6.0321 | G122: 0 | H122: 21.6405 | I122: 0 | J122: 2.06635e-06 | K122: 724.703 | L122: 0
A123: Time non CUDA non hash: | B123: 148.297 | C123: 148.139 | D123: 148.123 | E123: 147.849 | F123: 6.2564 | G123: 0 | H123: 21.1478 | I123: 0 | J123: 1.58802e-08 | K123: 724.704 | L123: 0
A124: Time non CUDA non hash: | B124: 147.052 | C124: 146.887 | D124: 146.872 | E124: 146.603 | F124: 6.1108 | G124: 0 | H124: 21.2288 | I124: 0 | J124: 1.88593e-08 | K124: 724.704 | L124: 0
A125: Time non CUDA non hash: | B125: 148.457 | C125: 148.305 | D125: 148.29 | E125: 147.988 | F125: 6.2141 | G125: 0 | H125: 21.6611 | I125: 0 | J125: 2.3209e-05 | K125: 724.704 | L125: 0
A126: Time non CUDA non hash: | B126: 146.555 | C126: 146.404 | D126: 146.389 | E126: 146.122 | F126: 5.9719 | G126: 0 | H126: 20.7618 | I126: 0 | J126: 2.85146e-05 | K126: 724.703 | L126: 0
... A169: Time non CUDA non hash: | B169: 146.129 | C169: 145.974 | D169: 145.96 | E169: 145.69 | F169: 6.0891 | G169: 0 | H169: 21.0086 | I169: 0 | J169: 1.12517e-08 | K169: 724.704 | L169: 0
A170: Time non CUDA non hash: | B170: 7459.3506 | C170: sec
A171: Time classical ACO | B171: 2394.97 | C171: 1661.5 | D171: 1658.29 | E171: 1658.09 | F171: 14.5866 | G171: 125.186 | H171: 28.0073 | I171: 1.64189e-09 | J171: 724.251 | K171: 0
A172: Time classical ACO | B172: 2404.38 | C172: 1636.06 | D172: 1632.91 | E172: 1632.72 | F172: 13.9131 | G172: 121.517 | H172: 27.5159 | I172: 3.59111e-09 | J172: 724.014 | K172: 0
A173: Time classical ACO | B173: 2372.53 | C173: 1638.05 | D173: 1634.88 | E173: 1634.69 | F173: 13.9211 | G173: 122.638 | H173: 27.2602 | I173: 1.94816e-08 | J173: 724.235 | K173: 0
A174: Time classical ACO | B174: 2372.91 | C174: 1637.69 | D174: 1634.6 | E174: 1634.42 | F174: 14.0176 | G174: 122.818 | H174: 27.1936 | I174: 4.57729e-11 | J174: 724.34 | K174: 0
A175: Time classical ACO | B175: 2388.9 | C175: 1641.95 | D175: 1638.81 | E175: 1638.63 | F175: 13.943 | G175: 121.822 | H175: 27.6722 | I175: 4.30278e-10 | J175: 724.703 | K175: 0
A176: Time classical ACO | B176: 2364.22 | C176: 1639.49 | D176: 1636.42 | E176: 1636.24 | F176: 13.6743 | G176: 123.408 | H176: 27.9793 | I176: 1.28974e-15 | J176: 724.53 | K176: 0
A177: Time classical ACO | B177: 2377.82 | C177: 1644.95 | D177: 1641.8 | E177: 1641.61 | F177: 13.9485 | G177: 123.366 | H177: 28.6913 | I177: 1.0189e-09 | J177: 724.688 | K177: 0
A178: Time classical ACO | B178: 2373.64 | C178: 1632.62 | D178: 1629.49 | E178: 1629.31 | F178: 13.5925 | G178: 121.963 | H178: 27.3868 | I178: 1.10148e-08 | J178: 724.479 | K178: 0
A179: Time classical ACO | B179: 2418.56 | C179: 1656.78 | D179: 1653.35 | E179: 1653.16 | F179: 15.2393 | G179: 123.273 | H179: 27.6068 | I179: 5.57701e-09 | J179: 724.388 | K179: 0
A180: Time classical ACO | B180: 2380.95 | C180: 1639.09 | D180: 1635.91 | E180: 1635.72 | F180: 14.5013 | G180: 122.852 | H180: 27.6737 | I180: 1.50478e-08 | J180: 724.09 | K180: 0
A181: Time classical ACO | B181: 2387.12 | C181: 1648.7 | D181: 1645.49 | E181: 1645.26 | F181: 14.1963 | G181: 122.697 | H181: 27.4476 | I181: 8.2922e-09 | J181: 724.089 | K181: 0
A182: Time classical ACO | B182: 2390.05 | C182: 1657.29 | D182: 1654.06 | E182: 1653.87 | F182: 14.2883 | G182: 122.402 | H182: 27.8952 | I182: 5.88286e-11 | J182: 724.55 | K182: 0
... A225: Time classical ACO | B225: 2411.35 | C225: 1660.3 | D225: 1657.15 | E225: 1656.96 | F225: 15.0339 | G225: 121.286 | H225: 27.6915 | I225: 5.44075e-11 | J225: 723.811 | K225: 0
A226: Time Classic ACO: | B226: 120119.32 | C226: sec
A227: Time classical ACO non hash | B227: 1555.03 | C227: 1554.87 | D227: 1551.53 | E227: 1551.33 | F227: 11.389 | G227: 0 | H227: 27.5882 | I227: 1.31401e-09 | J227: 724.69 | K227: 0
A228: Time classical ACO non hash | B228: 1560.45 | C228: 1560.3 | D228: 1557.12 | E228: 1556.92 | F228: 11.7052 | G228: 0 | H228: 27.8577 | I228: 3.26994e-12 | J228: 724.448 | K228: 0
A229: Time classical ACO non hash | B229: 1553.01 | C229: 1552.86 | D229: 1549.49 | E229: 1549.3 | F229: 11.4945 | G229: 0 | H229: 27.5493 | I229: 2.00039e-09 | J229: 724.698 | K229: 0
A230: Time classical ACO non hash | B230: 1569.24 | C230: 1569.08 | D230: 1565.9 | E230: 1565.7 | F230: 11.8526 | G230: 0 | H230: 27.4459 | I230: 7.38932e-13 | J230: 724.661 | K230: 0
A231: Time classical ACO non hash | B231: 1559 | C231: 1558.85 | D231: 1555.48 | E231: 1555.28 | F231: 11.7621 | G231: 0 | H231: 27.515 | I231: 6.04705e-09 | J231: 724.444 | K231: 0
A232: Time classical ACO non hash | B232: 1554.69 | C232: 1554.53 | D232: 1551.31 | E232: 1551.12 | F232: 11.7667 | G232: 0 | H232: 29.0913 | I232: 9.10838e-11 | J232: 724.512 | K232: 0
A233: Time classical ACO non hash | B233: 1553.71 | C233: 1553.55 | D233: 1550.3 | E233: 1550.11 | F233: 11.6379 | G233: 0 | H233: 26.8102 | I233: 4.01981e-08 | J233: 724.685 | K233: 0
A234: Time classical ACO non hash | B234: 1555.64 | C234: 1555.49 | D234: 1552.17 | E234: 1551.98 | F234: 11.8312 | G234: 0 | H234: 27.1644 | I234: 5.66207e-09 | J234: 724.635 | K234: 0
A235: Time classical ACO non hash | B235: 1550.99 | C235: 1550.84 | D235: 1547.7 | E235: 1547.51 | F235: 11.758 | G235: 0 | H235: 26.8232 | I235: 9.50677e-10 | J235: 724.64 | K235: 0
A236: Time classical ACO non hash | B236: 1553.77 | C236: 1553.62 | D236: 1550.4 | E236: 1550.21 | F236: 11.6536 | G236: 0 | H236: 27.8922 | I236: 1.32145e-11 | J236: 724.281 | K236: 0
A237: Time classical ACO non hash | B237: 1557.95 | C237: 1557.8 | D237: 1554.38 | E237: 1554.18 | F237: 11.6439 | G237: 0 | H237: 27.6429 | I237: 1.73243e-14 | J237: 724.229 | K237: 0
A238: Time classical ACO non hash | B238: 1620.65 | C238: 1620.49 | D238: 1617.32 | E238: 1617.11 | F238: 12.709 | G238: 0 | H238: 28.6266 | I238: 9.83766e-09 | J238: 723.652 | K238: 0
... A281: Time classical ACO non hash | B281: 1560.72 | C281: 1560.57 | D281: 1557.24 | E281: 1557.05 | F281: 12.4237 | G281: 0 | H281: 27.0359 | I281: 2.69487e-08 | J281: 724.648 | K281: 0
A282: Time Classic ACO non hash: | B282: 78026.602 | C282: sec
A283: Time omp: | B283: 387.207 | C283: 276.173 | D283: 276.151 | E283: 262.249 | F283: 71.4518 | G283: 1579.49 | H283: 169.098 | I283: 1.3287e-08 | J283: 724.703 | K283: 0
A284: Time omp: | B284: 369.781 | C284: 248.578 | D284: 248.557 | E284: 234.477 | F284: 70.8276 | G284: 1259.61 | H284: 164.488 | I284: 2.38574e-06 | J284: 724.704 | K284: 0
A285: Time omp: | B285: 340.955 | C285: 249.586 | D285: 249.559 | E285: 235.514 | F285: 72.8121 | G285: 1254.12 | H285: 165.033 | I285: 4.55278e-06 | J285: 724.704 | K285: 0
A286: Time omp: | B286: 372.279 | C286: 262.713 | D286: 262.69 | E286: 248.535 | F286: 71.7234 | G286: 1419.66 | H286: 165.167 | I286: 1.17992e-06 | J286: 724.704 | K286: 0
A287: Time omp: | B287: 323.759 | C287: 221.704 | D287: 221.684 | E287: 207.927 | F287: 70.8816 | G287: 965.194 | H287: 159.407 | I287: 3.58334e-07 | J287: 724.704 | K287: 0
A288: Time omp: | B288: 346.656 | C288: 251.436 | D288: 251.41 | E288: 237.197 | F288: 73.5138 | G288: 1259.59 | H288: 165.394 | I288: 4.0394e-08 | J288: 724.704 | K288: 0
A289: Time omp: | B289: 330.252 | C289: 237.733 | D289: 237.712 | E289: 223.707 | F289: 71.2956 | G289: 1136.49 | H289: 162.174 | I289: 6.25224e-07 | J289: 724.704 | K289: 0
A290: Time omp: | B290: 352.235 | C290: 264.973 | D290: 264.95 | E290: 251.053 | F290: 71.7614 | G290: 1445.56 | H290: 165.765 | I290: 4.05464e-08 | J290: 724.704 | K290: 0
A291: Time omp: | B291: 353.666 | C291: 261.546 | D291: 261.52 | E291: 247.349 | F291: 73.422 | G291: 1379.26 | H291: 166.476 | I291: 1.29749e-07 | J291: 724.704 | K291: 0
A292: Time omp: | B292: 344.584 | C292: 241.644 | D292: 241.619 | E292: 227.152 | F292: 73.219 | G292: 1157.66 | H292: 163.444 | I292: 7.26145e-06 | J292: 724.704 | K292: 0
A293: Time omp: | B293: 386.564 | C293: 261.379 | D293: 261.359 | E293: 247.599 | F293: 70.4644 | G293: 1424 | H293: 164.794 | I293: 1.0703e-08 | J293: 724.704 | K293: 0
A294: Time omp: | B294: 340.8 | C294: 228.163 | D294: 228.143 | E294: 214.409 | F294: 70.2725 | G294: 1059.88 | H294: 161.147 | I294: 4.65171e-06 | J294: 724.704 | K294: 0
... A337: Time omp: | B337: 335.187 | C337: 238.115 | D337: 238.093 | E337: 222.772 | F337: 77.6251 | G337: 1057.12 | H337: 161.167 | I337: 7.97492e-06 | J337: 724.704 | K337: 0
A338: Time omp: | B338: 17733.075 | C338: sec
A339: Time omp non hash: | B339: 165.368 | C339: 165.204 | D339: 165.185 | E339: 152.996 | F339: 62.9877 | G339: 0 | H339: 98.3669 | I339: 1.76213e-06 | J339: 724.703 | K339: 0
A340: Time omp non hash: | B340: 170.019 | C340: 169.878 | D340: 169.858 | E340: 157.07 | F340: 64.5409 | G340: 0 | H340: 101.151 | I340: 5.74856e-07 | J340: 724.704 | K340: 0
A341: Time omp non hash: | B341: 173.412 | C341: 173.247 | D341: 173.228 | E341: 161.534 | F341: 65.2766 | G341: 0 | H341: 113.985 | I341: 4.19674e-06 | J341: 724.703 | K341: 0
A342: Time omp non hash: | B342: 174.87 | C342: 174.729 | D342: 174.708 | E342: 161.854 | F342: 66.1065 | G342: 0 | H342: 120.195 | I342: 5.56538e-08 | J342: 724.704 | K342: 0
A343: Time omp non hash: | B343: 157.995 | C343: 157.831 | D343: 157.81 | E343: 144.398 | F343: 69.2549 | G343: 0 | H343: 121.011 | I343: 2.47279e-08 | J343: 724.704 | K343: 0
A344: Time omp non hash: | B344: 159.195 | C344: 159.051 | D344: 159.031 | E344: 145.751 | F344: 69.4879 | G344: 0 | H344: 126.348 | I344: 5.55782e-07 | J344: 724.703 | K344: 0
A345: Time omp non hash: | B345: 158.268 | C345: 158.124 | D345: 158.103 | E345: 144.822 | F345: 67.4085 | G345: 0 | H345: 139.046 | I345: 8.10278e-07 | J345: 724.704 | K345: 0
A346: Time omp non hash: | B346: 155.503 | C346: 155.365 | D346: 155.346 | E346: 141.909 | F346: 67.6177 | G346: 0 | H346: 140.518 | I346: 3.58054e-06 | J346: 724.704 | K346: 0
A347: Time omp non hash: | B347: 158.398 | C347: 158.267 | D347: 158.247 | E347: 145.084 | F347: 68.3685 | G347: 0 | H347: 141.787 | I347: 5.25276e-07 | J347: 724.704 | K347: 0
A348: Time omp non hash: | B348: 153.932 | C348: 153.797 | D348: 153.78 | E348: 140.775 | F348: 66.7289 | G348: 0 | H348: 140.547 | I348: 1.09743e-06 | J348: 724.704 | K348: 0
A349: Time omp non hash: | B349: 155.027 | C349: 154.892 | D349: 154.872 | E349: 141.977 | F349: 66.3814 | G349: 0 | H349: 139.256 | I349: 2.18207e-09 | J349: 724.704 | K349: 0
A350: Time omp non hash: | B350: 154.628 | C350: 154.493 | D350: 154.475 | E350: 141.481 | F350: 67.3213 | G350: 0 | H350: 140.665 | I350: 2.8252e-08 | J350: 724.703 | K350: 0
... A393: Time omp non hash: | B393: 161.601 | C393: 161.461 | D393: 161.442 | E393: 147.285 | F393: 73.9895 | G393: 0 | H393: 159.537 | I393: 8.65163e-07 | J393: 724.704 | K393: 0
A394: Time omp non hash: | B394: 8092.3443 | C394: sec
...

Sheet 42clangOMP52
A1: Max threads OMP : 12 OpenMP version: 202111 :OpenMP 5,1 (2021) active
A2: PARAMETR_SIZE: 42 | B2: PARAMETR_SIZE_ONE_X: 21 | C2: MAX_VALUE_SIZE: 5 | D2: NAME_FILE_GRAPH: Parametr_Graph/test42,txt | E2: ANT_SIZE: 500 | F2: KOL_ITERATION: 500 | G2: KOL_PROGON_STATISTICS: 50 | H2: PARAMETR_Q: 1 | I2: PARAMETR_RO: 0,999 | J2: TYPE_ACO: 1 | K2: ACOCCyN_KOL_ITERATION: 50, MAX_PARAMETR_VALUE_TO_MIN_OPT: 1, HASH_TABLE_SIZE: 67108864, MAX_PROBES: 10000, MAX_THREAD_CUDA: 512, CPU_RANDOM: 0, KOL_THREAD_CPU_ANT: 12, CONST_RANDOM: 100000, MAX_CONST: 8000, OPTIMIZE: OPTIMIZE_MAX | L2: FUNCTION: GO_ALG_MINMAX: 1(1, 1000)
A3: Time non CUDA_time | B3: 336.737 | C3: 246.981 | D3: 246.961 | E3: 246.676 | F3: 5.8312 | G3: 110.509 | H3: 21.0045 | I3: 15.4408 | J3: 58.5299 | K3: 119.277 | L3: 3.23402e-07 | M3: 724.703 | N3: 0
A4: Time non CUDA_time | B4: 334.017 | C4: 242.184 | D4: 242.165 | E4: 241.907 | F4: 5.9124 | G4: 108.241 | H4: 20.7661 | I4: 15.2385 | J4: 56.8632 | K4: 116.845 | L4: 1.58886e-06 | M4: 724.704 | N4: 0
A5: Time non CUDA_time | B5: 342.223 | C5: 250.246 | D5: 250.227 | E5: 250.001 | F5: 5.984 | G5: 111.957 | H5: 21.5092 | I5: 15.5329 | J5: 59.3933 | K5: 121.118 | L5: 2.23325e-06 | M5: 724.704 | N5: 0
A6: Time non CUDA_time | B6: 334.002 | C6: 242.379 | D6: 242.363 | E6: 242.087 | F6: 6.3336 | G6: 107.651 | H6: 20.8613 | I6: 15.1892 | J6: 56.4722 | K6: 117.237 | L6: 1.36889e-06 | M6: 724.703 | N6: 0
A7: Time non CUDA_time | B7: 334.025 | C7: 243.25 | D7: 243.233 | E7: 242.887 | F7: 6.0118 | G7: 108.062 | H7: 21.0094 | I7: 15.3343 | J7: 56.3334 | K7: 117.955 | L7: 2.58167e-05 | M7: 724.704 | N7: 0
A8: Time non CUDA_time | B8: 330.363 | C8: 244.438 | D8: 244.419 | E8: 244.138 | F8: 5.6477 | G8: 109.154 | H8: 20.9555 | I8: 15.5516 | J8: 57.1253 | K8: 118.439 | L8: 1.50655e-07 | M8: 724.704 | N8: 0
A9: Time non CUDA_time | B9: 333.701 | C9: 245.11 | D9: 245.09 | E9: 244.819 | F9: 5.6939 | G9: 111.05 | H9: 21.0336 | I9: 15.282 | J9: 59.3965 | K9: 117.258 | L9: 3.88414e-07 | M9: 724.704 | N9: 0
A10: Time non CUDA_time | B10: 334.33 | C10: 244.311 | D10: 244.29 | E10: 244.02 | F10: 5.9664 | G10: 110.456 | H10: 21.0398 | I10: 15.3174 | J10: 58.9399 | K10: 116.909 | L10: 6.85489e-05 | M10: 724.704 | N10: 0
A11: Time non CUDA_time | B11: 336.771 | C11: 246.263 | D11: 246.243 | E11: 245.993 | F11: 5.9634 | G11: 110.188 | H11: 21.1253 | I11: 15.274 | J11: 58.3677 | K11: 118.774 | L11: 5.07092e-08 | M11: 724.704 | N11: 0
A12: Time non CUDA_time | B12: 336.035 | C12: 241.667 | D12: 241.649 | E12: 241.375 | F12: 5.7942 | G12: 107.361 | H12: 21.0644 | I12: 15.2599 | J12: 55.8354 | K12: 117.44 | L12: 1.85358e-06 | M12: 724.703 | N12: 0
A13: Time non CUDA_time | B13: 331.833 | C13: 245.881 | D13: 245.862 | E13: 245.585 | F13: 5.787 | G13: 111.463 | H13: 20.8528 | I13: 15.2591 | J13: 59.9555 | K13: 117.38 | L13: 2.58485e-08 | M13: 724.702 | N13: 0
A14: Time non CUDA_time | B14: 343.334 | C14: 244.622 | D14: 244.604 | E14: 244.326 | F14: 5.9275 | G14: 108.754 | H14: 20.8563 | I14: 15.2361 | J14: 57.2905 | K14: 118.809 | L14: 1.68861e-06 | M14: 724.703 | N14: 0
... A57: Time non CUDA_time | B57: 335.5 | C57: 247.432 | D57: 247.413 | E57: 247.133 | F57: 5.7767 | G57: 110.482 | H57: 21.6255 | I57: 16.0996 | J57: 57.4113 | K57: 119.95 | L57: 1.04077e-06 | M57: 724.704 | N57: 0
A58: Time non CUDA_time: | B58: 17101.908 | C58: sec
A59: Time non CUDA | B59: 270.553 | C59: 0 | D59: 0 | E59: 0 | F59: 0 | G59: 0 | H59: 0 | I59: 0 | J59: 0 | K59: 8.86757e-07 | L59: 724.704 | M59: 0
A60: Time non CUDA | B60: 294.041 | C60: 0 | D60: 0 | E60: 0 | F60: 0 | G60: 0 | H60: 0 | I60: 0 | J60: 0 | K60: 1.38757e-07 | L60: 724.704 | M60: 0
A61: Time non CUDA | B61: 265.638 | C61: 0 | D61: 0 | E61: 0 | F61: 0 | G61: 0 | H61: 0 | I61: 0 | J61: 0 | K61: 2.01072e-06 | L61: 724.704 | M61: 0
A62: Time non CUDA | B62: 289.772 | C62: 0 | D62: 0 | E62: 0 | F62: 0 | G62: 0 | H62: 0 | I62: 0 | J62: 0 | K62: 3.59606e-09 | L62: 724.704 | M62: 0
A63: Time non CUDA | B63: 268.652 | C63: 0 | D63: 0 | E63: 0 | F63: 0 | G63: 0 | H63: 0 | I63: 0 | J63: 0 | K63: 4.97889e-07 | L63: 724.704 | M63: 0
A64: Time non CUDA | B64: 267.279 | C64: 0 | D64: 0 | E64: 0 | F64: 0 | G64: 0 | H64: 0 | I64: 0 | J64: 0 | K64: 4.45132e-06 | L64: 724.704 | M64: 0
A65: Time non CUDA | B65: 266.414 | C65: 0 | D65: 0 | E65: 0 | F65: 0 | G65: 0 | H65: 0 | I65: 0 | J65: 0 | K65: 1.238e-06 | L65: 724.704 | M65: 0
A66: Time non CUDA | B66: 272.381 | C66: 0 | D66: 0 | E66: 0 | F66: 0 | G66: 0 | H66: 0 | I66: 0 | J66: 0 | K66: 5.32232e-07 | L66: 724.704 | M66: 0
A67: Time non CUDA | B67: 262.99 | C67: 0 | D67: 0 | E67: 0 | F67: 0 | G67: 0 | H67: 0 | I67: 0 | J67: 0 | K67: 7.55858e-07 | L67: 724.704 | M67: 0
A68: Time non CUDA | B68: 276.605 | C68: 0 | D68: 0 | E68: 0 | F68: 0 | G68: 0 | H68: 0 | I68: 0 | J68: 0 | K68: 1.09316e-10 | L68: 724.703 | M68: 0
A69: Time non CUDA | B69: 270.797 | C69: 0 | D69: 0 | E69: 0 | F69: 0 | G69: 0 | H69: 0 | I69: 0 | J69: 0 | K69: 7.85638e-10 | L69: 724.704 | M69: 0
A70: Time non CUDA | B70: 273.778 | C70: 0 | D70: 0 | E70: 0 | F70: 0 | G70: 0 | H70: 0 | I70: 0 | J70: 0 | K70: 4.88536e-07 | L70: 724.704 | M70: 0
... A113: Time non CUDA | B113: 288.987 | C113: 0 | D113: 0 | E113: 0 | F113: 0 | G113: 0 | H113: 0 | I113: 0 | J113: 0 | K113: 7.04681e-08 | L113: 724.704 | M113: 0
A114: Time non CUDA: | B114: 13610.919 | C114: sec
A115: Time non CUDA non hash: | B115: 148.936 | C115: 148.776 | D115: 148.761 | E115: 148.486 | F115: 5.9183 | G115: 0 | H115: 20.8965 | I115: 0 | J115: 1.06825e-05 | K115: 724.704 | L115: 0
A116: Time non CUDA non hash: | B116: 149.425 | C116: 149.271 | D116: 149.252 | E116: 148.981 | F116: 5.8243 | G116: 0 | H116: 20.9904 | I116: 0 | J116: 4.59947e-06 | K116: 724.704 | L116: 0
A117: Time non CUDA non hash: | B117: 146.652 | C117: 146.502 | D117: 146.485 | E117: 146.216 | F117: 5.7339 | G117: 0 | H117: 21.3657 | I117: 0 | J117: 2.71969e-08 | K117: 724.704 | L117: 0
A118: Time non CUDA non hash: | B118: 146.217 | C118: 146.068 | D118: 146.052 | E118: 145.786 | F118: 5.9626 | G118: 0 | H118: 20.8676 | I118: 0 | J118: 1.67635e-05 | K118: 724.704 | L118: 0
A119: Time non CUDA non hash: | B119: 145.788 | C119: 145.639 | D119: 145.624 | E119: 145.285 | F119: 5.9182 | G119: 0 | H119: 21.2351 | I119: 0 | J119: 1.11504e-07 | K119: 724.704 | L119: 0
A120: Time non CUDA non hash: | B120: 145.688 | C120: 145.536 | D120: 145.519 | E120: 145.253 | F120: 6.0919 | G120: 0 | H120: 20.7906 | I120: 0 | J120: 4.26468e-07 | K120: 724.703 | L120: 0
A121: Time non CUDA non hash: | B121: 149.959 | C121: 149.809 | D121: 149.791 | E121: 149.519 | F121: 5.9304 | G121: 0 | H121: 21.19 | I121: 0 | J121: 1.9161e-06 | K121: 724.704 | L121: 0
A122: Time non CUDA non hash: | B122: 147.531 | C122: 147.378 | D122: 147.36 | E122: 147.092 | F122: 5.9019 | G122: 0 | H122: 21.6303 | I122: 0 | J122: 5.98728e-09 | K122: 724.704 | L122: 0
A123: Time non CUDA non hash: | B123: 156.962 | C123: 156.808 | D123: 156.791 | E123: 156.512 | F123: 7.9672 | G123: 0 | H123: 21.1501 | I123: 0 | J123: 6.12784e-08 | K123: 724.704 | L123: 0
A124: Time non CUDA non hash: | B124: 147.888 | C124: 147.743 | D124: 147.726 | E124: 147.457 | F124: 5.7658 | G124: 0 | H124: 21.6174 | I124: 0 | J124: 1.1956e-07 | K124: 724.704 | L124: 0
A125: Time non CUDA non hash: | B125: 146.128 | C125: 145.978 | D125: 145.961 | E125: 145.694 | F125: 6.2939 | G125: 0 | H125: 20.7922 | I125: 0 | J125: 3.18207e-06 | K125: 724.704 | L125: 0
A126: Time non CUDA non hash: | B126: 147.303 | C126: 147.151 | D126: 147.135 | E126: 146.837 | F126: 5.84 | G126: 0 | H126: 20.8743 | I126: 0 | J126: 8.05637e-06 | K126: 724.704 | L126: 0
... A169: Time non CUDA non hash: | B169: 156.2 | C169: 156.045 | D169: 156.028 | E169: 155.758 | F169: 6.0732 | G169: 0 | H169: 21.4577 | I169: 0 | J169: 8.68202e-07 | K169: 724.704 | L169: 0
A170: Time non CUDA non hash: | B170: 7523.5839 | C170: sec
A171: Time classical ACO | B171: 2418.15 | C171: 1679.71 | D171: 1676.5 | E171: 1676.31 | F171: 15.1212 | G171: 126.7 | H171: 28.1807 | I171: 1.64189e-09 | J171: 724.251 | K171: 0
A172: Time classical ACO | B172: 2419.95 | C172: 1669.43 | D172: 1666.23 | E172: 1666.03 | F172: 15.8489 | G172: 121.856 | H172: 28.5559 | I172: 3.59111e-09 | J172: 724.014 | K172: 0
A173: Time classical ACO | B173: 2422 | C173: 1678.76 | D173: 1675.48 | E173: 1675.28 | F173: 16.0576 | G173: 123.828 | H173: 28.4888 | I173: 1.94816e-08 | J173: 724.235 | K173: 0
A174: Time classical ACO | B174: 2507.37 | C174: 1726.47 | D174: 1723.08 | E174: 1722.86 | F174: 17.0114 | G174: 128.88 | H174: 28.8855 | I174: 4.57729e-11 | J174: 724.34 | K174: 0
A175: Time classical ACO | B175: 2533.33 | C175: 1752.6 | D175: 1749.01 | E175: 1748.79 | F175: 17.7084 | G175: 140.48 | H175: 29.3004 | I175: 4.30278e-10 | J175: 724.703 | K175: 0
A176: Time classical ACO | B176: 2488.58 | C176: 1710.07 | D176: 1706.44 | E176: 1706.23 | F176: 17.2452 | G176: 127.167 | H176: 27.7852 | I176: 1.28974e-15 | J176: 724.53 | K176: 0
A177: Time classical ACO | B177: 2494.41 | C177: 1733.54 | D177: 1730.15 | E177: 1729.94 | F177: 18.5029 | G177: 129.816 | H177: 29.7682 | I177: 1.0189e-09 | J177: 724.688 | K177: 0
A178: Time classical ACO | B178: 2430.25 | C178: 1677.64 | D178: 1674.08 | E178: 1673.87 | F178: 16.0002 | G178: 126.692 | H178: 28.9048 | I178: 1.10148e-08 | J178: 724.479 | K178: 0
A179: Time classical ACO | B179: 2468.39 | C179: 1711.34 | D179: 1707.9 | E179: 1707.7 | F179: 16.8807 | G179: 131.324 | H179: 28.3236 | I179: 5.57701e-09 | J179: 724.388 | K179: 0
A180: Time classical ACO | B180: 2444.89 | C180: 1677.89 | D180: 1674.72 | E180: 1674.52 | F180: 15.4941 | G180: 125.965 | H180: 28.0595 | I180: 1.50478e-08 | J180: 724.09 | K180: 0
A181: Time classical ACO | B181: 2451.06 | C181: 1693.69 | D181: 1690.22 | E181: 1689.92 | F181: 16.6897 | G181: 125.768 | H181: 28.1669 | I181: 8.2922e-09 | J181: 724.089 | K181: 0
A182: Time classical ACO | B182: 2472.51 | C182: 1710.54 | D182: 1706.84 | E182: 1706.63 | F182: 17.1308 | G182: 126.213 | H182: 28.6335 | I182: 5.88286e-11 | J182: 724.55 | K182: 0
... A225: Time classical ACO | B225: 2409.75 | C225: 1666.55 | D225: 1663.42 | E225: 1663.24 | F225: 15.8379 | G225: 125.396 | H225: 28.2335 | I225: 5.44075e-11 | J225: 723.811 | K225: 0
A226: Time Classic ACO: | B226: 121250.72 | C226: sec
A227: Time classical ACO non hash | B227: 1570.47 | C227: 1570.24 | D227: 1566.46 | E227: 1566.28 | F227: 13.0417 | G227: 0 | H227: 27.6675 | I227: 1.31401e-09 | J227: 724.69 | K227: 0
A228: Time classical ACO non hash | B228: 1566.99 | C228: 1566.83 | D228: 1562.39 | E228: 1562.21 | F228: 12.6681 | G228: 0 | H228: 27.351 | I228: 3.26994e-12 | J228: 724.448 | K228: 0
A229: Time classical ACO non hash | B229: 1562.86 | C229: 1562.69 | D229: 1559.16 | E229: 1558.99 | F229: 12.8175 | G229: 0 | H229: 27.4812 | I229: 2.00039e-09 | J229: 724.698 | K229: 0
A230: Time classical ACO non hash | B230: 1569.44 | C230: 1569.28 | D230: 1565.64 | E230: 1565.44 | F230: 12.4696 | G230: 0 | H230: 28.1102 | I230: 7.38932e-13 | J230: 724.661 | K230: 0
A231: Time classical ACO non hash | B231: 1552.87 | C231: 1552.7 | D231: 1549.16 | E231: 1548.99 | F231: 12.55 | G231: 0 | H231: 27.2406 | I231: 6.04705e-09 | J231: 724.444 | K231: 0
A232: Time classical ACO non hash | B232: 1560.51 | C232: 1560.35 | D232: 1556.73 | E232: 1556.56 | F232: 12.7643 | G232: 0 | H232: 27.6204 | I232: 9.10838e-11 | J232: 724.512 | K232: 0
A233: Time classical ACO non hash | B233: 1571.88 | C233: 1571.7 | D233: 1568.08 | E233: 1567.9 | F233: 13.3507 | G233: 0 | H233: 27.498 | I233: 4.01981e-08 | J233: 724.685 | K233: 0
A234: Time classical ACO non hash | B234: 1588.34 | C234: 1588.18 | D234: 1584.44 | E234: 1584.25 | F234: 13.7267 | G234: 0 | H234: 27.564 | I234: 5.66207e-09 | J234: 724.635 | K234: 0
A235: Time classical ACO non hash | B235: 1583.05 | C235: 1582.89 | D235: 1579.26 | E235: 1579.08 | F235: 13.0544 | G235: 0 | H235: 27.3593 | I235: 9.50677e-10 | J235: 724.64 | K235: 0
A236: Time classical ACO non hash | B236: 1574.96 | C236: 1574.81 | D236: 1570.81 | E236: 1570.62 | F236: 13.2874 | G236: 0 | H236: 27.5552 | I236: 1.32145e-11 | J236: 724.281 | K236: 0
A237: Time classical ACO non hash | B237: 1575.15 | C237: 1575 | D237: 1571.37 | E237: 1571.18 | F237: 12.6696 | G237: 0 | H237: 27.5337 | I237: 1.73243e-14 | J237: 724.229 | K237: 0
A238: Time classical ACO non hash | B238: 1615.09 | C238: 1614.93 | D238: 1610.89 | E238: 1610.69 | F238: 13.5855 | G238: 0 | H238: 28.3065 | I238: 9.83766e-09 | J238: 723.652 | K238: 0
... A281: Time classical ACO non hash | B281: 1571.37 | C281: 1571.19 | D281: 1567.42 | E281: 1567.21 | F281: 13.2891 | G281: 0 | H281: 27.6004 | I281: 2.69487e-08 | J281: 724.648 | K281: 0
A282: Time Classic ACO non hash: | B282: 78740.838 | C282: sec
A283: Time omp: | B283: 328.698 | C283: 227.244 | D283: 227.222 | E283: 214.179 | F283: 54.584 | G283: 1230.31 | H283: 166.709 | I283: 2.31052e-06 | J283: 724.704 | K283: 0
A284: Time omp: | B284: 317.118 | C284: 228.938 | D284: 228.913 | E284: 216.067 | F284: 54.6402 | G284: 1269.9 | H284: 165.801 | I284: 1.02996e-06 | J284: 724.704 | K284: 0
A285: Time omp: | B285: 320.127 | C285: 216.606 | D285: 216.583 | E285: 203.53 | F285: 54.6103 | G285: 1121.73 | H285: 165.282 | I285: 1.55048e-08 | J285: 724.704 | K285: 0
A286: Time omp: | B286: 307.329 | C286: 215.194 | D286: 215.174 | E286: 202.165 | F286: 54.2541 | G286: 1106.16 | H286: 165.038 | I286: 3.24421e-07 | J286: 724.704 | K286: 0
A287: Time omp: | B287: 359.823 | C287: 269.499 | D287: 269.468 | E287: 256.163 | F287: 56.8934 | G287: 1692.34 | H287: 174.726 | I287: 4.35818e-07 | J287: 724.704 | K287: 0
A288: Time omp: | B288: 343.508 | C288: 249.077 | D288: 249.054 | E288: 235.59 | F288: 55.527 | G288: 1469.98 | H288: 169.687 | I288: 1.59952e-06 | J288: 724.704 | K288: 0
A289: Time omp: | B289: 316.396 | C289: 207.8 | D289: 207.776 | E289: 194.645 | F289: 54.9444 | G289: 1004.95 | H289: 163.585 | I289: 6.97811e-07 | J289: 724.704 | K289: 0
A290: Time omp: | B290: 325.158 | C290: 233.979 | D290: 233.956 | E290: 220.394 | F290: 56.8391 | G290: 1278.51 | H290: 167.876 | I290: 2.04067e-07 | J290: 724.704 | K290: 0
A291: Time omp: | B291: 316.342 | C291: 222.026 | D291: 222.002 | E291: 208.418 | F291: 56.1063 | G291: 1146.05 | H291: 166.374 | I291: 2.8064e-07 | J291: 724.704 | K291: 0
A292: Time omp: | B292: 396.076 | C292: 267.268 | D292: 267.247 | E292: 253.761 | F292: 56.8518 | G292: 1642.09 | H292: 168.113 | I292: 7.86262e-08 | J292: 724.704 | K292: 0
A293: Time omp: | B293: 321.874 | C293: 230.44 | D293: 230.412 | E293: 216.415 | F293: 58.9439 | G293: 1183.5 | H293: 168.238 | I293: 1.93042e-07 | J293: 724.704 | K293: 0
A294: Time omp: | B294: 349.607 | C294: 250.326 | D294: 250.302 | E294: 236.071 | F294: 60.0436 | G294: 1401.4 | H294: 168.9 | I294: 4.38487e-06 | J294: 724.704 | K294: 0
... A337: Time omp: | B337: 319.797 | C337: 212.536 | D337: 212.516 | E337: 198.841 | F337: 57.0933 | G337: 1049.93 | H337: 163.913 | I337: 2.63411e-06 | J337: 724.703 | K337: 0
A338: Time omp: | B338: 16419.872 | C338: sec
A339: Time omp non hash: | B339: 140.936 | C339: 140.793 | D339: 140.777 | E339: 127.917 | F339: 53.2303 | G339: 0 | H339: 132.116 | I339: 1.14418e-05 | J339: 724.704 | K339: 0
A340: Time omp non hash: | B340: 140.011 | C340: 139.877 | D340: 139.859 | E340: 126.989 | F340: 53.008 | G340: 0 | H340: 132.172 | I340: 3.34849e-06 | J340: 724.704 | K340: 0
A341: Time omp non hash: | B341: 139.934 | C341: 139.799 | D341: 139.782 | E341: 126.982 | F341: 52.748 | G341: 0 | H341: 131.979 | I341: 2.93548e-07 | J341: 724.704 | K341: 0
A342: Time omp non hash: | B342: 154.475 | C342: 154.341 | D342: 154.317 | E342: 139.92 | F342: 59.5827 | G342: 0 | H342: 148.042 | I342: 1.46478e-06 | J342: 724.704 | K342: 0
A343: Time omp non hash: | B343: 143.849 | C343: 143.713 | D343: 143.694 | E343: 130.011 | F343: 57.3385 | G343: 0 | H343: 160.687 | I343: 1.20596e-06 | J343: 724.704 | K343: 0
A344: Time omp non hash: | B344: 145.125 | C344: 144.943 | D344: 144.923 | E344: 131.035 | F344: 57.9189 | G344: 0 | H344: 159.475 | I344: 2.21791e-08 | J344: 724.704 | K344: 0
A345: Time omp non hash: | B345: 143.197 | C345: 143.055 | D345: 143.038 | E345: 129.309 | F345: 57.4901 | G345: 0 | H345: 160.648 | I345: 4.47976e-06 | J345: 724.704 | K345: 0
A346: Time omp non hash: | B346: 143.889 | C346: 143.752 | D346: 143.735 | E346: 129.956 | F346: 58.0357 | G346: 0 | H346: 161.37 | I346: 3.12639e-07 | J346: 724.704 | K346: 0
A347: Time omp non hash: | B347: 145.565 | C347: 145.423 | D347: 145.402 | E347: 131.256 | F347: 58.7471 | G347: 0 | H347: 160.715 | I347: 9.4089e-08 | J347: 724.704 | K347: 0
A348: Time omp non hash: | B348: 152.792 | C348: 152.654 | D348: 152.635 | E348: 137.273 | F348: 62.442 | G348: 0 | H348: 160.524 | I348: 8.17471e-06 | J348: 724.704 | K348: 0
A349: Time omp non hash: | B349: 152.602 | C349: 152.439 | D349: 152.419 | E349: 137.367 | F349: 62.1492 | G349: 0 | H349: 160.692 | I349: 7.90364e-09 | J349: 724.704 | K349: 0
A350: Time omp non hash: | B350: 151.547 | C350: 151.404 | D350: 151.384 | E350: 136.399 | F350: 61.4759 | G350: 0 | H350: 159.638 | I350: 2.96782e-06 | J350: 724.704 | K350: 0
... A393: Time omp non hash: | B393: 141.042 | C393: 140.873 | D393: 140.852 | E393: 127.81 | F393: 54.636 | G393: 0 | H393: 160.768 | I393: 1.18048e-06 | J393: 724.704 | K393: 0
A394: Time omp non hash: | B394: 7403.9673 | C394: sec
...

Sheet 42clangOMP60
A1: Max threads OMP : 12 OpenMP version: 202411 :OpenMP 5,2 (2023) active
A2: PARAMETR_SIZE: 42 | B2: PARAMETR_SIZE_ONE_X: 21 | C2: MAX_VALUE_SIZE: 5 | D2: NAME_FILE_GRAPH: Parametr_Graph/test42,txt | E2: ANT_SIZE: 500 | F2: KOL_ITERATION: 500 | G2: KOL_PROGON_STATISTICS: 50 | H2: PARAMETR_Q: 1 | I2: PARAMETR_RO: 0,999 | J2: TYPE_ACO: 1 | K2: ACOCCyN_KOL_ITERATION: 50, MAX_PARAMETR_VALUE_TO_MIN_OPT: 1, HASH_TABLE_SIZE: 67108864, MAX_PROBES: 10000, MAX_THREAD_CUDA: 512, CPU_RANDOM: 0, KOL_THREAD_CPU_ANT: 12, CONST_RANDOM: 100000, MAX_CONST: 8000, OPTIMIZE: OPTIMIZE_MAX | L2: FUNCTION: GO_ALG_MINMAX: 1(1, 1000)
A3: Time non CUDA_time | B3: 336.483 | C3: 243.54 | D3: 243.523 | E3: 243.229 | F3: 5.9031 | G3: 107.889 | H3: 20.9122 | I3: 15.2571 | J3: 56.3301 | K3: 118.395 | L3: 6.36094e-07 | M3: 724.704 | N3: 0
A4: Time non CUDA_time | B4: 354.985 | C4: 247.696 | D4: 247.678 | E4: 247.408 | F4: 6.0346 | G4: 111.438 | H4: 21.2876 | I4: 15.7305 | J4: 59.1042 | K4: 118.954 | L4: 2.93799e-07 | M4: 724.703 | N4: 0
A5: Time non CUDA_time | B5: 334.136 | C5: 248.68 | D5: 248.662 | E5: 248.42 | F5: 6.2467 | G5: 112.281 | H5: 20.9594 | I5: 15.2989 | J5: 60.7703 | K5: 118.999 | L5: 4.35113e-08 | M5: 724.704 | N5: 0
A6: Time non CUDA_time | B6: 336.661 | C6: 244.376 | D6: 244.36 | E6: 244.092 | F6: 6.1071 | G6: 108.226 | H6: 21.225 | I6: 15.1459 | J6: 56.4534 | K6: 118.801 | L6: 2.67692e-12 | M6: 724.704 | N6: 0
A7: Time non CUDA_time | B7: 341.112 | C7: 252.683 | D7: 252.662 | E7: 252.388 | F7: 6.3278 | G7: 115.266 | H7: 21.7852 | I7: 16.4909 | J7: 61.2537 | K7: 119.826 | L7: 2.90148e-06 | M7: 724.704 | N7: 0
A8: Time non CUDA_time | B8: 343.797 | C8: 254.143 | D8: 254.125 | E8: 253.853 | F8: 6.014 | G8: 117.395 | H8: 20.814 | I8: 15.226 | J8: 65.8008 | K8: 119.434 | L8: 7.82899e-07 | M8: 724.704 | N8: 0
A9: Time non CUDA_time | B9: 341.112 | C9: 252.037 | D9: 252.017 | E9: 251.748 | F9: 5.9085 | G9: 113.427 | H9: 22.5196 | I9: 15.7034 | J9: 58.3854 | K9: 121.558 | L9: 3.67782e-07 | M9: 724.703 | N9: 0
A10: Time non CUDA_time | B10: 342.638 | C10: 252.079 | D10: 252.062 | E10: 251.779 | F10: 6.266 | G10: 113.594 | H10: 21.2714 | I10: 15.5982 | J10: 61.0448 | K10: 120.684 | L10: 2.13672e-07 | M10: 724.699 | N10: 0
A11: Time non CUDA_time | B11: 331.937 | C11: 244.248 | D11: 244.229 | E11: 243.963 | F11: 5.955 | G11: 109.594 | H11: 20.6827 | I11: 15.2978 | J11: 58.4254 | K11: 117.509 | L11: 5.46423e-07 | M11: 724.704 | N11: 0
A12: Time non CUDA_time | B12: 336.231 | C12: 249.126 | D12: 249.108 | E12: 248.763 | F12: 5.9507 | G12: 111.334 | H12: 20.8958 | I12: 16.0795 | J12: 58.9425 | K12: 120.471 | L12: 1.36671e-07 | M12: 724.704 | N12: 0
A13: Time non CUDA_time | B13: 334.576 | C13: 249.126 | D13: 249.107 | E13: 248.837 | F13: 6.0285 | G13: 112.016 | H13: 20.7177 | I13: 15.3007 | J13: 60.8142 | K13: 119.7 | L13: 1.04507e-06 | M13: 724.703 | N13: 0
A14: Time non CUDA_time | B14: 337.913 | C14: 243.043 | D14: 243.025 | E14: 242.758 | F14: 6.2014 | G14: 108.238 | H14: 20.5827 | I14: 15.1462 | J14: 57.3631 | K14: 117.531 | L14: 1.56624e-07 | M14: 724.703 | N14: 0
... A57: Time non CUDA_time | B57: 341.213 | C57: 253.12 | D57: 253.102 | E57: 252.831 | F57: 5.8672 | G57: 115.249 | H57: 21.5491 | I57: 15.5081 | J57: 62.28 | K57: 120.873 | L57: 4.39985e-06 | M57: 724.704 | N57: 0
A58: Time non CUDA_time: | B58: 17116.352 | C58: sec
A59: Time non CUDA | B59: 262.098 | C59: 0 | D59: 0 | E59: 0 | F59: 0 | G59: 0 | H59: 0 | I59: 0 | J59: 0 | K59: 1.93855e-07 | L59: 724.704 | M59: 0
A60: Time non CUDA | B60: 269.265 | C60: 0 | D60: 0 | E60: 0 | F60: 0 | G60: 0 | H60: 0 | I60: 0 | J60: 0 | K60: 2.48663e-06 | L60: 724.704 | M60: 0
A61: Time non CUDA | B61: 271.833 | C61: 0 | D61: 0 | E61: 0 | F61: 0 | G61: 0 | H61: 0 | I61: 0 | J61: 0 | K61: 9.02931e-09 | L61: 724.704 | M61: 0
A62: Time non CUDA | B62: 269.736 | C62: 0 | D62: 0 | E62: 0 | F62: 0 | G62: 0 | H62: 0 | I62: 0 | J62: 0 | K62: 2.68637e-06 | L62: 724.704 | M62: 0
A63: Time non CUDA | B63: 266.904 | C63: 0 | D63: 0 | E63: 0 | F63: 0 | G63: 0 | H63: 0 | I63: 0 | J63: 0 | K63: 9.5368e-06 | L63: 724.704 | M63: 0
A64: Time non CUDA | B64: 266.358 | C64: 0 | D64: 0 | E64: 0 | F64: 0 | G64: 0 | H64: 0 | I64: 0 | J64: 0 | K64: 1.88317e-08 | L64: 724.704 | M64: 0
A65: Time non CUDA | B65: 282.281 | C65: 0 | D65: 0 | E65: 0 | F65: 0 | G65: 0 | H65: 0 | I65: 0 | J65: 0 | K65: 2.53952e-06 | L65: 724.704 | M65: 0
A66: Time non CUDA | B66: 285.373 | C66: 0 | D66: 0 | E66: 0 | F66: 0 | G66: 0 | H66: 0 | I66: 0 | J66: 0 | K66: 5.084e-06 | L66: 724.704 | M66: 0
A67: Time non CUDA | B67: 262.744 | C67: 0 | D67: 0 | E67: 0 | F67: 0 | G67: 0 | H67: 0 | I67: 0 | J67: 0 | K67: 4.56588e-07 | L67: 724.704 | M67: 0
A68: Time non CUDA | B68: 272.892 | C68: 0 | D68: 0 | E68: 0 | F68: 0 | G68: 0 | H68: 0 | I68: 0 | J68: 0 | K68: 2.24168e-08 | L68: 724.704 | M68: 0
A69: Time non CUDA | B69: 265.781 | C69: 0 | D69: 0 | E69: 0 | F69: 0 | G69: 0 | H69: 0 | I69: 0 | J69: 0 | K69: 4.81918e-08 | L69: 724.704 | M69: 0
A70: Time non CUDA | B70: 266.692 | C70: 0 | D70: 0 | E70: 0 | F70: 0 | G70: 0 | H70: 0 | I70: 0 | J70: 0 | K70: 8.05021e-07 | L70: 724.703 | M70: 0
... A113: Time non CUDA | B113: 277.673 | C113: 0 | D113: 0 | E113: 0 | F113: 0 | G113: 0 | H113: 0 | I113: 0 | J113: 0 | K113: 1.30273e-06 | L113: 724.703 | M113: 0
A114: Time non CUDA: | B114: 13643.444 | C114: sec
A115: Time non CUDA non hash: | B115: 147.585 | C115: 147.431 | D115: 147.415 | E115: 147.149 | F115: 5.9381 | G115: 0 | H115: 20.8138 | I115: 0 | J115: 1.52765e-06 | K115: 724.704 | L115: 0
A116: Time non CUDA non hash: | B116: 149.254 | C116: 149.101 | D116: 149.086 | E116: 148.824 | F116: 5.6434 | G116: 0 | H116: 21.316 | I116: 0 | J116: 6.09412e-08 | K116: 724.704 | L116: 0
A117: Time non CUDA non hash: | B117: 148.815 | C117: 148.665 | D117: 148.649 | E117: 148.386 | F117: 5.7878 | G117: 0 | H117: 21.2297 | I117: 0 | J117: 9.5411e-06 | K117: 724.704 | L117: 0
A118: Time non CUDA non hash: | B118: 151.744 | C118: 151.592 | D118: 151.571 | E118: 151.3 | F118: 6.6977 | G118: 0 | H118: 21.2838 | I118: 0 | J118: 4.64151e-07 | K118: 724.704 | L118: 0
A119: Time non CUDA non hash: | B119: 146.851 | C119: 146.693 | D119: 146.676 | E119: 146.415 | F119: 5.6343 | G119: 0 | H119: 20.8229 | I119: 0 | J119: 7.4054e-08 | K119: 724.703 | L119: 0
A120: Time non CUDA non hash: | B120: 150.824 | C120: 150.672 | D120: 150.652 | E120: 150.412 | F120: 5.7402 | G120: 0 | H120: 21.3246 | I120: 0 | J120: 2.06265e-07 | K120: 724.703 | L120: 0
A121: Time non CUDA non hash: | B121: 146.945 | C121: 146.453 | D121: 146.438 | E121: 146.176 | F121: 5.6724 | G121: 0 | H121: 20.7996 | I121: 0 | J121: 1.97057e-06 | K121: 724.704 | L121: 0
A122: Time non CUDA non hash: | B122: 148.997 | C122: 148.847 | D122: 148.832 | E122: 148.569 | F122: 5.6507 | G122: 0 | H122: 20.6768 | I122: 0 | J122: 3.64635e-07 | K122: 724.704 | L122: 0
A123: Time non CUDA non hash: | B123: 148.395 | C123: 148.242 | D123: 148.225 | E123: 147.964 | F123: 5.7871 | G123: 0 | H123: 20.686 | I123: 0 | J123: 2.20023e-07 | K123: 724.701 | L123: 0
A124: Time non CUDA non hash: | B124: 148.377 | C124: 148.224 | D124: 148.206 | E124: 147.946 | F124: 6.355 | G124: 0 | H124: 21.0895 | I124: 0 | J124: 7.31579e-07 | K124: 724.703 | L124: 0
A125: Time non CUDA non hash: | B125: 152.366 | C125: 152.216 | D125: 152.199 | E125: 151.928 | F125: 6.6655 | G125: 0 | H125: 21.3795 | I125: 0 | J125: 2.14433e-08 | K125: 724.704 | L125: 0
A126: Time non CUDA non hash: | B126: 150.628 | C126: 150.473 | D126: 150.456 | E126: 150.193 | F126: 5.8733 | G126: 0 | H126: 20.8808 | I126: 0 | J126: 2.17298e-07 | K126: 724.704 | L126: 0
... A169: Time non CUDA non hash: | B169: 147.13 | C169: 146.978 | D169: 146.963 | E169: 146.702 | F169: 5.785 | G169: 0 | H169: 21.7649 | I169: 0 | J169: 9.9099e-07 | K169: 724.704 | L169: 0
A170: Time non CUDA non hash: | B170: 7564.0282 | C170: sec
A171: Time classical ACO | B171: 2410.91 | C171: 1664.93 | D171: 1661.83 | E171: 1661.63 | F171: 16.9204 | G171: 122.841 | H171: 28.201 | I171: 1.64189e-09 | J171: 724.251 | K171: 0
A172: Time classical ACO | B172: 2381.14 | C172: 1645.29 | D172: 1642.11 | E172: 1641.82 | F172: 14.4668 | G172: 122.688 | H172: 27.1508 | I172: 3.59111e-09 | J172: 724.014 | K172: 0
A173: Time classical ACO | B173: 2448.17 | C173: 1698.74 | D173: 1695.36 | E173: 1695.15 | F173: 15.9953 | G173: 127.31 | H173: 28.2333 | I173: 1.94816e-08 | J173: 724.235 | K173: 0
A174: Time classical ACO | B174: 2455.42 | C174: 1683.71 | D174: 1680.59 | E174: 1680.4 | F174: 14.1088 | G174: 126.342 | H174: 28.2196 | I174: 4.57729e-11 | J174: 724.34 | K174: 0
A175: Time classical ACO | B175: 2390.02 | C175: 1643.23 | D175: 1640.06 | E175: 1639.87 | F175: 14.9413 | G175: 123.021 | H175: 27.1408 | I175: 4.30278e-10 | J175: 724.703 | K175: 0
A176: Time classical ACO | B176: 2382.26 | C176: 1643.75 | D176: 1640.63 | E176: 1640.45 | F176: 14.5297 | G176: 122.283 | H176: 27.6785 | I176: 1.28974e-15 | J176: 724.53 | K176: 0
A177: Time classical ACO | B177: 2372.16 | C177: 1647.04 | D177: 1643.95 | E177: 1643.76 | F177: 13.777 | G177: 122.487 | H177: 27.6225 | I177: 1.0189e-09 | J177: 724.688 | K177: 0
A178: Time classical ACO | B178: 2383.06 | C178: 1636.22 | D178: 1633.03 | E178: 1632.85 | F178: 13.9564 | G178: 121.095 | H178: 27.3105 | I178: 1.10148e-08 | J178: 724.479 | K178: 0
A179: Time classical ACO | B179: 2371.62 | C179: 1650.17 | D179: 1647.05 | E179: 1646.87 | F179: 14.1218 | G179: 121.096 | H179: 27.5482 | I179: 5.57701e-09 | J179: 724.388 | K179: 0
A180: Time classical ACO | B180: 2364.44 | C180: 1639.62 | D180: 1636.53 | E180: 1636.35 | F180: 13.8734 | G180: 121.288 | H180: 27.3993 | I180: 1.50478e-08 | J180: 724.09 | K180: 0
A181: Time classical ACO | B181: 2458.75 | C181: 1689.21 | D181: 1685.96 | E181: 1685.76 | F181: 15.1304 | G181: 126.444 | H181: 28.0617 | I181: 8.2922e-09 | J181: 724.089 | K181: 0
A182: Time classical ACO | B182: 2394.71 | C182: 1658.43 | D182: 1654.98 | E182: 1654.78 | F182: 14.311 | G182: 124.166 | H182: 27.3004 | I182: 5.88286e-11 | J182: 724.55 | K182: 0
... A225: Time classical ACO | B225: 2414.09 | C225: 1678.64 | D225: 1675.43 | E225: 1675.23 | F225: 15.5522 | G225: 125.404 | H225: 28.096 | I225: 5.44075e-11 | J225: 723.811 | K225: 0
A226: Time Classic ACO: | B226: 120729.14 | C226: sec
A227: Time classical ACO non hash | B227: 1566.41 | C227: 1566.24 | D227: 1562.22 | E227: 1562.03 | F227: 11.9397 | G227: 0 | H227: 27.2544 | I227: 1.31401e-09 | J227: 724.69 | K227: 0
A228: Time classical ACO non hash | B228: 1570.67 | C228: 1570.51 | D228: 1566.79 | E228: 1566.6 | F228: 11.5757 | G228: 0 | H228: 27.1507 | I228: 3.26994e-12 | J228: 724.448 | K228: 0
A229: Time classical ACO non hash | B229: 1571.2 | C229: 1571.04 | D229: 1567.2 | E229: 1567 | F229: 11.6603 | G229: 0 | H229: 27.4093 | I229: 2.00039e-09 | J229: 724.698 | K229: 0
A230: Time classical ACO non hash | B230: 1562.16 | C230: 1562 | D230: 1557.48 | E230: 1557.29 | F230: 11.4389 | G230: 0 | H230: 28.7159 | I230: 7.38932e-13 | J230: 724.661 | K230: 0
A231: Time classical ACO non hash | B231: 1570.98 | C231: 1570.83 | D231: 1566.95 | E231: 1566.76 | F231: 11.8229 | G231: 0 | H231: 27.8828 | I231: 6.04705e-09 | J231: 724.444 | K231: 0
A232: Time classical ACO non hash | B232: 1579.26 | C232: 1579.11 | D232: 1575.3 | E232: 1575.07 | F232: 11.7051 | G232: 0 | H232: 27.2908 | I232: 9.10838e-11 | J232: 724.512 | K232: 0
A233: Time classical ACO non hash | B233: 1566.42 | C233: 1566.25 | D233: 1562.48 | E233: 1562.27 | F233: 11.9423 | G233: 0 | H233: 27.3182 | I233: 4.01981e-08 | J233: 724.685 | K233: 0
A234: Time classical ACO non hash | B234: 1570.38 | C234: 1570.22 | D234: 1566.2 | E234: 1566.01 | F234: 12.1366 | G234: 0 | H234: 28.7248 | I234: 5.66207e-09 | J234: 724.635 | K234: 0
A235: Time classical ACO non hash | B235: 1569.52 | C235: 1569.36 | D235: 1565.53 | E235: 1565.34 | F235: 11.795 | G235: 0 | H235: 28.1151 | I235: 9.50677e-10 | J235: 724.64 | K235: 0
A236: Time classical ACO non hash | B236: 1572.29 | C236: 1572.14 | D236: 1568.32 | E236: 1568.13 | F236: 11.5954 | G236: 0 | H236: 27.8207 | I236: 1.32145e-11 | J236: 724.281 | K236: 0
A237: Time classical ACO non hash | B237: 1562.67 | C237: 1562.52 | D237: 1558.69 | E237: 1558.5 | F237: 11.6912 | G237: 0 | H237: 27.2735 | I237: 1.73243e-14 | J237: 724.229 | K237: 0
A238: Time classical ACO non hash | B238: 1567.94 | C238: 1567.79 | D238: 1564.05 | E238: 1563.86 | F238: 11.8812 | G238: 0 | H238: 27.2847 | I238: 9.83766e-09 | J238: 723.652 | K238: 0
... A281: Time classical ACO non hash | B281: 1570.63 | C281: 1570.44 | D281: 1566.53 | E281: 1566.34 | F281: 11.9983 | G281: 0 | H281: 27.4709 | I281: 2.69487e-08 | J281: 724.648 | K281: 0
A282: Time Classic ACO non hash: | B282: 79043.592 | C282: sec
A283: Time omp: | B283: 355.198 | C283: 244.907 | D283: 244.887 | E283: 231.402 | F283: 55.7414 | G283: 1402.01 | H283: 166.589 | I283: 2.02012e-07 | J283: 724.704 | K283: 0
A284: Time omp: | B284: 337.119 | C284: 241.195 | D284: 241.172 | E284: 227.475 | F284: 57.7788 | G284: 1330.45 | H284: 168.383 | I284: 2.93392e-09 | J284: 724.704 | K284: 0
A285: Time omp: | B285: 313.492 | C285: 221.098 | D285: 221.078 | E285: 207.839 | F285: 55.3367 | G285: 1151.16 | H285: 162.558 | I285: 7.65672e-06 | J285: 724.703 | K285: 0
A286: Time omp: | B286: 315.278 | C286: 210.326 | D286: 210.307 | E286: 197.083 | F286: 55.6386 | G286: 1021.74 | H286: 161.44 | I286: 8.37683e-07 | J286: 724.704 | K286: 0
A287: Time omp: | B287: 327.56 | C287: 231.899 | D287: 231.875 | E287: 218.448 | F287: 57.2382 | G287: 1250.18 | H287: 163.915 | I287: 1.53067e-05 | J287: 724.704 | K287: 0
A288: Time omp: | B288: 312.179 | C288: 217.627 | D288: 217.605 | E288: 204.246 | F288: 56.3113 | G288: 1098.21 | H288: 162.252 | I288: 4.24105e-06 | J288: 724.704 | K288: 0
A289: Time omp: | B289: 319.042 | C289: 219.18 | D289: 219.154 | E289: 205.059 | F289: 58.314 | G289: 1063.74 | H289: 162.32 | I289: 1.91427e-06 | J289: 724.704 | K289: 0
A290: Time omp: | B290: 314.759 | C290: 221.093 | D290: 221.073 | E290: 207.789 | F290: 56.2122 | G290: 1137.33 | H290: 164.393 | I290: 3.38151e-07 | J290: 724.704 | K290: 0
A291: Time omp: | B291: 330.101 | C291: 217.678 | D291: 217.655 | E291: 204.339 | F291: 56.1625 | G291: 1099.99 | H291: 162.477 | I291: 8.33008e-06 | J291: 724.704 | K291: 0
A292: Time omp: | B292: 310.889 | C292: 219.972 | D292: 219.952 | E292: 206.526 | F292: 57.5548 | G292: 1101.13 | H292: 163.367 | I292: 5.75368e-06 | J292: 724.704 | K292: 0
A293: Time omp: | B293: 350.176 | C293: 257.027 | D293: 257.002 | E293: 242.726 | F293: 59.2326 | G293: 1487.64 | H293: 168.944 | I293: 2.63457e-07 | J293: 724.704 | K293: 0
A294: Time omp: | B294: 346.453 | C294: 242.341 | D294: 242.318 | E294: 227.871 | F294: 59.9473 | G294: 1310.86 | H294: 166.447 | I294: 2.23557e-11 | J294: 724.704 | K294: 0
... A337: Time omp: | B337: 318.753 | C337: 219.558 | D337: 219.538 | E337: 203.984 | F337: 61.7378 | G337: 1017.06 | H337: 161.33 | I337: 2.95948e-06 | J337: 724.704 | K337: 0
A338: Time omp: | B338: 16403.065 | C338: sec
A339: Time omp non hash: | B339: 143.671 | C339: 143.502 | D339: 143.485 | E339: 130.261 | F339: 55.0108 | G339: 0 | H339: 131.631 | I339: 3.70821e-06 | J339: 724.704 | K339: 0
A340: Time omp non hash: | B340: 143.589 | C340: 143.455 | D340: 143.437 | E340: 130.102 | F340: 54.7777 | G340: 0 | H340: 131.756 | I340: 2.34024e-07 | J340: 724.704 | K340: 0
A341: Time omp non hash: | B341: 147.169 | C341: 147.029 | D341: 147.011 | E341: 133.642 | F341: 55.4234 | G341: 0 | H341: 133.817 | I341: 7.10513e-06 | J341: 724.703 | K341: 0
A342: Time omp non hash: | B342: 145.998 | C342: 145.864 | D342: 145.846 | E342: 131.569 | F342: 57.0679 | G342: 0 | H342: 146.26 | I342: 6.05508e-07 | J342: 724.702 | K342: 0
A343: Time omp non hash: | B343: 145.862 | C343: 145.726 | D343: 145.707 | E343: 131.491 | F343: 57.0733 | G343: 0 | H343: 148.996 | I343: 2.48977e-08 | J343: 724.704 | K343: 0
A344: Time omp non hash: | B344: 145.803 | C344: 145.66 | D344: 145.642 | E344: 131.062 | F344: 57.7489 | G344: 0 | H344: 149.125 | I344: 3.65276e-06 | J344: 724.704 | K344: 0
A345: Time omp non hash: | B345: 146.409 | C345: 146.272 | D345: 146.252 | E345: 132.021 | F345: 57.2565 | G345: 0 | H345: 148.061 | I345: 2.78326e-06 | J345: 724.704 | K345: 0
A346: Time omp non hash: | B346: 145.151 | C346: 145.008 | D346: 144.991 | E346: 130.403 | F346: 57.8353 | G346: 0 | H346: 150.591 | I346: 1.60867e-07 | J346: 724.704 | K346: 0
A347: Time omp non hash: | B347: 144.918 | C347: 144.775 | D347: 144.756 | E347: 130.272 | F347: 57.6702 | G347: 0 | H347: 150.252 | I347: 3.32923e-07 | J347: 724.704 | K347: 0
A348: Time omp non hash: | B348: 147.723 | C348: 147.558 | D348: 147.539 | E348: 133.575 | F348: 57.2029 | G348: 0 | H348: 149.655 | I348: 5.66322e-08 | J348: 724.703 | K348: 0
A349: Time omp non hash: | B349: 142.868 | C349: 142.73 | D349: 142.711 | E349: 129.206 | F349: 55.5998 | G349: 0 | H349: 149.657 | I349: 1.61906e-06 | J349: 724.704 | K349: 0
A350: Time omp non hash: | B350: 143.884 | C350: 143.745 | D350: 143.728 | E350: 130.473 | F350: 55.0649 | G350: 0 | H350: 148.305 | I350: 3.59737e-09 | J350: 724.704 | K350: 0
... A393: Time omp non hash: | B393: 139.83 | C393: 139.692 | D393: 139.674 | E393: 126.59 | F393: 53.1675 | G393: 0 | H393: 149.363 | I393: 8.30486e-06 | J393: 724.704 | K393: 0
A394: Time omp non hash: | B394: 7299.4831 | C394: sec
...

Sheet 42gccOMP40
A1: Max threads OMP : 12 OpenMP version: 201511 :OpenMP 4,5 (2015) optimal
A2: PARAMETR_SIZE: 42 | B2: PARAMETR_SIZE_ONE_X: 21 | C2: MAX_VALUE_SIZE: 5 | D2: NAME_FILE_GRAPH: Parametr_Graph/test42,txt | E2: ANT_SIZE: 500 | F2: KOL_ITERATION: 500 | G2: KOL_PROGON_STATISTICS: 50 | H2: PARAMETR_Q: 1 | I2: PARAMETR_RO: 0,999 | J2: TYPE_ACO: 1 | K2: ACOCCyN_KOL_ITERATION: 50, MAX_PARAMETR_VALUE_TO_MIN_OPT: 1, HASH_TABLE_SIZE: 67108864, MAX_PROBES: 10000, MAX_THREAD_CUDA: 512, CPU_RANDOM: 0, KOL_THREAD_CPU_ANT: 12, CONST_RANDOM: 100000, MAX_CONST: 8000, OPTIMIZE: OPTIMIZE_MAX | L2: FUNCTION: GO_ALG_MINMAX: 1(1, 1000)
A3: Time non CUDA_time | B3: 469.138 | C3: 366.518 | D3: 366.491 | E3: 366.209 | F3: 7.407 | G3: 157.578 | H3: 52.807 | I3: 16.594 | J3: 60.95 | K3: 183.154 | L3: 3.01274e-09 | M3: 724.704 | N3: 0
A4: Time non CUDA_time | B4: 464.978 | C4: 374.63 | D4: 374.603 | E4: 374.31 | F4: 7.505 | G4: 161.848 | H4: 53.595 | I4: 16.962 | J4: 62.993 | K4: 186.195 | L4: 1.3853e-05 | M4: 724.704 | N4: 0
A5: Time non CUDA_time | B5: 459.714 | C5: 366.363 | D5: 366.34 | E5: 366.056 | F5: 7.13 | G5: 157.251 | H5: 51.735 | I5: 16.67 | J5: 61.517 | K5: 183.752 | L5: 2.43406e-07 | M5: 724.704 | N5: 25
A6: Time non CUDA_time | B6: 463.561 | C6: 370.853 | D6: 370.819 | E6: 370.522 | F6: 7.945 | G6: 158.938 | H6: 52.881 | I6: 17.208 | J6: 61.657 | K6: 185.439 | L6: 1.42685e-07 | M6: 724.704 | N6: 0
A7: Time non CUDA_time | B7: 468.957 | C7: 376.095 | D7: 376.055 | E7: 375.784 | F7: 7.319 | G7: 160.144 | H7: 52.3 | I7: 16.852 | J7: 63.441 | K7: 187.605 | L7: 4.68912e-07 | M7: 724.704 | N7: 0
A8: Time non CUDA_time | B8: 459.383 | C8: 368.664 | D8: 368.627 | E8: 368.073 | F8: 7.198 | G8: 157.987 | H8: 51.796 | I8: 17.185 | J8: 61.535 | K8: 184.684 | L8: 4.43868e-08 | M8: 724.704 | N8: 0
A9: Time non CUDA_time | B9: 454.882 | C9: 364.365 | D9: 364.334 | E9: 364.057 | F9: 7.331 | G9: 156.396 | H9: 51.639 | I9: 16.86 | J9: 61.276 | K9: 182.138 | L9: 1.60429e-07 | M9: 724.704 | N9: 0
A10: Time non CUDA_time | B10: 463.591 | C10: 369.369 | D10: 369.331 | E10: 369.051 | F10: 7.52 | G10: 157.811 | H10: 52.142 | I10: 16.313 | J10: 62.34 | K10: 185.496 | L10: 8.42559e-08 | M10: 724.704 | N10: 0
A11: Time non CUDA_time | B11: 453.653 | C11: 365.999 | D11: 365.966 | E11: 365.692 | F11: 7.063 | G11: 157.055 | H11: 52.298 | I11: 16.44 | J11: 61.615 | K11: 183.682 | L11: 5.69863e-06 | M11: 724.698 | N11: 0
A12: Time non CUDA_time | B12: 460.993 | C12: 364.827 | D12: 364.792 | E12: 364.515 | F12: 7.551 | G12: 154.703 | H12: 51.495 | I12: 16.453 | J12: 60.021 | K12: 184.282 | L12: 4.85558e-07 | M12: 724.703 | N12: 0
A13: Time non CUDA_time | B13: 458.397 | C13: 367.878 | D13: 367.849 | E13: 367.579 | F13: 7.436 | G13: 157.226 | H13: 51.24 | I13: 16.727 | J13: 62.677 | K13: 185.106 | L13: 3.00666e-07 | M13: 724.704 | N13: 0
A14: Time non CUDA_time | B14: 451.457 | C14: 363.876 | D14: 363.844 | E14: 363.578 | F14: 7.314 | G14: 155.35 | H14: 52.051 | I14: 16.622 | J14: 59.838 | K14: 183.16 | L14: 1.0142e-05 | M14: 724.704 | N14: 0
... A57: Time non CUDA_time | B57: 452.869 | C57: 362.863 | D57: 362.837 | E57: 362.548 | F57: 7.106 | G57: 154.006 | H57: 51.266 | I57: 16.491 | J57: 59.385 | K57: 183.679 | L57: 7.11969e-07 | M57: 724.704 | N57: 0
A58: Time non CUDA_time: | B58: 23157.089 | C58: sec
A59: Time non CUDA | B59: 371.398 | C59: 0 | D59: 0 | E59: 0 | F59: 0 | G59: 0 | H59: 0 | I59: 0 | J59: 0 | K59: 7.16756e-06 | L59: 724.704 | M59: 0
A60: Time non CUDA | B60: 371.921 | C60: 0 | D60: 0 | E60: 0 | F60: 0 | G60: 0 | H60: 0 | I60: 0 | J60: 0 | K60: 2.88141e-07 | L60: 724.704 | M60: 0
A61: Time non CUDA | B61: 375.637 | C61: 0 | D61: 0 | E61: 0 | F61: 0 | G61: 0 | H61: 0 | I61: 0 | J61: 0 | K61: 1.03106e-08 | L61: 724.704 | M61: 0
A62: Time non CUDA | B62: 375.207 | C62: 0 | D62: 0 | E62: 0 | F62: 0 | G62: 0 | H62: 0 | I62: 0 | J62: 0 | K62: 2.15955e-06 | L62: 724.704 | M62: 0
A63: Time non CUDA | B63: 369.253 | C63: 0 | D63: 0 | E63: 0 | F63: 0 | G63: 0 | H63: 0 | I63: 0 | J63: 0 | K63: 1.21513e-06 | L63: 724.704 | M63: 0
A64: Time non CUDA | B64: 375.494 | C64: 0 | D64: 0 | E64: 0 | F64: 0 | G64: 0 | H64: 0 | I64: 0 | J64: 0 | K64: 6.95742e-07 | L64: 724.704 | M64: 0
A65: Time non CUDA | B65: 371.003 | C65: 0 | D65: 0 | E65: 0 | F65: 0 | G65: 0 | H65: 0 | I65: 0 | J65: 0 | K65: 2.81494e-08 | L65: 724.704 | M65: 0
A66: Time non CUDA | B66: 372.631 | C66: 0 | D66: 0 | E66: 0 | F66: 0 | G66: 0 | H66: 0 | I66: 0 | J66: 0 | K66: 4.53724e-06 | L66: 724.704 | M66: 208
A67: Time non CUDA | B67: 383.818 | C67: 0 | D67: 0 | E67: 0 | F67: 0 | G67: 0 | H67: 0 | I67: 0 | J67: 0 | K67: 7.08959e-06 | L67: 724.699 | M67: 138
A68: Time non CUDA | B68: 372.959 | C68: 0 | D68: 0 | E68: 0 | F68: 0 | G68: 0 | H68: 0 | I68: 0 | J68: 0 | K68: 1.65969e-06 | L68: 724.703 | M68: 0
A69: Time non CUDA | B69: 378.887 | C69: 0 | D69: 0 | E69: 0 | F69: 0 | G69: 0 | H69: 0 | I69: 0 | J69: 0 | K69: 7.43366e-07 | L69: 724.704 | M69: 0
A70: Time non CUDA | B70: 375.17 | C70: 0 | D70: 0 | E70: 0 | F70: 0 | G70: 0 | H70: 0 | I70: 0 | J70: 0 | K70: 1.04672e-05 | L70: 724.704 | M70: 0
... A113: Time non CUDA | B113: 377.149 | C113: 0 | D113: 0 | E113: 0 | F113: 0 | G113: 0 | H113: 0 | I113: 0 | J113: 0 | K113: 7.81409e-08 | L113: 724.703 | M113: 82
A114: Time non CUDA: | B114: 18989.357 | C114: sec
A115: Time non CUDA non hash: | B115: 240.403 | C115: 239.95 | D115: 239.921 | E115: 239.635 | F115: 6.979 | G115: 0 | H115: 51.629 | I115: 0 | J115: 3.27008e-05 | K115: 724.704 | L115: 0
A116: Time non CUDA non hash: | B116: 241.515 | C116: 241.065 | D116: 241.047 | E116: 240.777 | F116: 7.078 | G116: 0 | H116: 52.193 | I116: 0 | J116: 3.84269e-05 | K116: 724.704 | L116: 0
A117: Time non CUDA non hash: | B117: 244.197 | C117: 243.746 | D117: 243.715 | E117: 243.438 | F117: 7.549 | G117: 0 | H117: 52.756 | I117: 0 | J117: 1.2521e-06 | K117: 724.704 | L117: 0
A118: Time non CUDA non hash: | B118: 242.236 | C118: 241.787 | D118: 241.746 | E118: 241.491 | F118: 7.099 | G118: 0 | H118: 52.352 | I118: 0 | J118: 1.21466e-05 | K118: 724.704 | L118: 0
A119: Time non CUDA non hash: | B119: 240.3 | C119: 239.848 | D119: 239.813 | E119: 239.534 | F119: 7.02 | G119: 0 | H119: 51.475 | I119: 0 | J119: 2.10712e-06 | K119: 724.704 | L119: 0
A120: Time non CUDA non hash: | B120: 249.623 | C120: 249.169 | D120: 249.139 | E120: 248.86 | F120: 7.394 | G120: 0 | H120: 54.19 | I120: 0 | J120: 9.56498e-07 | K120: 724.704 | L120: 0
A121: Time non CUDA non hash: | B121: 240.309 | C121: 239.85 | D121: 239.825 | E121: 239.056 | F121: 7.124 | G121: 0 | H121: 51.298 | I121: 0 | J121: 4.1216e-05 | K121: 724.704 | L121: 0
A122: Time non CUDA non hash: | B122: 240.752 | C122: 240.297 | D122: 240.276 | E122: 239.971 | F122: 7.117 | G122: 0 | H122: 51.366 | I122: 0 | J122: 7.13812e-07 | K122: 724.704 | L122: 0
A123: Time non CUDA non hash: | B123: 240.623 | C123: 240.105 | D123: 240.075 | E123: 239.802 | F123: 7.058 | G123: 0 | H123: 51.676 | I123: 0 | J123: 2.36864e-06 | K123: 724.704 | L123: 0
A124: Time non CUDA non hash: | B124: 246.358 | C124: 245.903 | D124: 245.871 | E124: 245.581 | F124: 7.003 | G124: 0 | H124: 51.74 | I124: 0 | J124: 1.57955e-07 | K124: 724.704 | L124: 0
A125: Time non CUDA non hash: | B125: 244.866 | C125: 244.408 | D125: 244.372 | E125: 244.075 | F125: 7.088 | G125: 0 | H125: 54.072 | I125: 0 | J125: 4.54819e-08 | K125: 724.704 | L125: 0
A126: Time non CUDA non hash: | B126: 239.871 | C126: 239.417 | D126: 239.398 | E126: 239.119 | F126: 7.017 | G126: 0 | H126: 51.474 | I126: 0 | J126: 9.62249e-06 | K126: 724.704 | L126: 0
... A169: Time non CUDA non hash: | B169: 241.331 | C169: 240.86 | D169: 240.827 | E169: 240.542 | F169: 7.029 | G169: 0 | H169: 51.732 | I169: 0 | J169: 1.40526e-08 | K169: 724.704 | L169: 0
A170: Time non CUDA non hash: | B170: 12325.004 | C170: sec
A171: Time classical ACO | B171: 1848.12 | C171: 1155.43 | D171: 1151.46 | E171: 1151.28 | F171: 9.49699 | G171: 152.277 | H171: 43.597 | I171: 1.64189e-09 | J171: 724.251 | K171: 0
A172: Time classical ACO | B172: 1847.2 | C172: 1155.31 | D172: 1151.62 | E172: 1151.46 | F172: 8.94098 | G172: 148.23 | H172: 43.933 | I172: 3.59111e-09 | J172: 724.014 | K172: 0
A173: Time classical ACO | B173: 1848.94 | C173: 1151.7 | D173: 1148.02 | E173: 1147.84 | F173: 9.03598 | G173: 147.062 | H173: 43.444 | I173: 1.94816e-08 | J173: 724.235 | K173: 0
A174: Time classical ACO | B174: 1845.37 | C174: 1155.3 | D174: 1151.54 | E174: 1151.38 | F174: 9.73199 | G174: 149.186 | H174: 43.601 | I174: 4.57729e-11 | J174: 724.34 | K174: 0
A175: Time classical ACO | B175: 1840.25 | C175: 1156.93 | D175: 1153.22 | E175: 1153.05 | F175: 8.89898 | G175: 150.483 | H175: 43.64 | I175: 4.30278e-10 | J175: 724.703 | K175: 0
A176: Time classical ACO | B176: 1840.51 | C176: 1153.64 | D176: 1150.01 | E176: 1149.82 | F176: 8.65399 | G176: 148.351 | H176: 43.337 | I176: 1.28974e-15 | J176: 724.53 | K176: 0
A177: Time classical ACO | B177: 1841.38 | C177: 1158.68 | D177: 1154.59 | E177: 1154.43 | F177: 9.03399 | G177: 148.37 | H177: 43.592 | I177: 1.0189e-09 | J177: 724.688 | K177: 0
A178: Time classical ACO | B178: 1831.01 | C178: 1152.44 | D178: 1148.84 | E178: 1148.67 | F178: 8.85498 | G178: 148.388 | H178: 43.721 | I178: 1.10148e-08 | J178: 724.479 | K178: 0
A179: Time classical ACO | B179: 1850.78 | C179: 1162.75 | D179: 1158.94 | E179: 1158.76 | F179: 16.235 | G179: 147.919 | H179: 43.734 | I179: 5.57701e-09 | J179: 724.388 | K179: 0
A180: Time classical ACO | B180: 1857.32 | C180: 1157.27 | D180: 1153.48 | E180: 1153.31 | F180: 9.12698 | G180: 148.751 | H180: 43.162 | I180: 1.50478e-08 | J180: 724.09 | K180: 0
A181: Time classical ACO | B181: 1845.32 | C181: 1159.3 | D181: 1155.51 | E181: 1155.35 | F181: 8.99199 | G181: 148.601 | H181: 43.928 | I181: 8.2922e-09 | J181: 724.089 | K181: 0
A182: Time classical ACO | B182: 1849.26 | C182: 1165.86 | D182: 1162.12 | E182: 1161.93 | F182: 10.516 | G182: 148.038 | H182: 43.351 | I182: 5.88286e-11 | J182: 724.55 | K182: 0
... A225: Time classical ACO | B225: 1863.08 | C225: 1175.6 | D225: 1171.79 | E225: 1171.63 | F225: 21.937 | G225: 144.134 | H225: 44.564 | I225: 5.44075e-11 | J225: 723.811 | K225: 0
A226: Time Classic ACO: | B226: 92927.169 | C226: sec
A227: Time classical ACO non hash | B227: 1076.85 | C227: 1076.33 | D227: 1072.74 | E227: 1072.57 | F227: 15.294 | G227: 0 | H227: 48.85 | I227: 1.31401e-09 | J227: 724.69 | K227: 0
A228: Time classical ACO non hash | B228: 1070.82 | C228: 1070.37 | D228: 1066.73 | E228: 1066.58 | F228: 12.622 | G228: 0 | H228: 47.909 | I228: 3.26994e-12 | J228: 724.448 | K228: 0
A229: Time classical ACO non hash | B229: 1078.41 | C229: 1077.96 | D229: 1074.37 | E229: 1074.19 | F229: 17.108 | G229: 0 | H229: 49.963 | I229: 2.00039e-09 | J229: 724.698 | K229: 0
A230: Time classical ACO non hash | B230: 1076.05 | C230: 1075.49 | D230: 1071.88 | E230: 1071.72 | F230: 18.629 | G230: 0 | H230: 49.609 | I230: 7.38932e-13 | J230: 724.661 | K230: 0
A231: Time classical ACO non hash | B231: 1075.05 | C231: 1074.59 | D231: 1070.95 | E231: 1070.76 | F231: 12.867 | G231: 0 | H231: 48.894 | I231: 6.04705e-09 | J231: 724.444 | K231: 0
A232: Time classical ACO non hash | B232: 1074.16 | C232: 1073.7 | D232: 1070 | E232: 1069.84 | F232: 9.891 | G232: 0 | H232: 47.848 | I232: 9.10838e-11 | J232: 724.512 | K232: 0
A233: Time classical ACO non hash | B233: 1081.45 | C233: 1080.98 | D233: 1077.04 | E233: 1076.88 | F233: 14.115 | G233: 0 | H233: 50.048 | I233: 4.01981e-08 | J233: 724.685 | K233: 0
A234: Time classical ACO non hash | B234: 1070.09 | C234: 1069.59 | D234: 1065.88 | E234: 1065.71 | F234: 12.628 | G234: 0 | H234: 48.467 | I234: 5.66207e-09 | J234: 724.635 | K234: 0
A235: Time classical ACO non hash | B235: 1075.06 | C235: 1074.58 | D235: 1070.99 | E235: 1070.82 | F235: 13.315 | G235: 0 | H235: 49.138 | I235: 9.50677e-10 | J235: 724.64 | K235: 0
A236: Time classical ACO non hash | B236: 1080.88 | C236: 1080.27 | D236: 1076.62 | E236: 1076.42 | F236: 14.676 | G236: 0 | H236: 48.804 | I236: 1.32145e-11 | J236: 724.281 | K236: 0
A237: Time classical ACO non hash | B237: 1104.91 | C237: 1104.43 | D237: 1100.58 | E237: 1100.38 | F237: 12.549 | G237: 0 | H237: 50.314 | I237: 1.73243e-14 | J237: 724.229 | K237: 0
A238: Time classical ACO non hash | B238: 1099.81 | C238: 1099.35 | D238: 1095.28 | E238: 1095.12 | F238: 22.177 | G238: 0 | H238: 49.132 | I238: 9.83766e-09 | J238: 723.652 | K238: 0
... A281: Time classical ACO non hash | B281: 1062.83 | C281: 1062.38 | D281: 1058.23 | E281: 1058.05 | F281: 9.106 | G281: 0 | H281: 48.17 | I281: 2.69487e-08 | J281: 724.648 | K281: 0
A282: Time Classic ACO non hash: | B282: 53657.08 | C282: sec
A283: Time omp: | B283: 2848.25 | C283: 2753.7 | D283: 2753.65 | E283: 2696.72 | F283: 250.289 | G283: 25223 | H283: 25092.5 | I283: 1.47405e-07 | J283: 724.704 | K283: 0
A284: Time omp: | B284: 2834.26 | C284: 2734.51 | D284: 2734.47 | E284: 2674.7 | F284: 249.664 | G284: 24951.1 | H284: 24819.7 | I284: 1.01131e-06 | J284: 724.704 | K284: 0
A285: Time omp: | B285: 2848.57 | C285: 2752.89 | D285: 2752.85 | E285: 2694.01 | F285: 252.175 | G285: 25103.4 | H285: 24971.2 | I285: 1.88225e-06 | J285: 724.703 | K285: 0
A286: Time omp: | B286: 2850.27 | C286: 2756.34 | D286: 2756.3 | E286: 2698.09 | F286: 253.282 | G286: 25214.5 | H286: 25084.5 | I286: 7.23512e-07 | J286: 724.704 | K286: 0
A287: Time omp: | B287: 2991.3 | C287: 2888.7 | D287: 2888.65 | E287: 2834.49 | F287: 246.415 | G287: 26814.8 | H287: 26678.1 | I287: 2.42047e-06 | J287: 724.702 | K287: 0
A288: Time omp: | B288: 2853.52 | C288: 2762.92 | D288: 2762.89 | E288: 2704.26 | F288: 246.915 | G288: 25355.4 | H288: 25224.1 | I288: 1.58673e-07 | J288: 724.704 | K288: 0
A289: Time omp: | B289: 2884.66 | C289: 2772.72 | D289: 2772.69 | E289: 2714.65 | F289: 251.588 | G289: 25447.3 | H289: 25316 | I289: 9.46934e-08 | J289: 724.704 | K289: 0
A290: Time omp: | B290: 2854.8 | C290: 2761.67 | D290: 2761.63 | E290: 2704.09 | F290: 250.415 | G290: 25285.9 | H290: 25155.7 | I290: 1.27355e-06 | J290: 724.704 | K290: 0
A291: Time omp: | B291: 2800.53 | C291: 2689.25 | D291: 2689.21 | E291: 2632.65 | F291: 247.865 | G291: 24661.3 | H291: 24523.3 | I291: 7.54808e-07 | J291: 724.704 | K291: 0
A292: Time omp: | B292: 2879.63 | C292: 2776.22 | D292: 2776.18 | E292: 2719.39 | F292: 252.035 | G292: 25536.7 | H292: 25404.5 | I292: 1.30975e-08 | J292: 724.704 | K292: 0
A293: Time omp: | B293: 2808.21 | C293: 2717.67 | D293: 2717.64 | E293: 2659.35 | F293: 253.665 | G293: 24829.4 | H293: 24697.7 | I293: 3.81629e-07 | J293: 724.704 | K293: 0
A294: Time omp: | B294: 2889.48 | C294: 2785.15 | D294: 2785.1 | E294: 2730.04 | F294: 251.566 | G294: 25603.3 | H294: 25469.5 | I294: 5.46579e-08 | J294: 724.704 | K294: 0
A295: Time omp: | B295: 2977.02 | C295: 2882.99 | D295: 2882.95 | E295: 2830.39 | F295: 247.662 | G295: 26813.8 | H295: 26678.5 | I295: 6.92889e-07 | J295: 724.704 | K295: 0

Sheet 42vssOMP20
A1: Max threads OMP : 12 OpenMP version: 200203 :OpenMP 2,0 (2002) outdated
A2: PARAMETR_SIZE: 42 | B2: PARAMETR_SIZE_ONE_X: 21 | C2: MAX_VALUE_SIZE: 5 | D2: NAME_FILE_GRAPH: Parametr_Graph/test42,txt | E2: ANT_SIZE: 500 | F2: KOL_ITERATION: 500 | G2: KOL_PROGON_STATISTICS: 50 | H2: PARAMETR_Q: 1 | I2: PARAMETR_RO: 0,999 | J2: TYPE_ACO: 1 | K2: ACOCCyN_KOL_ITERATION: 50, MAX_PARAMETR_VALUE_TO_MIN_OPT: 1, HASH_TABLE_SIZE: 67108864, MAX_PROBES: 10000, MAX_THREAD_CUDA: 512, CPU_RANDOM: 0, KOL_THREAD_CPU_ANT: 12, CONST_RANDOM: 100000, MAX_CONST: 8000, OPTIMIZE: OPTIMIZE_MAX | L2: FUNCTION: GO_ALG_MINMAX: 1(1, 1000)
A3: Time non CUDA_time | B3: 1133.77 | C3: 752.719 | D3: 752.565 | E3: 751.513 | F3: 26.7827 | G3: 198.218 | H3: 52.2422 | I3: 23.0629 | J3: 76.6402 | K3: 494.222 | L3: 2.12491e-06 | M3: 724.704 | N3: 0
A4: Time non CUDA_time | B4: 1106.8 | C4: 726.306 | D4: 726.205 | E4: 725.319 | F4: 26.2655 | G4: 190.62 | H4: 48.8806 | I4: 22.5642 | J4: 72.0754 | K4: 477.507 | L4: 1.07788e-05 | M4: 724.702 | N4: 0
A5: Time non CUDA_time | B5: 1118.48 | C5: 741.915 | D5: 741.792 | E5: 740.903 | F5: 26.1055 | G5: 193.263 | H5: 50.8523 | I5: 21.9875 | J5: 73.4555 | K5: 489.515 | L5: 1.79888e-08 | M5: 724.704 | N5: 0
A6: Time non CUDA_time | B6: 1117.88 | C6: 750.075 | D6: 749.955 | E6: 748.943 | F6: 26.4197 | G6: 196.483 | H6: 51.2293 | I6: 23.714 | J6: 75.4162 | K6: 494.138 | L6: 8.02501e-07 | M6: 724.704 | N6: 0
A7: Time non CUDA_time | B7: 1124.65 | C7: 763.669 | D7: 763.466 | E7: 762.491 | F7: 29.5008 | G7: 201.748 | H7: 51.3946 | I7: 25.1206 | J7: 75.2504 | K7: 497.655 | L7: 1.35132e-06 | M7: 724.704 | N7: 0
A8: Time non CUDA_time | B8: 1147.74 | C8: 755.281 | D8: 755.145 | E8: 754.17 | F8: 27.1218 | G8: 198.169 | H8: 51.529 | I8: 22.7411 | J8: 76.8921 | K8: 496.9 | L8: 2.51747e-10 | M8: 724.704 | N8: 0
A9: Time non CUDA_time | B9: 1149.02 | C9: 770.304 | D9: 770.193 | E9: 769.281 | F9: 27.222 | G9: 195.994 | H9: 52.4706 | I9: 23.0684 | J9: 74.7146 | K9: 514.144 | L9: 4.5291e-07 | M9: 724.704 | N9: 0
A10: Time non CUDA_time | B10: 1148.24 | C10: 751.92 | D10: 751.797 | E10: 750.863 | F10: 27.6814 | G10: 202.249 | H10: 50.3221 | I10: 22.7391 | J10: 80.6063 | K10: 489.306 | L10: 3.57488e-06 | M10: 724.704 | N10: 0
A11: Time non CUDA_time | B11: 1103.33 | C11: 735.175 | D11: 735.077 | E11: 734.134 | F11: 27.0245 | G11: 186.875 | H11: 50.6725 | I11: 21.2037 | J11: 71.5227 | K11: 489.705 | L11: 4.34253e-07 | M11: 724.704 | N11: 0
A12: Time non CUDA_time | B12: 1088.2 | C12: 724.769 | D12: 724.673 | E12: 723.82 | F12: 26.1813 | G12: 186.517 | H12: 49.5485 | I12: 21.0431 | J12: 70.7543 | K12: 480.485 | L12: 3.048e-06 | M12: 724.704 | N12: 0
A13: Time non CUDA_time | B13: 1110.57 | C13: 740.801 | D13: 740.702 | E13: 739.694 | F13: 25.9105 | G13: 190.496 | H13: 50.5019 | I13: 21.8249 | J13: 73.3485 | K13: 490.21 | L13: 4.46218e-06 | M13: 724.704 | N13: 0
A14: Time non CUDA_time | B14: 1104.6 | C14: 738.513 | D14: 738.361 | E14: 737.475 | F14: 26.876 | G14: 190.784 | H14: 48.9138 | I14: 22.06 | J14: 72.1012 | K14: 486.646 | L14: 1.89646e-07 | M14: 724.704 | N14: 0
... A57: Time non CUDA_time | B57: 1097.64 | C57: 725.858 | D57: 725.762 | E57: 724.587 | F57: 27.1594 | G57: 188.959 | H57: 49.3758 | I57: 21.245 | J57: 71.6842 | K57: 477.059 | L57: 1.52383e-06 | M57: 724.704 | N57: 0
A58: Time non CUDA_time: | B58: 55540.537 | C58: sec
A59: Time non CUDA | B59: 978.658 | C59: 0 | D59: 0 | E59: 0 | F59: 0 | G59: 0 | H59: 0 | I59: 0 | J59: 0 | K59: 1.43153e-06 | L59: 724.704 | M59: 0
A60: Time non CUDA | B60: 981.463 | C60: 0 | D60: 0 | E60: 0 | F60: 0 | G60: 0 | H60: 0 | I60: 0 | J60: 0 | K60: 5.85089e-07 | L60: 724.704 | M60: 0
A61: Time non CUDA | B61: 993.927 | C61: 0 | D61: 0 | E61: 0 | F61: 0 | G61: 0 | H61: 0 | I61: 0 | J61: 0 | K61: 3.07928e-06 | L61: 724.704 | M61: 0
A62: Time non CUDA | B62: 989.83 | C62: 0 | D62: 0 | E62: 0 | F62: 0 | G62: 0 | H62: 0 | I62: 0 | J62: 0 | K62: 9.47455e-08 | L62: 724.704 | M62: 0
A63: Time non CUDA | B63: 994.095 | C63: 0 | D63: 0 | E63: 0 | F63: 0 | G63: 0 | H63: 0 | I63: 0 | J63: 0 | K63: 9.1776e-11 | L63: 724.704 | M63: 0
A64: Time non CUDA | B64: 1003.43 | C64: 0 | D64: 0 | E64: 0 | F64: 0 | G64: 0 | H64: 0 | I64: 0 | J64: 0 | K64: 8.80428e-07 | L64: 724.704 | M64: 0
A65: Time non CUDA | B65: 980.569 | C65: 0 | D65: 0 | E65: 0 | F65: 0 | G65: 0 | H65: 0 | I65: 0 | J65: 0 | K65: 9.28161e-08 | L65: 724.704 | M65: 0
A66: Time non CUDA | B66: 969.865 | C66: 0 | D66: 0 | E66: 0 | F66: 0 | G66: 0 | H66: 0 | I66: 0 | J66: 0 | K66: 7.319e-06 | L66: 724.704 | M66: 0
A67: Time non CUDA | B67: 971.085 | C67: 0 | D67: 0 | E67: 0 | F67: 0 | G67: 0 | H67: 0 | I67: 0 | J67: 0 | K67: 2.9597e-07 | L67: 724.704 | M67: 0
A68: Time non CUDA | B68: 983.611 | C68: 0 | D68: 0 | E68: 0 | F68: 0 | G68: 0 | H68: 0 | I68: 0 | J68: 0 | K68: 7.91903e-08 | L68: 724.704 | M68: 0
A69: Time non CUDA | B69: 979.953 | C69: 0 | D69: 0 | E69: 0 | F69: 0 | G69: 0 | H69: 0 | I69: 0 | J69: 0 | K69: 3.32862e-07 | L69: 724.704 | M69: 0
A70: Time non CUDA | B70: 970.132 | C70: 0 | D70: 0 | E70: 0 | F70: 0 | G70: 0 | H70: 0 | I70: 0 | J70: 0 | K70: 5.38502e-07 | L70: 724.704 | M70: 0
... A113: Time non CUDA | B113: 990.602 | C113: 0 | D113: 0 | E113: 0 | F113: 0 | G113: 0 | H113: 0 | I113: 0 | J113: 0 | K113: 2.2182e-06 | L113: 724.704 | M113: 0
A114: Time non CUDA: | B114: 49212.679 | C114: sec
A115: Time non CUDA non hash: | B115: 541.103 | C115: 540.536 | D115: 540.421 | E115: 539.61 | F115: 24.7297 | G115: 0 | H115: 47.897 | I115: 0 | J115: 1.83264e-08 | K115: 724.704 | L115: 0
A116: Time non CUDA non hash: | B116: 544.041 | C116: 543.548 | D116: 543.438 | E116: 542.337 | F116: 25.0075 | G116: 0 | H116: 48.5011 | I116: 0 | J116: 2.13202e-06 | K116: 724.704 | L116: 0
A117: Time non CUDA non hash: | B117: 538.196 | C117: 537.724 | D117: 537.633 | E117: 536.852 | F117: 25.094 | G117: 0 | H117: 47.6482 | I117: 0 | J117: 2.69678e-08 | K117: 724.704 | L117: 0
A118: Time non CUDA non hash: | B118: 540.743 | C118: 540.25 | D118: 540.156 | E118: 539.354 | F118: 25.295 | G118: 0 | H118: 47.6855 | I118: 0 | J118: 9.3778e-08 | K118: 724.704 | L118: 0
A119: Time non CUDA non hash: | B119: 539.205 | C119: 538.735 | D119: 538.643 | E119: 537.855 | F119: 25.5051 | G119: 0 | H119: 45.8976 | I119: 0 | J119: 5.57954e-08 | K119: 724.704 | L119: 0
A120: Time non CUDA non hash: | B120: 553.079 | C120: 552.612 | D120: 552.515 | E120: 551.667 | F120: 25.8763 | G120: 0 | H120: 47.375 | I120: 0 | J120: 1.95655e-05 | K120: 724.704 | L120: 0
A121: Time non CUDA non hash: | B121: 535.643 | C121: 535.148 | D121: 535.055 | E121: 534.267 | F121: 25.5529 | G121: 0 | H121: 49.4048 | I121: 0 | J121: 3.00324e-07 | K121: 724.703 | L121: 0
A122: Time non CUDA non hash: | B122: 542.65 | C122: 541.797 | D122: 541.695 | E122: 540.872 | F122: 26.3537 | G122: 0 | H122: 46.5945 | I122: 0 | J122: 5.86554e-07 | K122: 724.703 | L122: 0
A123: Time non CUDA non hash: | B123: 541.484 | C123: 540.981 | D123: 540.888 | E123: 540.037 | F123: 26.4054 | G123: 0 | H123: 46.1715 | I123: 0 | J123: 4.08462e-06 | K123: 724.704 | L123: 0
A124: Time non CUDA non hash: | B124: 545.069 | C124: 544.57 | D124: 544.441 | E124: 543.645 | F124: 25.2629 | G124: 0 | H124: 47.1344 | I124: 0 | J124: 5.78962e-09 | K124: 724.704 | L124: 0
A125: Time non CUDA non hash: | B125: 536.477 | C125: 535.977 | D125: 535.88 | E125: 534.991 | F125: 24.9418 | G125: 0 | H125: 45.9989 | I125: 0 | J125: 4.46794e-10 | K125: 724.703 | L125: 0
A126: Time non CUDA non hash: | B126: 543.091 | C126: 542.593 | D126: 542.501 | E126: 541.654 | F126: 25.909 | G126: 0 | H126: 48.4357 | I126: 0 | J126: 1.57503e-06 | K126: 724.704 | L126: 0
... A169: Time non CUDA non hash: | B169: 534.113 | C169: 533.63 | D169: 533.53 | E169: 532.708 | F169: 25.7701 | G169: 0 | H169: 46.73 | I169: 0 | J169: 2.02256e-05 | K169: 724.704 | L169: 0
A170: Time non CUDA non hash: | B170: 27066.136 | C170: sec
A171: Time classical ACO | B171: 60709.5 | C171: 10399.6 | D171: 10338.3 | E171: 10334.9 | F171: 250.789 | G171: 517.683 | H171: 205.207 | I171: 1.64189e-09 | J171: 724.251 | K171: 0
A172: Time classical ACO | B172: 56539.7 | C172: 10300.4 | D172: 10242.5 | E172: 10238.8 | F172: 250.477 | G172: 480.687 | H172: 200.928 | I172: 3.59111e-09 | J172: 724.014 | K172: 0
A173: Time classical ACO | B173: 57048 | C173: 10351.9 | D173: 10294.2 | E173: 10291 | F173: 252.389 | G173: 483.168 | H173: 203.479 | I173: 1.94816e-08 | J173: 724.235 | K173: 0
A174: Time classical ACO | B174: 56610.8 | C174: 10290.8 | D174: 10233.6 | E174: 10230.3 | F174: 249.723 | G174: 495.503 | H174: 200.311 | I174: 4.57729e-11 | J174: 724.34 | K174: 0
A175: Time classical ACO | B175: 56482.8 | C175: 10237 | D175: 10179 | E175: 10175.7 | F175: 249.943 | G175: 472.17 | H175: 203.963 | I175: 4.30278e-10 | J175: 724.703 | K175: 0
A176: Time classical ACO | B176: 56348.8 | C176: 10157.2 | D176: 10100.1 | E176: 10096.8 | F176: 247.103 | G176: 469.634 | H176: 199.938 | I176: 1.28974e-15 | J176: 724.53 | K176: 0
A177: Time classical ACO | B177: 56692.2 | C177: 10233.9 | D177: 10177.4 | E177: 10174 | F177: 248.044 | G177: 502.573 | H177: 200.068 | I177: 1.0189e-09 | J177: 724.688 | K177: 0
A178: Time classical ACO | B178: 57646.8 | C178: 10289.8 | D178: 10232.6 | E178: 10229.3 | F178: 250.107 | G178: 516.018 | H178: 200.082 | I178: 1.10148e-08 | J178: 724.479 | K178: 0
A179: Time classical ACO | B179: 56571.1 | C179: 10223.6 | D179: 10165.1 | E179: 10161.8 | F179: 248.164 | G179: 495.896 | H179: 200.641 | I179: 5.57701e-09 | J179: 724.388 | K179: 0
A180: Time classical ACO | B180: 55931.7 | C180: 10085.5 | D180: 10028.6 | E180: 10025.3 | F180: 243.946 | G180: 510.794 | H180: 198.782 | I180: 1.50478e-08 | J180: 724.09 | K180: 0
A181: Time classical ACO | B181: 57215.6 | C181: 10369.8 | D181: 10311.7 | E181: 10308.3 | F181: 252.902 | G181: 516.371 | H181: 202.646 | I181: 8.2922e-09 | J181: 724.089 | K181: 0
A182: Time classical ACO | B182: 57327.7 | C182: 10255.9 | D182: 10197.9 | E182: 10194.5 | F182: 251.158 | G182: 523.471 | H182: 203.11 | I182: 5.88286e-11 | J182: 724.55 | K182: 0
... A225: Time classical ACO | B225: 64017.9 | C225: 10304.7 | D225: 10246.8 | E225: 10243.3 | F225: 250.877 | G225: 517.12 | H225: 201.414 | I225: 5.44075e-11 | J225: 723.811 | K225: 0
A226: Time Classic ACO: | B226: 3033850.5 | C226: sec
A227: Time classical ACO non hash | B227: 10118.7 | C227: 10116.9 | D227: 9895.83 | E227: 9892.49 | F227: 242.235 | G227: 0 | H227: 209.126 | I227: 1.31401e-09 | J227: 724.69 | K227: 0
A228: Time classical ACO non hash | B228: 9956.16 | C228: 9954.95 | D228: 9897.45 | E228: 9894.09 | F228: 253.185 | G228: 0 | H228: 201.501 | I228: 3.26994e-12 | J228: 724.448 | K228: 0
A229: Time classical ACO non hash | B229: 9755.54 | C229: 9754.3 | D229: 9696.31 | E229: 9693.1 | F229: 247.586 | G229: 0 | H229: 198.944 | I229: 2.00039e-09 | J229: 724.698 | K229: 0
A230: Time classical ACO non hash | B230: 9749.68 | C230: 9748.52 | D230: 9690.7 | E230: 9687.43 | F230: 247.054 | G230: 0 | H230: 201.319 | I230: 7.38932e-13 | J230: 724.661 | K230: 0
A231: Time classical ACO non hash | B231: 9766.3 | C231: 9765.28 | D231: 9708.16 | E231: 9704.96 | F231: 234.154 | G231: 0 | H231: 200.029 | I231: 6.04705e-09 | J231: 724.444 | K231: 0
A232: Time classical ACO non hash | B232: 9915.72 | C232: 9914.7 | D232: 9856.9 | E232: 9853.46 | F232: 250.431 | G232: 0 | H232: 203.489 | I232: 9.10838e-11 | J232: 724.512 | K232: 0
A233: Time classical ACO non hash | B233: 9884.07 | C233: 9883 | D233: 9822.71 | E233: 9819.35 | F233: 253.956 | G233: 0 | H233: 204.684 | I233: 4.01981e-08 | J233: 724.685 | K233: 0
A234: Time classical ACO non hash | B234: 9882.3 | C234: 9880.67 | D234: 9822.18 | E234: 9818.75 | F234: 249.866 | G234: 0 | H234: 202.562 | I234: 5.66207e-09 | J234: 724.635 | K234: 0
A235: Time classical ACO non hash | B235: 9828.51 | C235: 9826.4 | D235: 9767.6 | E235: 9764.34 | F235: 238.868 | G235: 0 | H235: 201.848 | I235: 9.50677e-10 | J235: 724.64 | K235: 0
A236: Time classical ACO non hash | B236: 9840.68 | C236: 9839.59 | D236: 9781.69 | E236: 9778.38 | F236: 254.6 | G236: 0 | H236: 200.832 | I236: 1.32145e-11 | J236: 724.281 | K236: 0
A237: Time classical ACO non hash | B237: 9858.48 | C237: 9857.47 | D237: 9798.56 | E237: 9795.29 | F237: 248.269 | G237: 0 | H237: 201.117 | I237: 1.73243e-14 | J237: 724.229 | K237: 0
A238: Time classical ACO non hash | B238: 9848.1 | C238: 9847.06 | D238: 9788.81 | E238: 9785.54 | F238: 251.91 | G238: 0 | H238: 201.14 | I238: 9.83766e-09 | J238: 723.652 | K238: 0
... A281: Time classical ACO non hash | B281: 9888.17 | C281: 9887.28 | D281: 9828.66 | E281: 9825.39 | F281: 235.294 | G281: 0 | H281: 202.417 | I281: 2.69487e-08 | J281: 724.648 | K281: 0
A282: Time Classic ACO non hash: | B282: 495759.07 | C282: sec
A283: Time omp: | B283: 601.612 | C283: 216.049 | D283: 215.856 | E283: 213.967 | F283: 42.9698 | G283: 1365.87 | H283: 174.798 | I283: 9.74536e-07 | J283: 724.704 | K283: 0
A284: Time omp: | B284: 578.024 | C284: 188.075 | D284: 187.9 | E284: 186.731 | F284: 18.143 | G284: 1355.75 | H284: 165.498 | I284: 2.0122e-09 | J284: 724.704 | K284: 0
A285: Time omp: | B285: 574.46 | C285: 187.718 | D285: 187.545 | E285: 186.362 | F285: 18.1435 | G285: 1348.81 | H285: 166.286 | I285: 9.92149e-07 | J285: 724.704 | K285: 0
A286: Time omp: | B286: 570.761 | C286: 188.23 | D286: 188.056 | E286: 186.902 | F286: 18.3488 | G286: 1350.25 | H286: 165.357 | I286: 5.96301e-06 | J286: 724.704 | K286: 0
A287: Time omp: | B287: 570.757 | C287: 191.922 | D287: 191.739 | E287: 190.312 | F287: 19.2665 | G287: 1371.37 | H287: 167.952 | I287: 2.22811e-06 | J287: 724.704 | K287: 0
A288: Time omp: | B288: 571.26 | C288: 189.853 | D288: 189.676 | E288: 188.141 | F288: 19.1809 | G288: 1349.14 | H288: 169.763 | I288: 4.05989e-09 | J288: 724.704 | K288: 0
A289: Time omp: | B289: 573.886 | C289: 189.772 | D289: 189.562 | E289: 188.112 | F289: 19.0954 | G289: 1348.17 | H289: 167.459 | I289: 6.01656e-06 | J289: 724.704 | K289: 0
A290: Time omp: | B290: 582.424 | C290: 190.447 | D290: 190.272 | E290: 188.961 | F290: 18.4688 | G290: 1366.99 | H290: 167.821 | I290: 5.41547e-05 | J290: 724.704 | K290: 0
A291: Time omp: | B291: 578.073 | C291: 193.086 | D291: 192.909 | E291: 191.504 | F291: 18.7894 | G291: 1358.46 | H291: 169.395 | I291: 4.21818e-06 | J291: 724.703 | K291: 0
A292: Time omp: | B292: 564.466 | C292: 187.27 | D292: 187.099 | E292: 186.007 | F292: 17.9529 | G292: 1349.12 | H292: 165.97 | I292: 1.25863e-06 | J292: 724.704 | K292: 0
A293: Time omp: | B293: 582.409 | C293: 190.041 | D293: 189.858 | E293: 188.372 | F293: 19.2808 | G293: 1347.93 | H293: 169.918 | I293: 1.96454e-06 | J293: 724.704 | K293: 0
A294: Time omp: | B294: 572.234 | C294: 190.761 | D294: 190.581 | E294: 189.231 | F294: 18.7228 | G294: 1369.72 | H294: 167.327 | I294: 3.18803e-07 | J294: 724.702 | K294: 0
... A337: Time omp: | B337: 578.602 | C337: 189.429 | D337: 189.249 | E337: 187.97 | F337: 18.7112 | G337: 1360.52 | H337: 167.295 | I337: 1.31e-12 | J337: 724.704 | K337: 0
A338: Time omp: | B338: 28999.732 | C338: sec
A339: Time omp non hash: | B339: 74.1513 | C339: 73.2797 | D339: 73.1097 | E339: 71.7427 | F339: 18.8591 | G339: 0 | H339: 216.843 | I339: 1.11451e-06 | J339: 724.704 | K339: 0
A340: Time omp non hash: | B340: 72.957 | C340: 72.0333 | D340: 71.8663 | E340: 70.7234 | F340: 19.1384 | G340: 0 | H340: 223.557 | I340: 3.1176e-06 | J340: 724.704 | K340: 0
A341: Time omp non hash: | B341: 71.5136 | C341: 70.6953 | D341: 70.5272 | E341: 69.4683 | F341: 18.6326 | G341: 0 | H341: 224.736 | I341: 3.04417e-08 | J341: 724.704 | K341: 0
A342: Time omp non hash: | B342: 76.0278 | C342: 75.1331 | D342: 74.9588 | E342: 73.5592 | F342: 19.7044 | G342: 0 | H342: 222.59 | I342: 1.80925e-06 | J342: 724.704 | K342: 0
A343: Time omp non hash: | B343: 85.3056 | C343: 84.4 | D343: 84.2271 | E343: 82.3886 | F343: 21.2405 | G343: 0 | H343: 222.288 | I343: 1.92571e-07 | J343: 724.704 | K343: 0
A344: Time omp non hash: | B344: 73.5965 | C344: 72.6211 | D344: 72.4532 | E344: 71.3008 | F344: 19.2606 | G344: 0 | H344: 223.799 | I344: 8.33487e-07 | J344: 724.704 | K344: 0
A345: Time omp non hash: | B345: 71.8904 | C345: 70.8641 | D345: 70.6936 | E345: 69.5582 | F345: 18.5726 | G345: 0 | H345: 224.014 | I345: 5.12211e-09 | J345: 724.704 | K345: 0
A346: Time omp non hash: | B346: 72.2187 | C346: 71.3137 | D346: 71.1462 | E346: 70.0649 | F346: 18.6958 | G346: 0 | H346: 223.361 | I346: 2.18232e-08 | J346: 724.704 | K346: 0
A347: Time omp non hash: | B347: 73.4103 | C347: 72.5041 | D347: 72.331 | E347: 71.1797 | F347: 18.9318 | G347: 0 | H347: 224.78 | I347: 3.20975e-08 | J347: 724.704 | K347: 0
A348: Time omp non hash: | B348: 72.9753 | C348: 72.0939 | D348: 71.9163 | E348: 70.7891 | F348: 18.9608 | G348: 0 | H348: 223.366 | I348: 6.00898e-07 | J348: 724.704 | K348: 0
A349: Time omp non hash: | B349: 76.0753 | C349: 75.1799 | D349: 75.0096 | E349: 73.6692 | F349: 19.4774 | G349: 0 | H349: 220.527 | I349: 1.96513e-06 | J349: 724.703 | K349: 0
A350: Time omp non hash: | B350: 81.8357 | C350: 80.9 | D350: 80.7217 | E350: 79.1612 | F350: 20.178 | G350: 0 | H350: 218.828 | I350: 1.36482e-07 | J350: 724.704 | K350: 0
... A393: Time omp non hash: | B393: 72.5812 | C393: 71.67 | D393: 71.5018 | E393: 70.3459 | F393: 19.1212 | G393: 0 | H393: 225.044 | I393: 8.43268e-08 | J393: 724.704 | K393: 0
A394: Time omp non hash: | B394: 3857.9537 | C394: sec
...

Sheet 42superOMP45
A1: Max threads OMP : 32 OpenMP version: 201511 :OpenMP 4,5 (2015) optimal
A2: PARAMETR_SIZE: 42 | B2: PARAMETR_SIZE_ONE_X: 21 | C2: MAX_VALUE_SIZE: 5 | D2: NAME_FILE_GRAPH: Parametr_Graph/test42,txt | E2: ANT_SIZE: 500 | F2: KOL_ITERATION: 500 | G2: KOL_PROGON_STATISTICS: 50 | H2: PARAMETR_Q: 1 | I2: PARAMETR_RO: 0,999 | J2: TYPE_ACO: 1 | K2: ACOCCyN_KOL_ITERATION: 50, MAX_PARAMETR_VALUE_TO_MIN_OPT: 1, HASH_TABLE_SIZE: 67108864, MAX_PROBES: 10000, MAX_THREAD_CUDA: 512, CPU_RANDOM: 0, KOL_THREAD_CPU_ANT: 12, CONST_RANDOM: 100000, MAX_CONST: 8000, OPTIMIZE: OPTIMIZE_MAX | L2: FUNCTION: GO_ALG_MINMAX: 1(1, 1000)
A3: Time non CUDA_time | B3: 606.556 | C3: 416.3 | D3: 416.28 | E3: 415.85 | F3: 19.0602 | G3: 166.275 | H3: 65.7559 | I3: 19.2767 | J3: 61.442 | K3: 217.146 | L3: 5.62359e-07 | M3: 724.704 | N3: 321
A4: Time non CUDA_time | B4: 606.607 | C4: 420.549 | D4: 420.526 | E4: 420.102 | F4: 19.2458 | G4: 167.376 | H4: 66.5973 | I4: 19.3135 | J4: 61.4084 | K4: 219.85 | L4: 1.17873e-07 | M4: 724.704 | N4: 0
A5: Time non CUDA_time | B5: 635.667 | C5: 448.702 | D5: 448.679 | E5: 448.217 | F5: 21.8522 | G5: 176.141 | H5: 71.1997 | I5: 20.77 | J5: 62.525 | K5: 235.724 | L5: 1.91429e-06 | M5: 724.704 | N5: 0
A6: Time non CUDA_time | B6: 690.955 | C6: 492.85 | D6: 492.825 | E6: 492.331 | F6: 22.6807 | G6: 190.89 | H6: 79.6669 | I6: 23.3159 | J6: 63.9054 | K6: 262.599 | L6: 4.27116e-08 | M6: 724.704 | N6: 0
A7: Time non CUDA_time | B7: 634.414 | C7: 449.502 | D7: 449.48 | E7: 449.028 | F7: 21.4317 | G7: 174.53 | H7: 71.9654 | I7: 21.0472 | J7: 59.7271 | K7: 238.407 | L7: 4.19951e-06 | M7: 724.704 | N7: 0
A8: Time non CUDA_time | B8: 607.012 | C8: 423.707 | D8: 423.683 | E8: 423.271 | F8: 18.9313 | G8: 167.387 | H8: 67.6772 | I8: 19.8223 | J8: 59.6027 | K8: 223.283 | L8: 5.43419e-09 | M8: 724.704 | N8: 0
A9: Time non CUDA_time | B9: 599.291 | C9: 411.302 | D9: 411.282 | E9: 410.891 | F9: 18.5346 | G9: 167.378 | H9: 63.8994 | I9: 18.9537 | J9: 65.2276 | K9: 212.04 | L9: 6.47426e-09 | M9: 724.704 | N9: 0
A10: Time non CUDA_time | B10: 586.791 | C10: 401.973 | D10: 401.952 | E10: 401.536 | F10: 18.3422 | G10: 158.711 | H10: 63.9024 | I10: 18.6765 | J10: 56.7638 | K10: 211.453 | L10: 2.64413e-05 | M10: 724.704 | N10: 0
A11: Time non CUDA_time | B11: 630.908 | C11: 444.438 | D11: 444.418 | E11: 444.015 | F11: 18.4721 | G11: 201.747 | H11: 66.3311 | I11: 20.1413 | J11: 96.0345 | K11: 210.82 | L11: 7.26261e-08 | M11: 724.704 | N11: 0
A12: Time non CUDA_time | B12: 594.438 | C12: 406.8 | D12: 406.779 | E12: 406.354 | F12: 18.329 | G12: 160.224 | H12: 64.644 | I12: 18.9348 | J12: 57.1523 | K12: 214.619 | L12: 1.73541e-06 | M12: 724.704 | N12: 134
A13: Time non CUDA_time | B13: 673.842 | C13: 483.782 | D13: 483.761 | E13: 483.367 | F13: 18.636 | G13: 240.705 | H13: 66.6 | I13: 21.3393 | J13: 133.576 | K13: 211.085 | L13: 8.72733e-09 | M13: 724.704 | N13: 0
A14: Time non CUDA_time | B14: 586.01 | C14: 401.628 | D14: 401.608 | E14: 401.215 | F14: 18.5483 | G14: 158.545 | H14: 63.7926 | I14: 18.7332 | J14: 56.8387 | K14: 211.128 | L14: 4.73393e-06 | M14: 724.704 | N14: 0
... A57: Time non CUDA_time | B57: 636.396 | C57: 444.217 | D57: 444.183 | E57: 443.714 | F57: 21.2352 | G57: 172.598 | H57: 70.9621 | I57: 20.828 | J57: 59.3774 | K57: 235.473 | L57: 2.64199e-07 | M57: 724.704 | N57: 0
A58: Time non CUDA_time: | B58: 31853.691 | C58: sec
A59: Time non CUDA | B59: 561.802 | C59: 0 | D59: 0 | E59: 0 | F59: 0 | G59: 0 | H59: 0 | I59: 0 | J59: 0 | K59: 4.09691e-06 | L59: 724.704 | M59: 0
A60: Time non CUDA | B60: 530.754 | C60: 0 | D60: 0 | E60: 0 | F60: 0 | G60: 0 | H60: 0 | I60: 0 | J60: 0 | K60: 7.86173e-07 | L60: 724.704 | M60: 0
A61: Time non CUDA | B61: 531.082 | C61: 0 | D61: 0 | E61: 0 | F61: 0 | G61: 0 | H61: 0 | I61: 0 | J61: 0 | K61: 2.69881e-07 | L61: 724.704 | M61: 0
A62: Time non CUDA | B62: 530.225 | C62: 0 | D62: 0 | E62: 0 | F62: 0 | G62: 0 | H62: 0 | I62: 0 | J62: 0 | K62: 9.67608e-06 | L62: 724.703 | M62: 0
A63: Time non CUDA | B63: 526.739 | C63: 0 | D63: 0 | E63: 0 | F63: 0 | G63: 0 | H63: 0 | I63: 0 | J63: 0 | K63: 2.01985e-06 | L63: 724.704 | M63: 0
A64: Time non CUDA | B64: 531.296 | C64: 0 | D64: 0 | E64: 0 | F64: 0 | G64: 0 | H64: 0 | I64: 0 | J64: 0 | K64: 7.90354e-06 | L64: 724.704 | M64: 0
A65: Time non CUDA | B65: 544.886 | C65: 0 | D65: 0 | E65: 0 | F65: 0 | G65: 0 | H65: 0 | I65: 0 | J65: 0 | K65: 3.74363e-07 | L65: 724.704 | M65: 0
A66: Time non CUDA | B66: 569.899 | C66: 0 | D66: 0 | E66: 0 | F66: 0 | G66: 0 | H66: 0 | I66: 0 | J66: 0 | K66: 5.431e-08 | L66: 724.704 | M66: 0
A67: Time non CUDA | B67: 562.576 | C67: 0 | D67: 0 | E67: 0 | F67: 0 | G67: 0 | H67: 0 | I67: 0 | J67: 0 | K67: 6.18684e-08 | L67: 724.704 | M67: 0
A68: Time non CUDA | B68: 555.069 | C68: 0 | D68: 0 | E68: 0 | F68: 0 | G68: 0 | H68: 0 | I68: 0 | J68: 0 | K68: 1.10261e-05 | L68: 724.704 | M68: 0
A69: Time non CUDA | B69: 558.063 | C69: 0 | D69: 0 | E69: 0 | F69: 0 | G69: 0 | H69: 0 | I69: 0 | J69: 0 | K69: 7.26264e-06 | L69: 724.704 | M69: 0
A70: Time non CUDA | B70: 533.215 | C70: 0 | D70: 0 | E70: 0 | F70: 0 | G70: 0 | H70: 0 | I70: 0 | J70: 0 | K70: 5.6339e-07 | L70: 724.704 | M70: 0
... A113: Time non CUDA | B113: 642.189 | C113: 0 | D113: 0 | E113: 0 | F113: 0 | G113: 0 | H113: 0 | I113: 0 | J113: 0 | K113: 2.07194e-05 | L113: 724.704 | M113: 0
A114: Time non CUDA: | B114: 28086.556 | C114: sec
A115: Time non CUDA non hash: | B115: 296.999 | C115: 296.92 | D115: 296.904 | E115: 296.518 | F115: 14.4589 | G115: 0 | H115: 61.9488 | I115: 0 | J115: 1.22916e-07 | K115: 724.704 | L115: 0
A116: Time non CUDA non hash: | B116: 287.566 | C116: 287.51 | D116: 287.496 | E116: 287.118 | F116: 13.9518 | G116: 0 | H116: 59.8192 | I116: 0 | J116: 5.35577e-08 | K116: 724.704 | L116: 0
A117: Time non CUDA non hash: | B117: 286.676 | C117: 286.627 | D117: 286.613 | E117: 286.241 | F117: 13.9016 | G117: 0 | H117: 59.6098 | I117: 0 | J117: 1.79544e-07 | K117: 724.704 | L117: 0
A118: Time non CUDA non hash: | B118: 296.02 | C118: 295.968 | D118: 295.953 | E118: 295.564 | F118: 14.3621 | G118: 0 | H118: 61.7089 | I118: 0 | J118: 2.34638e-06 | K118: 724.704 | L118: 0
A119: Time non CUDA non hash: | B119: 295.767 | C119: 295.716 | D119: 295.7 | E119: 295.317 | F119: 14.3476 | G119: 0 | H119: 61.3636 | I119: 0 | J119: 2.53791e-06 | K119: 724.704 | L119: 0
A120: Time non CUDA non hash: | B120: 289.037 | C120: 288.985 | D120: 288.971 | E120: 288.583 | F120: 14.0395 | G120: 0 | H120: 60.2714 | I120: 0 | J120: 7.23482e-06 | K120: 724.704 | L120: 0
A121: Time non CUDA non hash: | B121: 284.931 | C121: 284.882 | D121: 284.867 | E121: 284.496 | F121: 13.9402 | G121: 0 | H121: 59.2855 | I121: 0 | J121: 5.71251e-07 | K121: 724.704 | L121: 0
A122: Time non CUDA non hash: | B122: 295.369 | C122: 295.32 | D122: 295.305 | E122: 294.927 | F122: 14.3517 | G122: 0 | H122: 61.4565 | I122: 0 | J122: 2.08325e-06 | K122: 724.704 | L122: 0
A123: Time non CUDA non hash: | B123: 297.771 | C123: 297.72 | D123: 297.705 | E123: 297.324 | F123: 14.423 | G123: 0 | H123: 61.9892 | I123: 0 | J123: 7.27503e-06 | K123: 724.704 | L123: 0
A124: Time non CUDA non hash: | B124: 316.999 | C124: 316.947 | D124: 316.93 | E124: 316.523 | F124: 16.3274 | G124: 0 | H124: 65.7324 | I124: 0 | J124: 9.74841e-08 | K124: 724.704 | L124: 0
A125: Time non CUDA non hash: | B125: 332.829 | C125: 332.769 | D125: 332.752 | E125: 332.329 | F125: 22.1149 | G125: 0 | H125: 67.8495 | I125: 0 | J125: 9.47953e-09 | K125: 724.704 | L125: 0
A126: Time non CUDA non hash: | B126: 331.74 | C126: 331.684 | D126: 331.666 | E126: 331.245 | F126: 20.8783 | G126: 0 | H126: 67.7913 | I126: 0 | J126: 1.62214e-05 | K126: 724.704 | L126: 0
... A169: Time non CUDA non hash: | B169: 327.554 | C169: 327.498 | D169: 327.481 | E169: 327.038 | F169: 18.341 | G169: 0 | H169: 67.4536 | I169: 0 | J169: 1.22183e-07 | K169: 724.704 | L169: 0
A170: Time non CUDA non hash: | B170: 15392.709 | C170: sec
A171: Time classical ACO | B171: 3337.99 | C171: 1531.33 | D171: 1525.7 | E171: 1525.48 | F171: 13.6142 | G171: 173.235 | H171: 75.3343 | I171: 2.03038e-10 | J171: 724.391 | K171: 0
A172: Time classical ACO | B172: 3285.41 | C172: 1539.55 | D172: 1533.91 | E172: 1533.68 | F172: 13.6983 | G172: 173.114 | H172: 75.0803 | I172: 9.47048e-11 | J172: 724.31 | K172: 0
A173: Time classical ACO | B173: 3384.89 | C173: 1571.28 | D173: 1565.62 | E173: 1565.38 | F173: 13.8876 | G173: 192.993 | H173: 75.6288 | I173: 3.07947e-09 | J173: 724.576 | K173: 0
A174: Time classical ACO | B174: 3340.6 | C174: 1570.75 | D174: 1565 | E174: 1564.77 | F174: 13.919 | G174: 175.914 | H174: 76.6963 | I174: 7.89273e-09 | J174: 724.511 | K174: 0
A175: Time classical ACO | B175: 3248.26 | C175: 1511.76 | D175: 1506.27 | E175: 1506.03 | F175: 13.4197 | G175: 170.529 | H175: 73.6773 | I175: 3.13573e-11 | J175: 724.624 | K175: 0
A176: Time classical ACO | B176: 3268.26 | C176: 1526.31 | D176: 1520.75 | E176: 1520.52 | F176: 13.5472 | G176: 174.098 | H176: 75.1062 | I176: 3.21607e-09 | J176: 724.653 | K176: 0
A177: Time classical ACO | B177: 3248.19 | C177: 1489.81 | D177: 1484.38 | E177: 1484.16 | F177: 13.2087 | G177: 169.389 | H177: 73.4798 | I177: 1.24481e-09 | J177: 724.41 | K177: 0
A178: Time classical ACO | B178: 3247.7 | C178: 1515.53 | D178: 1509.99 | E178: 1509.76 | F178: 13.4326 | G178: 170.57 | H178: 73.8004 | I178: 2.24001e-10 | J178: 724.603 | K178: 0
A179: Time classical ACO | B179: 3315.47 | C179: 1549.64 | D179: 1543.91 | E179: 1543.68 | F179: 13.7929 | G179: 175.445 | H179: 75.6385 | I179: 2.49375e-08 | J179: 724.498 | K179: 0
A180: Time classical ACO | B180: 3277.51 | C180: 1474.08 | D180: 1468.69 | E180: 1468.47 | F180: 13.0602 | G180: 167.459 | H180: 71.865 | I180: 1.28808e-08 | J180: 724.022 | K180: 0
A181: Time classical ACO | B181: 3199.49 | C181: 1493.24 | D181: 1487.8 | E181: 1487.58 | F181: 13.2152 | G181: 169.609 | H181: 73.3849 | I181: 2.16819e-10 | J181: 724.606 | K181: 0
A182: Time classical ACO | B182: 3420.6 | C182: 1591.28 | D182: 1585.6 | E182: 1585.37 | F182: 13.8276 | G182: 206.478 | H182: 76.588 | I182: 1.37916e-09 | J182: 724.1 | K182: 0
... A225: Time classical ACO | B225: 3396.24 | C225: 1647.29 | D225: 1641.22 | E225: 1640.98 | F225: 14.614 | G225: 183.406 | H225: 80.4362 | I225: 1.26652e-08 | J225: 723.382 | K225: 0
A226: Time Classic ACO: | B226: 165564.28 | C226: sec
A227: Time classical ACO non hash | B227: 1428.9 | C227: 1428.79 | D227: 1423.81 | E227: 1423.6 | F227: 12.4279 | G227: 0 | H227: 78.8008 | I227: 3.44833e-09 | J227: 724.446 | K227: 0
A228: Time classical ACO non hash | B228: 1387.48 | C228: 1387.39 | D228: 1382.59 | E228: 1382.38 | F228: 12.1269 | G228: 0 | H228: 76.7019 | I228: 3.63025e-09 | J228: 724.646 | K228: 0
A229: Time classical ACO non hash | B229: 1436.36 | C229: 1436.27 | D229: 1431.32 | E229: 1431.11 | F229: 12.5076 | G229: 0 | H229: 79.3501 | I229: 8.84026e-11 | J229: 724.482 | K229: 0
A230: Time classical ACO non hash | B230: 1456.99 | C230: 1456.9 | D230: 1451.87 | E230: 1451.65 | F230: 12.7135 | G230: 0 | H230: 80.4099 | I230: 2.18548e-09 | J230: 724.407 | K230: 0
A231: Time classical ACO non hash | B231: 1424.61 | C231: 1424.52 | D231: 1419.58 | E231: 1419.36 | F231: 12.4696 | G231: 0 | H231: 78.6212 | I231: 3.21482e-15 | J231: 724.672 | K231: 0
A232: Time classical ACO non hash | B232: 1525.83 | C232: 1525.74 | D232: 1520.41 | E232: 1520.19 | F232: 13.3953 | G232: 0 | H232: 84.2707 | I232: 4.76441e-10 | J232: 724.64 | K232: 0
A233: Time classical ACO non hash | B233: 1558.61 | C233: 1558.5 | D233: 1553.09 | E233: 1552.86 | F233: 13.6613 | G233: 0 | H233: 86.0924 | I233: 1.20159e-08 | J233: 724.691 | K233: 0
A234: Time classical ACO non hash | B234: 1397.9 | C234: 1397.81 | D234: 1392.96 | E234: 1392.76 | F234: 12.2238 | G234: 0 | H234: 77.2111 | I234: 8.07027e-09 | J234: 724.664 | K234: 0
A235: Time classical ACO non hash | B235: 1363.51 | C235: 1363.42 | D235: 1358.68 | E235: 1358.48 | F235: 11.947 | G235: 0 | H235: 75.3533 | I235: 2.47328e-09 | J235: 724.558 | K235: 0
A236: Time classical ACO non hash | B236: 1423.91 | C236: 1423.82 | D236: 1418.89 | E236: 1418.68 | F236: 12.463 | G236: 0 | H236: 78.6418 | I236: 3.60231e-09 | J236: 724.278 | K236: 0
A237: Time classical ACO non hash | B237: 1449.63 | C237: 1449.55 | D237: 1444.51 | E237: 1444.3 | F237: 12.7194 | G237: 0 | H237: 79.9769 | I237: 1.37944e-08 | J237: 724.501 | K237: 0
A238: Time classical ACO non hash | B238: 1425.54 | C238: 1425.45 | D238: 1420.5 | E238: 1420.29 | F238: 12.387 | G238: 0 | H238: 78.9389 | I238: 6.33673e-08 | J238: 724.467 | K238: 0
... A281: Time classical ACO non hash | B281: 1427.35 | C281: 1427.25 | D281: 1422.33 | E281: 1422.12 | F281: 12.48 | G281: 0 | H281: 78.785 | I281: 6.26776e-10 | J281: 723.138 | K281: 0
A282: Time Classic ACO non hash: | B282: 72933.167 | C282: sec
A283: Time omp: | B283: 688.434 | C283: 482.993 | D283: 482.968 | E283: 478.195 | F283: 49.7653 | G283: 11252.9 | H283: 1210.44 | I283: 2.1652e-06 | J283: 724.704 | K283: 0
A284: Time omp: | B284: 675.716 | C284: 481.62 | D284: 481.595 | E284: 476.858 | F284: 49.5963 | G284: 11207.2 | H284: 1178.82 | I284: 1.07597e-06 | J284: 724.704 | K284: 0
A285: Time omp: | B285: 671.419 | C285: 478.193 | D285: 478.169 | E285: 473.351 | F285: 49.3528 | G285: 11205.6 | H285: 1173.77 | I285: 6.17088e-07 | J285: 724.701 | K285: 0
A286: Time omp: | B286: 680.962 | C286: 486.069 | D286: 486.044 | E286: 480.216 | F286: 49.8826 | G286: 11209.6 | H286: 1193.38 | I286: 1.27037e-07 | J286: 724.704 | K286: 0
A287: Time omp: | B287: 676.75 | C287: 482.632 | D287: 482.607 | E287: 477.793 | F287: 49.5147 | G287: 11203.8 | H287: 1178.8 | I287: 2.11537e-05 | J287: 724.704 | K287: 0
A288: Time omp: | B288: 693.756 | C288: 495.875 | D288: 495.848 | E288: 491.059 | F288: 49.8722 | G288: 11256.8 | H288: 1193.72 | I288: 9.19771e-08 | J288: 724.704 | K288: 0
A289: Time omp: | B289: 770.464 | C289: 581.396 | D289: 581.372 | E289: 576.161 | F289: 50.8644 | G289: 11274.8 | H289: 1366.58 | I289: 4.31774e-07 | J289: 724.704 | K289: 0
A290: Time omp: | B290: 783.438 | C290: 584.168 | D290: 584.144 | E290: 579.194 | F290: 50.2998 | G290: 11174.4 | H290: 1380.78 | I290: 2.87174e-08 | J290: 724.704 | K290: 0
A291: Time omp: | B291: 979.54 | C291: 783.903 | D291: 783.878 | E291: 778.485 | F291: 50.4315 | G291: 16518.4 | H291: 1376.47 | I291: 5.03295e-08 | J291: 724.703 | K291: 0
A292: Time omp: | B292: 1065.47 | C292: 832.976 | D292: 832.939 | E292: 827.695 | F292: 50.8366 | G292: 20006 | H292: 1178.98 | I292: 9.71026e-08 | J292: 724.704 | K292: 0
A293: Time omp: | B293: 876.379 | C293: 671.399 | D293: 671.365 | E293: 665.152 | F293: 54.5185 | G293: 15634.8 | H293: 1180.82 | I293: 2.05432e-07 | J293: 724.704 | K293: 0
A294: Time omp: | B294: 770.738 | C294: 575.116 | D294: 575.091 | E294: 568.865 | F294: 54.1802 | G294: 13171.9 | H294: 1179.86 | I294: 4.55917e-07 | J294: 724.704 | K294: 0
... A337: Time omp: | B337: 737.131 | C337: 541.97 | D337: 541.945 | E337: 536.84 | F337: 53.6604 | G337: 12459.5 | H337: 1184.71 | I337: 1.1723e-06 | J337: 724.704 | K337: 0
A338: Time omp: | B338: 37233.406 | C338: sec
A339: Time omp non hash: | B339: 172.813 | C339: 172.734 | D339: 172.711 | E339: 167.128 | F339: 57.6076 | G339: 0 | H339: 1675.61 | I339: 3.44637e-07 | J339: 724.702 | K339: 0
A340: Time omp non hash: | B340: 151.655 | C340: 151.586 | D340: 151.566 | E340: 146.511 | F340: 49.5225 | G340: 0 | H340: 1287.41 | I340: 3.5725e-08 | J340: 724.704 | K340: 0
A341: Time omp non hash: | B341: 153.272 | C341: 153.205 | D341: 153.185 | E341: 148.161 | F341: 50.6504 | G341: 0 | H341: 1296.02 | I341: 9.26228e-07 | J341: 724.704 | K341: 0
A342: Time omp non hash: | B342: 150.654 | C342: 150.589 | D342: 150.57 | E342: 145.483 | F342: 49.7544 | G342: 0 | H342: 1293.1 | I342: 3.9219e-08 | J342: 724.704 | K342: 0
A343: Time omp non hash: | B343: 153.447 | C343: 153.38 | D343: 153.36 | E343: 148.315 | F343: 49.9681 | G343: 0 | H343: 1304.16 | I343: 1.07696e-06 | J343: 724.704 | K343: 0
A344: Time omp non hash: | B344: 150.069 | C344: 150.004 | D344: 149.985 | E344: 144.966 | F344: 49.3665 | G344: 0 | H344: 1289.35 | I344: 5.54536e-08 | J344: 724.704 | K344: 0
A345: Time omp non hash: | B345: 150.376 | C345: 150.306 | D345: 150.286 | E345: 145.255 | F345: 49.5291 | G345: 0 | H345: 1298.88 | I345: 3.54461e-07 | J345: 724.704 | K345: 0
A346: Time omp non hash: | B346: 153.998 | C346: 153.935 | D346: 153.915 | E346: 148.913 | F346: 50.7799 | G346: 0 | H346: 1299.37 | I346: 1.44634e-06 | J346: 724.704 | K346: 0
A347: Time omp non hash: | B347: 154.624 | C347: 154.562 | D347: 154.541 | E347: 149.493 | F347: 50.1089 | G347: 0 | H347: 1308.45 | I347: 2.61117e-09 | J347: 724.704 | K347: 0
A348: Time omp non hash: | B348: 156.569 | C348: 156.503 | D348: 156.483 | E348: 151.435 | F348: 50.1321 | G348: 0 | H348: 1307.99 | I348: 5.46602e-07 | J348: 724.704 | K348: 0
A349: Time omp non hash: | B349: 157.149 | C349: 157.086 | D349: 157.066 | E349: 151.988 | F349: 50.9228 | G349: 0 | H349: 1300.95 | I349: 1.00427e-06 | J349: 724.704 | K349: 0
A350: Time omp non hash: | B350: 156.913 | C350: 156.845 | D350: 156.825 | E350: 151.809 | F350: 50.1436 | G350: 0 | H350: 1309.69 | I350: 6.61958e-05 | J350: 724.704 | K350: 0
... A393: Time omp non hash: | B393: 153.524 | C393: 153.459 | D393: 153.432 | E393: 148.355 | F393: 49.6134 | G393: 0 | H393: 1288.18 | I393: 1.03918e-06 | J393: 724.704 | K393: 0
A394: Time omp non hash: | B394: 8806.4756 | C394: sec
...

Sheet itog
A1: 2 | B1: 56 | C1: 5 | D1: 49
A2: 42clangOMP31 | B2: 0 | C2: 1 | D2: 2 | E2: 3 | F2: 4 | G2: 5 | H2: 6 | I2: 7 | J2: 8 | K2: 9 | L2: 10 | M2: 11 | N2: 12 | O2: 13 | P2: 14 | Q2: 15
A3: 1 | B3: =OFFSET('42clangOMP31'!$A$1,$A$1+($A3-1)*$B$1,itog!B$2) -> Time non CUDA_time | C3: =AVERAGE(OFFSET('42clangOMP31'!$A$1,$A$1+($A3-1)*$B$1+$C$1,C$2):OFFSET('42clangOMP31'!$A$1,$A$1+($A3-1)*$B$1+$C$1+$D$1,C$2)) -> 340.3685 | D3: =AVERAGE(OFFSET('42clangOMP31'!$A$1,$A$1+($A3-1)*$B$1+$C$1,D$2):OFFSET('42clangOMP31'!$A$1,$A$1+($A3-1)*$B$1+$C$1+$D$1,D$2)) -> 249.56792 | E3: =AVERAGE(OFFSET('42clangOMP31'!$A$1,$A$1+($A3-1)*$B$1+$C$1,E$2):OFFSET('42clangOMP31'!$A$1,$A$1+($A3-1)*$B$1+$C$1+$D$1,E$2)) -> 249.54802 | F3: =AVERAGE(OFFSET('42clangOMP31'!$A$1,$A$1+($A3-1)*$B$1+$C$1,F$2):OFFSET('42clangOMP31'!$A$1,$A$1+($A3-1)*$B$1+$C$1+$D$1,F$2)) -> 249.32338 | G3: =AVERAGE(OFFSET('42clangOMP31'!$A$1,$A$1+($A3-1)*$B$1+$C$1,G$2):OFFSET('42clangOMP31'!$A$1,$A$1+($A3-1)*$B$1+$C$1+$D$1,G$2)) -> 5.99604 | H3: =AVERAGE(OFFSET('42clangOMP31'!$A$1,$A$1+($A3-1)*$B$1+$C$1,H$2):OFFSET('42clangOMP31'!$A$1,$A$1+($A3-1)*$B$1+$C$1+$D$1,H$2)) -> 112.48604 | I3: =AVERAGE(OFFSET('42clangOMP31'!$A$1,$A$1+($A3-1)*$B$1+$C$1,I$2):OFFSET('42clangOMP31'!$A$1,$A$1+($A3-1)*$B$1+$C$1+$D$1,I$2)) -> 21.32915 | J3: =AVERAGE(OFFSET('42clangOMP31'!$A$1,$A$1+($A3-1)*$B$1+$C$1,J$2):OFFSET('42clangOMP31'!$A$1,$A$1+($A3-1)*$B$1+$C$1+$D$1,J$2)) -> 15.622332 | ... Q3: =AVERAGE(OFFSET('42clangOMP31'!$A$1,$A$1+($A3-1)*$B$1+$C$1,Q$2):OFFSET('42clangOMP31'!$A$1,$A$1+($A3-1)*$B$1+$C$1+$D$1,Q$2)) -> #DIV/0! | S3: =$C$3/C3 -> 1
A4: 2 | B4: =OFFSET('42clangOMP31'!$A$1,$A$1+($A4-1)*$B$1,itog!B$2) -> Time non CUDA | C4: =AVERAGE(OFFSET('42clangOMP31'!$A$1,$A$1+($A4-1)*$B$1+$C$1,C$2):OFFSET('42clangOMP31'!$A$1,$A$1+($A4-1)*$B$1+$C$1+$D$1,C$2)) -> 270.9361 | D4: =AVERAGE(OFFSET('42clangOMP31'!$A$1,$A$1+($A4-1)*$B$1+$C$1,D$2):OFFSET('42clangOMP31'!$A$1,$A$1+($A4-1)*$B$1+$C$1+$D$1,D$2)) -> 0 | E4: =AVERAGE(OFFSET('42clangOMP31'!$A$1,$A$1+($A4-1)*$B$1+$C$1,E$2):OFFSET('42clangOMP31'!$A$1,$A$1+($A4-1)*$B$1+$C$1+$D$1,E$2)) -> 0 | F4: =AVERAGE(OFFSET('42clangOMP31'!$A$1,$A$1+($A4-1)*$B$1+$C$1,F$2):OFFSET('42clangOMP31'!$A$1,$A$1+($A4-1)*$B$1+$C$1+$D$1,F$2)) -> 0 | G4: =AVERAGE(OFFSET('42clangOMP31'!$A$1,$A$1+($A4-1)*$B$1+$C$1,G$2):OFFSET('42clangOMP31'!$A$1,$A$1+($A4-1)*$B$1+$C$1+$D$1,G$2)) -> 0 | H4: =AVERAGE(OFFSET('42clangOMP31'!$A$1,$A$1+($A4-1)*$B$1+$C$1,H$2):OFFSET('42clangOMP31'!$A$1,$A$1+($A4-1)*$B$1+$C$1+$D$1,H$2)) -> 0 | I4: =AVERAGE(OFFSET('42clangOMP31'!$A$1,$A$1+($A4-1)*$B$1+$C$1,I$2):OFFSET('42clangOMP31'!$A$1,$A$1+($A4-1)*$B$1+$C$1+$D$1,I$2)) -> 0 | J4: =AVERAGE(OFFSET('42clangOMP31'!$A$1,$A$1+($A4-1)*$B$1+$C$1,J$2):OFFSET('42clangOMP31'!$A$1,$A$1+($A4-1)*$B$1+$C$1+$D$1,J$2)) -> 0 | ... Q4: =AVERAGE(OFFSET('42clangOMP31'!$A$1,$A$1+($A4-1)*$B$1+$C$1,Q$2):OFFSET('42clangOMP31'!$A$1,$A$1+($A4-1)*$B$1+$C$1+$D$1,Q$2)) -> #DIV/0! | S4: =$C$3/C4 -> 1.2562685
A5: 3 | B5: =OFFSET('42clangOMP31'!$A$1,$A$1+($A5-1)*$B$1,itog!B$2) -> Time non CUDA non hash: | C5: =AVERAGE(OFFSET('42clangOMP31'!$A$1,$A$1+($A5-1)*$B$1+$C$1,C$2):OFFSET('42clangOMP31'!$A$1,$A$1+($A5-1)*$B$1+$C$1+$D$1,C$2)) -> 148.6078 | D5: =AVERAGE(OFFSET('42clangOMP31'!$A$1,$A$1+($A5-1)*$B$1+$C$1,D$2):OFFSET('42clangOMP31'!$A$1,$A$1+($A5-1)*$B$1+$C$1+$D$1,D$2)) -> 148.41978 | E5: =AVERAGE(OFFSET('42clangOMP31'!$A$1,$A$1+($A5-1)*$B$1+$C$1,E$2):OFFSET('42clangOMP31'!$A$1,$A$1+($A5-1)*$B$1+$C$1+$D$1,E$2)) -> 148.4028 | F5: =AVERAGE(OFFSET('42clangOMP31'!$A$1,$A$1+($A5-1)*$B$1+$C$1,F$2):OFFSET('42clangOMP31'!$A$1,$A$1+($A5-1)*$B$1+$C$1+$D$1,F$2)) -> 148.16792 | G5: =AVERAGE(OFFSET('42clangOMP31'!$A$1,$A$1+($A5-1)*$B$1+$C$1,G$2):OFFSET('42clangOMP31'!$A$1,$A$1+($A5-1)*$B$1+$C$1+$D$1,G$2)) -> 6.163654 | H5: =AVERAGE(OFFSET('42clangOMP31'!$A$1,$A$1+($A5-1)*$B$1+$C$1,H$2):OFFSET('42clangOMP31'!$A$1,$A$1+($A5-1)*$B$1+$C$1+$D$1,H$2)) -> 0 | I5: =AVERAGE(OFFSET('42clangOMP31'!$A$1,$A$1+($A5-1)*$B$1+$C$1,I$2):OFFSET('42clangOMP31'!$A$1,$A$1+($A5-1)*$B$1+$C$1+$D$1,I$2)) -> 21.375932 | J5: =AVERAGE(OFFSET('42clangOMP31'!$A$1,$A$1+($A5-1)*$B$1+$C$1,J$2):OFFSET('42clangOMP31'!$A$1,$A$1+($A5-1)*$B$1+$C$1+$D$1,J$2)) -> 0 | ... Q5: =AVERAGE(OFFSET('42clangOMP31'!$A$1,$A$1+($A5-1)*$B$1+$C$1,Q$2):OFFSET('42clangOMP31'!$A$1,$A$1+($A5-1)*$B$1+$C$1+$D$1,Q$2)) -> #DIV/0! | S5: =$C$3/C5 -> 2.2903811
A6: 4 | B6: =OFFSET('42clangOMP31'!$A$1,$A$1+($A6-1)*$B$1,itog!B$2) -> Time classical ACO | C6: =AVERAGE(OFFSET('42clangOMP31'!$A$1,$A$1+($A6-1)*$B$1+$C$1,C$2):OFFSET('42clangOMP31'!$A$1,$A$1+($A6-1)*$B$1+$C$1+$D$1,C$2)) -> 2427.7344 | D6: =AVERAGE(OFFSET('42clangOMP31'!$A$1,$A$1+($A6-1)*$B$1+$C$1,D$2):OFFSET('42clangOMP31'!$A$1,$A$1+($A6-1)*$B$1+$C$1+$D$1,D$2)) -> 1677.6758 | E6: =AVERAGE(OFFSET('42clangOMP31'!$A$1,$A$1+($A6-1)*$B$1+$C$1,E$2):OFFSET('42clangOMP31'!$A$1,$A$1+($A6-1)*$B$1+$C$1+$D$1,E$2)) -> 1674.3852 | F6: =AVERAGE(OFFSET('42clangOMP31'!$A$1,$A$1+($A6-1)*$B$1+$C$1,F$2):OFFSET('42clangOMP31'!$A$1,$A$1+($A6-1)*$B$1+$C$1+$D$1,F$2)) -> 1674.1888 | G6: =AVERAGE(OFFSET('42clangOMP31'!$A$1,$A$1+($A6-1)*$B$1+$C$1,G$2):OFFSET('42clangOMP31'!$A$1,$A$1+($A6-1)*$B$1+$C$1+$D$1,G$2)) -> 15.199406 | H6: =AVERAGE(OFFSET('42clangOMP31'!$A$1,$A$1+($A6-1)*$B$1+$C$1,H$2):OFFSET('42clangOMP31'!$A$1,$A$1+($A6-1)*$B$1+$C$1+$D$1,H$2)) -> 124.69732 | I6: =AVERAGE(OFFSET('42clangOMP31'!$A$1,$A$1+($A6-1)*$B$1+$C$1,I$2):OFFSET('42clangOMP31'!$A$1,$A$1+($A6-1)*$B$1+$C$1+$D$1,I$2)) -> 27.558222 | J6: =AVERAGE(OFFSET('42clangOMP31'!$A$1,$A$1+($A6-1)*$B$1+$C$1,J$2):OFFSET('42clangOMP31'!$A$1,$A$1+($A6-1)*$B$1+$C$1+$D$1,J$2)) -> 5.8672864e-09 | ... Q6: =AVERAGE(OFFSET('42clangOMP31'!$A$1,$A$1+($A6-1)*$B$1+$C$1,Q$2):OFFSET('42clangOMP31'!$A$1,$A$1+($A6-1)*$B$1+$C$1+$D$1,Q$2)) -> #DIV/0! | S6: =$C$3/C6 -> 0.14020006
A7: 5 | B7: =OFFSET('42clangOMP31'!$A$1,$A$1+($A7-1)*$B$1,itog!B$2) -> Time classical ACO non hash | C7: =AVERAGE(OFFSET('42clangOMP31'!$A$1,$A$1+($A7-1)*$B$1+$C$1,C$2):OFFSET('42clangOMP31'!$A$1,$A$1+($A7-1)*$B$1+$C$1+$D$1,C$2)) -> 1582.383 | D7: =AVERAGE(OFFSET('42clangOMP31'!$A$1,$A$1+($A7-1)*$B$1+$C$1,D$2):OFFSET('42clangOMP31'!$A$1,$A$1+($A7-1)*$B$1+$C$1+$D$1,D$2)) -> 1582.1988 | E7: =AVERAGE(OFFSET('42clangOMP31'!$A$1,$A$1+($A7-1)*$B$1+$C$1,E$2):OFFSET('42clangOMP31'!$A$1,$A$1+($A7-1)*$B$1+$C$1+$D$1,E$2)) -> 1578.2974 | F7: =AVERAGE(OFFSET('42clangOMP31'!$A$1,$A$1+($A7-1)*$B$1+$C$1,F$2):OFFSET('42clangOMP31'!$A$1,$A$1+($A7-1)*$B$1+$C$1+$D$1,F$2)) -> 1578.1 | G7: =AVERAGE(OFFSET('42clangOMP31'!$A$1,$A$1+($A7-1)*$B$1+$C$1,G$2):OFFSET('42clangOMP31'!$A$1,$A$1+($A7-1)*$B$1+$C$1+$D$1,G$2)) -> 12.220098 | H7: =AVERAGE(OFFSET('42clangOMP31'!$A$1,$A$1+($A7-1)*$B$1+$C$1,H$2):OFFSET('42clangOMP31'!$A$1,$A$1+($A7-1)*$B$1+$C$1+$D$1,H$2)) -> 0 | I7: =AVERAGE(OFFSET('42clangOMP31'!$A$1,$A$1+($A7-1)*$B$1+$C$1,I$2):OFFSET('42clangOMP31'!$A$1,$A$1+($A7-1)*$B$1+$C$1+$D$1,I$2)) -> 27.604148 | J7: =AVERAGE(OFFSET('42clangOMP31'!$A$1,$A$1+($A7-1)*$B$1+$C$1,J$2):OFFSET('42clangOMP31'!$A$1,$A$1+($A7-1)*$B$1+$C$1+$D$1,J$2)) -> 7.0337864e-09 | ... Q7: =AVERAGE(OFFSET('42clangOMP31'!$A$1,$A$1+($A7-1)*$B$1+$C$1,Q$2):OFFSET('42clangOMP31'!$A$1,$A$1+($A7-1)*$B$1+$C$1+$D$1,Q$2)) -> #DIV/0! | S7: =$C$3/C7 -> 0.21509868
A8: 6 | B8: =OFFSET('42clangOMP31'!$A$1,$A$1+($A8-1)*$B$1,itog!B$2) -> Time omp: | C8: =AVERAGE(OFFSET('42clangOMP31'!$A$1,$A$1+($A8-1)*$B$1+$C$1,C$2):OFFSET('42clangOMP31'!$A$1,$A$1+($A8-1)*$B$1+$C$1+$D$1,C$2)) -> 322.98828 | D8: =AVERAGE(OFFSET('42clangOMP31'!$A$1,$A$1+($A8-1)*$B$1+$C$1,D$2):OFFSET('42clangOMP31'!$A$1,$A$1+($A8-1)*$B$1+$C$1+$D$1,D$2)) -> 226.54134 | E8: =AVERAGE(OFFSET('42clangOMP31'!$A$1,$A$1+($A8-1)*$B$1+$C$1,E$2):OFFSET('42clangOMP31'!$A$1,$A$1+($A8-1)*$B$1+$C$1+$D$1,E$2)) -> 226.52044 | F8: =AVERAGE(OFFSET('42clangOMP31'!$A$1,$A$1+($A8-1)*$B$1+$C$1,F$2):OFFSET('42clangOMP31'!$A$1,$A$1+($A8-1)*$B$1+$C$1+$D$1,F$2)) -> 211.96664 | G8: =AVERAGE(OFFSET('42clangOMP31'!$A$1,$A$1+($A8-1)*$B$1+$C$1,G$2):OFFSET('42clangOMP31'!$A$1,$A$1+($A8-1)*$B$1+$C$1+$D$1,G$2)) -> 59.818706 | H8: =AVERAGE(OFFSET('42clangOMP31'!$A$1,$A$1+($A8-1)*$B$1+$C$1,H$2):OFFSET('42clangOMP31'!$A$1,$A$1+($A8-1)*$B$1+$C$1+$D$1,H$2)) -> 1137.4609 | I8: =AVERAGE(OFFSET('42clangOMP31'!$A$1,$A$1+($A8-1)*$B$1+$C$1,I$2):OFFSET('42clangOMP31'!$A$1,$A$1+($A8-1)*$B$1+$C$1+$D$1,I$2)) -> 166.233 | J8: =AVERAGE(OFFSET('42clangOMP31'!$A$1,$A$1+($A8-1)*$B$1+$C$1,J$2):OFFSET('42clangOMP31'!$A$1,$A$1+($A8-1)*$B$1+$C$1+$D$1,J$2)) -> 3.1439459e-06 | ... Q8: =AVERAGE(OFFSET('42clangOMP31'!$A$1,$A$1+($A8-1)*$B$1+$C$1,Q$2):OFFSET('42clangOMP31'!$A$1,$A$1+($A8-1)*$B$1+$C$1+$D$1,Q$2)) -> #DIV/0! | S8: =$C$3/C8 -> 1.0538107
A9: 7 | B9: =OFFSET('42clangOMP31'!$A$1,$A$1+($A9-1)*$B$1,itog!B$2) -> Time omp non hash: | C9: =AVERAGE(OFFSET('42clangOMP31'!$A$1,$A$1+($A9-1)*$B$1+$C$1,C$2):OFFSET('42clangOMP31'!$A$1,$A$1+($A9-1)*$B$1+$C$1+$D$1,C$2)) -> 143.14712 | D9: =AVERAGE(OFFSET('42clangOMP31'!$A$1,$A$1+($A9-1)*$B$1+$C$1,D$2):OFFSET('42clangOMP31'!$A$1,$A$1+($A9-1)*$B$1+$C$1+$D$1,D$2)) -> 142.99638 | E9: =AVERAGE(OFFSET('42clangOMP31'!$A$1,$A$1+($A9-1)*$B$1+$C$1,E$2):OFFSET('42clangOMP31'!$A$1,$A$1+($A9-1)*$B$1+$C$1+$D$1,E$2)) -> 142.97804 | F9: =AVERAGE(OFFSET('42clangOMP31'!$A$1,$A$1+($A9-1)*$B$1+$C$1,F$2):OFFSET('42clangOMP31'!$A$1,$A$1+($A9-1)*$B$1+$C$1+$D$1,F$2)) -> 129.80144 | G9: =AVERAGE(OFFSET('42clangOMP31'!$A$1,$A$1+($A9-1)*$B$1+$C$1,G$2):OFFSET('42clangOMP31'!$A$1,$A$1+($A9-1)*$B$1+$C$1+$D$1,G$2)) -> 54.612394 | H9: =AVERAGE(OFFSET('42clangOMP31'!$A$1,$A$1+($A9-1)*$B$1+$C$1,H$2):OFFSET('42clangOMP31'!$A$1,$A$1+($A9-1)*$B$1+$C$1+$D$1,H$2)) -> 0 | I9: =AVERAGE(OFFSET('42clangOMP31'!$A$1,$A$1+($A9-1)*$B$1+$C$1,I$2):OFFSET('42clangOMP31'!$A$1,$A$1+($A9-1)*$B$1+$C$1+$D$1,I$2)) -> 135.0955 | J9: =AVERAGE(OFFSET('42clangOMP31'!$A$1,$A$1+($A9-1)*$B$1+$C$1,J$2):OFFSET('42clangOMP31'!$A$1,$A$1+($A9-1)*$B$1+$C$1+$D$1,J$2)) -> 1.3627811e-06 | ... Q9: =AVERAGE(OFFSET('42clangOMP31'!$A$1,$A$1+($A9-1)*$B$1+$C$1,Q$2):OFFSET('42clangOMP31'!$A$1,$A$1+($A9-1)*$B$1+$C$1+$D$1,Q$2)) -> #DIV/0! | S9: =$C$3/C9 -> 2.377753
A10: 8 | B10: =OFFSET('42clangOMP31'!$A$1,$A$1+($A10-1)*$B$1,itog!B$2) -> Time non CUDA_transp_time | C10: =AVERAGE(OFFSET('42clangOMP31'!$A$1,$A$1+($A10-1)*$B$1+$C$1,C$2):OFFSET('42clangOMP31'!$A$1,$A$1+($A10-1)*$B$1+$C$1+$D$1,C$2)) -> 344.73038 | D10: =AVERAGE(OFFSET('42clangOMP31'!$A$1,$A$1+($A10-1)*$B$1+$C$1,D$2):OFFSET('42clangOMP31'!$A$1,$A$1+($A10-1)*$B$1+$C$1+$D$1,D$2)) -> 253.8941 | E10: =AVERAGE(OFFSET('42clangOMP31'!$A$1,$A$1+($A10-1)*$B$1+$C$1,E$2):OFFSET('42clangOMP31'!$A$1,$A$1+($A10-1)*$B$1+$C$1+$D$1,E$2)) -> 253.87428 | F10: =AVERAGE(OFFSET('42clangOMP31'!$A$1,$A$1+($A10-1)*$B$1+$C$1,F$2):OFFSET('42clangOMP31'!$A$1,$A$1+($A10-1)*$B$1+$C$1+$D$1,F$2)) -> 253.70092 | G10: =AVERAGE(OFFSET('42clangOMP31'!$A$1,$A$1+($A10-1)*$B$1+$C$1,G$2):OFFSET('42clangOMP31'!$A$1,$A$1+($A10-1)*$B$1+$C$1+$D$1,G$2)) -> 6.607594 | H10: =AVERAGE(OFFSET('42clangOMP31'!$A$1,$A$1+($A10-1)*$B$1+$C$1,H$2):OFFSET('42clangOMP31'!$A$1,$A$1+($A10-1)*$B$1+$C$1+$D$1,H$2)) -> 112.0727 | I10: =AVERAGE(OFFSET('42clangOMP31'!$A$1,$A$1+($A10-1)*$B$1+$C$1,I$2):OFFSET('42clangOMP31'!$A$1,$A$1+($A10-1)*$B$1+$C$1+$D$1,I$2)) -> 21.208034 | J10: =AVERAGE(OFFSET('42clangOMP31'!$A$1,$A$1+($A10-1)*$B$1+$C$1,J$2):OFFSET('42clangOMP31'!$A$1,$A$1+($A10-1)*$B$1+$C$1+$D$1,J$2)) -> 15.511816 | ... Q10: =AVERAGE(OFFSET('42clangOMP31'!$A$1,$A$1+($A10-1)*$B$1+$C$1,Q$2):OFFSET('42clangOMP31'!$A$1,$A$1+($A10-1)*$B$1+$C$1+$D$1,Q$2)) -> #DIV/0! | S10: =$C$3/C10 -> 0.98734698
A11: 9 | B11: =OFFSET('42clangOMP31'!$A$1,$A$1+($A11-1)*$B$1,itog!B$2) -> Time non CUDA_transp | C11: =AVERAGE(OFFSET('42clangOMP31'!$A$1,$A$1+($A11-1)*$B$1+$C$1,C$2):OFFSET('42clangOMP31'!$A$1,$A$1+($A11-1)*$B$1+$C$1+$D$1,C$2)) -> 278.99598 | D11: =AVERAGE(OFFSET('42clangOMP31'!$A$1,$A$1+($A11-1)*$B$1+$C$1,D$2):OFFSET('42clangOMP31'!$A$1,$A$1+($A11-1)*$B$1+$C$1+$D$1,D$2)) -> 0 | E11: =AVERAGE(OFFSET('42clangOMP31'!$A$1,$A$1+($A11-1)*$B$1+$C$1,E$2):OFFSET('42clangOMP31'!$A$1,$A$1+($A11-1)*$B$1+$C$1+$D$1,E$2)) -> 0 | F11: =AVERAGE(OFFSET('42clangOMP31'!$A$1,$A$1+($A11-1)*$B$1+$C$1,F$2):OFFSET('42clangOMP31'!$A$1,$A$1+($A11-1)*$B$1+$C$1+$D$1,F$2)) -> 0 | G11: =AVERAGE(OFFSET('42clangOMP31'!$A$1,$A$1+($A11-1)*$B$1+$C$1,G$2):OFFSET('42clangOMP31'!$A$1,$A$1+($A11-1)*$B$1+$C$1+$D$1,G$2)) -> 0 | H11: =AVERAGE(OFFSET('42clangOMP31'!$A$1,$A$1+($A11-1)*$B$1+$C$1,H$2):OFFSET('42clangOMP31'!$A$1,$A$1+($A11-1)*$B$1+$C$1+$D$1,H$2)) -> 0 | I11: =AVERAGE(OFFSET('42clangOMP31'!$A$1,$A$1+($A11-1)*$B$1+$C$1,I$2):OFFSET('42clangOMP31'!$A$1,$A$1+($A11-1)*$B$1+$C$1+$D$1,I$2)) -> 0 | J11: =AVERAGE(OFFSET('42clangOMP31'!$A$1,$A$1+($A11-1)*$B$1+$C$1,J$2):OFFSET('42clangOMP31'!$A$1,$A$1+($A11-1)*$B$1+$C$1+$D$1,J$2)) -> 0 | ... Q11: =AVERAGE(OFFSET('42clangOMP31'!$A$1,$A$1+($A11-1)*$B$1+$C$1,Q$2):OFFSET('42clangOMP31'!$A$1,$A$1+($A11-1)*$B$1+$C$1+$D$1,Q$2)) -> #DIV/0! | S11: =$C$3/C11 -> 1.2199764
A12: 10 | B12: =OFFSET('42clangOMP31'!$A$1,$A$1+($A12-1)*$B$1,itog!B$2) -> Time non CUDA_transp_OMP_time | C12: =AVERAGE(OFFSET('42clangOMP31'!$A$1,$A$1+($A12-1)*$B$1+$C$1,C$2):OFFSET('42clangOMP31'!$A$1,$A$1+($A12-1)*$B$1+$C$1+$D$1,C$2)) -> 288.6344 | D12: =AVERAGE(OFFSET('42clangOMP31'!$A$1,$A$1+($A12-1)*$B$1+$C$1,D$2):OFFSET('42clangOMP31'!$A$1,$A$1+($A12-1)*$B$1+$C$1+$D$1,D$2)) -> 193.20164 | E12: =AVERAGE(OFFSET('42clangOMP31'!$A$1,$A$1+($A12-1)*$B$1+$C$1,E$2):OFFSET('42clangOMP31'!$A$1,$A$1+($A12-1)*$B$1+$C$1+$D$1,E$2)) -> 193.18168 | F12: =AVERAGE(OFFSET('42clangOMP31'!$A$1,$A$1+($A12-1)*$B$1+$C$1,F$2):OFFSET('42clangOMP31'!$A$1,$A$1+($A12-1)*$B$1+$C$1+$D$1,F$2)) -> 178.68644 | G12: =AVERAGE(OFFSET('42clangOMP31'!$A$1,$A$1+($A12-1)*$B$1+$C$1,G$2):OFFSET('42clangOMP31'!$A$1,$A$1+($A12-1)*$B$1+$C$1+$D$1,G$2)) -> 31.128048 | H12: =AVERAGE(OFFSET('42clangOMP31'!$A$1,$A$1+($A12-1)*$B$1+$C$1,H$2):OFFSET('42clangOMP31'!$A$1,$A$1+($A12-1)*$B$1+$C$1+$D$1,H$2)) -> 1074.6423 | I12: =AVERAGE(OFFSET('42clangOMP31'!$A$1,$A$1+($A12-1)*$B$1+$C$1,I$2):OFFSET('42clangOMP31'!$A$1,$A$1+($A12-1)*$B$1+$C$1+$D$1,I$2)) -> 30.043674 | J12: =AVERAGE(OFFSET('42clangOMP31'!$A$1,$A$1+($A12-1)*$B$1+$C$1,J$2):OFFSET('42clangOMP31'!$A$1,$A$1+($A12-1)*$B$1+$C$1+$D$1,J$2)) -> 27.796964 | ... Q12: =AVERAGE(OFFSET('42clangOMP31'!$A$1,$A$1+($A12-1)*$B$1+$C$1,Q$2):OFFSET('42clangOMP31'!$A$1,$A$1+($A12-1)*$B$1+$C$1+$D$1,Q$2)) -> #DIV/0! | S12: =$C$3/C12 -> 1.1792375
A13: 11 | B13: =OFFSET('42clangOMP31'!$A$1,$A$1+($A13-1)*$B$1,itog!B$2) -> Time non CUDA_transp non hash: | C13: =AVERAGE(OFFSET('42clangOMP31'!$A$1,$A$1+($A13-1)*$B$1+$C$1,C$2):OFFSET('42clangOMP31'!$A$1,$A$1+($A13-1)*$B$1+$C$1+$D$1,C$2)) -> 149.01406 | D13: =AVERAGE(OFFSET('42clangOMP31'!$A$1,$A$1+($A13-1)*$B$1+$C$1,D$2):OFFSET('42clangOMP31'!$A$1,$A$1+($A13-1)*$B$1+$C$1+$D$1,D$2)) -> 148.86702 | E13: =AVERAGE(OFFSET('42clangOMP31'!$A$1,$A$1+($A13-1)*$B$1+$C$1,E$2):OFFSET('42clangOMP31'!$A$1,$A$1+($A13-1)*$B$1+$C$1+$D$1,E$2)) -> 148.84958 | F13: =AVERAGE(OFFSET('42clangOMP31'!$A$1,$A$1+($A13-1)*$B$1+$C$1,F$2):OFFSET('42clangOMP31'!$A$1,$A$1+($A13-1)*$B$1+$C$1+$D$1,F$2)) -> 148.67824 | G13: =AVERAGE(OFFSET('42clangOMP31'!$A$1,$A$1+($A13-1)*$B$1+$C$1,G$2):OFFSET('42clangOMP31'!$A$1,$A$1+($A13-1)*$B$1+$C$1+$D$1,G$2)) -> 6.674346 | H13: =AVERAGE(OFFSET('42clangOMP31'!$A$1,$A$1+($A13-1)*$B$1+$C$1,H$2):OFFSET('42clangOMP31'!$A$1,$A$1+($A13-1)*$B$1+$C$1+$D$1,H$2)) -> 0 | I13: =AVERAGE(OFFSET('42clangOMP31'!$A$1,$A$1+($A13-1)*$B$1+$C$1,I$2):OFFSET('42clangOMP31'!$A$1,$A$1+($A13-1)*$B$1+$C$1+$D$1,I$2)) -> 21.0967 | J13: =AVERAGE(OFFSET('42clangOMP31'!$A$1,$A$1+($A13-1)*$B$1+$C$1,J$2):OFFSET('42clangOMP31'!$A$1,$A$1+($A13-1)*$B$1+$C$1+$D$1,J$2)) -> 0 | ... Q13: =AVERAGE(OFFSET('42clangOMP31'!$A$1,$A$1+($A13-1)*$B$1+$C$1,Q$2):OFFSET('42clangOMP31'!$A$1,$A$1+($A13-1)*$B$1+$C$1+$D$1,Q$2)) -> #DIV/0! | S13: =$C$3/C13 -> 2.2841368
A14: 12 | B14: =OFFSET('42clangOMP31'!$A$1,$A$1+($A14-1)*$B$1,itog!B$2) -> Time non CUDA_transp non hash optimized: | C14: =AVERAGE(OFFSET('42clangOMP31'!$A$1,$A$1+($A14-1)*$B$1+$C$1,C$2):OFFSET('42clangOMP31'!$A$1,$A$1+($A14-1)*$B$1+$C$1+$D$1,C$2)) -> 150.19186 | D14: =AVERAGE(OFFSET('42clangOMP31'!$A$1,$A$1+($A14-1)*$B$1+$C$1,D$2):OFFSET('42clangOMP31'!$A$1,$A$1+($A14-1)*$B$1+$C$1+$D$1,D$2)) -> 150.01408 | E14: =AVERAGE(OFFSET('42clangOMP31'!$A$1,$A$1+($A14-1)*$B$1+$C$1,E$2):OFFSET('42clangOMP31'!$A$1,$A$1+($A14-1)*$B$1+$C$1+$D$1,E$2)) -> 149.99588 | F14: =AVERAGE(OFFSET('42clangOMP31'!$A$1,$A$1+($A14-1)*$B$1+$C$1,F$2):OFFSET('42clangOMP31'!$A$1,$A$1+($A14-1)*$B$1+$C$1+$D$1,F$2)) -> 136.8226 | G14: =AVERAGE(OFFSET('42clangOMP31'!$A$1,$A$1+($A14-1)*$B$1+$C$1,G$2):OFFSET('42clangOMP31'!$A$1,$A$1+($A14-1)*$B$1+$C$1+$D$1,G$2)) -> 28.08375 | H14: =AVERAGE(OFFSET('42clangOMP31'!$A$1,$A$1+($A14-1)*$B$1+$C$1,H$2):OFFSET('42clangOMP31'!$A$1,$A$1+($A14-1)*$B$1+$C$1+$D$1,H$2)) -> 0 | I14: =AVERAGE(OFFSET('42clangOMP31'!$A$1,$A$1+($A14-1)*$B$1+$C$1,I$2):OFFSET('42clangOMP31'!$A$1,$A$1+($A14-1)*$B$1+$C$1+$D$1,I$2)) -> 27.739036 | J14: =AVERAGE(OFFSET('42clangOMP31'!$A$1,$A$1+($A14-1)*$B$1+$C$1,J$2):OFFSET('42clangOMP31'!$A$1,$A$1+($A14-1)*$B$1+$C$1+$D$1,J$2)) -> 0 | ... Q14: =AVERAGE(OFFSET('42clangOMP31'!$A$1,$A$1+($A14-1)*$B$1+$C$1,Q$2):OFFSET('42clangOMP31'!$A$1,$A$1+($A14-1)*$B$1+$C$1+$D$1,Q$2)) -> #DIV/0! | S14: =$C$3/C14 -> 2.2662247
A15: 42clangOMP40
A16: 1 | B16: =OFFSET('42clangOMP40'!$A$1,$A$1+($A3-1)*$B$1,itog!B$2) -> Time non CUDA_time | C16: =AVERAGE(OFFSET('42clangOMP40'!$A$1,$A$1+($A3-1)*$B$1+$C$1,C$2):OFFSET('42clangOMP40'!$A$1,$A$1+($A3-1)*$B$1+$C$1+$D$1,C$2)) -> 340.7727 | D16: =AVERAGE(OFFSET('42clangOMP40'!$A$1,$A$1+($A3-1)*$B$1+$C$1,D$2):OFFSET('42clangOMP40'!$A$1,$A$1+($A3-1)*$B$1+$C$1+$D$1,D$2)) -> 247.17956 | E16: =AVERAGE(OFFSET('42clangOMP40'!$A$1,$A$1+($A3-1)*$B$1+$C$1,E$2):OFFSET('42clangOMP40'!$A$1,$A$1+($A3-1)*$B$1+$C$1+$D$1,E$2)) -> 247.1579 | F16: =AVERAGE(OFFSET('42clangOMP40'!$A$1,$A$1+($A3-1)*$B$1+$C$1,F$2):OFFSET('42clangOMP40'!$A$1,$A$1+($A3-1)*$B$1+$C$1+$D$1,F$2)) -> 246.87868 | G16: =AVERAGE(OFFSET('42clangOMP40'!$A$1,$A$1+($A3-1)*$B$1+$C$1,G$2):OFFSET('42clangOMP40'!$A$1,$A$1+($A3-1)*$B$1+$C$1+$D$1,G$2)) -> 6.078878 | H16: =AVERAGE(OFFSET('42clangOMP40'!$A$1,$A$1+($A3-1)*$B$1+$C$1,H$2):OFFSET('42clangOMP40'!$A$1,$A$1+($A3-1)*$B$1+$C$1+$D$1,H$2)) -> 112.31896 | I16: =AVERAGE(OFFSET('42clangOMP40'!$A$1,$A$1+($A3-1)*$B$1+$C$1,I$2):OFFSET('42clangOMP40'!$A$1,$A$1+($A3-1)*$B$1+$C$1+$D$1,I$2)) -> 21.000256 | J16: =AVERAGE(OFFSET('42clangOMP40'!$A$1,$A$1+($A3-1)*$B$1+$C$1,J$2):OFFSET('42clangOMP40'!$A$1,$A$1+($A3-1)*$B$1+$C$1+$D$1,J$2)) -> 15.404142 | ... Q16: =AVERAGE(OFFSET('42clangOMP40'!$A$1,$A$1+($A3-1)*$B$1+$C$1,Q$2):OFFSET('42clangOMP40'!$A$1,$A$1+($A3-1)*$B$1+$C$1+$D$1,Q$2)) -> #DIV/0! | S16: =$C$16/C16 -> 1
A17: 2 | B17: =OFFSET('42clangOMP40'!$A$1,$A$1+($A4-1)*$B$1,itog!B$2) -> Time non CUDA | C17: =AVERAGE(OFFSET('42clangOMP40'!$A$1,$A$1+($A4-1)*$B$1+$C$1,C$2):OFFSET('42clangOMP40'!$A$1,$A$1+($A4-1)*$B$1+$C$1+$D$1,C$2)) -> 276.30608 | D17: =AVERAGE(OFFSET('42clangOMP40'!$A$1,$A$1+($A4-1)*$B$1+$C$1,D$2):OFFSET('42clangOMP40'!$A$1,$A$1+($A4-1)*$B$1+$C$1+$D$1,D$2)) -> 0 | E17: =AVERAGE(OFFSET('42clangOMP40'!$A$1,$A$1+($A4-1)*$B$1+$C$1,E$2):OFFSET('42clangOMP40'!$A$1,$A$1+($A4-1)*$B$1+$C$1+$D$1,E$2)) -> 0 | F17: =AVERAGE(OFFSET('42clangOMP40'!$A$1,$A$1+($A4-1)*$B$1+$C$1,F$2):OFFSET('42clangOMP40'!$A$1,$A$1+($A4-1)*$B$1+$C$1+$D$1,F$2)) -> 0 | G17: =AVERAGE(OFFSET('42clangOMP40'!$A$1,$A$1+($A4-1)*$B$1+$C$1,G$2):OFFSET('42clangOMP40'!$A$1,$A$1+($A4-1)*$B$1+$C$1+$D$1,G$2)) -> 0 | H17: =AVERAGE(OFFSET('42clangOMP40'!$A$1,$A$1+($A4-1)*$B$1+$C$1,H$2):OFFSET('42clangOMP40'!$A$1,$A$1+($A4-1)*$B$1+$C$1+$D$1,H$2)) -> 0 | I17: =AVERAGE(OFFSET('42clangOMP40'!$A$1,$A$1+($A4-1)*$B$1+$C$1,I$2):OFFSET('42clangOMP40'!$A$1,$A$1+($A4-1)*$B$1+$C$1+$D$1,I$2)) -> 0 | J17: =AVERAGE(OFFSET('42clangOMP40'!$A$1,$A$1+($A4-1)*$B$1+$C$1,J$2):OFFSET('42clangOMP40'!$A$1,$A$1+($A4-1)*$B$1+$C$1+$D$1,J$2)) -> 0 | ... Q17: =AVERAGE(OFFSET('42clangOMP40'!$A$1,$A$1+($A4-1)*$B$1+$C$1,Q$2):OFFSET('42clangOMP40'!$A$1,$A$1+($A4-1)*$B$1+$C$1+$D$1,Q$2)) -> #DIV/0! | S17: =$C$16/C17 -> 1.233316
A18: 3 | B18: =OFFSET('42clangOMP40'!$A$1,$A$1+($A5-1)*$B$1,itog!B$2) -> Time non CUDA non hash: | C18: =AVERAGE(OFFSET('42clangOMP40'!$A$1,$A$1+($A5-1)*$B$1+$C$1,C$2):OFFSET('42clangOMP40'!$A$1,$A$1+($A5-1)*$B$1+$C$1+$D$1,C$2)) -> 146.85414 | D18: =AVERAGE(OFFSET('42clangOMP40'!$A$1,$A$1+($A5-1)*$B$1+$C$1,D$2):OFFSET('42clangOMP40'!$A$1,$A$1+($A5-1)*$B$1+$C$1+$D$1,D$2)) -> 146.6906 | E18: =AVERAGE(OFFSET('42clangOMP40'!$A$1,$A$1+($A5-1)*$B$1+$C$1,E$2):OFFSET('42clangOMP40'!$A$1,$A$1+($A5-1)*$B$1+$C$1+$D$1,E$2)) -> 146.67332 | F18: =AVERAGE(OFFSET('42clangOMP40'!$A$1,$A$1+($A5-1)*$B$1+$C$1,F$2):OFFSET('42clangOMP40'!$A$1,$A$1+($A5-1)*$B$1+$C$1+$D$1,F$2)) -> 146.45392 | G18: =AVERAGE(OFFSET('42clangOMP40'!$A$1,$A$1+($A5-1)*$B$1+$C$1,G$2):OFFSET('42clangOMP40'!$A$1,$A$1+($A5-1)*$B$1+$C$1+$D$1,G$2)) -> 5.863996 | H18: =AVERAGE(OFFSET('42clangOMP40'!$A$1,$A$1+($A5-1)*$B$1+$C$1,H$2):OFFSET('42clangOMP40'!$A$1,$A$1+($A5-1)*$B$1+$C$1+$D$1,H$2)) -> 0 | I18: =AVERAGE(OFFSET('42clangOMP40'!$A$1,$A$1+($A5-1)*$B$1+$C$1,I$2):OFFSET('42clangOMP40'!$A$1,$A$1+($A5-1)*$B$1+$C$1+$D$1,I$2)) -> 21.12524 | J18: =AVERAGE(OFFSET('42clangOMP40'!$A$1,$A$1+($A5-1)*$B$1+$C$1,J$2):OFFSET('42clangOMP40'!$A$1,$A$1+($A5-1)*$B$1+$C$1+$D$1,J$2)) -> 0 | ... Q18: =AVERAGE(OFFSET('42clangOMP40'!$A$1,$A$1+($A5-1)*$B$1+$C$1,Q$2):OFFSET('42clangOMP40'!$A$1,$A$1+($A5-1)*$B$1+$C$1+$D$1,Q$2)) -> #DIV/0! | S18: =$C$16/C18 -> 2.3204841
A19: 4 | B19: =OFFSET('42clangOMP40'!$A$1,$A$1+($A6-1)*$B$1,itog!B$2) -> Time classical ACO | C19: =AVERAGE(OFFSET('42clangOMP40'!$A$1,$A$1+($A6-1)*$B$1+$C$1,C$2):OFFSET('42clangOMP40'!$A$1,$A$1+($A6-1)*$B$1+$C$1+$D$1,C$2)) -> 2408.6108 | D19: =AVERAGE(OFFSET('42clangOMP40'!$A$1,$A$1+($A6-1)*$B$1+$C$1,D$2):OFFSET('42clangOMP40'!$A$1,$A$1+($A6-1)*$B$1+$C$1+$D$1,D$2)) -> 1661.5362 | E19: =AVERAGE(OFFSET('42clangOMP40'!$A$1,$A$1+($A6-1)*$B$1+$C$1,E$2):OFFSET('42clangOMP40'!$A$1,$A$1+($A6-1)*$B$1+$C$1+$D$1,E$2)) -> 1658.2378 | F19: =AVERAGE(OFFSET('42clangOMP40'!$A$1,$A$1+($A6-1)*$B$1+$C$1,F$2):OFFSET('42clangOMP40'!$A$1,$A$1+($A6-1)*$B$1+$C$1+$D$1,F$2)) -> 1658.0402 | G19: =AVERAGE(OFFSET('42clangOMP40'!$A$1,$A$1+($A6-1)*$B$1+$C$1,G$2):OFFSET('42clangOMP40'!$A$1,$A$1+($A6-1)*$B$1+$C$1+$D$1,G$2)) -> 14.249822 | H19: =AVERAGE(OFFSET('42clangOMP40'!$A$1,$A$1+($A6-1)*$B$1+$C$1,H$2):OFFSET('42clangOMP40'!$A$1,$A$1+($A6-1)*$B$1+$C$1+$D$1,H$2)) -> 124.36254 | I19: =AVERAGE(OFFSET('42clangOMP40'!$A$1,$A$1+($A6-1)*$B$1+$C$1,I$2):OFFSET('42clangOMP40'!$A$1,$A$1+($A6-1)*$B$1+$C$1+$D$1,I$2)) -> 27.690198 | J19: =AVERAGE(OFFSET('42clangOMP40'!$A$1,$A$1+($A6-1)*$B$1+$C$1,J$2):OFFSET('42clangOMP40'!$A$1,$A$1+($A6-1)*$B$1+$C$1+$D$1,J$2)) -> 5.8672864e-09 | ... Q19: =AVERAGE(OFFSET('42clangOMP40'!$A$1,$A$1+($A6-1)*$B$1+$C$1,Q$2):OFFSET('42clangOMP40'!$A$1,$A$1+($A6-1)*$B$1+$C$1+$D$1,Q$2)) -> #DIV/0! | S19: =$C$16/C19 -> 0.14148101
A20: 5 | B20: =OFFSET('42clangOMP40'!$A$1,$A$1+($A7-1)*$B$1,itog!B$2) -> Time classical ACO non hash | C20: =AVERAGE(OFFSET('42clangOMP40'!$A$1,$A$1+($A7-1)*$B$1+$C$1,C$2):OFFSET('42clangOMP40'!$A$1,$A$1+($A7-1)*$B$1+$C$1+$D$1,C$2)) -> 1548.6442 | D20: =AVERAGE(OFFSET('42clangOMP40'!$A$1,$A$1+($A7-1)*$B$1+$C$1,D$2):OFFSET('42clangOMP40'!$A$1,$A$1+($A7-1)*$B$1+$C$1+$D$1,D$2)) -> 1548.4762 | E20: =AVERAGE(OFFSET('42clangOMP40'!$A$1,$A$1+($A7-1)*$B$1+$C$1,E$2):OFFSET('42clangOMP40'!$A$1,$A$1+($A7-1)*$B$1+$C$1+$D$1,E$2)) -> 1544.6994 | F20: =AVERAGE(OFFSET('42clangOMP40'!$A$1,$A$1+($A7-1)*$B$1+$C$1,F$2):OFFSET('42clangOMP40'!$A$1,$A$1+($A7-1)*$B$1+$C$1+$D$1,F$2)) -> 1544.5102 | G20: =AVERAGE(OFFSET('42clangOMP40'!$A$1,$A$1+($A7-1)*$B$1+$C$1,G$2):OFFSET('42clangOMP40'!$A$1,$A$1+($A7-1)*$B$1+$C$1+$D$1,G$2)) -> 12.670804 | H20: =AVERAGE(OFFSET('42clangOMP40'!$A$1,$A$1+($A7-1)*$B$1+$C$1,H$2):OFFSET('42clangOMP40'!$A$1,$A$1+($A7-1)*$B$1+$C$1+$D$1,H$2)) -> 0 | I20: =AVERAGE(OFFSET('42clangOMP40'!$A$1,$A$1+($A7-1)*$B$1+$C$1,I$2):OFFSET('42clangOMP40'!$A$1,$A$1+($A7-1)*$B$1+$C$1+$D$1,I$2)) -> 26.914442 | J20: =AVERAGE(OFFSET('42clangOMP40'!$A$1,$A$1+($A7-1)*$B$1+$C$1,J$2):OFFSET('42clangOMP40'!$A$1,$A$1+($A7-1)*$B$1+$C$1+$D$1,J$2)) -> 7.0337864e-09 | ... Q20: =AVERAGE(OFFSET('42clangOMP40'!$A$1,$A$1+($A7-1)*$B$1+$C$1,Q$2):OFFSET('42clangOMP40'!$A$1,$A$1+($A7-1)*$B$1+$C$1+$D$1,Q$2)) -> #DIV/0! | S20: =$C$16/C20 -> 0.22004583
A21: 6 | B21: =OFFSET('42clangOMP40'!$A$1,$A$1+($A8-1)*$B$1,itog!B$2) -> Time omp: | C21: =AVERAGE(OFFSET('42clangOMP40'!$A$1,$A$1+($A8-1)*$B$1+$C$1,C$2):OFFSET('42clangOMP40'!$A$1,$A$1+($A8-1)*$B$1+$C$1+$D$1,C$2)) -> 335.34826 | D21: =AVERAGE(OFFSET('42clangOMP40'!$A$1,$A$1+($A8-1)*$B$1+$C$1,D$2):OFFSET('42clangOMP40'!$A$1,$A$1+($A8-1)*$B$1+$C$1+$D$1,D$2)) -> 238.7584 | E21: =AVERAGE(OFFSET('42clangOMP40'!$A$1,$A$1+($A8-1)*$B$1+$C$1,E$2):OFFSET('42clangOMP40'!$A$1,$A$1+($A8-1)*$B$1+$C$1+$D$1,E$2)) -> 238.7371 | F21: =AVERAGE(OFFSET('42clangOMP40'!$A$1,$A$1+($A8-1)*$B$1+$C$1,F$2):OFFSET('42clangOMP40'!$A$1,$A$1+($A8-1)*$B$1+$C$1+$D$1,F$2)) -> 224.11888 | G21: =AVERAGE(OFFSET('42clangOMP40'!$A$1,$A$1+($A8-1)*$B$1+$C$1,G$2):OFFSET('42clangOMP40'!$A$1,$A$1+($A8-1)*$B$1+$C$1+$D$1,G$2)) -> 61.160744 | H21: =AVERAGE(OFFSET('42clangOMP40'!$A$1,$A$1+($A8-1)*$B$1+$C$1,H$2):OFFSET('42clangOMP40'!$A$1,$A$1+($A8-1)*$B$1+$C$1+$D$1,H$2)) -> 1260.0354 | I21: =AVERAGE(OFFSET('42clangOMP40'!$A$1,$A$1+($A8-1)*$B$1+$C$1,I$2):OFFSET('42clangOMP40'!$A$1,$A$1+($A8-1)*$B$1+$C$1+$D$1,I$2)) -> 163.7777 | J21: =AVERAGE(OFFSET('42clangOMP40'!$A$1,$A$1+($A8-1)*$B$1+$C$1,J$2):OFFSET('42clangOMP40'!$A$1,$A$1+($A8-1)*$B$1+$C$1+$D$1,J$2)) -> 2.1178098e-06 | ... Q21: =AVERAGE(OFFSET('42clangOMP40'!$A$1,$A$1+($A8-1)*$B$1+$C$1,Q$2):OFFSET('42clangOMP40'!$A$1,$A$1+($A8-1)*$B$1+$C$1+$D$1,Q$2)) -> #DIV/0! | S21: =$C$16/C21 -> 1.0161755
A22: 7 | B22: =OFFSET('42clangOMP40'!$A$1,$A$1+($A9-1)*$B$1,itog!B$2) -> Time omp non hash: | C22: =AVERAGE(OFFSET('42clangOMP40'!$A$1,$A$1+($A9-1)*$B$1+$C$1,C$2):OFFSET('42clangOMP40'!$A$1,$A$1+($A9-1)*$B$1+$C$1+$D$1,C$2)) -> 145.061 | D22: =AVERAGE(OFFSET('42clangOMP40'!$A$1,$A$1+($A9-1)*$B$1+$C$1,D$2):OFFSET('42clangOMP40'!$A$1,$A$1+($A9-1)*$B$1+$C$1+$D$1,D$2)) -> 144.91396 | E22: =AVERAGE(OFFSET('42clangOMP40'!$A$1,$A$1+($A9-1)*$B$1+$C$1,E$2):OFFSET('42clangOMP40'!$A$1,$A$1+($A9-1)*$B$1+$C$1+$D$1,E$2)) -> 144.89432 | F22: =AVERAGE(OFFSET('42clangOMP40'!$A$1,$A$1+($A9-1)*$B$1+$C$1,F$2):OFFSET('42clangOMP40'!$A$1,$A$1+($A9-1)*$B$1+$C$1+$D$1,F$2)) -> 131.65334 | G22: =AVERAGE(OFFSET('42clangOMP40'!$A$1,$A$1+($A9-1)*$B$1+$C$1,G$2):OFFSET('42clangOMP40'!$A$1,$A$1+($A9-1)*$B$1+$C$1+$D$1,G$2)) -> 55.009348 | H22: =AVERAGE(OFFSET('42clangOMP40'!$A$1,$A$1+($A9-1)*$B$1+$C$1,H$2):OFFSET('42clangOMP40'!$A$1,$A$1+($A9-1)*$B$1+$C$1+$D$1,H$2)) -> 0 | I22: =AVERAGE(OFFSET('42clangOMP40'!$A$1,$A$1+($A9-1)*$B$1+$C$1,I$2):OFFSET('42clangOMP40'!$A$1,$A$1+($A9-1)*$B$1+$C$1+$D$1,I$2)) -> 133.96346 | J22: =AVERAGE(OFFSET('42clangOMP40'!$A$1,$A$1+($A9-1)*$B$1+$C$1,J$2):OFFSET('42clangOMP40'!$A$1,$A$1+($A9-1)*$B$1+$C$1+$D$1,J$2)) -> 2.0150678e-06 | ... Q22: =AVERAGE(OFFSET('42clangOMP40'!$A$1,$A$1+($A9-1)*$B$1+$C$1,Q$2):OFFSET('42clangOMP40'!$A$1,$A$1+($A9-1)*$B$1+$C$1+$D$1,Q$2)) -> #DIV/0! | S22: =$C$16/C22 -> 2.3491683
