Workbook

Sheet 42p stat
A2: CUDA Time | B2: 1 | C2: 25 | D2: Duration Mean: | E2: 0 | F2: 0 | G2: GPU Time 1 Mean: | H2: 32.196781 | I2: 0.196426 | J2: GPU Time 2 Mean: | K2: 31.416984 | L2: 0.195027 | M2: GPU Time 3 Mean: | N2: 15.024374 | O2: 0.197796 | P2: GPU Time 4 Mean: | Q2: 0 | R2: 0 | S2: GPU Time 5 Mean: | T2: 0 | U2: 0 | V2: GPU Time 6 Mean: | W2: 0 | X2: 0 | Y2: GPU Time 7 Mean: | Z2: 0 | AA2: 0 | AB2: GPU Time 8 Mean: | AC2: 0 | AD2: 0 | AE2: Global Min Mean: | AF2: 1 | AG2: 0 | AH2: Global Max Mean: | AI2: 1 | AJ2: 0 | AK2: Hash Fail Count Mean: | AL2: 0 | AM2: 0
A3: CUDA Time | B3: 2 | C3: 50 | D3: Duration Mean: | E3: 0 | F3: 0 | G3: GPU Time 1 Mean: | H3: 64.643411 | I3: 0.872845 | J3: GPU Time 2 Mean: | K3: 63.094764 | L3: 0.866023 | M3: GPU Time 3 Mean: | N3: 30.304138 | O3: 0.867471 | P3: GPU Time 4 Mean: | Q3: 0 | R3: 0 | S3: GPU Time 5 Mean: | T3: 0 | U3: 0 | V3: GPU Time 6 Mean: | W3: 0 | X3: 0 | Y3: GPU Time 7 Mean: | Z3: 0 | AA3: 0 | AB3: GPU Time 8 Mean: | AC3: 0 | AD3: 0 | AE3: Global Min Mean: | AF3: 1 | AG3: 0 | AH3: Global Max Mean: | AI3: 1 | AJ3: 0 | AK3: Hash Fail Count Mean: | AL3: 0 | AM3: 0
A4: CUDA Time | B4: 3 | C4: 75 | D4: Duration Mean: | E4: 0 | F4: 0 | G4: GPU Time 1 Mean: | H4: 97.087052 | I4: 2.014795 | J4: GPU Time 2 Mean: | K4: 94.769308 | L4: 1.997889 | M4: GPU Time 3 Mean: | N4: 45.584918 | O4: 1.993685 | P4: GPU Time 4 Mean: | Q4: 0 | R4: 0 | S4: GPU Time 5 Mean: | T4: 0 | U4: 0 | V4: GPU Time 6 Mean: | W4: 0 | X4: 0 | Y4: GPU Time 7 Mean: | Z4: 0 | AA4: 0 | AB4: GPU Time 8 Mean: | AC4: 0 | AD4: 0 | AE4: Global Min Mean: | AF4: 1 | AG4: 0 | AH4: Global Max Mean: | AI4: 1 | AJ4: 0 | AK4: Hash Fail Count Mean: | AL4: 0 | AM4: 0
A5: CUDA Time | B5: 4 | C5: 100 | D5: Duration Mean: | E5: 0 | F5: 0 | G5: GPU Time 1 Mean: | H5: 129.52116 | I5: 3.632116 | J5: GPU Time 2 Mean: | K5: 126.43448 | L5: 3.6026 | M5: GPU Time 3 Mean: | N5: 60.854596 | O5: 3.601491 | P5: GPU Time 4 Mean: | Q5: 0 | R5: 0 | S5: GPU Time 5 Mean: | T5: 0 | U5: 0 | V5: GPU Time 6 Mean: | W5: 0 | X5: 0 | Y5: GPU Time 7 Mean: | Z5: 0 | AA5: 0 | AB5: GPU Time 8 Mean: | AC5: 0 | AD5: 0 | AE5: Global Min Mean: | AF5: 1 | AG5: 0 | AH5: Global Max Mean: | AI5: 1 | AJ5: 0 | AK5: Hash Fail Count Mean: | AL5: 0 | AM5: 0
A6: CUDA Time | B6: 5 | C6: 125 | D6: Duration Mean: | E6: 0 | F6: 0 | G6: GPU Time 1 Mean: | H6: 161.95398 | I6: 5.691973 | J6: GPU Time 2 Mean: | K6: 158.09868 | L6: 5.64738 | M6: GPU Time 3 Mean: | N6: 76.129403 | O6: 5.63395 | P6: GPU Time 4 Mean: | Q6: 0 | R6: 0 | S6: GPU Time 5 Mean: | T6: 0 | U6: 0 | V6: GPU Time 6 Mean: | W6: 0 | X6: 0 | Y6: GPU Time 7 Mean: | Z6: 0 | AA6: 0 | AB6: GPU Time 8 Mean: | AC6: 0 | AD6: 0 | AE6: Global Min Mean: | AF6: 1 | AG6: 0 | AH6: Global Max Mean: | AI6: 1 | AJ6: 0 | AK6: Hash Fail Count Mean: | AL6: 0 | AM6: 0
A7: CUDA Time | B7: 6 | C7: 150 | D7: Duration Mean: | E7: 0 | F7: 0 | G7: GPU Time 1 Mean: | H7: 194.3952 | I7: 8.160048 | J7: GPU Time 2 Mean: | K7: 189.77149 | L7: 8.097353 | M7: GPU Time 3 Mean: | N7: 91.411419 | O7: 8.098481 | P7: GPU Time 4 Mean: | Q7: 0 | R7: 0 | S7: GPU Time 5 Mean: | T7: 0 | U7: 0 | V7: GPU Time 6 Mean: | W7: 0 | X7: 0 | Y7: GPU Time 7 Mean: | Z7: 0 | AA7: 0 | AB7: GPU Time 8 Mean: | AC7: 0 | AD7: 0 | AE7: Global Min Mean: | AF7: 1 | AG7: 0 | AH7: Global Max Mean: | AI7: 1 | AJ7: 0 | AK7: Hash Fail Count Mean: | AL7: 0 | AM7: 0
A8: CUDA Time | B8: 7 | C8: 175 | D8: Duration Mean: | E8: 0 | F8: 0 | G8: GPU Time 1 Mean: | H8: 226.84572 | I8: 11.187972 | J8: GPU Time 2 Mean: | K8: 221.45351 | L8: 11.103501 | M8: GPU Time 3 Mean: | N8: 106.69525 | O8: 11.095977 | P8: GPU Time 4 Mean: | Q8: 0 | R8: 0 | S8: GPU Time 5 Mean: | T8: 0 | U8: 0 | V8: GPU Time 6 Mean: | W8: 0 | X8: 0 | Y8: GPU Time 7 Mean: | Z8: 0 | AA8: 0 | AB8: GPU Time 8 Mean: | AC8: 0 | AD8: 0 | AE8: Global Min Mean: | AF8: 1 | AG8: 0 | AH8: Global Max Mean: | AI8: 1 | AJ8: 0 | AK8: Hash Fail Count Mean: | AL8: 0 | AM8: 0
A9: CUDA Time | B9: 8 | C9: 200 | D9: Duration Mean: | E9: 0 | F9: 0 | G9: GPU Time 1 Mean: | H9: 259.29349 | I9: 14.634299 | J9: GPU Time 2 Mean: | K9: 253.13243 | L9: 14.524621 | M9: GPU Time 3 Mean: | N9: 121.98276 | O9: 14.515367 | P9: GPU Time 4 Mean: | Q9: 0 | R9: 0 | S9: GPU Time 5 Mean: | T9: 0 | U9: 0 | V9: GPU Time 6 Mean: | W9: 0 | X9: 0 | Y9: GPU Time 7 Mean: | Z9: 0 | AA9: 0 | AB9: GPU Time 8 Mean: | AC9: 0 | AD9: 0 | AE9: Global Min Mean: | AF9: 1 | AG9: 0 | AH9: Global Max Mean: | AI9: 1 | AJ9: 0 | AK9: Hash Fail Count Mean: | AL9: 0 | AM9: 0
A10: CUDA Time | B10: 9 | C10: 225 | D10: Duration Mean: | E10: 0 | F10: 0 | G10: GPU Time 1 Mean: | H10: 291.74005 | I10: 18.714495 | J10: GPU Time 2 Mean: | K10: 284.81018 | L10: 18.572465 | M10: GPU Time 3 Mean: | N10: 137.26694 | O10: 18.528915 | P10: GPU Time 4 Mean: | Q10: 0 | R10: 0 | S10: GPU Time 5 Mean: | T10: 0 | U10: 0 | V10: GPU Time 6 Mean: | W10: 0 | X10: 0 | Y10: GPU Time 7 Mean: | Z10: 0 | AA10: 0 | AB10: GPU Time 8 Mean: | AC10: 0 | AD10: 0 | AE10: Global Min Mean: | AF10: 1 | AG10: 0 | AH10: Global Max Mean: | AI10: 1 | AJ10: 0 | AK10: Hash Fail Count Mean: | AL10: 0 | AM10: 0
A11: CUDA Time | B11: 10 | C11: 250 | D11: Duration Mean: | E11: 0 | F11: 0 | G11: GPU Time 1 Mean: | H11: 324.16648 | I11: 23.157378 | J11: GPU Time 2 Mean: | K11: 316.46827 | L11: 22.983311 | M11: GPU Time 3 Mean: | N11: 152.53519 | O11: 22.90259 | P11: GPU Time 4 Mean: | Q11: 0 | R11: 0 | S11: GPU Time 5 Mean: | T11: 0 | U11: 0 | V11: GPU Time 6 Mean: | W11: 0 | X11: 0 | Y11: GPU Time 7 Mean: | Z11: 0 | AA11: 0 | AB11: GPU Time 8 Mean: | AC11: 0 | AD11: 0 | AE11: Global Min Mean: | AF11: 1 | AG11: 0 | AH11: Global Max Mean: | AI11: 1 | AJ11: 0 | AK11: Hash Fail Count Mean: | AL11: 0 | AM11: 0
A12: CUDA Time | B12: 11 | C12: 275 | D12: Duration Mean: | E12: 0 | F12: 0 | G12: GPU Time 1 Mean: | H12: 356.59915 | I12: 28.070592 | J12: GPU Time 2 Mean: | K12: 348.13193 | L12: 27.864274 | M12: GPU Time 3 Mean: | N12: 167.80549 | O12: 27.755626 | P12: GPU Time 4 Mean: | Q12: 0 | R12: 0 | S12: GPU Time 5 Mean: | T12: 0 | U12: 0 | V12: GPU Time 6 Mean: | W12: 0 | X12: 0 | Y12: GPU Time 7 Mean: | Z12: 0 | AA12: 0 | AB12: GPU Time 8 Mean: | AC12: 0 | AD12: 0 | AE12: Global Min Mean: | AF12: 1 | AG12: 0 | AH12: Global Max Mean: | AI12: 1 | AJ12: 0 | AK12: Hash Fail Count Mean: | AL12: 0 | AM12: 0
A13: CUDA Time | B13: 12 | C13: 300 | D13: Duration Mean: | E13: 0 | F13: 0 | G13: GPU Time 1 Mean: | H13: 389.04224 | I13: 33.408515 | J13: GPU Time 2 Mean: | K13: 379.80566 | L13: 33.156073 | M13: GPU Time 3 Mean: | N13: 183.08217 | O13: 33.032025 | P13: GPU Time 4 Mean: | Q13: 0 | R13: 0 | S13: GPU Time 5 Mean: | T13: 0 | U13: 0 | V13: GPU Time 6 Mean: | W13: 0 | X13: 0 | Y13: GPU Time 7 Mean: | Z13: 0 | AA13: 0 | AB13: GPU Time 8 Mean: | AC13: 0 | AD13: 0 | AE13: Global Min Mean: | AF13: 1 | AG13: 0 | AH13: Global Max Mean: | AI13: 1 | AJ13: 0 | AK13: Hash Fail Count Mean: | AL13: 0 | AM13: 0
... A361: CUDA opt_one_GPU ant | B361: 20 | C361: 500 | D361: Duration Mean: | E361: 0 | F361: 0 | G361: GPU Time 1 Mean: | H361: 0 | I361: 0 | J361: GPU Time 2 Mean: | K361: 0 | L361: 0 | M361: GPU Time 3 Mean: | N361: 0 | O361: 0 | P361: GPU Time 4 Mean: | Q361: 0 | R361: 0 | S361: GPU Time 5 Mean: | T361: 0 | U361: 0 | V361: GPU Time 6 Mean: | W361: 0 | X361: 0 | Y361: GPU Time 7 Mean: | Z361: 0 | AA361: 0 | AB361: GPU Time 8 Mean: | AC361: 0 | AD361: 0 | AE361: Global Min Mean: | AF361: 0 | AG361: 0 | AH361: Global Max Mean: | AI361: 0 | AJ361: 0 | AK361: Hash Fail Count Mean: | AL361: 0 | AM361: 0
A363: CUDA opt_one_GPU ant local
A364: CUDA opt_one_GPU ant local
A365: CUDA opt_one_GPU ant local
A366: CUDA opt_one_GPU ant local
A367: CUDA opt_one_GPU ant local
A368: CUDA opt_one_GPU ant local
A369: CUDA opt_one_GPU ant local
A370: CUDA opt_one_GPU ant local
A371: CUDA opt_one_GPU ant local
A372: CUDA opt_one_GPU ant local
A373: CUDA opt_one_GPU ant local
A374: CUDA opt_one_GPU ant local
... A381: CUDA opt_one_GPU ant local
A382: non CUDA Time | B382: 1 | C382: 25 | D382: Duration Mean: | E382: 0 | F382: 0 | G382: GPU Time 1 Mean: | H382: 137.20026 | I382: 0.014472 | J382: GPU Time 2 Mean: | K382: 137.07602 | L382: 0.014598 | M382: GPU Time 3 Mean: | N382: 6.23686 | O382: 0.000469 | P382: GPU Time 4 Mean: | Q382: 31.379678 | R382: 0.006756 | S382: GPU Time 5 Mean: | T382: 4.287558 | U382: 0.000163 | V382: GPU Time 6 Mean: | W382: 4.142682 | X382: 6.6e-05 | Y382: GPU Time 7 Mean: | Z382: 18.709029 | AA382: 0.006273 | AB382: GPU Time 8 Mean: | AC382: 96.435027 | AD382: 0.00836 | AE382: Global Min Mean: | AF382: 0.001236 | AG382: 0 | AH382: Global Max Mean: | AI382: 0.995934 | AJ382: 2e-06 | AK382: Hash Fail Count Mean: | AL382: 0 | AM382: 0
A383: non CUDA Time | B383: 2 | C383: 50 | D383: Duration Mean: | E383: 0 | F383: 0 | G383: GPU Time 1 Mean: | H383: 274.58335 | I383: 0.039711 | J383: GPU Time 2 Mean: | K383: 274.33742 | L383: 0.039833 | M383: GPU Time 3 Mean: | N383: 12.473683 | O383: 0.001176 | P383: GPU Time 4 Mean: | Q383: 63.07492 | R383: 0.012661 | S383: GPU Time 5 Mean: | T383: 8.548075 | U383: 0.000216 | V383: GPU Time 6 Mean: | W383: 8.280435 | X383: 0.000107 | Y383: GPU Time 7 Mean: | Z383: 37.767686 | AA383: 0.01257 | AB383: GPU Time 8 Mean: | AC383: 192.74943 | AD383: 0.027876 | AE383: Global Min Mean: | AF383: 0.001231 | AG383: 0 | AH383: Global Max Mean: | AI383: 0.996671 | AJ383: 3e-06 | AK383: Hash Fail Count Mean: | AL383: 0 | AM383: 0
A384: non CUDA Time | B384: 3 | C384: 75 | D384: Duration Mean: | E384: 0 | F384: 0 | G384: GPU Time 1 Mean: | H384: 412.00034 | I384: 0.081293 | J384: GPU Time 2 Mean: | K384: 411.63196 | L384: 0.081439 | M384: GPU Time 3 Mean: | N384: 18.726124 | O384: 0.00206 | P384: GPU Time 4 Mean: | Q384: 94.812746 | R384: 0.018944 | S384: GPU Time 5 Mean: | T384: 12.819685 | U384: 0.00026 | V384: GPU Time 6 Mean: | W384: 12.419868 | X384: 0.000142 | Y384: GPU Time 7 Mean: | Z384: 56.86023 | AA384: 0.01798 | AB384: GPU Time 8 Mean: | AC384: 289.0614 | AD384: 0.060212 | AE384: Global Min Mean: | AF384: 0.001231 | AG384: 0 | AH384: Global Max Mean: | AI384: 0.997654 | AJ384: 3e-06 | AK384: Hash Fail Count Mean: | AL384: 0 | AM384: 0
A385: non CUDA Time | B385: 4 | C385: 100 | D385: Duration Mean: | E385: 0 | F385: 0 | G385: GPU Time 1 Mean: | H385: 549.38811 | I385: 0.125949 | J385: GPU Time 2 Mean: | K385: 548.89677 | L385: 0.125974 | M385: GPU Time 3 Mean: | N385: 24.972109 | O385: 0.002775 | P385: GPU Time 4 Mean: | Q385: 126.52699 | R385: 0.028032 | S385: GPU Time 5 Mean: | T385: 17.09386 | U385: 0.000334 | V385: GPU Time 6 Mean: | W385: 16.561936 | X385: 0.000186 | Y385: GPU Time 7 Mean: | Z385: 75.913452 | AA385: 0.027996 | AB385: GPU Time 8 Mean: | AC385: 385.40497 | AD385: 0.101241 | AE385: Global Min Mean: | AF385: 0.00123 | AG385: 0 | AH385: Global Max Mean: | AI385: 0.998071 | AJ385: 2e-06 | AK385: Hash Fail Count Mean: | AL385: 0 | AM385: 0
A386: non CUDA Time | B386: 5 | C386: 125 | D386: Duration Mean: | E386: 0 | F386: 0 | G386: GPU Time 1 Mean: | H386: 686.78494 | I386: 0.206791 | J386: GPU Time 2 Mean: | K386: 686.17096 | L386: 0.206632 | M386: GPU Time 3 Mean: | N386: 31.215261 | O386: 0.003799 | P386: GPU Time 4 Mean: | Q386: 158.24345 | R386: 0.052535 | S386: GPU Time 5 Mean: | T386: 21.369573 | U386: 0.000538 | V386: GPU Time 6 Mean: | W386: 20.70716 | X386: 0.000239 | Y386: GPU Time 7 Mean: | Z386: 94.98531 | AA386: 0.0532 | AB386: GPU Time 8 Mean: | AC386: 481.73506 | AD386: 0.148397 | AE386: Global Min Mean: | AF386: 0.00123 | AG386: 0 | AH386: Global Max Mean: | AI386: 0.998295 | AJ386: 2e-06 | AK386: Hash Fail Count Mean: | AL386: 0.18 | AM386: 1.5876
A387: non CUDA Time | B387: 6 | C387: 150 | D387: Duration Mean: | E387: 0 | F387: 0 | G387: GPU Time 1 Mean: | H387: 824.23282 | I387: 0.264989 | J387: GPU Time 2 Mean: | K387: 823.49604 | L387: 0.264953 | M387: GPU Time 3 Mean: | N387: 37.462879 | O387: 0.004977 | P387: GPU Time 4 Mean: | Q387: 189.98894 | R387: 0.039903 | S387: GPU Time 5 Mean: | T387: 25.645143 | U387: 0.000708 | V387: GPU Time 6 Mean: | W387: 24.853595 | X387: 0.000242 | Y387: GPU Time 7 Mean: | Z387: 114.08674 | AA387: 0.040777 | AB387: GPU Time 8 Mean: | AC387: 578.01152 | AD387: 0.219942 | AE387: Global Min Mean: | AF387: 0.00123 | AG387: 0 | AH387: Global Max Mean: | AI387: 0.998588 | AJ387: 2e-06 | AK387: Hash Fail Count Mean: | AL387: 0.18 | AM387: 1.5876
A388: non CUDA Time | B388: 7 | C388: 175 | D388: Duration Mean: | E388: 0 | F388: 0 | G388: GPU Time 1 Mean: | H388: 961.5913 | I388: 0.497363 | J388: GPU Time 2 Mean: | K388: 960.73151 | L388: 0.497613 | M388: GPU Time 3 Mean: | N388: 43.706064 | O388: 0.006497 | P388: GPU Time 4 Mean: | Q388: 221.65697 | R388: 0.140737 | S388: GPU Time 5 Mean: | T388: 29.921496 | U388: 0.000843 | V388: GPU Time 6 Mean: | W388: 29.000756 | X388: 0.000287 | Y388: GPU Time 7 Mean: | Z388: 133.10952 | AA388: 0.144827 | AB388: GPU Time 8 Mean: | AC388: 674.24777 | AD388: 0.280058 | AE388: Global Min Mean: | AF388: 0.00123 | AG388: 0 | AH388: Global Max Mean: | AI388: 0.998799 | AJ388: 1e-06 | AK388: Hash Fail Count Mean: | AL388: 0.18 | AM388: 1.5876
A389: non CUDA Time | B389: 8 | C389: 200 | D389: Duration Mean: | E389: 0 | F389: 0 | G389: GPU Time 1 Mean: | H389: 1099.0151 | I389: 0.484376 | J389: GPU Time 2 Mean: | K389: 1098.0325 | L389: 0.484485 | M389: GPU Time 3 Mean: | N389: 49.948224 | O389: 0.007908 | P389: GPU Time 4 Mean: | Q389: 253.39892 | R389: 0.090204 | S389: GPU Time 5 Mean: | T389: 34.194152 | U389: 0.000871 | V389: GPU Time 6 Mean: | W389: 33.145692 | X389: 0.000359 | Y389: GPU Time 7 Mean: | Z389: 152.20909 | AA389: 0.093551 | AB389: GPU Time 8 Mean: | AC389: 770.47705 | AD389: 0.354458 | AE389: Global Min Mean: | AF389: 0.00123 | AG389: 0 | AH389: Global Max Mean: | AI389: 0.998934 | AJ389: 1e-06 | AK389: Hash Fail Count Mean: | AL389: 0.18 | AM389: 1.5876
A390: non CUDA Time | B390: 9 | C390: 225 | D390: Duration Mean: | E390: 0 | F390: 0 | G390: GPU Time 1 Mean: | H390: 1236.4574 | I390: 0.542909 | J390: GPU Time 2 Mean: | K390: 1235.3521 | L390: 0.542558 | M390: GPU Time 3 Mean: | N390: 56.188114 | O390: 0.008973 | P390: GPU Time 4 Mean: | Q390: 285.17271 | R390: 0.064355 | S390: GPU Time 5 Mean: | T390: 38.460914 | U390: 0.000962 | V390: GPU Time 6 Mean: | W390: 37.283513 | X390: 0.000432 | Y390: GPU Time 7 Mean: | Z390: 171.31969 | AA390: 0.070929 | AB390: GPU Time 8 Mean: | AC390: 866.71566 | AD390: 0.433732 | AE390: Global Min Mean: | AF390: 0.00123 | AG390: 0 | AH390: Global Max Mean: | AI390: 0.999123 | AJ390: 1e-06 | AK390: Hash Fail Count Mean: | AL390: 0.18 | AM390: 1.5876
A391: non CUDA Time | B391: 10 | C391: 250 | D391: Duration Mean: | E391: 0 | F391: 0 | G391: GPU Time 1 Mean: | H391: 1373.8897 | I391: 0.584616 | J391: GPU Time 2 Mean: | K391: 1372.6617 | L391: 0.583637 | M391: GPU Time 3 Mean: | N391: 62.431064 | O391: 0.010263 | P391: GPU Time 4 Mean: | Q391: 316.92664 | R391: 0.065051 | S391: GPU Time 5 Mean: | T391: 42.72949 | U391: 0.001068 | V391: GPU Time 6 Mean: | W391: 41.419313 | X391: 0.000585 | Y391: GPU Time 7 Mean: | Z391: 190.41049 | AA391: 0.068299 | AB391: GPU Time 8 Mean: | AC391: 962.96334 | AD391: 0.513604 | AE391: Global Min Mean: | AF391: 0.00123 | AG391: 0 | AH391: Global Max Mean: | AI391: 0.999167 | AJ391: 1e-06 | AK391: Hash Fail Count Mean: | AL391: 4.06 | AM391: 737.8564
A392: non CUDA Time | B392: 11 | C392: 275 | D392: Duration Mean: | E392: 0 | F392: 0 | G392: GPU Time 1 Mean: | H392: 1511.3348 | I392: 0.699689 | J392: GPU Time 2 Mean: | K392: 1509.9841 | L392: 0.698923 | M392: GPU Time 3 Mean: | N392: 68.670974 | O392: 0.012527 | P392: GPU Time 4 Mean: | Q392: 348.70461 | R392: 0.070614 | S392: GPU Time 5 Mean: | T392: 46.999493 | U392: 0.001145 | V392: GPU Time 6 Mean: | W392: 45.556641 | X392: 0.000665 | Y392: GPU Time 7 Mean: | Z392: 209.52142 | AA392: 0.072956 | AB392: GPU Time 8 Mean: | AC392: 1059.1997 | AD392: 0.628176 | AE392: Global Min Mean: | AF392: 0.00123 | AG392: 0 | AH392: Global Max Mean: | AI392: 0.999233 | AJ392: 1e-06 | AK392: Hash Fail Count Mean: | AL392: 4.06 | AM392: 737.8564
A393: non CUDA Time | B393: 12 | C393: 300 | D393: Duration Mean: | E393: 0 | F393: 0 | G393: GPU Time 1 Mean: | H393: 1648.8048 | I393: 0.842482 | J393: GPU Time 2 Mean: | K393: 1647.3315 | L393: 0.841565 | M393: GPU Time 3 Mean: | N393: 74.913761 | O393: 0.013793 | P393: GPU Time 4 Mean: | Q393: 380.49443 | R393: 0.085125 | S393: GPU Time 5 Mean: | T393: 51.269151 | U393: 0.001126 | V393: GPU Time 6 Mean: | W393: 49.697415 | X393: 0.000782 | Y393: GPU Time 7 Mean: | Z393: 228.64207 | AA393: 0.086363 | AB393: GPU Time 8 Mean: | AC393: 1155.4456 | AD393: 0.766586 | AE393: Global Min Mean: | AF393: 0.00123 | AG393: 0 | AH393: Global Max Mean: | AI393: 0.999286 | AJ393: 1e-06 | AK393: Hash Fail Count Mean: | AL393: 4.06 | AM393: 737.8564
... A781: CUDA opt ant par global | B781: 20 | C781: 500 | D781: Duration Mean: | E781: 0 | F781: 0 | G781: GPU Time 1 Mean: | H781: 436.32768 | I781: 0.063319 | J781: GPU Time 2 Mean: | K781: 144.75265 | L781: 0.015431 | M781: GPU Time 3 Mean: | N781: 0 | O781: 0 | P781: GPU Time 4 Mean: | Q781: 0 | R781: 0 | S781: GPU Time 5 Mean: | T781: 0 | U781: 0 | V781: GPU Time 6 Mean: | W781: 0 | X781: 0 | Y781: GPU Time 7 Mean: | Z781: 0 | AA781: 0 | AB781: GPU Time 8 Mean: | AC781: 0 | AD781: 0 | AE781: Global Min Mean: | AF781: 32767 | AG781: 0 | AH781: Global Max Mean: | AI781: -32767 | AJ781: 0 | AK781: Hash Fail Count Mean: | AL781: 0.24 | AM781: 0.1824

Sheet 42p trace
A1: Device 0: Orin | B1: Max thread in blocks: 1024 | C1: Max thread in blocks by axis: (1024, 1024, 64) | D1: Max blocks by axis: (2147483647, 65535, 65535) | E1: PARAMETR_SIZE: 42 | F1: MAX_VALUE_SIZE: 5 | G1: NAME_FILE_GRAPH: Parametr_Graph/test42,txt | H1: ANT_SIZE: 500 | I1: KOL_ITERATION: 500 | J1: KOL_PROGON_STATISTICS: 50 | K1: PARAMETR_Q: 1 | L1: PARAMETR_RO: 0,999 | M1: HASH_TABLE_SIZE: 10000000 | N1: MAX_PROBES: 10000 | O1: TYPE_ACO: 1 | P1: ACOCCyN_KOL_ITERATION: 50 | Q1: PRINT_INFORMATION: false
A2: Time CUDA Time: | B2: 706.989 | C2: 691.656 | D2: 655.456 | E2: 639.925 | F2: 316.035 | G2: 0 | H2: 316.035 | I2: 1 | J2: 1 | K2: 0
A3: Time CUDA Time: | B3: 703.513 | C3: 683.02 | D3: 646.836 | E3: 631.443 | F3: 303.438 | G3: 0 | H3: 303.438 | I3: 1 | J3: 1 | K3: 0
A4: Time CUDA Time: | B4: 708.87 | C4: 692.485 | D4: 656.588 | E4: 641.283 | F4: 313.452 | G4: 0 | H4: 313.452 | I4: 1 | J4: 1 | K4: 0
A5: Time CUDA Time: | B5: 699.056 | C5: 682.622 | D5: 646.762 | E5: 631.366 | F5: 303.264 | G5: 0 | H5: 303.264 | I5: 1 | J5: 1 | K5: 0
A6: Time CUDA Time: | B6: 694.649 | C6: 678.045 | D6: 641.825 | E6: 626.46 | F6: 298.487 | G6: 0 | H6: 298.487 | I6: 1 | J6: 1 | K6: 0
A7: Time CUDA Time: | B7: 699.714 | C7: 683.35 | D7: 647.447 | E7: 632.096 | F7: 304.236 | G7: 0 | H7: 304.236 | I7: 1 | J7: 1 | K7: 0
A8: Time CUDA Time: | B8: 698.218 | C8: 681.955 | D8: 646.166 | E8: 630.797 | F8: 302.894 | G8: 0 | H8: 302.894 | I8: 1 | J8: 1 | K8: 0
A9: Time CUDA Time: | B9: 706.057 | C9: 689.542 | D9: 653.653 | E9: 638.325 | F9: 310.336 | G9: 0 | H9: 310.336 | I9: 1 | J9: 1 | K9: 0
A10: Time CUDA Time: | B10: 689.361 | C10: 673.209 | D10: 637.313 | E10: 621.997 | F10: 294.289 | G10: 0 | H10: 294.289 | I10: 1 | J10: 1 | K10: 0
A11: Time CUDA Time: | B11: 691.71 | C11: 675.37 | D11: 639.487 | E11: 624.162 | F11: 296.669 | G11: 0 | H11: 296.669 | I11: 1 | J11: 1 | K11: 0
A12: Time CUDA Time: | B12: 697.663 | C12: 681.391 | D12: 645.049 | E12: 629.674 | F12: 302.076 | G12: 0 | H12: 302.076 | I12: 1 | J12: 1 | K12: 0
A13: Time CUDA Time: | B13: 719.513 | C13: 703.299 | D13: 667.567 | E13: 651.878 | F13: 324.293 | G13: 0 | H13: 324.293 | I13: 1 | J13: 1 | K13: 0
... A54: Time CUDA Time: | B54: 691.265 | C54: 674.577 | D54: 638.428 | E54: 623.095 | F54: 295.177 | G54: 0 | H54: 295.177 | I54: 1 | J54: 1 | K54: 0
A55: Time CUDA Time: | B55: 698.476 | C55: 682.161 | D55: 646.478 | E55: 631.131 | F55: 303.294 | G55: 0 | H55: 303.294 | I55: 1 | J55: 1 | K55: 0 | R55: МО | U55: дисп | X55: CI
A56: Time CUDA Time: | B56: 701.883 | C56: 685.629 | D56: 649.659 | E56: 634.286 | F56: 306.391 | G56: 0 | H56: 306.391 | I56: 1 | J56: 1 | K56: 0 | R56: =AVERAGE(B7:B56) -> 700.88278 | S56: =AVERAGE(C7:C56) -> 684.58224 | U56: =_xlfn.VAR.P(B7:B56) -> 93.44924 | V56: =_xlfn.VAR.P(C7:C56) -> 93.903754 | X56: =1.96*SQRT(U56)/50 -> 0.37894306 | Y56: =1.96*SQRT(V56)/50 -> 0.37986348
A57: Time CUDA time: | B57: 35050.812 | C57: sec
A58: Time CUDA: | B58: 705.415 | C58: 0 | D58: 0 | E58: 0 | F58: 0 | G58: 0 | H58: 0 | I58: 1 | J58: 1 | K58: 0
A59: Time CUDA: | B59: 726.961 | C59: 0 | D59: 0 | E59: 0 | F59: 0 | G59: 0 | H59: 0 | I59: 1 | J59: 1 | K59: 0
A60: Time CUDA: | B60: 736.893 | C60: 0 | D60: 0 | E60: 0 | F60: 0 | G60: 0 | H60: 0 | I60: 1 | J60: 1 | K60: 0
A61: Time CUDA: | B61: 731.306 | C61: 0 | D61: 0 | E61: 0 | F61: 0 | G61: 0 | H61: 0 | I61: 1 | J61: 1 | K61: 0
A62: Time CUDA: | B62: 734.388 | C62: 0 | D62: 0 | E62: 0 | F62: 0 | G62: 0 | H62: 0 | I62: 1 | J62: 1 | K62: 0
A63: Time CUDA: | B63: 726.703 | C63: 0 | D63: 0 | E63: 0 | F63: 0 | G63: 0 | H63: 0 | I63: 1 | J63: 1 | K63: 0
A64: Time CUDA: | B64: 721.228 | C64: 0 | D64: 0 | E64: 0 | F64: 0 | G64: 0 | H64: 0 | I64: 1 | J64: 1 | K64: 0
A65: Time CUDA: | B65: 739.302 | C65: 0 | D65: 0 | E65: 0 | F65: 0 | G65: 0 | H65: 0 | I65: 1 | J65: 1 | K65: 0
A66: Time CUDA: | B66: 721.464 | C66: 0 | D66: 0 | E66: 0 | F66: 0 | G66: 0 | H66: 0 | I66: 1 | J66: 1 | K66: 0
A67: Time CUDA: | B67: 716.539 | C67: 0 | D67: 0 | E67: 0 | F67: 0 | G67: 0 | H67: 0 | I67: 1 | J67: 1 | K67: 0
A68: Time CUDA: | B68: 726.833 | C68: 0 | D68: 0 | E68: 0 | F68: 0 | G68: 0 | H68: 0 | I68: 1 | J68: 1 | K68: 0
A69: Time CUDA: | B69: 731.506 | C69: 0 | D69: 0 | E69: 0 | F69: 0 | G69: 0 | H69: 0 | I69: 1 | J69: 1 | K69: 0
... A110: Time CUDA: | B110: 731.831 | C110: 0 | D110: 0 | E110: 0 | F110: 0 | G110: 0 | H110: 0 | I110: 1 | J110: 1 | K110: 0
A111: Time CUDA: | B111: 724.396 | C111: 0 | D111: 0 | E111: 0 | F111: 0 | G111: 0 | H111: 0 | I111: 1 | J111: 1 | K111: 0 | R111: МО | U111: дисп | X111: CI
A112: Time CUDA: | B112: 730.819 | C112: 0 | D112: 0 | E112: 0 | F112: 0 | G112: 0 | H112: 0 | I112: 1 | J112: 1 | K112: 0 | R112: =AVERAGE(B63:B112) -> 727.69708 | S112: =AVERAGE(C63:C112) -> 0 | U112: =_xlfn.VAR.P(B63:B112) -> 106.58589 | V112: =_xlfn.VAR.P(C63:C112) -> 0 | X112: =1.96*SQRT(U112)/50 -> 0.40470254 | Y112: =1.96*SQRT(V112)/50 -> 0
A113: Time CUDA: | B113: 36418.853 | C113: sec
A114: Time CUDA non hash: | B114: 2311.34 | C114: 2309.68 | D114: 2272.07 | E114: 2256.55 | F114: 303.398 | G114: 1 | H114: 1 | I114: 0
A115: Time CUDA non hash: | B115: 2446.37 | C115: 2445.18 | D115: 2407.45 | E115: 2388.94 | F115: 372.86 | G115: 1 | H115: 1 | I115: 0
A116: Time CUDA non hash: | B116: 2860.19 | C116: 2858.74 | D116: 2779.34 | E116: 2753.12 | F116: 566.253 | G116: 1 | H116: 1 | I116: 0
A117: Time CUDA non hash: | B117: 2922 | C117: 2920.29 | D117: 2837.12 | E117: 2808.98 | F117: 566.237 | G117: 1 | H117: 1 | I117: 0
A118: Time CUDA non hash: | B118: 2947.27 | C118: 2945.4 | D118: 2879.85 | E118: 2851.86 | F118: 604.406 | G118: 1 | H118: 1 | I118: 0
A119: Time CUDA non hash: | B119: 2952.78 | C119: 2950.95 | D119: 2885 | E119: 2857.02 | F119: 608.668 | G119: 1 | H119: 1 | I119: 0
A120: Time CUDA non hash: | B120: 2941.91 | C120: 2940.22 | D120: 2843.64 | E120: 2815.71 | F120: 575.215 | G120: 1 | H120: 1 | I120: 0
A121: Time CUDA non hash: | B121: 2970.71 | C121: 2968.99 | D121: 2886.26 | E121: 2858.27 | F121: 614.817 | G121: 1 | H121: 1 | I121: 0
A122: Time CUDA non hash: | B122: 2939.31 | C122: 2937.53 | D122: 2859.58 | E122: 2831.63 | F122: 585.797 | G122: 1 | H122: 1 | I122: 0
A123: Time CUDA non hash: | B123: 2936.85 | C123: 2935.12 | D123: 2841.95 | E123: 2814 | F123: 573.804 | G123: 1 | H123: 1 | I123: 0
A124: Time CUDA non hash: | B124: 2922.4 | C124: 2920.71 | D124: 2838.32 | E124: 2810.37 | F124: 567.043 | G124: 1 | H124: 1 | I124: 0
A125: Time CUDA non hash: | B125: 2982.66 | C125: 2980.92 | D125: 2897.73 | E125: 2869.72 | F125: 625.82 | G125: 1 | H125: 1 | I125: 0
... A166: Time CUDA non hash: | B166: 2960.75 | C166: 2959.02 | D166: 2871.5 | E166: 2842.96 | F166: 602.344 | G166: 1 | H166: 1 | I166: 0
A167: Time CUDA non hash: | B167: 2931.54 | C167: 2929.86 | D167: 2847.21 | E167: 2818.92 | F167: 575.064 | G167: 1 | H167: 1 | I167: 0 | R167: МО | U167: дисп | X167: CI
A168: Time CUDA non hash: | B168: 2936.12 | C168: 2934.38 | D168: 2869.66 | E168: 2841.66 | F168: 594.367 | G168: 1 | H168: 1 | I168: 0 | R168: =AVERAGE(B119:B168) -> 2955.4098 | S168: =AVERAGE(C119:C168) -> 2953.6902 | U168: =_xlfn.VAR.P(B119:B168) -> 424.57193 | V168: =_xlfn.VAR.P(C119:C168) -> 424.36393 | X168: =1.96*SQRT(U168)/50 -> 0.80772161 | Y168: =1.96*SQRT(V168)/50 -> 0.80752374
A169: Time CUDA non hash: | B169: 147777.03 | C169: sec
A170: Time CUDA ant: | B170: 591.311 | C170: 569.697 | D170: 532.655 | E170: 511.75 | F170: 374.469 | G170: 0.00123007 | H170: 0.999602 | I170: 0
A171: Time CUDA ant: | B171: 550.893 | C171: 533.871 | D171: 497.901 | E171: 478.24 | F171: 350.646 | G171: 0.00123008 | H171: 0.99887 | I171: 0
A172: Time CUDA ant: | B172: 542.026 | C172: 525.034 | D172: 488.925 | E172: 469.334 | F172: 341.933 | G172: 0.00123005 | H172: 0.999389 | I172: 0
A173: Time CUDA ant: | B173: 542.603 | C173: 525.968 | D173: 490.045 | E173: 470.443 | F173: 342.655 | G173: 0.00123005 | H173: 0.999683 | I173: 1
A174: Time CUDA ant: | B174: 548.258 | C174: 531.417 | D174: 495.161 | E174: 475.542 | F174: 347.95 | G174: 0.00123005 | H174: 0.999977 | I174: 0
A175: Time CUDA ant: | B175: 549.94 | C175: 533.639 | D175: 497.786 | E175: 478.212 | F175: 350.582 | G175: 0.00123005 | H175: 0.999614 | I175: 0
A176: Time CUDA ant: | B176: 542.381 | C176: 525.914 | D176: 490.048 | E176: 470.438 | F176: 342.725 | G176: 0.0012301 | H176: 0.999347 | I176: 1
A177: Time CUDA ant: | B177: 546.94 | C177: 530.577 | D177: 494.482 | E177: 474.858 | F177: 347.211 | G177: 0.00123005 | H177: 0.999437 | I177: 0
A178: Time CUDA ant: | B178: 550.213 | C178: 533.831 | D178: 497.617 | E178: 478.014 | F178: 350.309 | G178: 0.00123005 | H178: 0.999494 | I178: 0
A179: Time CUDA ant: | B179: 545.915 | C179: 529.502 | D179: 493.774 | E179: 474.199 | F179: 346.539 | G179: 0.00123006 | H179: 0.99971 | I179: 1
A180: Time CUDA ant: | B180: 546.392 | C180: 529.968 | D180: 493.582 | E180: 473.989 | F180: 346.242 | G180: 0.00123005 | H180: 0.997745 | I180: 0
A181: Time CUDA ant: | B181: 547.264 | C181: 530.917 | D181: 495.019 | E181: 475.442 | F181: 347.819 | G181: 0.00123005 | H181: 0.999621 | I181: 0
... A222: Time CUDA ant: | B222: 551.247 | C222: 534.483 | D222: 498.305 | E222: 478.675 | F222: 351.086 | G222: 0.00123005 | H222: 0.999239 | I222: 0
A223: Time CUDA ant: | B223: 550.6 | C223: 534.285 | D223: 498.413 | E223: 478.789 | F223: 351.01 | G223: 0.00123006 | H223: 0.999938 | I223: 0 | R223: МО | U223: дисп | X223: CI
A224: Time CUDA ant: | B224: 546.368 | C224: 529.93 | D224: 494.023 | E224: 474.448 | F224: 346.56 | G224: 0.00123005 | H224: 0.999039 | I224: 1 | R224: =AVERAGE(B175:B224) -> 546.72078 | S224: =AVERAGE(C175:C224) -> 530.28568 | U224: =_xlfn.VAR.P(B175:B224) -> 8.0951522 | V224: =_xlfn.VAR.P(C175:C224) -> 7.7988559 | X224: =1.96*SQRT(U224)/50 -> 0.11153177 | Y224: =1.96*SQRT(V224)/50 -> 0.10947161
A225: Time CUDA ant: | B225: 27342.121 | C225: sec
A226: Time CUDA ant par: | B226: 497.064 | C226: 480.261 | D226: 444.147 | E226: 428.704 | F226: 300.864 | G226: 0.00123006 | H226: 0.999619 | I226: 0
A227: Time CUDA ant par: | B227: 497.019 | C227: 480.449 | D227: 444.475 | E227: 429.014 | F227: 301.107 | G227: 0.00123006 | H227: 0.999978 | I227: 1
A228: Time CUDA ant par: | B228: 496.252 | C228: 479.922 | D228: 444.145 | E228: 428.707 | F228: 300.89 | G228: 0.00123005 | H228: 0.999862 | I228: 0
A229: Time CUDA ant par: | B229: 496.244 | C229: 479.862 | D229: 443.619 | E229: 428.174 | F229: 300.773 | G229: 0.00123005 | H229: 0.999934 | I229: 0
A230: Time CUDA ant par: | B230: 497.14 | C230: 480.354 | D230: 444.395 | E230: 428.93 | F230: 301.043 | G230: 0.00123005 | H230: 0.999749 | I230: 0
A231: Time CUDA ant par: | B231: 496.45 | C231: 479.923 | D231: 443.915 | E231: 428.494 | F231: 300.774 | G231: 0.00123005 | H231: 0.998453 | I231: 1
A232: Time CUDA ant par: | B232: 496.33 | C232: 479.781 | D232: 443.894 | E232: 428.455 | F232: 300.731 | G232: 0.00123005 | H232: 0.999669 | I232: 0
A233: Time CUDA ant par: | B233: 496.578 | C233: 480.028 | D233: 443.899 | E233: 428.465 | F233: 300.863 | G233: 0.00123006 | H233: 0.999208 | I233: 0
A234: Time CUDA ant par: | B234: 496.529 | C234: 479.743 | D234: 443.831 | E234: 428.395 | F234: 300.728 | G234: 0.00123005 | H234: 0.999014 | I234: 1
A235: Time CUDA ant par: | B235: 496.791 | C235: 480.286 | D235: 444.173 | E235: 428.731 | F235: 300.985 | G235: 0.00123005 | H235: 0.999849 | I235: 2
A236: Time CUDA ant par: | B236: 496.976 | C236: 480.101 | D236: 444.179 | E236: 428.708 | F236: 300.884 | G236: 0.00123005 | H236: 0.999267 | I236: 0
A237: Time CUDA ant par: | B237: 496.354 | C237: 479.958 | D237: 444.347 | E237: 428.901 | F237: 300.994 | G237: 0.00123006 | H237: 0.99927 | I237: 0
... A278: Time CUDA ant par: | B278: 496.569 | C278: 480.077 | D278: 444.539 | E278: 429.104 | F278: 300.939 | G278: 0.00123006 | H278: 0.999922 | I278: 0
A279: Time CUDA ant par: | B279: 496.826 | C279: 479.927 | D279: 444.042 | E279: 428.639 | F279: 300.818 | G279: 0.00123008 | H279: 0.999654 | I279: 0 | R279: МО | U279: дисп | X279: CI
A280: Time CUDA ant par: | B280: 496.351 | C280: 479.931 | D280: 443.98 | E280: 428.564 | F280: 300.677 | G280: 0.00123006 | H280: 0.999262 | I280: 1 | R280: =AVERAGE(B231:B280) -> 496.59164 | S280: =AVERAGE(C231:C280) -> 480.05012 | U280: =_xlfn.VAR.P(B231:B280) -> 0.12218143 | V280: =_xlfn.VAR.P(C231:C280) -> 0.074531386 | X280: =1.96*SQRT(U280)/50 -> 0.013702148 | Y280: =1.96*SQRT(V280)/50 -> 0.010701771
A281: Time CUDA ant par: | B281: 24835.895 | C281: sec
A282: Time CUDA ant non hash: | B282: 511.726 | C282: 495.204 | D282: 459.081 | E282: 439.457 | F282: 342.773 | G282: 0.00123011 | H282: 0.998892 | I282: 0
A283: Time CUDA ant non hash: | B283: 514.394 | C283: 497.924 | D283: 462.362 | E283: 442.786 | F283: 346.122 | G283: 0.00123005 | H283: 0.999815 | I283: 0
A284: Time CUDA ant non hash: | B284: 515.203 | C284: 498.24 | D284: 462.161 | E284: 442.612 | F284: 346.093 | G284: 0.00123005 | H284: 0.999929 | I284: 0
A285: Time CUDA ant non hash: | B285: 515.848 | C285: 499.386 | D285: 463.916 | E285: 444.398 | F285: 347.856 | G285: 0.00123005 | H285: 0.999787 | I285: 0
A286: Time CUDA ant non hash: | B286: 519.994 | C286: 503.034 | D286: 467.062 | E286: 447.52 | F286: 350.809 | G286: 0.00123005 | H286: 0.999975 | I286: 0
A287: Time CUDA ant non hash: | B287: 511.077 | C287: 494.667 | D287: 458.931 | E287: 439.336 | F287: 342.688 | G287: 0.00123005 | H287: 0.999953 | I287: 0
A288: Time CUDA ant non hash: | B288: 514.97 | C288: 498.428 | D288: 462.392 | E288: 442.834 | F288: 346.3 | G288: 0.00123006 | H288: 0.999672 | I288: 0
A289: Time CUDA ant non hash: | B289: 515.282 | C289: 498.771 | D289: 463.107 | E289: 443.56 | F289: 346.986 | G289: 0.00123008 | H289: 0.999742 | I289: 0
A290: Time CUDA ant non hash: | B290: 519.834 | C290: 503.279 | D290: 467.225 | E290: 447.673 | F290: 351.065 | G290: 0.00123005 | H290: 0.999988 | I290: 0
A291: Time CUDA ant non hash: | B291: 511.537 | C291: 494.65 | D291: 458.692 | E291: 439.121 | F291: 342.455 | G291: 0.00123005 | H291: 0.999957 | I291: 0
A292: Time CUDA ant non hash: | B292: 514.163 | C292: 497.647 | D292: 461.706 | E292: 442.208 | F292: 345.82 | G292: 0.00123005 | H292: 0.999885 | I292: 0
A293: Time CUDA ant non hash: | B293: 516.322 | C293: 499.467 | D293: 463.431 | E293: 443.878 | F293: 347.282 | G293: 0.00123005 | H293: 0.999906 | I293: 0
... A334: Time CUDA ant non hash: | B334: 515.206 | C334: 498.614 | D334: 462.598 | E334: 443.051 | F334: 346.414 | G334: 0.00123005 | H334: 0.999787 | I334: 0
A335: Time CUDA ant non hash: | B335: 516.762 | C335: 500.222 | D335: 464.248 | E335: 444.635 | F335: 347.954 | G335: 0.00123005 | H335: 0.999136 | I335: 0 | R335: МО | U335: дисп | X335: CI
A336: Time CUDA ant non hash: | B336: 519.091 | C336: 502.493 | D336: 466.488 | E336: 446.943 | F336: 350.448 | G336: 0.00123006 | H336: 0.999575 | I336: 0 | R336: =AVERAGE(B287:B336) -> 515.1704 | S336: =AVERAGE(C287:C336) -> 498.49998 | U336: =_xlfn.VAR.P(B287:B336) -> 7.8365036 | V336: =_xlfn.VAR.P(C287:C336) -> 7.7620559 | X336: =1.96*SQRT(U336)/50 -> 0.10973552 | Y336: =1.96*SQRT(V336)/50 -> 0.10921303
A337: Time CUDA ant non hash: | B337: 25764.818 | C337: sec
A338: Time CUDA ant add CPU Time: | B338: 653.26 | C338: 636.636 | D338: 328.399 | E338: 326.06 | F338: 123.342 | G338: 0.00123005 | H338: 0.99925 | I338: 43
A339: Time CUDA ant add CPU Time: | B339: 653.318 | C339: 636.458 | D339: 327.864 | E339: 325.544 | F339: 123.557 | G339: 0.00123005 | H339: 0.999695 | I339: 44
A340: Time CUDA ant add CPU Time: | B340: 653.653 | C340: 636.412 | D340: 328.01 | E340: 325.709 | F340: 123.548 | G340: 0.00123005 | H340: 0.999751 | I340: 48
...

Sheet 42 end
D2: T_start | E2: T_Delt | F2: T1 | G2: T2 | H2: T3
A3: 1 | C3: =OFFSET('42p stat'!$A$1,A3*20,0) -> CUDA Time | D3: =OFFSET('42p trace'!$R$56,(A3-1)*56,0)-OFFSET('42p trace'!$S$56,(A3-1)*56,0) -> 16.30054 | E3: =OFFSET('42p trace'!$S$56,(A3-1)*56,0)-OFFSET('42p stat'!$H$1,A3*20,0) -> 35.986337 | F3: =OFFSET('42p stat'!$H$1,A3*20,0)-OFFSET('42p stat'!$K$1,A3*20,0) -> 15.385473 | G3: =OFFSET('42p stat'!$K$1,A3*20,0)-OFFSET('42p stat'!$N$1,A3*20,0) -> 327.87679 | H3: =OFFSET('42p stat'!$N$1,A3*20,0) -> 305.33364
A4: 1 | C4: =OFFSET('42p stat'!$A$1,A4*20,0) -> CUDA Time | D4: =OFFSET('42p trace'!$U$56,(A4-1)*56,0) -> 93.44924 | E4: =OFFSET('42p trace'!$V$56,(A4-1)*56,0) -> 93.903754 | F4: =OFFSET('42p stat'!$H$1,A4*20,1) -> 94.455915 | G4: =OFFSET('42p stat'!$K$1,A4*20,1) -> 93.746646 | H4: =OFFSET('42p stat'!$N$1,A4*20,1) -> 93.519511
A5: 2 | C5: =OFFSET('42p stat'!$A$1,A5*20,0) -> CUDA | D5: =OFFSET('42p trace'!$R$56,(A5-1)*56,0)-OFFSET('42p trace'!$S$56,(A5-1)*56,0) -> 727.69708 | E5: =OFFSET('42p trace'!$S$56,(A5-1)*56,0)-OFFSET('42p stat'!$H$1,A5*20,0) -> 0 | F5: =OFFSET('42p stat'!$H$1,A5*20,0)-OFFSET('42p stat'!$K$1,A5*20,0) -> 0 | G5: =OFFSET('42p stat'!$K$1,A5*20,0)-OFFSET('42p stat'!$N$1,A5*20,0) -> 0 | H5: =OFFSET('42p stat'!$N$1,A5*20,0) -> 0
A6: 2 | C6: =OFFSET('42p stat'!$A$1,A6*20,0) -> CUDA | D6: =OFFSET('42p trace'!$U$56,(A6-1)*56,0) -> 106.58589 | E6: =OFFSET('42p trace'!$V$56,(A6-1)*56,0) -> 0 | F6: =OFFSET('42p stat'!$H$1,A6*20,1) -> 0 | G6: =OFFSET('42p stat'!$K$1,A6*20,1) -> 0 | H6: =OFFSET('42p stat'!$N$1,A6*20,1) -> 0
A7: 3 | C7: =OFFSET('42p stat'!$A$1,A7*20,0) -> CUDA non hash | D7: =OFFSET('42p trace'!$R$56,(A7-1)*56,0)-OFFSET('42p trace'!$S$56,(A7-1)*56,0) -> 1.7196 | E7: =OFFSET('42p trace'!$S$56,(A7-1)*56,0)-OFFSET('42p stat'!$H$1,A7*20,0) -> 89.566318 | F7: =OFFSET('42p stat'!$H$1,A7*20,0)-OFFSET('42p stat'!$K$1,A7*20,0) -> 28.030967 | G7: =OFFSET('42p stat'!$K$1,A7*20,0)-OFFSET('42p stat'!$N$1,A7*20,0) -> 2241.4456 | H7: =OFFSET('42p stat'!$N$1,A7*20,0) -> 594.64732
A8: 3 | C8: =OFFSET('42p stat'!$A$1,A8*20,0) -> CUDA non hash | D8: =OFFSET('42p trace'!$U$56,(A8-1)*56,0) -> 424.57193 | E8: =OFFSET('42p trace'!$V$56,(A8-1)*56,0) -> 424.36393 | F8: =OFFSET('42p stat'!$H$1,A8*20,1) -> 405.72798 | G8: =OFFSET('42p stat'!$K$1,A8*20,1) -> 404.79683 | H8: =OFFSET('42p stat'!$N$1,A8*20,1) -> 393.16623
A9: 4 | C9: =OFFSET('42p stat'!$A$1,A9*20,0) -> CUDA ant | D9: =OFFSET('42p trace'!$R$56,(A9-1)*56,0)-OFFSET('42p trace'!$S$56,(A9-1)*56,0) -> 16.4351 | E9: =OFFSET('42p trace'!$S$56,(A9-1)*56,0)-OFFSET('42p stat'!$H$1,A9*20,0) -> 36.016446 | F9: =OFFSET('42p stat'!$H$1,A9*20,0)-OFFSET('42p stat'!$K$1,A9*20,0) -> 19.608907 | G9: =OFFSET('42p stat'!$K$1,A9*20,0)-OFFSET('42p stat'!$N$1,A9*20,0) -> 127.653 | H9: =OFFSET('42p stat'!$N$1,A9*20,0) -> 347.00732
A10: 4 | C10: =OFFSET('42p stat'!$A$1,A10*20,0) -> CUDA ant | D10: =OFFSET('42p trace'!$U$56,(A10-1)*56,0) -> 8.0951522 | E10: =OFFSET('42p trace'!$V$56,(A10-1)*56,0) -> 7.7988559 | F10: =OFFSET('42p stat'!$H$1,A10*20,1) -> 7.687903 | G10: =OFFSET('42p stat'!$K$1,A10*20,1) -> 7.696488 | H10: =OFFSET('42p stat'!$N$1,A10*20,1) -> 7.672362
A11: 5 | C11: =OFFSET('42p stat'!$A$1,A11*20,0) -> CUDA ant par | D11: =OFFSET('42p trace'!$R$56,(A11-1)*56,0)-OFFSET('42p trace'!$S$56,(A11-1)*56,0) -> 16.54152 | E11: =OFFSET('42p trace'!$S$56,(A11-1)*56,0)-OFFSET('42p stat'!$H$1,A11*20,0) -> 35.913695 | F11: =OFFSET('42p stat'!$H$1,A11*20,0)-OFFSET('42p stat'!$K$1,A11*20,0) -> 15.442489 | G11: =OFFSET('42p stat'!$K$1,A11*20,0)-OFFSET('42p stat'!$N$1,A11*20,0) -> 127.7868 | H11: =OFFSET('42p stat'!$N$1,A11*20,0) -> 300.90713
A12: 5 | C12: =OFFSET('42p stat'!$A$1,A12*20,0) -> CUDA ant par | D12: =OFFSET('42p trace'!$U$56,(A12-1)*56,0) -> 0.12218143 | E12: =OFFSET('42p trace'!$V$56,(A12-1)*56,0) -> 0.074531386 | F12: =OFFSET('42p stat'!$H$1,A12*20,1) -> 0.059966 | G12: =OFFSET('42p stat'!$K$1,A12*20,1) -> 0.058228 | H12: =OFFSET('42p stat'!$N$1,A12*20,1) -> 0.024391
A13: 6 | C13: =OFFSET('42p stat'!$A$1,A13*20,0) -> CUDA ant non hash | D13: =OFFSET('42p trace'!$R$56,(A13-1)*56,0)-OFFSET('42p trace'!$S$56,(A13-1)*56,0) -> 16.67042 | E13: =OFFSET('42p trace'!$S$56,(A13-1)*56,0)-OFFSET('42p stat'!$H$1,A13*20,0) -> 35.940147 | F13: =OFFSET('42p stat'!$H$1,A13*20,0)-OFFSET('42p stat'!$K$1,A13*20,0) -> 19.569468 | G13: =OFFSET('42p stat'!$K$1,A13*20,0)-OFFSET('42p stat'!$N$1,A13*20,0) -> 96.593672 | H13: =OFFSET('42p stat'!$N$1,A13*20,0) -> 346.39669
A14: 6 | C14: =OFFSET('42p stat'!$A$1,A14*20,0) -> CUDA ant non hash | D14: =OFFSET('42p trace'!$U$56,(A14-1)*56,0) -> 7.8365036 | E14: =OFFSET('42p trace'!$V$56,(A14-1)*56,0) -> 7.7620559 | F14: =OFFSET('42p stat'!$H$1,A14*20,1) -> 7.711735 | G14: =OFFSET('42p stat'!$K$1,A14*20,1) -> 7.735126 | H14: =OFFSET('42p stat'!$N$1,A14*20,1) -> 7.760416
A15: 7 | C15: =OFFSET('42p stat'!$A$1,A15*20,0) -> CUDA ant add CPU Time | D15: =OFFSET('42p trace'!$R$56,(A15-1)*56,0)-OFFSET('42p trace'!$S$56,(A15-1)*56,0) -> 17.13512 | E15: =OFFSET('42p trace'!$S$56,(A15-1)*56,0)-OFFSET('42p stat'!$H$1,A15*20,0) -> 308.75334 | F15: =OFFSET('42p stat'!$H$1,A15*20,0)-OFFSET('42p stat'!$K$1,A15*20,0) -> 2.265325 | G15: =OFFSET('42p stat'!$K$1,A15*20,0)-OFFSET('42p stat'!$N$1,A15*20,0) -> 202.07982 | H15: =OFFSET('42p stat'!$N$1,A15*20,0) -> 123.44107
A16: 7 | C16: =OFFSET('42p stat'!$A$1,A16*20,0) -> CUDA ant add CPU Time | D16: =OFFSET('42p trace'!$U$56,(A16-1)*56,0) -> 1.7924289 | E16: =OFFSET('42p trace'!$V$56,(A16-1)*56,0) -> 1.5996432 | F16: =OFFSET('42p stat'!$H$1,A16*20,1) -> 0.496936 | G16: =OFFSET('42p stat'!$K$1,A16*20,1) -> 0.682811 | H16: =OFFSET('42p stat'!$N$1,A16*20,1) -> 0.005081
A17: 8 | C17: =OFFSET('42p stat'!$A$1,A17*20,0) -> CUDA ant add CPU | D17: =OFFSET('42p trace'!$R$56,(A17-1)*56,0)-OFFSET('42p trace'!$S$56,(A17-1)*56,0) -> 638.64558 | E17: =OFFSET('42p trace'!$S$56,(A17-1)*56,0)-OFFSET('42p stat'!$H$1,A17*20,0) -> 0 | F17: =OFFSET('42p stat'!$H$1,A17*20,0)-OFFSET('42p stat'!$K$1,A17*20,0) -> 0 | G17: =OFFSET('42p stat'!$K$1,A17*20,0)-OFFSET('42p stat'!$N$1,A17*20,0) -> 0 | H17: =OFFSET('42p stat'!$N$1,A17*20,0) -> 0
A18: 8 | C18: =OFFSET('42p stat'!$A$1,A18*20,0) -> CUDA ant add CPU | D18: =OFFSET('42p trace'!$U$56,(A18-1)*56,0) -> 2.2310228 | E18: =OFFSET('42p trace'!$V$56,(A18-1)*56,0) -> 0 | F18: =OFFSET('42p stat'!$H$1,A18*20,1) -> 0 | G18: =OFFSET('42p stat'!$K$1,A18*20,1) -> 0 | H18: =OFFSET('42p stat'!$N$1,A18*20,1) -> 0
A19: 9 | C19: =OFFSET('42p stat'!$A$1,A19*20,0) -> CUDA ant add CPU non hash | D19: =OFFSET('42p trace'!$R$56,(A19-1)*56,0)-OFFSET('42p trace'!$S$56,(A19-1)*56,0) -> 17.84836 | E19: =OFFSET('42p trace'!$S$56,(A19-1)*56,0)-OFFSET('42p stat'!$H$1,A19*20,0) -> 336.75326 | F19: =OFFSET('42p stat'!$H$1,A19*20,0)-OFFSET('42p stat'!$K$1,A19*20,0) -> 2.11423 | G19: =OFFSET('42p stat'!$K$1,A19*20,0)-OFFSET('42p stat'!$N$1,A19*20,0) -> 184.93332 | H19: =OFFSET('42p stat'!$N$1,A19*20,0) -> 123.27213
A20: 9 | C20: =OFFSET('42p stat'!$A$1,A20*20,0) -> CUDA ant add CPU non hash | D20: =OFFSET('42p trace'!$U$56,(A20-1)*56,0) -> 620.10098 | E20: =OFFSET('42p trace'!$V$56,(A20-1)*56,0) -> 596.67717 | F20: =OFFSET('42p stat'!$H$1,A20*20,1) -> 71.905505 | G20: =OFFSET('42p stat'!$K$1,A20*20,1) -> 71.864339 | H20: =OFFSET('42p stat'!$N$1,A20*20,1) -> 0.007668
A21: 10 | C21: =OFFSET('42p stat'!$A$1,A21*20,0) -> CUDA ant add CPU12 | D21: =OFFSET('42p trace'!$R$56,(A21-1)*56,0)-OFFSET('42p trace'!$S$56,(A21-1)*56,0) -> 51.5926 | E21: =OFFSET('42p trace'!$S$56,(A21-1)*56,0)-OFFSET('42p stat'!$H$1,A21*20,0) -> 9.211581 | F21: =OFFSET('42p stat'!$H$1,A21*20,0)-OFFSET('42p stat'!$K$1,A21*20,0) -> 28.08417 | G21: =OFFSET('42p stat'!$K$1,A21*20,0)-OFFSET('42p stat'!$N$1,A21*20,0) -> 2950.8278 | H21: =OFFSET('42p stat'!$N$1,A21*20,0) -> 601.08268
A22: 10 | C22: =OFFSET('42p stat'!$A$1,A22*20,0) -> CUDA ant add CPU12 | D22: =OFFSET('42p trace'!$U$56,(A22-1)*56,0) -> 34.669003 | E22: =OFFSET('42p trace'!$V$56,(A22-1)*56,0) -> 32.934028 | F22: =OFFSET('42p stat'!$H$1,A22*20,1) -> 32.72886 | G22: =OFFSET('42p stat'!$K$1,A22*20,1) -> 32.743511 | H22: =OFFSET('42p stat'!$N$1,A22*20,1) -> 0.388133
A23: 11 | C23: =OFFSET('42p stat'!$A$1,A23*20,0) -> CUDA opt | D23: =OFFSET('42p trace'!$R$56,(A23-1)*56,0)-OFFSET('42p trace'!$S$56,(A23-1)*56,0) -> 725.44534 | E23: =OFFSET('42p trace'!$S$56,(A23-1)*56,0)-OFFSET('42p stat'!$H$1,A23*20,0) -> 0 | F23: =OFFSET('42p stat'!$H$1,A23*20,0)-OFFSET('42p stat'!$K$1,A23*20,0) -> 0 | G23: =OFFSET('42p stat'!$K$1,A23*20,0)-OFFSET('42p stat'!$N$1,A23*20,0) -> 0 | H23: =OFFSET('42p stat'!$N$1,A23*20,0) -> 0
A24: 11 | C24: =OFFSET('42p stat'!$A$1,A24*20,0) -> CUDA opt | D24: =OFFSET('42p trace'!$U$56,(A24-1)*56,0) -> 149.51335 | E24: =OFFSET('42p trace'!$V$56,(A24-1)*56,0) -> 0 | F24: =OFFSET('42p stat'!$H$1,A24*20,1) -> 0 | G24: =OFFSET('42p stat'!$K$1,A24*20,1) -> 0 | H24: =OFFSET('42p stat'!$N$1,A24*20,1) -> 0
A25: 12 | C25: =OFFSET('42p stat'!$A$1,A25*20,0) -> CUDA opt Time | D25: =OFFSET('42p trace'!$R$56,(A25-1)*56,0)-OFFSET('42p trace'!$S$56,(A25-1)*56,0) -> 17.4517 | E25: =OFFSET('42p trace'!$S$56,(A25-1)*56,0)-OFFSET('42p stat'!$H$1,A25*20,0) -> 35.350388 | F25: =OFFSET('42p stat'!$H$1,A25*20,0)-OFFSET('42p stat'!$K$1,A25*20,0) -> 319.02557 | G25: =OFFSET('42p stat'!$K$1,A25*20,0)-OFFSET('42p stat'!$N$1,A25*20,0) -> 328.43317 | H25: =OFFSET('42p stat'!$N$1,A25*20,0) -> 0
A26: 12 | C26: =OFFSET('42p stat'!$A$1,A26*20,0) -> CUDA opt Time | D26: =OFFSET('42p trace'!$U$56,(A26-1)*56,0) -> 137.00832 | E26: =OFFSET('42p trace'!$V$56,(A26-1)*56,0) -> 135.9693 | F26: =OFFSET('42p stat'!$H$1,A26*20,1) -> 135.29772 | G26: =OFFSET('42p stat'!$K$1,A26*20,1) -> 0.021221 | H26: =OFFSET('42p stat'!$N$1,A26*20,1) -> 0
A27: 13 | C27: =OFFSET('42p stat'!$A$1,A27*20,0) -> CUDA opt non hash | D27: =OFFSET('42p trace'!$R$56,(A27-1)*56,0)-OFFSET('42p trace'!$S$56,(A27-1)*56,0) -> 1.85504 | E27: =OFFSET('42p trace'!$S$56,(A27-1)*56,0)-OFFSET('42p stat'!$H$1,A27*20,0) -> 35.207596 | F27: =OFFSET('42p stat'!$H$1,A27*20,0)-OFFSET('42p stat'!$K$1,A27*20,0) -> 312.07708 | G27: =OFFSET('42p stat'!$K$1,A27*20,0)-OFFSET('42p stat'!$N$1,A27*20,0) -> 176.00861 | H27: =OFFSET('42p stat'!$N$1,A27*20,0) -> 0
A28: 13 | C28: =OFFSET('42p stat'!$A$1,A28*20,0) -> CUDA opt non hash | D28: =OFFSET('42p trace'!$U$56,(A28-1)*56,0) -> 86.204173 | E28: =OFFSET('42p trace'!$V$56,(A28-1)*56,0) -> 85.088052 | F28: =OFFSET('42p stat'!$H$1,A28*20,1) -> 85.153428 | G28: =OFFSET('42p stat'!$K$1,A28*20,1) -> 0.013061 | H28: =OFFSET('42p stat'!$N$1,A28*20,1) -> 0
K29: 1.96 | L29: 50
D30: T_start | E30: T_Delt | F30: T1 | G30: T2 | H30: T3 | J30: summ | K30: 2 этап/ общее | L30: ДИ
A31: 1 | C31: =OFFSET('42p stat'!$A$1,A31*20,0) -> CUDA Time | D31: =OFFSET('42p trace'!$R$56,(A31-1)*56,0)-OFFSET('42p trace'!$S$56,(A31-1)*56,0) -> 16.30054 | E31: =OFFSET('42p trace'!$S$56,(A31-1)*56,0)-OFFSET('42p stat'!$H$1,A31*20,0) -> 35.986337 | F31: =OFFSET('42p stat'!$H$1,A31*20,0)-OFFSET('42p stat'!$K$1,A31*20,0) -> 15.385473 | G31: =OFFSET('42p stat'!$K$1,A31*20,0)-OFFSET('42p stat'!$N$1,A31*20,0) -> 327.87679 | H31: =OFFSET('42p stat'!$N$1,A31*20,0) -> 305.33364 | J31: =SUM(E31:H31) -> 684.58224 | K31: =G31/J31 -> 0.47894434 | L31: =$K$29*POWER(K31,2)*SQRT(G138/(POWER(G31,2)*$L$29)+J138/(POWER(J31,2)*$L$29)) -> 0.0027517104
A32: 2 | C32: =OFFSET('42p stat'!$A$1,A32*20,0) -> CUDA | D32: =OFFSET('42p trace'!$R$56,(A32-1)*56,0)-OFFSET('42p trace'!$S$56,(A32-1)*56,0) -> 727.69708 | E32: =OFFSET('42p trace'!$S$56,(A32-1)*56,0)-OFFSET('42p stat'!$H$1,A32*20,0) -> 0 | F32: =OFFSET('42p stat'!$H$1,A32*20,0)-OFFSET('42p stat'!$K$1,A32*20,0) -> 0 | G32: =OFFSET('42p stat'!$K$1,A32*20,0)-OFFSET('42p stat'!$N$1,A32*20,0) -> 0 | H32: =OFFSET('42p stat'!$N$1,A32*20,0) -> 0 | J32: =SUM(D32:H32) -> 727.69708 | K32: =G32/J32 -> 0 | L32: =$K$29*POWER(K32,2)*SQRT(G139/(POWER(G32,2)*$L$29)+J139/(POWER(J32,2)*$L$29)) -> #DIV/0!
A33: 3 | C33: =OFFSET('42p stat'!$A$1,A33*20,0) -> CUDA non hash | D33: =OFFSET('42p trace'!$R$56,(A33-1)*56,0)-OFFSET('42p trace'!$S$56,(A33-1)*56,0) -> 1.7196 | E33: =OFFSET('42p trace'!$S$56,(A33-1)*56,0)-OFFSET('42p stat'!$H$1,A33*20,0) -> 89.566318 | F33: =OFFSET('42p stat'!$H$1,A33*20,0)-OFFSET('42p stat'!$K$1,A33*20,0) -> 28.030967 | G33: =OFFSET('42p stat'!$K$1,A33*20,0)-OFFSET('42p stat'!$N$1,A33*20,0) -> 2241.4456 | H33: =OFFSET('42p stat'!$N$1,A33*20,0) -> 594.64732 | J33: =SUM(E33:H33) -> 2953.6902 | K33: =G33/J33 -> 0.75886279 | L33: =$K$29*POWER(K33,2)*SQRT(G140/(POWER(G33,2)*$L$29)+J140/(POWER(J33,2)*$L$29)) -> 0.0028368551
A34: 4 | C34: =OFFSET('42p stat'!$A$1,A34*20,0) -> CUDA ant | D34: =OFFSET('42p trace'!$R$56,(A34-1)*56,0)-OFFSET('42p trace'!$S$56,(A34-1)*56,0) -> 16.4351 | E34: =OFFSET('42p trace'!$S$56,(A34-1)*56,0)-OFFSET('42p stat'!$H$1,A34*20,0) -> 36.016446 | F34: =OFFSET('42p stat'!$H$1,A34*20,0)-OFFSET('42p stat'!$K$1,A34*20,0) -> 19.608907 | G34: =OFFSET('42p stat'!$K$1,A34*20,0)-OFFSET('42p stat'!$N$1,A34*20,0) -> 127.653 | H34: =OFFSET('42p stat'!$N$1,A34*20,0) -> 347.00732 | J34: =SUM(E34:H34) -> 530.28568 | K34: =G34/J34 -> 0.24072497 | L34: =$K$29*POWER(K34,2)*SQRT(G141/(POWER(G34,2)*$L$29)+J141/(POWER(J34,2)*$L$29)) -> 0.00039698397
A35: 5 | C35: =OFFSET('42p stat'!$A$1,A35*20,0) -> CUDA ant par | D35: =OFFSET('42p trace'!$R$56,(A35-1)*56,0)-OFFSET('42p trace'!$S$56,(A35-1)*56,0) -> 16.54152 | E35: =OFFSET('42p trace'!$S$56,(A35-1)*56,0)-OFFSET('42p stat'!$H$1,A35*20,0) -> 35.913695 | F35: =OFFSET('42p stat'!$H$1,A35*20,0)-OFFSET('42p stat'!$K$1,A35*20,0) -> 15.442489 | G35: =OFFSET('42p stat'!$K$1,A35*20,0)-OFFSET('42p stat'!$N$1,A35*20,0) -> 127.7868 | H35: =OFFSET('42p stat'!$N$1,A35*20,0) -> 300.90713 | J35: =SUM(E35:H35) -> 480.05012 | K35: =E35/J35 -> 0.074812386 | L35: =$K$29*POWER(K35,2)*SQRT(E142/(POWER(E35,2)*$L$29)+J142/(POWER(J35,2)*$L$29)) -> 1.1942385e-05
A36: 6 | C36: =OFFSET('42p stat'!$A$1,A36*20,0) -> CUDA ant non hash | D36: =OFFSET('42p trace'!$R$56,(A36-1)*56,0)-OFFSET('42p trace'!$S$56,(A36-1)*56,0) -> 16.67042 | E36: =OFFSET('42p trace'!$S$56,(A36-1)*56,0)-OFFSET('42p stat'!$H$1,A36*20,0) -> 35.940147 | F36: =OFFSET('42p stat'!$H$1,A36*20,0)-OFFSET('42p stat'!$K$1,A36*20,0) -> 19.569468 | G36: =OFFSET('42p stat'!$K$1,A36*20,0)-OFFSET('42p stat'!$N$1,A36*20,0) -> 96.593672 | H36: =OFFSET('42p stat'!$N$1,A36*20,0) -> 346.39669 | J36: =SUM(E36:H36) -> 498.49998 | K36: =E36/J36 -> 0.072096587 | L36: =$K$29*POWER(K36,2)*SQRT(E143/(POWER(E36,2)*$L$29)+J143/(POWER(J36,2)*$L$29)) -> 0.00011313054
A37: 7 | C37: =OFFSET('42p stat'!$A$1,A37*20,0) -> CUDA ant add CPU Time | D37: =OFFSET('42p trace'!$R$56,(A37-1)*56,0)-OFFSET('42p trace'!$S$56,(A37-1)*56,0) -> 17.13512 | E37: =OFFSET('42p trace'!$S$56,(A37-1)*56,0)-OFFSET('42p stat'!$H$1,A37*20,0) -> 308.75334 | F37: =OFFSET('42p stat'!$H$1,A37*20,0)-OFFSET('42p stat'!$K$1,A37*20,0) -> 2.265325 | G37: =OFFSET('42p stat'!$K$1,A37*20,0)-OFFSET('42p stat'!$N$1,A37*20,0) -> 202.07982 | H37: =OFFSET('42p stat'!$N$1,A37*20,0) -> 123.44107 | J37: =SUM(E37:H37) -> 636.53956 | K37: =G37/J37 -> 0.31746624 | L37: =$K$29*POWER(K37,2)*SQRT(G144/(POWER(G37,2)*$L$29)+J144/(POWER(J37,2)*$L$29)) -> 0.00014786789
A38: 8 | C38: =OFFSET('42p stat'!$A$1,A38*20,0) -> CUDA ant add CPU | D38: =OFFSET('42p trace'!$R$56,(A38-1)*56,0)-OFFSET('42p trace'!$S$56,(A38-1)*56,0) -> 638.64558 | E38: =OFFSET('42p trace'!$S$56,(A38-1)*56,0)-OFFSET('42p stat'!$H$1,A38*20,0) -> 0 | F38: =OFFSET('42p stat'!$H$1,A38*20,0)-OFFSET('42p stat'!$K$1,A38*20,0) -> 0 | G38: =OFFSET('42p stat'!$K$1,A38*20,0)-OFFSET('42p stat'!$N$1,A38*20,0) -> 0 | H38: =OFFSET('42p stat'!$N$1,A38*20,0) -> 0 | J38: =SUM(D38:H38) -> 638.64558 | K38: =G38/J38 -> 0 | L38: =$K$29*POWER(K38,2)*SQRT(G145/(POWER(G38,2)*$L$29)+J145/(POWER(J38,2)*$L$29)) -> #DIV/0!
A39: 9 | C39: =OFFSET('42p stat'!$A$1,A39*20,0) -> CUDA ant add CPU non hash | D39: =OFFSET('42p trace'!$R$56,(A39-1)*56,0)-OFFSET('42p trace'!$S$56,(A39-1)*56,0) -> 17.84836 | E39: =OFFSET('42p trace'!$S$56,(A39-1)*56,0)-OFFSET('42p stat'!$H$1,A39*20,0) -> 336.75326 | F39: =OFFSET('42p stat'!$H$1,A39*20,0)-OFFSET('42p stat'!$K$1,A39*20,0) -> 2.11423 | G39: =OFFSET('42p stat'!$K$1,A39*20,0)-OFFSET('42p stat'!$N$1,A39*20,0) -> 184.93332 | H39: =OFFSET('42p stat'!$N$1,A39*20,0) -> 123.27213 | J39: =SUM(E39:H39) -> 647.07294 | K39: =G39/J39 -> 0.2857998 | L39: =$K$29*POWER(K39,2)*SQRT(G146/(POWER(G39,2)*$L$29)+J146/(POWER(J39,2)*$L$29)) -> 0.0016561561
A40: 10 | C40: =OFFSET('42p stat'!$A$1,A40*20,0) -> CUDA ant add CPU12 | D40: =OFFSET('42p trace'!$R$56,(A40-1)*56,0)-OFFSET('42p trace'!$S$56,(A40-1)*56,0) -> 51.5926 | E40: =OFFSET('42p trace'!$S$56,(A40-1)*56,0)-OFFSET('42p stat'!$H$1,A40*20,0) -> 9.211581 | F40: =OFFSET('42p stat'!$H$1,A40*20,0)-OFFSET('42p stat'!$K$1,A40*20,0) -> 28.08417 | G40: =OFFSET('42p stat'!$K$1,A40*20,0)-OFFSET('42p stat'!$N$1,A40*20,0) -> 2950.8278 | H40: =OFFSET('42p stat'!$N$1,A40*20,0) -> 601.08268 | J40: =SUM(E40:H40) -> 3589.2062 | K40: =G40/J40 -> 0.82213938 | L40: =$K$29*POWER(K40,2)*SQRT(G147/(POWER(G40,2)*$L$29)+J147/(POWER(J40,2)*$L$29)) -> 0.00070402512
A41: 11 | C41: =OFFSET('42p stat'!$A$1,A41*20,0) -> CUDA opt | D41: =OFFSET('42p trace'!$R$56,(A41-1)*56,0)-OFFSET('42p trace'!$S$56,(A41-1)*56,0) -> 725.44534 | E41: =OFFSET('42p trace'!$S$56,(A41-1)*56,0)-OFFSET('42p stat'!$H$1,A41*20,0) -> 0 | F41: =OFFSET('42p stat'!$H$1,A41*20,0)-OFFSET('42p stat'!$K$1,A41*20,0) -> 0 | G41: =OFFSET('42p stat'!$K$1,A41*20,0)-OFFSET('42p stat'!$N$1,A41*20,0) -> 0 | H41: =OFFSET('42p stat'!$N$1,A41*20,0) -> 0 | J41: =SUM(D41:H41) -> 725.44534 | K41: =G41/J41 -> 0 | L41: =$K$29*POWER(K41,2)*SQRT(G148/(POWER(G41,2)*$L$29)+J148/(POWER(J41,2)*$L$29)) -> #DIV/0!
A42: 12 | C42: =OFFSET('42p stat'!$A$1,A42*20,0) -> CUDA opt Time | D42: =OFFSET('42p trace'!$R$56,(A42-1)*56,0)-OFFSET('42p trace'!$S$56,(A42-1)*56,0) -> 17.4517 | E42: =OFFSET('42p trace'!$S$56,(A42-1)*56,0)-OFFSET('42p stat'!$H$1,A42*20,0) -> 35.350388 | F42: =OFFSET('42p stat'!$H$1,A42*20,0)-OFFSET('42p stat'!$K$1,A42*20,0) -> 319.02557 | G42: =OFFSET('42p stat'!$K$1,A42*20,0)-OFFSET('42p stat'!$N$1,A42*20,0) -> 328.43317 | H42: =OFFSET('42p stat'!$N$1,A42*20,0) -> 0 | J42: =SUM(E42:H42) -> 682.80912 | K42: =G42/J42 -> 0.4810029 | L42: =$K$29*POWER(K42,2)*SQRT(G149/(POWER(G42,2)*$L$29)+J149/(POWER(J42,2)*$L$29)) -> 0.0018980331
A43: 13 | C43: =OFFSET('42p stat'!$A$1,A43*20,0) -> CUDA opt non hash | D43: =OFFSET('42p trace'!$R$56,(A43-1)*56,0)-OFFSET('42p trace'!$S$56,(A43-1)*56,0) -> 1.85504 | E43: =OFFSET('42p trace'!$S$56,(A43-1)*56,0)-OFFSET('42p stat'!$H$1,A43*20,0) -> 35.207596 | F43: =OFFSET('42p stat'!$H$1,A43*20,0)-OFFSET('42p stat'!$K$1,A43*20,0) -> 312.07708 | G43: =OFFSET('42p stat'!$K$1,A43*20,0)-OFFSET('42p stat'!$N$1,A43*20,0) -> 176.00861 | H43: =OFFSET('42p stat'!$N$1,A43*20,0) -> 0 | J43: =SUM(E43:H43) -> 523.29328 | K43: =G43/J43 -> 0.33634793 | L43: =$K$29*POWER(K43,2)*SQRT(G150/(POWER(G43,2)*$L$29)+J150/(POWER(J43,2)*$L$29)) -> 0.00095986439
A44: 14 | C44: =OFFSET('42p stat'!$A$1,A44*20,0) -> CUDA opt ant | D44: =OFFSET('42p trace'!$R$56,(A44-1)*56,0)-OFFSET('42p trace'!$S$56,(A44-1)*56,0) -> 17.22386 | E44: =OFFSET('42p trace'!$S$56,(A44-1)*56,0)-OFFSET('42p stat'!$H$1,A44*20,0) -> 35.882019 | F44: =OFFSET('42p stat'!$H$1,A44*20,0)-OFFSET('42p stat'!$K$1,A44*20,0) -> 361.49047 | G44: =OFFSET('42p stat'!$K$1,A44*20,0)-OFFSET('42p stat'!$N$1,A44*20,0) -> 127.27853 | H44: =OFFSET('42p stat'!$N$1,A44*20,0) -> 0 | J44: =SUM(E44:H44) -> 524.65102 | K44: =G44/J44 -> 0.24259655 | L44: =$K$29*POWER(K44,2)*SQRT(G190/(POWER(G44,2)*$L$29)+J190/(POWER(J44,2)*$L$29)) -> 0
A45: 15 | C45: =OFFSET('42p stat'!$A$1,A45*20,0) -> CUDA opt ant non hash | D45: =OFFSET('42p trace'!$R$56,(A45-1)*56,0)-OFFSET('42p trace'!$S$56,(A45-1)*56,0) -> 17.16816 | E45: =OFFSET('42p trace'!$S$56,(A45-1)*56,0)-OFFSET('42p stat'!$H$1,A45*20,0) -> 35.895725 | F45: =OFFSET('42p stat'!$H$1,A45*20,0)-OFFSET('42p stat'!$K$1,A45*20,0) -> 361.51075 | G45: =OFFSET('42p stat'!$K$1,A45*20,0)-OFFSET('42p stat'!$N$1,A45*20,0) -> 96.279086 | H45: =OFFSET('42p stat'!$N$1,A45*20,0) -> 0 | J45: =SUM(E45:H45) -> 493.68556 | K45: =G45/J45 -> 0.19502107 | L45: =$K$29*POWER(K45,2)*SQRT(G191/(POWER(G45,2)*$L$29)+J191/(POWER(J45,2)*$L$29)) -> 0
A46: 16 | C46: =OFFSET('42p stat'!$A$1,A46*20,0) -> CUDA opt ant par | D46: =OFFSET('42p trace'!$R$56,(A46-1)*56,0)-OFFSET('42p trace'!$S$56,(A46-1)*56,0) -> 17.49238 | E46: =OFFSET('42p trace'!$S$56,(A46-1)*56,0)-OFFSET('42p stat'!$H$1,A46*20,0) -> 35.701393 | F46: =OFFSET('42p stat'!$H$1,A46*20,0)-OFFSET('42p stat'!$K$1,A46*20,0) -> 312.33944 | G46: =OFFSET('42p stat'!$K$1,A46*20,0)-OFFSET('42p stat'!$N$1,A46*20,0) -> 127.42615 | H46: =OFFSET('42p stat'!$N$1,A46*20,0) -> 0 | J46: =SUM(E46:H46) -> 475.46698 | K46: =G46/J46 -> 0.26800209 | L46: =$K$29*POWER(K46,2)*SQRT(G192/(POWER(G46,2)*$L$29)+J192/(POWER(J46,2)*$L$29)) -> 0
A47: 17 | C47: =OFFSET('42p stat'!$A$1,A47*20,0) -> CUDA opt_one_GPU | D47: =OFFSET('42p trace'!$R$56,(A47-1)*56,0)-OFFSET('42p trace'!$S$56,(A47-1)*56,0) -> 15.8632 | E47: =OFFSET('42p trace'!$S$56,(A47-1)*56,0)-OFFSET('42p stat'!$H$1,A47*20,0) -> 3965.1968 | F47: =OFFSET('42p stat'!$H$1,A47*20,0)-OFFSET('42p stat'!$K$1,A47*20,0) -> 0 | G47: =OFFSET('42p stat'!$K$1,A47*20,0)-OFFSET('42p stat'!$N$1,A47*20,0) -> 0 | H47: =OFFSET('42p stat'!$N$1,A47*20,0) -> 0 | J47: =SUM(E47:H47) -> 3965.1968 | K47: =G47/J47 -> 0 | L47: =$K$29*POWER(K47,2)*SQRT(G193/(POWER(G47,2)*$L$29)+J193/(POWER(J47,2)*$L$29)) -> #VALUE!
A48: 18 | C48: =OFFSET('42p stat'!$A$1,A48*20,0) -> CUDA opt_one_GPU ant | D48: =OFFSET('42p trace'!$R$56,(A48-1)*56,0)-OFFSET('42p trace'!$S$56,(A48-1)*56,0) -> 16.06 | E48: =OFFSET('42p trace'!$S$56,(A48-1)*56,0)-OFFSET('42p stat'!$H$1,A48*20,0) -> 27958.498 | F48: =OFFSET('42p stat'!$H$1,A48*20,0)-OFFSET('42p stat'!$K$1,A48*20,0) -> 0 | G48: =OFFSET('42p stat'!$K$1,A48*20,0)-OFFSET('42p stat'!$N$1,A48*20,0) -> 0 | H48: =OFFSET('42p stat'!$N$1,A48*20,0) -> 0 | J48: =SUM(E48:H48) -> 27958.498 | K48: =G48/J48 -> 0 | L48: =$K$29*POWER(K48,2)*SQRT(G194/(POWER(G48,2)*$L$29)+J194/(POWER(J48,2)*$L$29)) -> #DIV/0!
A49: 19 | C49: =OFFSET('42p stat'!$A$1,A49*20,0) -> CUDA opt_one_GPU ant local | D49: =OFFSET('42p trace'!$R$56,(A49-1)*56,0)-OFFSET('42p trace'!$S$56,(A49-1)*56,0) -> #DIV/0! | E49: =OFFSET('42p trace'!$S$56,(A49-1)*56,0)-OFFSET('42p stat'!$H$1,A49*20,0) -> #DIV/0! | F49: =OFFSET('42p stat'!$H$1,A49*20,0)-OFFSET('42p stat'!$K$1,A49*20,0) -> 0 | G49: =OFFSET('42p stat'!$K$1,A49*20,0)-OFFSET('42p stat'!$N$1,A49*20,0) -> 0 | H49: =OFFSET('42p stat'!$N$1,A49*20,0) -> 0 | J49: =SUM(E49:H49) -> #DIV/0! | K49: =G49/J49 -> #DIV/0! | L49: =$K$29*POWER(K49,2)*SQRT(G195/(POWER(G49,2)*$L$29)+J195/(POWER(J49,2)*$L$29)) -> #DIV/0!
A50: 20 | C50: =OFFSET('42p stat'!$A$1,A50*20,0) -> non CUDA Time | D50: =OFFSET('42p trace'!$R$56,(A50-1)*56,0)-OFFSET('42p trace'!$S$56,(A50-1)*56,0) -> 49.8582 | E50: =OFFSET('42p trace'!$S$56,(A50-1)*56,0)-OFFSET('42p stat'!$H$1,A50*20,0) -> 0.178266 | F50: =OFFSET('42p stat'!$H$1,A50*20,0)-OFFSET('42p stat'!$K$1,A50*20,0) -> 2.451655 | G50: =OFFSET('42p stat'!$K$1,A50*20,0)-OFFSET('42p stat'!$N$1,A50*20,0) -> 2621.4715 | H50: =OFFSET('42p stat'!$N$1,A50*20,0) -> 124.81398 | J50: =SUM(E50:H50) -> 2748.9154 | K50: =G50/J50 -> 0.95363848 | L50: =$K$29*POWER(K50,2)*SQRT(G196/(POWER(G50,2)*$L$29)+J196/(POWER(J50,2)*$L$29)) -> 0.00039644873
A51: 21 | C51: =OFFSET('42p stat'!$A$1,A51*20,0) -> non CUDA | D51: =OFFSET('42p trace'!$R$56,(A51-1)*56,0)-OFFSET('42p trace'!$S$56,(A51-1)*56,0) -> 2645.4638 | E51: =OFFSET('42p trace'!$S$56,(A51-1)*56,0)-OFFSET('42p stat'!$H$1,A51*20,0) -> 0 | F51: =OFFSET('42p stat'!$H$1,A51*20,0)-OFFSET('42p stat'!$K$1,A51*20,0) -> 0 | G51: =OFFSET('42p stat'!$K$1,A51*20,0)-OFFSET('42p stat'!$N$1,A51*20,0) -> 0 | H51: =OFFSET('42p stat'!$N$1,A51*20,0) -> 0 | J51: =SUM(D51:H51) -> 2645.4638 | K51: =G51/J51 -> 0 | L51: =$K$29*POWER(K51,2)*SQRT(G197/(POWER(G51,2)*$L$29)+J197/(POWER(J51,2)*$L$29)) -> #DIV/0!
A52: 22 | C52: =OFFSET('42p stat'!$A$1,A52*20,0) -> non CUDA non hash | D52: =OFFSET('42p trace'!$R$56,(A52-1)*56,0)-OFFSET('42p trace'!$S$56,(A52-1)*56,0) -> 0.101 | E52: =OFFSET('42p trace'!$S$56,(A52-1)*56,0)-OFFSET('42p stat'!$H$1,A52*20,0) -> 0.132728 | F52: =OFFSET('42p stat'!$H$1,A52*20,0)-OFFSET('42p stat'!$K$1,A52*20,0) -> 2.515781 | G52: =OFFSET('42p stat'!$K$1,A52*20,0)-OFFSET('42p stat'!$N$1,A52*20,0) -> 1998.7952 | H52: =OFFSET('42p stat'!$N$1,A52*20,0) -> 124.35325 | J52: =SUM(E52:H52) -> 2125.797 | K52: =G52/J52 -> 0.94025687 | L52: =$K$29*POWER(K52,2)*SQRT(G198/(POWER(G52,2)*$L$29)+J198/(POWER(J52,2)*$L$29)) -> 5.6133445e-05
A53: 23 | C53: =OFFSET('42p stat'!$A$1,A53*20,0) -> Classic ACO | D53: =OFFSET('42p trace'!$R$56,(A53-1)*56,0)-OFFSET('42p trace'!$S$56,(A53-1)*56,0) -> 2190.3882 | E53: =OFFSET('42p trace'!$S$56,(A53-1)*56,0)-OFFSET('42p stat'!$H$1,A53*20,0) -> 15.783478 | F53: =OFFSET('42p stat'!$H$1,A53*20,0)-OFFSET('42p stat'!$K$1,A53*20,0) -> 4.356552 | G53: =OFFSET('42p stat'!$K$1,A53*20,0)-OFFSET('42p stat'!$N$1,A53*20,0) -> 7728.5192 | H53: =OFFSET('42p stat'!$N$1,A53*20,0) -> 227.13456 | J53: =SUM(E53:H53) -> 7975.7938 | K53: =G53/J53 -> 0.96899687 | L53: =$K$29*POWER(K53,2)*SQRT(G199/(POWER(G53,2)*$L$29)+J199/(POWER(J53,2)*$L$29)) -> 5.208584e-05
A54: 24 | C54: =OFFSET('42p stat'!$A$1,A54*20,0) -> Classic ACO non hash | D54: =OFFSET('42p trace'!$R$56,(A54-1)*56,0)-OFFSET('42p trace'!$S$56,(A54-1)*56,0) -> 0.2082 | E54: =OFFSET('42p trace'!$S$56,(A54-1)*56,0)-OFFSET('42p stat'!$H$1,A54*20,0) -> 15.43965 | F54: =OFFSET('42p stat'!$H$1,A54*20,0)-OFFSET('42p stat'!$K$1,A54*20,0) -> 4.172461 | G54: =OFFSET('42p stat'!$K$1,A54*20,0)-OFFSET('42p stat'!$N$1,A54*20,0) -> 6805.8265 | H54: =OFFSET('42p stat'!$N$1,A54*20,0) -> 226.25983 | J54: =SUM(E54:H54) -> 7051.6984 | K54: =G54/J54 -> 0.96513295 | L54: =$K$29*POWER(K54,2)*SQRT(G200/(POWER(G54,2)*$L$29)+J200/(POWER(J54,2)*$L$29)) -> 3.3535577e-05
A55: 25 | C55: =OFFSET('42p stat'!$A$1,A55*20,0) -> omp | D55: =OFFSET('42p trace'!$R$56,(A55-1)*56,0)-OFFSET('42p trace'!$S$56,(A55-1)*56,0) -> 50.7634 | E55: =OFFSET('42p trace'!$S$56,(A55-1)*56,0)-OFFSET('42p stat'!$H$1,A55*20,0) -> 0.173684 | F55: =OFFSET('42p stat'!$H$1,A55*20,0)-OFFSET('42p stat'!$K$1,A55*20,0) -> 2.600156 | G55: =OFFSET('42p stat'!$K$1,A55*20,0)-OFFSET('42p stat'!$N$1,A55*20,0) -> 2518.275 | H55: =OFFSET('42p stat'!$N$1,A55*20,0) -> 124.71419 | J55: =SUM(E55:H55) -> 2645.763 | K55: =G55/J55 -> 0.95181427 | L55: =$K$29*POWER(K55,2)*SQRT(G201/(POWER(G55,2)*$L$29)+J201/(POWER(J55,2)*$L$29)) -> 6.1071149e-05
A56: 26 | C56: =OFFSET('42p stat'!$A$1,A56*20,0) -> omp non hash | D56: =OFFSET('42p trace'!$R$56,(A56-1)*56,0)-OFFSET('42p trace'!$S$56,(A56-1)*56,0) -> 0.1 | E56: =OFFSET('42p trace'!$S$56,(A56-1)*56,0)-OFFSET('42p stat'!$H$1,A56*20,0) -> 0.13235 | F56: =OFFSET('42p stat'!$H$1,A56*20,0)-OFFSET('42p stat'!$K$1,A56*20,0) -> 2.518672 | G56: =OFFSET('42p stat'!$K$1,A56*20,0)-OFFSET('42p stat'!$N$1,A56*20,0) -> 2048.1015 | H56: =OFFSET('42p stat'!$N$1,A56*20,0) -> 124.14567 | J56: =SUM(E56:H56) -> 2174.8982 | K56: =G56/J56 -> 0.94169994 | L56: =$K$29*POWER(K56,2)*SQRT(G202/(POWER(G56,2)*$L$29)+J202/(POWER(J56,2)*$L$29)) -> 0.00040552054
A57: 27 | C57: =OFFSET('42p stat'!$A$1,A57*20,0) -> non CUDA transp Time | D57: =OFFSET('42p trace'!$R$56,(A57-1)*56,0)-OFFSET('42p trace'!$S$56,(A57-1)*56,0) -> 50.4714 | E57: =OFFSET('42p trace'!$S$56,(A57-1)*56,0)-OFFSET('42p stat'!$H$1,A57*20,0) -> 0.181686 | F57: =OFFSET('42p stat'!$H$1,A57*20,0)-OFFSET('42p stat'!$K$1,A57*20,0) -> 2.850903 | G57: =OFFSET('42p stat'!$K$1,A57*20,0)-OFFSET('42p stat'!$N$1,A57*20,0) -> 2639.0063 | H57: =OFFSET('42p stat'!$N$1,A57*20,0) -> 129.74974 | J57: =SUM(E57:H57) -> 2771.7886 | K57: =G57/J57 -> 0.95209507 | L57: =$K$29*POWER(K57,2)*SQRT(G203/(POWER(G57,2)*$L$29)+J203/(POWER(J57,2)*$L$29)) -> 0.00020172535
A58: 28 | C58: =OFFSET('42p stat'!$A$1,A58*20,0) -> non CUDA transp | D58: =OFFSET('42p trace'!$R$56,(A58-1)*56,0)-OFFSET('42p trace'!$S$56,(A58-1)*56,0) -> 2661.8908 | E58: =OFFSET('42p trace'!$S$56,(A58-1)*56,0)-OFFSET('42p stat'!$H$1,A58*20,0) -> 0 | F58: =OFFSET('42p stat'!$H$1,A58*20,0)-OFFSET('42p stat'!$K$1,A58*20,0) -> 0 | G58: =OFFSET('42p stat'!$K$1,A58*20,0)-OFFSET('42p stat'!$N$1,A58*20,0) -> 0 | H58: =OFFSET('42p stat'!$N$1,A58*20,0) -> 0 | J58: =SUM(D58:H58) -> 2661.8908 | K58: =G58/J58 -> 0 | L58: =$K$29*POWER(K58,2)*SQRT(G204/(POWER(G58,2)*$L$29)+J204/(POWER(J58,2)*$L$29)) -> #DIV/0!
A59: 29 | C59: =OFFSET('42p stat'!$A$1,A59*20,0) -> non CUDA transp non hash | D59: =OFFSET('42p trace'!$R$56,(A59-1)*56,0)-OFFSET('42p trace'!$S$56,(A59-1)*56,0) -> 0.0896 | E59: =OFFSET('42p trace'!$S$56,(A59-1)*56,0)-OFFSET('42p stat'!$H$1,A59*20,0) -> 0.133139 | F59: =OFFSET('42p stat'!$H$1,A59*20,0)-OFFSET('42p stat'!$K$1,A59*20,0) -> 2.771373 | G59: =OFFSET('42p stat'!$K$1,A59*20,0)-OFFSET('42p stat'!$N$1,A59*20,0) -> 1999.8063 | H59: =OFFSET('42p stat'!$N$1,A59*20,0) -> 129.4694 | J59: =SUM(E59:H59) -> 2132.1802 | K59: =G59/J59 -> 0.93791617 | L59: =$K$29*POWER(K59,2)*SQRT(G205/(POWER(G59,2)*$L$29)+J205/(POWER(J59,2)*$L$29)) -> 0.00027175467
A60: 30 | C60: =OFFSET('42p stat'!$A$1,A60*20,0) -> CUDA Const | D60: =OFFSET('42p trace'!$R$56,(A60-1)*56,0)-OFFSET('42p trace'!$S$56,(A60-1)*56,0) -> 15.24846 | E60: =OFFSET('42p trace'!$S$56,(A60-1)*56,0)-OFFSET('42p stat'!$H$1,A60*20,0) -> 35.656752 | F60: =OFFSET('42p stat'!$H$1,A60*20,0)-OFFSET('42p stat'!$K$1,A60*20,0) -> 15.222285 | G60: =OFFSET('42p stat'!$K$1,A60*20,0)-OFFSET('42p stat'!$N$1,A60*20,0) -> 182.80729 | H60: =OFFSET('42p stat'!$N$1,A60*20,0) -> 265.45017 | J60: =SUM(E60:H60) -> 499.1365 | K60: =G60/J60 -> 0.36624709 | L60: =$K$29*POWER(K60,2)*SQRT(G206/(POWER(G60,2)*$L$29)+J206/(POWER(J60,2)*$L$29)) -> 0.00016106306
A61: 31 | C61: =OFFSET('42p stat'!$A$1,A61*20,0) -> CUDA ant Const | D61: =OFFSET('42p trace'!$R$56,(A61-1)*56,0)-OFFSET('42p trace'!$S$56,(A61-1)*56,0) -> 15.42792 | E61: =OFFSET('42p trace'!$S$56,(A61-1)*56,0)-OFFSET('42p stat'!$H$1,A61*20,0) -> 35.541188 | F61: =OFFSET('42p stat'!$H$1,A61*20,0)-OFFSET('42p stat'!$K$1,A61*20,0) -> 19.463529 | G61: =OFFSET('42p stat'!$K$1,A61*20,0)-OFFSET('42p stat'!$N$1,A61*20,0) -> 114.93349 | H61: =OFFSET('42p stat'!$N$1,A61*20,0) -> 302.35347 | J61: =SUM(E61:H61) -> 472.29168 | K61: =G61/J61 -> 0.24335277 | L61: =$K$29*POWER(K61,2)*SQRT(G207/(POWER(G61,2)*$L$29)+J207/(POWER(J61,2)*$L$29)) -> 3.558854e-05
A62: 32 | C62: =OFFSET('42p stat'!$A$1,A62*20,0) -> CUDA ant par Const | D62: =OFFSET('42p trace'!$R$56,(A62-1)*56,0)-OFFSET('42p trace'!$S$56,(A62-1)*56,0) -> 15.58696 | E62: =OFFSET('42p trace'!$S$56,(A62-1)*56,0)-OFFSET('42p stat'!$H$1,A62*20,0) -> 35.71773 | F62: =OFFSET('42p stat'!$H$1,A62*20,0)-OFFSET('42p stat'!$K$1,A62*20,0) -> 15.265103 | G62: =OFFSET('42p stat'!$K$1,A62*20,0)-OFFSET('42p stat'!$N$1,A62*20,0) -> 115.15869 | H62: =OFFSET('42p stat'!$N$1,A62*20,0) -> 280.69102 | J62: =SUM(E62:H62) -> 446.83254 | K62: =G62/J62 -> 0.25772226 | L62: =$K$29*POWER(K62,2)*SQRT(G208/(POWER(G62,2)*$L$29)+J208/(POWER(J62,2)*$L$29)) -> 3.5570017e-05
A63: 33 | C63: =OFFSET('42p stat'!$A$1,A63*20,0) -> CUDA ant add CPU Const | D63: =OFFSET('42p trace'!$R$56,(A63-1)*56,0)-OFFSET('42p trace'!$S$56,(A63-1)*56,0) -> 15.6351 | E63: =OFFSET('42p trace'!$S$56,(A63-1)*56,0)-OFFSET('42p stat'!$H$1,A63*20,0) -> 315.98092 | F63: =OFFSET('42p stat'!$H$1,A63*20,0)-OFFSET('42p stat'!$K$1,A63*20,0) -> 2.356598 | G63: =OFFSET('42p stat'!$K$1,A63*20,0)-OFFSET('42p stat'!$N$1,A63*20,0) -> 182.66698 | H63: =OFFSET('42p stat'!$N$1,A63*20,0) -> 114.10783 | J63: =SUM(E63:H63) -> 615.11232 | K63: =G63/J63 -> 0.29696524 | L63: =$K$29*POWER(K63,2)*SQRT(G209/(POWER(G63,2)*$L$29)+J209/(POWER(J63,2)*$L$29)) -> 3.3621333e-05
A64: 34 | C64: =OFFSET('42p stat'!$A$1,A64*20,0) -> CUDA opt Const | D64: =OFFSET('42p trace'!$R$56,(A64-1)*56,0)-OFFSET('42p trace'!$S$56,(A64-1)*56,0) -> 16.0006 | E64: =OFFSET('42p trace'!$S$56,(A64-1)*56,0)-OFFSET('42p stat'!$H$1,A64*20,0) -> 35.187437 | F64: =OFFSET('42p stat'!$H$1,A64*20,0)-OFFSET('42p stat'!$K$1,A64*20,0) -> 277.93693 | G64: =OFFSET('42p stat'!$K$1,A64*20,0)-OFFSET('42p stat'!$N$1,A64*20,0) -> 182.97881 | H64: =OFFSET('42p stat'!$N$1,A64*20,0) -> 0 | J64: =SUM(E64:H64) -> 496.10318 | K64: =G64/J64 -> 0.36883217 | L64: =$K$29*POWER(K64,2)*SQRT(G210/(POWER(G64,2)*$L$29)+J210/(POWER(J64,2)*$L$29)) -> 0.0006405771
A65: 35 | C65: =OFFSET('42p stat'!$A$1,A65*20,0) -> CUDA opt ant Const | D65: =OFFSET('42p trace'!$R$56,(A65-1)*56,0)-OFFSET('42p trace'!$S$56,(A65-1)*56,0) -> 16.1029 | E65: =OFFSET('42p trace'!$S$56,(A65-1)*56,0)-OFFSET('42p stat'!$H$1,A65*20,0) -> 35.163729 | F65: =OFFSET('42p stat'!$H$1,A65*20,0)-OFFSET('42p stat'!$K$1,A65*20,0) -> 315.05841 | G65: =OFFSET('42p stat'!$K$1,A65*20,0)-OFFSET('42p stat'!$N$1,A65*20,0) -> 114.60648 | H65: =OFFSET('42p stat'!$N$1,A65*20,0) -> 0 | J65: =SUM(E65:H65) -> 464.82862 | K65: =G65/J65 -> 0.24655641 | L65: =$K$29*POWER(K65,2)*SQRT(G211/(POWER(G65,2)*$L$29)+J211/(POWER(J65,2)*$L$29)) -> 8.1135636e-05
A66: 36 | C66: =OFFSET('42p stat'!$A$1,A66*20,0) -> CUDA opt ant par Const | D66: =OFFSET('42p trace'!$R$56,(A66-1)*56,0)-OFFSET('42p trace'!$S$56,(A66-1)*56,0) -> 16.0667 | E66: =OFFSET('42p trace'!$S$56,(A66-1)*56,0)-OFFSET('42p stat'!$H$1,A66*20,0) -> 34.910612 | F66: =OFFSET('42p stat'!$H$1,A66*20,0)-OFFSET('42p stat'!$K$1,A66*20,0) -> 291.46442 | G66: =OFFSET('42p stat'!$K$1,A66*20,0)-OFFSET('42p stat'!$N$1,A66*20,0) -> 114.88361 | H66: =OFFSET('42p stat'!$N$1,A66*20,0) -> 0 | J66: =SUM(E66:H66) -> 441.25864 | K66: =G66/J66 -> 0.26035435 | L66: =$K$29*POWER(K66,2)*SQRT(G212/(POWER(G66,2)*$L$29)+J212/(POWER(J66,2)*$L$29)) -> #DIV/0!
A67: 37 | C67: =OFFSET('42p stat'!$A$1,A67*20,0) -> CUDA ant par global | D67: =OFFSET('42p trace'!$R$56,(A67-1)*56,0)-OFFSET('42p trace'!$S$56,(A67-1)*56,0) -> 14.65966 | E67: =OFFSET('42p trace'!$S$56,(A67-1)*56,0)-OFFSET('42p stat'!$H$1,A67*20,0) -> 36.340368 | F67: =OFFSET('42p stat'!$H$1,A67*20,0)-OFFSET('42p stat'!$K$1,A67*20,0) -> 15.249723 | G67: =OFFSET('42p stat'!$K$1,A67*20,0)-OFFSET('42p stat'!$N$1,A67*20,0) -> 145.04338 | H67: =OFFSET('42p stat'!$N$1,A67*20,0) -> 280.34435 | J67: =SUM(E67:H67) -> 476.97782 | K67: =G67/J67 -> 0.30408831 | L67: =$K$29*POWER(K67,2)*SQRT(G213/(POWER(G67,2)*$L$29)+J213/(POWER(J67,2)*$L$29)) -> 0.00012964706
A68: 38 | C68: =OFFSET('42p stat'!$A$1,A68*20,0) -> CUDA ant add CPU Time global | D68: =OFFSET('42p trace'!$R$56,(A68-1)*56,0)-OFFSET('42p trace'!$S$56,(A68-1)*56,0) -> 14.92102 | E68: =OFFSET('42p trace'!$S$56,(A68-1)*56,0)-OFFSET('42p stat'!$H$1,A68*20,0) -> 315.08464 | F68: =OFFSET('42p stat'!$H$1,A68*20,0)-OFFSET('42p stat'!$K$1,A68*20,0) -> 2.386163 | G68: =OFFSET('42p stat'!$K$1,A68*20,0)-OFFSET('42p stat'!$N$1,A68*20,0) -> 212.40781 | H68: =OFFSET('42p stat'!$N$1,A68*20,0) -> 114.35921 | J68: =SUM(E68:H68) -> 644.23782 | K68: =G68/J68 -> 0.32970403 | L68: =$K$29*POWER(K68,2)*SQRT(G214/(POWER(G68,2)*$L$29)+J214/(POWER(J68,2)*$L$29)) -> 3.9167434e-05
A69: 39 | C69: =OFFSET('42p stat'!$A$1,A69*20,0) -> CUDA opt ant par global | D69: =OFFSET('42p trace'!$R$56,(A69-1)*56,0)-OFFSET('42p trace'!$S$56,(A69-1)*56,0) -> 15.31216 | E69: =OFFSET('42p trace'!$S$56,(A69-1)*56,0)-OFFSET('42p stat'!$H$1,A69*20,0) -> 35.127084 | F69: =OFFSET('42p stat'!$H$1,A69*20,0)-OFFSET('42p stat'!$K$1,A69*20,0) -> 291.57503 | G69: =OFFSET('42p stat'!$K$1,A69*20,0)-OFFSET('42p stat'!$N$1,A69*20,0) -> 144.75265 | H69: =OFFSET('42p stat'!$N$1,A69*20,0) -> 0 | J69: =SUM(E69:H69) -> 471.45476 | K69: =G69/J69 -> 0.30703402 | L69: =$K$29*POWER(K69,2)*SQRT(G215/(POWER(G69,2)*$L$29)+J215/(POWER(J69,2)*$L$29)) -> 0.00014606619
A70: 40 | C70: =OFFSET('42p stat'!$A$1,A70*20,0) -> 0 | D70: =OFFSET('42p trace'!$R$56,(A70-1)*56,0)-OFFSET('42p trace'!$S$56,(A70-1)*56,0) -> #DIV/0! | E70: =OFFSET('42p trace'!$S$56,(A70-1)*56,0)-OFFSET('42p stat'!$H$1,A70*20,0) -> #DIV/0! | F70: =OFFSET('42p stat'!$H$1,A70*20,0)-OFFSET('42p stat'!$K$1,A70*20,0) -> 0 | G70: =OFFSET('42p stat'!$K$1,A70*20,0)-OFFSET('42p stat'!$N$1,A70*20,0) -> 0 | H70: =OFFSET('42p stat'!$N$1,A70*20,0) -> 0 | J70: =SUM(E70:H70) -> #DIV/0! | K70: =G70/J70 -> #DIV/0! | L70: =$K$29*POWER(K70,2)*SQRT(G216/(POWER(G70,2)*$L$29)+J216/(POWER(J70,2)*$L$29)) -> #DIV/0!
... A76: 46 | C76: =OFFSET('42p stat'!$A$1,A76*20,0) -> 0 | D76: =OFFSET('42p trace'!$R$56,(A76-1)*56,0)-OFFSET('42p trace'!$S$56,(A76-1)*56,0) -> #DIV/0! | E76: =OFFSET('42p trace'!$S$56,(A76-1)*56,0)-OFFSET('42p stat'!$H$1,A76*20,0) -> #DIV/0! | F76: =OFFSET('42p stat'!$H$1,A76*20,0)-OFFSET('42p stat'!$K$1,A76*20,0) -> 0 | G76: =OFFSET('42p stat'!$K$1,A76*20,0)-OFFSET('42p stat'!$N$1,A76*20,0) -> 0 | H76: =OFFSET('42p stat'!$N$1,A76*20,0) -> 0 | J76: =SUM(E76:H76) -> #DIV/0! | K76: =G76/J76 -> #DIV/0! | L76: =$K$29*POWER(K76,2)*SQRT(G222/(POWER(G76,2)*$L$29)+J222/(POWER(J76,2)*$L$29)) -> #DIV/0!
A77: 47 | C77: =OFFSET('42p stat'!$A$1,A77*20,0) -> 0 | D77: =OFFSET('42p trace'!$R$56,(A77-1)*56,0)-OFFSET('42p trace'!$S$56,(A77-1)*56,0) -> 0 | E77: =OFFSET('42p trace'!$S$56,(A77-1)*56,0)-OFFSET('42p stat'!$H$1,A77*20,0) -> 0 | F77: =OFFSET('42p stat'!$H$1,A77*20,0)-OFFSET('42p stat'!$K$1,A77*20,0) -> 0 | G77: =OFFSET('42p stat'!$K$1,A77*20,0)-OFFSET('42p stat'!$N$1,A77*20,0) -> 0 | H77: =OFFSET('42p stat'!$N$1,A77*20,0) -> 0 | J77: =SUM(E77:H77) -> 0 | K77: =G77/J77 -> #DIV/0! | L77: =$K$29*POWER(K77,2)*SQRT(G228/(POWER(G77,2)*$L$29)+J228/(POWER(J77,2)*$L$29)) -> #DIV/0!
A78: 48 | C78: =OFFSET('42p stat'!$A$1,A78*20,0) -> 0 | D78: =OFFSET('42p trace'!$R$56,(A78-1)*56,0)-OFFSET('42p trace'!$S$56,(A78-1)*56,0) -> 0 | E78: =OFFSET('42p trace'!$S$56,(A78-1)*56,0)-OFFSET('42p stat'!$H$1,A78*20,0) -> 0 | F78: =OFFSET('42p stat'!$H$1,A78*20,0)-OFFSET('42p stat'!$K$1,A78*20,0) -> 0 | G78: =OFFSET('42p stat'!$K$1,A78*20,0)-OFFSET('42p stat'!$N$1,A78*20,0) -> 0 | H78: =OFFSET('42p stat'!$N$1,A78*20,0) -> 0 | J78: =SUM(E78:H78) -> 0 | K78: =G78/J78 -> #DIV/0! | L78: =$K$29*POWER(K78,2)*SQRT(G229/(POWER(G78,2)*$L$29)+J229/(POWER(J78,2)*$L$29)) -> #DIV/0!
A79: 49 | C79: =OFFSET('42p stat'!$A$1,A79*20,0) -> 0 | D79: =OFFSET('42p trace'!$R$56,(A79-1)*56,0)-OFFSET('42p trace'!$S$56,(A79-1)*56,0) -> 0 | E79: =OFFSET('42p trace'!$S$56,(A79-1)*56,0)-OFFSET('42p stat'!$H$1,A79*20,0) -> 0 | F79: =OFFSET('42p stat'!$H$1,A79*20,0)-OFFSET('42p stat'!$K$1,A79*20,0) -> 0 | G79: =OFFSET('42p stat'!$K$1,A79*20,0)-OFFSET('42p stat'!$N$1,A79*20,0) -> 0 | H79: =OFFSET('42p stat'!$N$1,A79*20,0) -> 0 | J79: =SUM(E79:H79) -> 0 | K79: =G79/J79 -> #DIV/0! | L79: =$K$29*POWER(K79,2)*SQRT(G230/(POWER(G79,2)*$L$29)+J230/(POWER(J79,2)*$L$29)) -> #DIV/0!
A80: 50 | C80: =OFFSET('42p stat'!$A$1,A80*20,0) -> 0 | D80: =OFFSET('42p trace'!$R$56,(A80-1)*56,0)-OFFSET('42p trace'!$S$56,(A80-1)*56,0) -> 0 | E80: =OFFSET('42p trace'!$S$56,(A80-1)*56,0)-OFFSET('42p stat'!$H$1,A80*20,0) -> 0 | F80: =OFFSET('42p stat'!$H$1,A80*20,0)-OFFSET('42p stat'!$K$1,A80*20,0) -> 0 | G80: =OFFSET('42p stat'!$K$1,A80*20,0)-OFFSET('42p stat'!$N$1,A80*20,0) -> 0 | H80: =OFFSET('42p stat'!$N$1,A80*20,0) -> 0 | J80: =SUM(E80:H80) -> 0 | K80: =G80/J80 -> #DIV/0! | L80: =$K$29*POWER(K80,2)*SQRT(G231/(POWER(G80,2)*$L$29)+J231/(POWER(J80,2)*$L$29)) -> #DIV/0!
D82: накопительная
D83: T_start | E83: T_Delt | F83: T1 | G83: T2 | H83: T3
A84: 1 | C84: =OFFSET('42p stat'!$A$1,A84*20,0) -> CUDA Time | D84: =OFFSET('42p trace'!$R$56,(A84-1)*56,0) -> 700.88278 | E84: =OFFSET('42p trace'!$S$56,(A84-1)*56,0) -> 684.58224 | F84: =OFFSET('42p stat'!$H$1,A84*20,0) -> 648.5959 | G84: =OFFSET('42p stat'!$K$1,A84*20,0) -> 633.21043 | H84: =OFFSET('42p stat'!$N$1,A84*20,0) -> 305.33364
A85: 2 | C85: =OFFSET('42p stat'!$A$1,A85*20,0) -> CUDA | D85: =OFFSET('42p trace'!$R$56,(A85-1)*56,0) -> 727.69708 | E85: =OFFSET('42p trace'!$S$56,(A85-1)*56,0) -> 0 | F85: =OFFSET('42p stat'!$H$1,A85*20,0) -> 0 | G85: =OFFSET('42p stat'!$K$1,A85*20,0) -> 0 | H85: =OFFSET('42p stat'!$N$1,A85*20,0) -> 0
A86: 3 | C86: =OFFSET('42p stat'!$A$1,A86*20,0) -> CUDA non hash | D86: =OFFSET('42p trace'!$R$56,(A86-1)*56,0) -> 2955.4098 | E86: =OFFSET('42p trace'!$S$56,(A86-1)*56,0) -> 2953.6902 | F86: =OFFSET('42p stat'!$H$1,A86*20,0) -> 2864.1239 | G86: =OFFSET('42p stat'!$K$1,A86*20,0) -> 2836.0929 | H86: =OFFSET('42p stat'!$N$1,A86*20,0) -> 594.64732
A87: 4 | C87: =OFFSET('42p stat'!$A$1,A87*20,0) -> CUDA ant | D87: =OFFSET('42p trace'!$R$56,(A87-1)*56,0) -> 546.72078 | E87: =OFFSET('42p trace'!$S$56,(A87-1)*56,0) -> 530.28568 | F87: =OFFSET('42p stat'!$H$1,A87*20,0) -> 494.26923 | G87: =OFFSET('42p stat'!$K$1,A87*20,0) -> 474.66033 | H87: =OFFSET('42p stat'!$N$1,A87*20,0) -> 347.00732
A88: 5 | C88: =OFFSET('42p stat'!$A$1,A88*20,0) -> CUDA ant par | D88: =OFFSET('42p trace'!$R$56,(A88-1)*56,0) -> 496.59164 | E88: =OFFSET('42p trace'!$S$56,(A88-1)*56,0) -> 480.05012 | F88: =OFFSET('42p stat'!$H$1,A88*20,0) -> 444.13642 | G88: =OFFSET('42p stat'!$K$1,A88*20,0) -> 428.69394 | H88: =OFFSET('42p stat'!$N$1,A88*20,0) -> 300.90713
A89: 6 | C89: =OFFSET('42p stat'!$A$1,A89*20,0) -> CUDA ant non hash | D89: =OFFSET('42p trace'!$R$56,(A89-1)*56,0) -> 515.1704 | E89: =OFFSET('42p trace'!$S$56,(A89-1)*56,0) -> 498.49998 | F89: =OFFSET('42p stat'!$H$1,A89*20,0) -> 462.55983 | G89: =OFFSET('42p stat'!$K$1,A89*20,0) -> 442.99036 | H89: =OFFSET('42p stat'!$N$1,A89*20,0) -> 346.39669
A90: 7 | C90: =OFFSET('42p stat'!$A$1,A90*20,0) -> CUDA ant add CPU Time | D90: =OFFSET('42p trace'!$R$56,(A90-1)*56,0) -> 653.67468 | E90: =OFFSET('42p trace'!$S$56,(A90-1)*56,0) -> 636.53956 | F90: =OFFSET('42p stat'!$H$1,A90*20,0) -> 327.78622 | G90: =OFFSET('42p stat'!$K$1,A90*20,0) -> 325.52089 | H90: =OFFSET('42p stat'!$N$1,A90*20,0) -> 123.44107
A91: 8 | C91: =OFFSET('42p stat'!$A$1,A91*20,0) -> CUDA ant add CPU | D91: =OFFSET('42p trace'!$R$56,(A91-1)*56,0) -> 638.64558 | E91: =OFFSET('42p trace'!$S$56,(A91-1)*56,0) -> 0 | F91: =OFFSET('42p stat'!$H$1,A91*20,0) -> 0 | G91: =OFFSET('42p stat'!$K$1,A91*20,0) -> 0 | H91: =OFFSET('42p stat'!$N$1,A91*20,0) -> 0
A92: 9 | C92: =OFFSET('42p stat'!$A$1,A92*20,0) -> CUDA ant add CPU non hash | D92: =OFFSET('42p trace'!$R$56,(A92-1)*56,0) -> 664.9213 | E92: =OFFSET('42p trace'!$S$56,(A92-1)*56,0) -> 647.07294 | F92: =OFFSET('42p stat'!$H$1,A92*20,0) -> 310.31968 | G92: =OFFSET('42p stat'!$K$1,A92*20,0) -> 308.20545 | H92: =OFFSET('42p stat'!$N$1,A92*20,0) -> 123.27213
A93: 10 | C93: =OFFSET('42p stat'!$A$1,A93*20,0) -> CUDA ant add CPU12 | D93: =OFFSET('42p trace'!$R$56,(A93-1)*56,0) -> 3640.7988 | E93: =OFFSET('42p trace'!$S$56,(A93-1)*56,0) -> 3589.2062 | F93: =OFFSET('42p stat'!$H$1,A93*20,0) -> 3579.9946 | G93: =OFFSET('42p stat'!$K$1,A93*20,0) -> 3551.9104 | H93: =OFFSET('42p stat'!$N$1,A93*20,0) -> 601.08268
A94: 11 | C94: =OFFSET('42p stat'!$A$1,A94*20,0) -> CUDA opt | D94: =OFFSET('42p trace'!$R$56,(A94-1)*56,0) -> 725.44534 | E94: =OFFSET('42p trace'!$S$56,(A94-1)*56,0) -> 0 | F94: =OFFSET('42p stat'!$H$1,A94*20,0) -> 0 | G94: =OFFSET('42p stat'!$K$1,A94*20,0) -> 0 | H94: =OFFSET('42p stat'!$N$1,A94*20,0) -> 0
A95: 12 | C95: =OFFSET('42p stat'!$A$1,A95*20,0) -> CUDA opt Time | D95: =OFFSET('42p trace'!$R$56,(A95-1)*56,0) -> 700.26082 | E95: =OFFSET('42p trace'!$S$56,(A95-1)*56,0) -> 682.80912 | F95: =OFFSET('42p stat'!$H$1,A95*20,0) -> 647.45873 | G95: =OFFSET('42p stat'!$K$1,A95*20,0) -> 328.43317 | H95: =OFFSET('42p stat'!$N$1,A95*20,0) -> 0
... A133: 50 | C133: =OFFSET('42p stat'!$A$1,A133*20,0) -> 0 | D133: =OFFSET('42p trace'!$R$56,(A133-1)*56,0) -> 0 | E133: =OFFSET('42p trace'!$S$56,(A133-1)*56,0) -> 0 | F133: =OFFSET('42p stat'!$H$1,A133*20,0) -> 0 | G133: =OFFSET('42p stat'!$K$1,A133*20,0) -> 0 | H133: =OFFSET('42p stat'!$N$1,A133*20,0) -> 0
C136: Дисперсия
D137: T_start | E137: T_Delt | F137: T1 | G137: T2 | H137: T3 | J137: summ
A138: 1 | C138: =OFFSET('42p stat'!$A$1,A138*20,0) -> CUDA Time | D138: =OFFSET('42p trace'!$U$56,(A31-1)*56,0) -> 93.44924 | E138: =OFFSET('42p trace'!$V$56,(A31-1)*56,0) -> 93.903754 | F138: =OFFSET('42p stat'!$H$1,A138*20,1) -> 94.455915 | G138: =OFFSET('42p stat'!$K$1,A138*20,1) -> 93.746646 | H138: =OFFSET('42p stat'!$N$1,A138*20,1) -> 93.519511 | J138: =SUM(D138:H138) -> 469.07507
A139: 2 | C139: =OFFSET('42p stat'!$A$1,A139*20,0) -> CUDA | D139: =OFFSET('42p trace'!$U$56,(A32-1)*56,0) -> 106.58589 | E139: =OFFSET('42p trace'!$V$56,(A32-1)*56,0) -> 0 | F139: =OFFSET('42p stat'!$H$1,A139*20,1) -> 0 | G139: =OFFSET('42p stat'!$K$1,A139*20,1) -> 0 | H139: =OFFSET('42p stat'!$N$1,A139*20,1) -> 0 | J139: =SUM(D139:H139) -> 106.58589
A140: 3 | C140: =OFFSET('42p stat'!$A$1,A140*20,0) -> CUDA non hash | D140: =OFFSET('42p trace'!$U$56,(A33-1)*56,0) -> 424.57193 | E140: =OFFSET('42p trace'!$V$56,(A33-1)*56,0) -> 424.36393 | F140: =OFFSET('42p stat'!$H$1,A140*20,1) -> 405.72798 | G140: =OFFSET('42p stat'!$K$1,A140*20,1) -> 404.79683 | H140: =OFFSET('42p stat'!$N$1,A140*20,1) -> 393.16623 | J140: =SUM(D140:H140) -> 2052.6269
A141: 4 | C141: =OFFSET('42p stat'!$A$1,A141*20,0) -> CUDA ant | D141: =OFFSET('42p trace'!$U$56,(A34-1)*56,0) -> 8.0951522 | E141: =OFFSET('42p trace'!$V$56,(A34-1)*56,0) -> 7.7988559 | F141: =OFFSET('42p stat'!$H$1,A141*20,1) -> 7.687903 | G141: =OFFSET('42p stat'!$K$1,A141*20,1) -> 7.696488 | H141: =OFFSET('42p stat'!$N$1,A141*20,1) -> 7.672362 | J141: =SUM(D141:H141) -> 38.950761
A142: 5 | C142: =OFFSET('42p stat'!$A$1,A142*20,0) -> CUDA ant par | D142: =OFFSET('42p trace'!$U$56,(A35-1)*56,0) -> 0.12218143 | E142: =OFFSET('42p trace'!$V$56,(A35-1)*56,0) -> 0.074531386 | F142: =OFFSET('42p stat'!$H$1,A142*20,1) -> 0.059966 | G142: =OFFSET('42p stat'!$K$1,A142*20,1) -> 0.058228 | H142: =OFFSET('42p stat'!$N$1,A142*20,1) -> 0.024391 | J142: =SUM(D142:H142) -> 0.33929782
A143: 6 | C143: =OFFSET('42p stat'!$A$1,A143*20,0) -> CUDA ant non hash | D143: =OFFSET('42p trace'!$U$56,(A36-1)*56,0) -> 7.8365036 | E143: =OFFSET('42p trace'!$V$56,(A36-1)*56,0) -> 7.7620559 | F143: =OFFSET('42p stat'!$H$1,A143*20,1) -> 7.711735 | G143: =OFFSET('42p stat'!$K$1,A143*20,1) -> 7.735126 | H143: =OFFSET('42p stat'!$N$1,A143*20,1) -> 7.760416 | J143: =SUM(D143:H143) -> 38.805837
A144: 7 | C144: =OFFSET('42p stat'!$A$1,A144*20,0) -> CUDA ant add CPU Time | D144: =OFFSET('42p trace'!$U$56,(A37-1)*56,0) -> 1.7924289 | E144: =OFFSET('42p trace'!$V$56,(A37-1)*56,0) -> 1.5996432 | F144: =OFFSET('42p stat'!$H$1,A144*20,1) -> 0.496936 | G144: =OFFSET('42p stat'!$K$1,A144*20,1) -> 0.682811 | H144: =OFFSET('42p stat'!$N$1,A144*20,1) -> 0.005081 | J144: =SUM(D144:H144) -> 4.5769001
A145: 8 | C145: =OFFSET('42p stat'!$A$1,A145*20,0) -> CUDA ant add CPU | D145: =OFFSET('42p trace'!$U$56,(A38-1)*56,0) -> 2.2310228 | E145: =OFFSET('42p trace'!$V$56,(A38-1)*56,0) -> 0 | F145: =OFFSET('42p stat'!$H$1,A145*20,1) -> 0 | G145: =OFFSET('42p stat'!$K$1,A145*20,1) -> 0 | H145: =OFFSET('42p stat'!$N$1,A145*20,1) -> 0 | J145: =SUM(D145:H145) -> 2.2310228
A146: 9 | C146: =OFFSET('42p stat'!$A$1,A146*20,0) -> CUDA ant add CPU non hash | D146: =OFFSET('42p trace'!$U$56,(A39-1)*56,0) -> 620.10098 | E146: =OFFSET('42p trace'!$V$56,(A39-1)*56,0) -> 596.67717 | F146: =OFFSET('42p stat'!$H$1,A146*20,1) -> 71.905505 | G146: =OFFSET('42p stat'!$K$1,A146*20,1) -> 71.864339 | H146: =OFFSET('42p stat'!$N$1,A146*20,1) -> 0.007668 | J146: =SUM(D146:H146) -> 1360.5557
...

Sheet 84p stat
A2: CUDA Time | B2: 1 | C2: 25 | D2: Duration Mean: | E2: 0 | F2: 0 | G2: GPU Time 1 Mean: | H2: 68.049543 | I2: 0.009553 | J2: GPU Time 2 Mean: | K2: 67.223416 | L2: 0.009743 | M2: GPU Time 3 Mean: | N2: 24.962459 | O2: 0.006185 | P2: GPU Time 4 Mean: | Q2: 0 | R2: 0 | S2: GPU Time 5 Mean: | T2: 0 | U2: 0 | V2: GPU Time 6 Mean: | W2: 0 | X2: 0 | Y2: GPU Time 7 Mean: | Z2: 0 | AA2: 0 | AB2: GPU Time 8 Mean: | AC2: 0 | AD2: 0 | AE2: Global Min Mean: | AF2: 1 | AG2: 0 | AH2: Global Max Mean: | AI2: 1 | AJ2: 0 | AK2: Hash Fail Count Mean: | AL2: 0 | AM2: 0
A3: CUDA Time | B3: 2 | C3: 50 | D3: Duration Mean: | E3: 0 | F3: 0 | G3: GPU Time 1 Mean: | H3: 136.48763 | I3: 0.04117 | J3: GPU Time 2 Mean: | K3: 134.84649 | L3: 0.041665 | M3: GPU Time 3 Mean: | N3: 50.321358 | O3: 0.02947 | P3: GPU Time 4 Mean: | Q3: 0 | R3: 0 | S3: GPU Time 5 Mean: | T3: 0 | U3: 0 | V3: GPU Time 6 Mean: | W3: 0 | X3: 0 | Y3: GPU Time 7 Mean: | Z3: 0 | AA3: 0 | AB3: GPU Time 8 Mean: | AC3: 0 | AD3: 0 | AE3: Global Min Mean: | AF3: 1 | AG3: 0 | AH3: Global Max Mean: | AI3: 1 | AJ3: 0 | AK3: Hash Fail Count Mean: | AL3: 0 | AM3: 0
A4: CUDA Time | B4: 3 | C4: 75 | D4: Duration Mean: | E4: 0 | F4: 0 | G4: GPU Time 1 Mean: | H4: 204.93665 | I4: 0.094655 | J4: GPU Time 2 Mean: | K4: 202.4806 | L4: 0.095049 | M4: GPU Time 3 Mean: | N4: 75.689963 | O4: 0.065687 | P4: GPU Time 4 Mean: | Q4: 0 | R4: 0 | S4: GPU Time 5 Mean: | T4: 0 | U4: 0 | V4: GPU Time 6 Mean: | W4: 0 | X4: 0 | Y4: GPU Time 7 Mean: | Z4: 0 | AA4: 0 | AB4: GPU Time 8 Mean: | AC4: 0 | AD4: 0 | AE4: Global Min Mean: | AF4: 1 | AG4: 0 | AH4: Global Max Mean: | AI4: 1 | AJ4: 0 | AK4: Hash Fail Count Mean: | AL4: 0 | AM4: 0
A5: CUDA Time | B5: 4 | C5: 100 | D5: Duration Mean: | E5: 0 | F5: 0 | G5: GPU Time 1 Mean: | H5: 273.39616 | I5: 0.15693 | J5: GPU Time 2 Mean: | K5: 270.12556 | L5: 0.157349 | M5: GPU Time 3 Mean: | N5: 101.06614 | O5: 0.111512 | P5: GPU Time 4 Mean: | Q5: 0 | R5: 0 | S5: GPU Time 5 Mean: | T5: 0 | U5: 0 | V5: GPU Time 6 Mean: | W5: 0 | X5: 0 | Y5: GPU Time 7 Mean: | Z5: 0 | AA5: 0 | AB5: GPU Time 8 Mean: | AC5: 0 | AD5: 0 | AE5: Global Min Mean: | AF5: 1 | AG5: 0 | AH5: Global Max Mean: | AI5: 1 | AJ5: 0 | AK5: Hash Fail Count Mean: | AL5: 0 | AM5: 0
A6: CUDA Time | B6: 5 | C6: 125 | D6: Duration Mean: | E6: 0 | F6: 0 | G6: GPU Time 1 Mean: | H6: 341.84893 | I6: 0.239391 | J6: GPU Time 2 Mean: | K6: 337.76347 | L6: 0.239324 | M6: GPU Time 3 Mean: | N6: 126.44168 | O6: 0.168038 | P6: GPU Time 4 Mean: | Q6: 0 | R6: 0 | S6: GPU Time 5 Mean: | T6: 0 | U6: 0 | V6: GPU Time 6 Mean: | W6: 0 | X6: 0 | Y6: GPU Time 7 Mean: | Z6: 0 | AA6: 0 | AB6: GPU Time 8 Mean: | AC6: 0 | AD6: 0 | AE6: Global Min Mean: | AF6: 1 | AG6: 0 | AH6: Global Max Mean: | AI6: 1 | AJ6: 0 | AK6: Hash Fail Count Mean: | AL6: 0 | AM6: 0
A7: CUDA Time | B7: 6 | C7: 150 | D7: Duration Mean: | E7: 0 | F7: 0 | G7: GPU Time 1 Mean: | H7: 410.3097 | I7: 0.333003 | J7: GPU Time 2 Mean: | K7: 405.40994 | L7: 0.332794 | M7: GPU Time 3 Mean: | N7: 151.82066 | O7: 0.234588 | P7: GPU Time 4 Mean: | Q7: 0 | R7: 0 | S7: GPU Time 5 Mean: | T7: 0 | U7: 0 | V7: GPU Time 6 Mean: | W7: 0 | X7: 0 | Y7: GPU Time 7 Mean: | Z7: 0 | AA7: 0 | AB7: GPU Time 8 Mean: | AC7: 0 | AD7: 0 | AE7: Global Min Mean: | AF7: 1 | AG7: 0 | AH7: Global Max Mean: | AI7: 1 | AJ7: 0 | AK7: Hash Fail Count Mean: | AL7: 0 | AM7: 0
A8: CUDA Time | B8: 7 | C8: 175 | D8: Duration Mean: | E8: 0 | F8: 0 | G8: GPU Time 1 Mean: | H8: 478.76427 | I8: 0.43161 | J8: GPU Time 2 Mean: | K8: 473.05034 | L8: 0.431245 | M8: GPU Time 3 Mean: | N8: 177.19088 | O8: 0.313783 | P8: GPU Time 4 Mean: | Q8: 0 | R8: 0 | S8: GPU Time 5 Mean: | T8: 0 | U8: 0 | V8: GPU Time 6 Mean: | W8: 0 | X8: 0 | Y8: GPU Time 7 Mean: | Z8: 0 | AA8: 0 | AB8: GPU Time 8 Mean: | AC8: 0 | AD8: 0 | AE8: Global Min Mean: | AF8: 1 | AG8: 0 | AH8: Global Max Mean: | AI8: 1 | AJ8: 0 | AK8: Hash Fail Count Mean: | AL8: 0 | AM8: 0
A9: CUDA Time | B9: 8 | C9: 200 | D9: Duration Mean: | E9: 0 | F9: 0 | G9: GPU Time 1 Mean: | H9: 547.22754 | I9: 0.553168 | J9: GPU Time 2 Mean: | K9: 540.6988 | L9: 0.552419 | M9: GPU Time 3 Mean: | N9: 202.57209 | O9: 0.402984 | P9: GPU Time 4 Mean: | Q9: 0 | R9: 0 | S9: GPU Time 5 Mean: | T9: 0 | U9: 0 | V9: GPU Time 6 Mean: | W9: 0 | X9: 0 | Y9: GPU Time 7 Mean: | Z9: 0 | AA9: 0 | AB9: GPU Time 8 Mean: | AC9: 0 | AD9: 0 | AE9: Global Min Mean: | AF9: 1 | AG9: 0 | AH9: Global Max Mean: | AI9: 1 | AJ9: 0 | AK9: Hash Fail Count Mean: | AL9: 0 | AM9: 0
A10: CUDA Time | B10: 9 | C10: 225 | D10: Duration Mean: | E10: 0 | F10: 0 | G10: GPU Time 1 Mean: | H10: 615.67997 | I10: 0.693831 | J10: GPU Time 2 Mean: | K10: 608.33634 | L10: 0.692217 | M10: GPU Time 3 Mean: | N10: 227.94406 | O10: 0.506875 | P10: GPU Time 4 Mean: | Q10: 0 | R10: 0 | S10: GPU Time 5 Mean: | T10: 0 | U10: 0 | V10: GPU Time 6 Mean: | W10: 0 | X10: 0 | Y10: GPU Time 7 Mean: | Z10: 0 | AA10: 0 | AB10: GPU Time 8 Mean: | AC10: 0 | AD10: 0 | AE10: Global Min Mean: | AF10: 1 | AG10: 0 | AH10: Global Max Mean: | AI10: 1 | AJ10: 0 | AK10: Hash Fail Count Mean: | AL10: 0 | AM10: 0
A11: CUDA Time | B11: 10 | C11: 250 | D11: Duration Mean: | E11: 0 | F11: 0 | G11: GPU Time 1 Mean: | H11: 684.14929 | I11: 0.837224 | J11: GPU Time 2 Mean: | K11: 675.9907 | L11: 0.835858 | M11: GPU Time 3 Mean: | N11: 253.31819 | O11: 0.618121 | P11: GPU Time 4 Mean: | Q11: 0 | R11: 0 | S11: GPU Time 5 Mean: | T11: 0 | U11: 0 | V11: GPU Time 6 Mean: | W11: 0 | X11: 0 | Y11: GPU Time 7 Mean: | Z11: 0 | AA11: 0 | AB11: GPU Time 8 Mean: | AC11: 0 | AD11: 0 | AE11: Global Min Mean: | AF11: 1 | AG11: 0 | AH11: Global Max Mean: | AI11: 1 | AJ11: 0 | AK11: Hash Fail Count Mean: | AL11: 0 | AM11: 0
A12: CUDA Time | B12: 11 | C12: 275 | D12: Duration Mean: | E12: 0 | F12: 0 | G12: GPU Time 1 Mean: | H12: 752.59265 | I12: 1.003417 | J12: GPU Time 2 Mean: | K12: 743.61937 | L12: 1.002128 | M12: GPU Time 3 Mean: | N12: 278.68952 | O12: 0.741286 | P12: GPU Time 4 Mean: | Q12: 0 | R12: 0 | S12: GPU Time 5 Mean: | T12: 0 | U12: 0 | V12: GPU Time 6 Mean: | W12: 0 | X12: 0 | Y12: GPU Time 7 Mean: | Z12: 0 | AA12: 0 | AB12: GPU Time 8 Mean: | AC12: 0 | AD12: 0 | AE12: Global Min Mean: | AF12: 1 | AG12: 0 | AH12: Global Max Mean: | AI12: 1 | AJ12: 0 | AK12: Hash Fail Count Mean: | AL12: 0 | AM12: 0
A13: CUDA Time | B13: 12 | C13: 300 | D13: Duration Mean: | E13: 0 | F13: 0 | G13: GPU Time 1 Mean: | H13: 821.02764 | I13: 1.185282 | J13: GPU Time 2 Mean: | K13: 811.23973 | L13: 1.18347 | M13: GPU Time 3 Mean: | N13: 304.05492 | O13: 0.883132 | P13: GPU Time 4 Mean: | Q13: 0 | R13: 0 | S13: GPU Time 5 Mean: | T13: 0 | U13: 0 | V13: GPU Time 6 Mean: | W13: 0 | X13: 0 | Y13: GPU Time 7 Mean: | Z13: 0 | AA13: 0 | AB13: GPU Time 8 Mean: | AC13: 0 | AD13: 0 | AE13: Global Min Mean: | AF13: 1 | AG13: 0 | AH13: Global Max Mean: | AI13: 1 | AJ13: 0 | AK13: Hash Fail Count Mean: | AL13: 0 | AM13: 0
... A321: CUDA opt ant par | B321: 20 | C321: 500 | D321: Duration Mean: | E321: 0 | F321: 0 | G321: GPU Time 1 Mean: | H321: 576.71305 | I321: 9.819416 | J321: GPU Time 2 Mean: | K321: 245.33112 | L321: 0.05127 | M321: GPU Time 3 Mean: | N321: 0 | O321: 0 | P321: GPU Time 4 Mean: | Q321: 0 | R321: 0 | S321: GPU Time 5 Mean: | T321: 0 | U321: 0 | V321: GPU Time 6 Mean: | W321: 0 | X321: 0 | Y321: GPU Time 7 Mean: | Z321: 0 | AA321: 0 | AB321: GPU Time 8 Mean: | AC321: 0 | AD321: 0 | AE321: Global Min Mean: | AF321: 32767 | AG321: 0 | AH321: Global Max Mean: | AI321: -32767 | AJ321: 0 | AK321: Hash Fail Count Mean: | AL321: 0.24 | AM321: 0.2224
A322: CUDA opt_one_GPU
A323: CUDA opt_one_GPU
A324: CUDA opt_one_GPU
A325: CUDA opt_one_GPU
A326: CUDA opt_one_GPU
A327: CUDA opt_one_GPU
A328: CUDA opt_one_GPU
A329: CUDA opt_one_GPU
A330: CUDA opt_one_GPU
A331: CUDA opt_one_GPU
A332: CUDA opt_one_GPU
A333: CUDA opt_one_GPU
... A381: CUDA opt_one_GPU ant local
A382: non CUDA Time | B382: 1 | C382: 25 | D382: Duration Mean: | E382: 0 | F382: 0 | G382: GPU Time 1 Mean: | H382: 253.05907 | I382: 0.049348 | J382: GPU Time 2 Mean: | K382: 252.81616 | L382: 0.0493 | M382: GPU Time 3 Mean: | N382: 12.344873 | O382: 0.000723 | P382: GPU Time 4 Mean: | Q382: 40.583515 | R382: 0.007124 | S382: GPU Time 5 Mean: | T382: 6.697556 | U382: 0.000137 | V382: GPU Time 6 Mean: | W382: 6.772295 | X382: 0.000593 | Y382: GPU Time 7 Mean: | Z382: 22.887747 | AA382: 0.006487 | AB382: GPU Time 8 Mean: | AC382: 196.83024 | AD382: 0.036614 | AE382: Global Min Mean: | AF382: 0.006295 | AG382: 1.6e-05 | AH382: Global Max Mean: | AI382: 0.99491 | AJ382: 0 | AK382: Hash Fail Count Mean: | AL382: 0 | AM382: 0
A383: non CUDA Time | B383: 2 | C383: 50 | D383: Duration Mean: | E383: 0 | F383: 0 | G383: GPU Time 1 Mean: | H383: 505.78106 | I383: 0.131887 | J383: GPU Time 2 Mean: | K383: 505.29713 | L383: 0.131832 | M383: GPU Time 3 Mean: | N383: 24.695187 | O383: 0.001133 | P383: GPU Time 4 Mean: | Q383: 81.460942 | R383: 0.009506 | S383: GPU Time 5 Mean: | T383: 13.368757 | U383: 0.000232 | V383: GPU Time 6 Mean: | W383: 13.531297 | X383: 0.000903 | Y383: GPU Time 7 Mean: | Z383: 46.110717 | AA383: 0.009578 | AB383: GPU Time 8 Mean: | AC383: 393.04784 | AD383: 0.10768 | AE383: Global Min Mean: | AF383: 0.003784 | AG383: 9e-06 | AH383: Global Max Mean: | AI383: 0.995045 | AJ383: 0 | AK383: Hash Fail Count Mean: | AL383: 0 | AM383: 0
A384: non CUDA Time | B384: 3 | C384: 75 | D384: Duration Mean: | E384: 0 | F384: 0 | G384: GPU Time 1 Mean: | H384: 758.48502 | I384: 0.264938 | J384: GPU Time 2 Mean: | K384: 757.75998 | L384: 0.264514 | M384: GPU Time 3 Mean: | N384: 37.033512 | O384: 0.001315 | P384: GPU Time 4 Mean: | Q384: 122.35597 | R384: 0.040364 | S384: GPU Time 5 Mean: | T384: 20.043978 | U384: 0.000438 | V384: GPU Time 6 Mean: | W384: 20.288634 | X384: 0.00125 | Y384: GPU Time 7 Mean: | Z384: 69.349425 | AA384: 0.045816 | AB384: GPU Time 8 Mean: | AC384: 589.22907 | AD384: 0.272434 | AE384: Global Min Mean: | AF384: 0.003164 | AG384: 7e-06 | AH384: Global Max Mean: | AI384: 0.995074 | AJ384: 0 | AK384: Hash Fail Count Mean: | AL384: 0 | AM384: 0
A385: non CUDA Time | B385: 4 | C385: 100 | D385: Duration Mean: | E385: 0 | F385: 0 | G385: GPU Time 1 Mean: | H385: 1011.2279 | I385: 0.528292 | J385: GPU Time 2 Mean: | K385: 1010.2616 | L385: 0.526851 | M385: GPU Time 3 Mean: | N385: 49.38018 | O385: 0.001993 | P385: GPU Time 4 Mean: | Q385: 163.28037 | R385: 0.019835 | S385: GPU Time 5 Mean: | T385: 26.712908 | U385: 0.000492 | V385: GPU Time 6 Mean: | W385: 27.046673 | X385: 0.001453 | Y385: GPU Time 7 Mean: | Z385: 92.645345 | AA385: 0.019999 | AB385: GPU Time 8 Mean: | AC385: 785.36701 | AD385: 0.440902 | AE385: Global Min Mean: | AF385: 0.002538 | AG385: 5e-06 | AH385: Global Max Mean: | AI385: 0.995095 | AJ385: 0 | AK385: Hash Fail Count Mean: | AL385: 0 | AM385: 0
A386: non CUDA Time | B386: 5 | C386: 125 | D386: Duration Mean: | E386: 0 | F386: 0 | G386: GPU Time 1 Mean: | H386: 1264.0114 | I386: 0.716535 | J386: GPU Time 2 Mean: | K386: 1262.804 | L386: 0.715095 | M386: GPU Time 3 Mean: | N386: 61.720699 | O386: 0.003205 | P386: GPU Time 4 Mean: | Q386: 204.26898 | R386: 0.059928 | S386: GPU Time 5 Mean: | T386: 33.381314 | U386: 0.000612 | V386: GPU Time 6 Mean: | W386: 33.808733 | X386: 0.001733 | Y386: GPU Time 7 Mean: | Z386: 116.01103 | AA386: 0.057215 | AB386: GPU Time 8 Mean: | AC386: 981.4853 | AD386: 0.514466 | AE386: Global Min Mean: | AF386: 0.002204 | AG386: 3e-06 | AH386: Global Max Mean: | AI386: 0.995107 | AJ386: 0 | AK386: Hash Fail Count Mean: | AL386: 0 | AM386: 0
A387: non CUDA Time | B387: 6 | C387: 150 | D387: Duration Mean: | E387: 0 | F387: 0 | G387: GPU Time 1 Mean: | H387: 1516.7982 | I387: 1.01322 | J387: GPU Time 2 Mean: | K387: 1515.3503 | L387: 1.01121 | M387: GPU Time 3 Mean: | N387: 74.065132 | O387: 0.004875 | P387: GPU Time 4 Mean: | Q387: 245.27742 | R387: 0.101249 | S387: GPU Time 5 Mean: | T387: 40.055673 | U387: 0.000611 | V387: GPU Time 6 Mean: | W387: 40.577036 | X387: 0.001867 | Y387: GPU Time 7 Mean: | Z387: 139.40484 | AA387: 0.092241 | AB387: GPU Time 8 Mean: | AC387: 1177.5557 | AD387: 0.650383 | AE387: Global Min Mean: | AF387: 0.001764 | AG387: 1e-06 | AH387: Global Max Mean: | AI387: 0.995108 | AJ387: 0 | AK387: Hash Fail Count Mean: | AL387: 0.6 | AM387: 17.64
A388: non CUDA Time | B388: 7 | C388: 175 | D388: Duration Mean: | E388: 0 | F388: 0 | G388: GPU Time 1 Mean: | H388: 1769.563 | I388: 1.20367 | J388: GPU Time 2 Mean: | K388: 1767.8741 | L388: 1.201746 | M388: GPU Time 3 Mean: | N388: 86.406881 | O388: 0.005084 | P388: GPU Time 4 Mean: | Q388: 286.30361 | R388: 0.157913 | S388: GPU Time 5 Mean: | T388: 46.731666 | U388: 0.000804 | V388: GPU Time 6 Mean: | W388: 47.350334 | X388: 0.00236 | Y388: GPU Time 7 Mean: | Z388: 162.80227 | AA388: 0.147961 | AB388: GPU Time 8 Mean: | AC388: 1373.5954 | AD388: 0.730037 | AE388: Global Min Mean: | AF388: 0.001689 | AG388: 1e-06 | AH388: Global Max Mean: | AI388: 0.995109 | AJ388: 0 | AK388: Hash Fail Count Mean: | AL388: 0.6 | AM388: 17.64
A389: non CUDA Time | B389: 8 | C389: 200 | D389: Duration Mean: | E389: 0 | F389: 0 | G389: GPU Time 1 Mean: | H389: 2022.3069 | I389: 1.563745 | J389: GPU Time 2 Mean: | K389: 2020.3768 | L389: 1.561202 | M389: GPU Time 3 Mean: | N389: 98.74511 | O389: 0.007112 | P389: GPU Time 4 Mean: | Q389: 327.30497 | R389: 0.259538 | S389: GPU Time 5 Mean: | T389: 53.406131 | U389: 0.001247 | V389: GPU Time 6 Mean: | W389: 54.1198 | X389: 0.002495 | Y389: GPU Time 7 Mean: | Z389: 186.17798 | AA389: 0.240955 | AB389: GPU Time 8 Mean: | AC389: 1569.6443 | AD389: 0.888926 | AE389: Global Min Mean: | AF389: 0.001573 | AG389: 0 | AH389: Global Max Mean: | AI389: 0.995111 | AJ389: 0 | AK389: Hash Fail Count Mean: | AL389: 0.6 | AM389: 17.64
A390: non CUDA Time | B390: 9 | C390: 225 | D390: Duration Mean: | E390: 0 | F390: 0 | G390: GPU Time 1 Mean: | H390: 2275.0821 | I390: 1.84872 | J390: GPU Time 2 Mean: | K390: 2272.9111 | L390: 1.845487 | M390: GPU Time 3 Mean: | N390: 111.08125 | O390: 0.007722 | P390: GPU Time 4 Mean: | Q390: 368.33305 | R390: 0.301898 | S390: GPU Time 5 Mean: | T390: 60.080644 | U390: 0.001535 | V390: GPU Time 6 Mean: | W390: 60.893183 | X390: 0.002624 | Y390: GPU Time 7 Mean: | Z390: 209.57502 | AA390: 0.285863 | AB390: GPU Time 8 Mean: | AC390: 1765.7009 | AD390: 1.089889 | AE390: Global Min Mean: | AF390: 0.001544 | AG390: 0 | AH390: Global Max Mean: | AI390: 0.995114 | AJ390: 0 | AK390: Hash Fail Count Mean: | AL390: 0.74 | AM390: 18.4324
A391: non CUDA Time | B391: 10 | C391: 250 | D391: Duration Mean: | E391: 0 | F391: 0 | G391: GPU Time 1 Mean: | H391: 2527.8633 | I391: 2.061242 | J391: GPU Time 2 Mean: | K391: 2525.4513 | L391: 2.058606 | M391: GPU Time 3 Mean: | N391: 123.41396 | O391: 0.008275 | P391: GPU Time 4 Mean: | Q391: 409.38251 | R391: 0.308204 | S391: GPU Time 5 Mean: | T391: 66.742935 | U391: 0.001728 | V391: GPU Time 6 Mean: | W391: 67.646143 | X391: 0.002533 | Y391: GPU Time 7 Mean: | Z391: 232.99765 | AA391: 0.291924 | AB391: GPU Time 8 Mean: | AC391: 1961.7466 | AD391: 1.260246 | AE391: Global Min Mean: | AF391: 0.001498 | AG391: 0 | AH391: Global Max Mean: | AI391: 0.995114 | AJ391: 0 | AK391: Hash Fail Count Mean: | AL391: 1.92 | AM391: 84.9136
A392: non CUDA Time | B392: 11 | C392: 275 | D392: Duration Mean: | E392: 0 | F392: 0 | G392: GPU Time 1 Mean: | H392: 2780.6205 | I392: 2.309577 | J392: GPU Time 2 Mean: | K392: 2777.9678 | L392: 2.306657 | M392: GPU Time 3 Mean: | N392: 135.74649 | O392: 0.009113 | P392: GPU Time 4 Mean: | Q392: 450.42228 | R392: 0.335328 | S392: GPU Time 5 Mean: | T392: 73.393948 | U392: 0.002077 | V392: GPU Time 6 Mean: | W392: 74.38467 | X392: 0.002854 | Y392: GPU Time 7 Mean: | Z392: 256.40889 | AA392: 0.302842 | AB392: GPU Time 8 Mean: | AC392: 2157.7816 | AD392: 1.409141 | AE392: Global Min Mean: | AF392: 0.001475 | AG392: 0 | AH392: Global Max Mean: | AI392: 0.995114 | AJ392: 0 | AK392: Hash Fail Count Mean: | AL392: 1.92 | AM392: 84.9136
A393: non CUDA Time | B393: 12 | C393: 300 | D393: Duration Mean: | E393: 0 | F393: 0 | G393: GPU Time 1 Mean: | H393: 3033.4094 | I393: 2.438925 | J393: GPU Time 2 Mean: | K393: 3030.516 | L393: 2.43565 | M393: GPU Time 3 Mean: | N393: 148.08074 | O393: 0.010139 | P393: GPU Time 4 Mean: | Q393: 491.46979 | R393: 0.355388 | S393: GPU Time 5 Mean: | T393: 80.047809 | U393: 0.002509 | V393: GPU Time 6 Mean: | W393: 81.124062 | X393: 0.002686 | Y393: GPU Time 7 Mean: | Z393: 279.80977 | AA393: 0.314557 | AB393: GPU Time 8 Mean: | AC393: 2353.8415 | AD393: 1.57164 | AE393: Global Min Mean: | AF393: 0.001441 | AG393: 0 | AH393: Global Max Mean: | AI393: 0.995114 | AJ393: 0 | AK393: Hash Fail Count Mean: | AL393: 1.92 | AM393: 84.9136
... A781: CUDA opt ant par global | B781: 20 | C781: 500 | D781: Duration Mean: | E781: 0 | F781: 0 | G781: GPU Time 1 Mean: | H781: 585.78612 | I781: 5.305156 | J781: GPU Time 2 Mean: | K781: 274.67111 | L781: 0.031129 | M781: GPU Time 3 Mean: | N781: 0 | O781: 0 | P781: GPU Time 4 Mean: | Q781: 0 | R781: 0 | S781: GPU Time 5 Mean: | T781: 0 | U781: 0 | V781: GPU Time 6 Mean: | W781: 0 | X781: 0 | Y781: GPU Time 7 Mean: | Z781: 0 | AA781: 0 | AB781: GPU Time 8 Mean: | AC781: 0 | AD781: 0 | AE781: Global Min Mean: | AF781: 32767 | AG781: 0 | AH781: Global Max Mean: | AI781: -32767 | AJ781: 0 | AK781: Hash Fail Count Mean: | AL781: 0.2 | AM781: 0.2

Sheet 84p trace
A1: Device 0: Orin | B1: Max thread in blocks: 1024 | C1: Max thread in blocks by axis: (1024, 1024, 64) | D1: Max blocks by axis: (2147483647, 65535, 65535) | E1: PARAMETR_SIZE: 84 | F1: MAX_VALUE_SIZE: 5 | G1: NAME_FILE_GRAPH: Parametr_Graph/test84,txt | H1: ANT_SIZE: 500 | I1: KOL_ITERATION: 500 | J1: KOL_PROGON_STATISTICS: 50 | K1: PARAMETR_Q: 1 | L1: PARAMETR_RO: 0,999 | M1: HASH_TABLE_SIZE: 10000000 | N1: MAX_PROBES: 10000 | O1: TYPE_ACO: 1 | P1: ACOCCyN_KOL_ITERATION: 50 | Q1: PRINT_INFORMATION: false
A2: Time CUDA Time: | B2: 1448.28 | C2: 1422.47 | D2: 1384.85 | E2: 1368.06 | F2: 512.658 | G2: 0 | H2: 512.658 | I2: 1 | J2: 1 | K2: 0
A3: Time CUDA Time: | B3: 1421.04 | C3: 1403.23 | D3: 1366.64 | E3: 1350.24 | F3: 506.534 | G3: 0 | H3: 506.534 | I3: 1 | J3: 1 | K3: 0
A4: Time CUDA Time: | B4: 1420.42 | C4: 1402.29 | D4: 1366.12 | E4: 1349.77 | F4: 505.027 | G4: 0 | H4: 505.027 | I4: 1 | J4: 1 | K4: 0
A5: Time CUDA Time: | B5: 1424.2 | C5: 1406.42 | D5: 1370.38 | E5: 1354.06 | F5: 509.494 | G5: 0 | H5: 509.494 | I5: 1 | J5: 1 | K5: 0
A6: Time CUDA Time: | B6: 1424.54 | C6: 1406.5 | D6: 1370.19 | E6: 1353.85 | F6: 508.99 | G6: 0 | H6: 508.99 | I6: 1 | J6: 1 | K6: 0
A7: Time CUDA Time: | B7: 1419.93 | C7: 1402.62 | D7: 1366.75 | E7: 1350.44 | F7: 506.407 | G7: 0 | H7: 506.407 | I7: 1 | J7: 1 | K7: 0
A8: Time CUDA Time: | B8: 1421.59 | C8: 1404 | D8: 1368 | E8: 1351.7 | F8: 506.919 | G8: 0 | H8: 506.919 | I8: 1 | J8: 1 | K8: 0
A9: Time CUDA Time: | B9: 1418.26 | C9: 1401 | D9: 1365.12 | E9: 1348.84 | F9: 503.827 | G9: 0 | H9: 503.827 | I9: 1 | J9: 1 | K9: 0
A10: Time CUDA Time: | B10: 1419.94 | C10: 1402.33 | D10: 1366.44 | E10: 1350.14 | F10: 505.39 | G10: 0 | H10: 505.39 | I10: 1 | J10: 1 | K10: 0
A11: Time CUDA Time: | B11: 1420.84 | C11: 1403.09 | D11: 1367.28 | E11: 1350.99 | F11: 505.931 | G11: 0 | H11: 505.931 | I11: 1 | J11: 1 | K11: 0
A12: Time CUDA Time: | B12: 1420.06 | C12: 1401.71 | D12: 1365.89 | E12: 1349.59 | F12: 504.467 | G12: 0 | H12: 504.467 | I12: 1 | J12: 1 | K12: 0
A13: Time CUDA Time: | B13: 1421.68 | C13: 1404.41 | D13: 1368.82 | E13: 1352.52 | F13: 507.399 | G13: 0 | H13: 507.399 | I13: 1 | J13: 1 | K13: 0
... A54: Time CUDA Time: | B54: 1422.33 | C54: 1404.82 | D54: 1368.83 | E54: 1352.52 | F54: 507.054 | G54: 0 | H54: 507.054 | I54: 1 | J54: 1 | K54: 0
A55: Time CUDA Time: | B55: 1423.18 | C55: 1406.04 | D55: 1370.28 | E55: 1354 | F55: 508.167 | G55: 0 | H55: 508.167 | I55: 1 | J55: 1 | K55: 0 | R55: МО | U55: дисп | X55: CI
A56: Time CUDA Time: | B56: 1423.73 | C56: 1406.44 | D56: 1370.62 | E56: 1354.35 | F56: 508.818 | G56: 0 | H56: 508.818 | I56: 1 | J56: 1 | K56: 0 | R56: =AVERAGE(B7:B56) -> 1421.966 | S56: =AVERAGE(C7:C56) -> 1404.4614 | U56: =_xlfn.VAR.P(B7:B56) -> 2.944012 | V56: =_xlfn.VAR.P(C7:C56) -> 3.205576 | X56: =1.96*SQRT(U56)/50 -> 0.067259844 | Y56: =1.96*SQRT(V56)/50 -> 0.07018416
A57: Time CUDA time: | B57: 71105.667 | C57: sec
A58: Time CUDA: | B58: 1500.87 | C58: 0 | D58: 0 | E58: 0 | F58: 0 | G58: 0 | H58: 0 | I58: 1 | J58: 1 | K58: 1
A59: Time CUDA: | B59: 1504.04 | C59: 0 | D59: 0 | E59: 0 | F59: 0 | G59: 0 | H59: 0 | I59: 1 | J59: 1 | K59: 33
A60: Time CUDA: | B60: 1504.68 | C60: 0 | D60: 0 | E60: 0 | F60: 0 | G60: 0 | H60: 0 | I60: 1 | J60: 1 | K60: 113
A61: Time CUDA: | B61: 1494.31 | C61: 0 | D61: 0 | E61: 0 | F61: 0 | G61: 0 | H61: 0 | I61: 1 | J61: 1 | K61: 0
A62: Time CUDA: | B62: 1477.36 | C62: 0 | D62: 0 | E62: 0 | F62: 0 | G62: 0 | H62: 0 | I62: 1 | J62: 1 | K62: 0
A63: Time CUDA: | B63: 1499.98 | C63: 0 | D63: 0 | E63: 0 | F63: 0 | G63: 0 | H63: 0 | I63: 1 | J63: 1 | K63: 1
A64: Time CUDA: | B64: 1512.44 | C64: 0 | D64: 0 | E64: 0 | F64: 0 | G64: 0 | H64: 0 | I64: 1 | J64: 1 | K64: 1
A65: Time CUDA: | B65: 1496.75 | C65: 0 | D65: 0 | E65: 0 | F65: 0 | G65: 0 | H65: 0 | I65: 1 | J65: 1 | K65: 0
A66: Time CUDA: | B66: 1504.4 | C66: 0 | D66: 0 | E66: 0 | F66: 0 | G66: 0 | H66: 0 | I66: 1 | J66: 1 | K66: 1
A67: Time CUDA: | B67: 1502.32 | C67: 0 | D67: 0 | E67: 0 | F67: 0 | G67: 0 | H67: 0 | I67: 1 | J67: 1 | K67: 1
A68: Time CUDA: | B68: 1501.11 | C68: 0 | D68: 0 | E68: 0 | F68: 0 | G68: 0 | H68: 0 | I68: 1 | J68: 1 | K68: 1
A69: Time CUDA: | B69: 1490.52 | C69: 0 | D69: 0 | E69: 0 | F69: 0 | G69: 0 | H69: 0 | I69: 1 | J69: 1 | K69: 0
... A110: Time CUDA: | B110: 1479.2 | C110: 0 | D110: 0 | E110: 0 | F110: 0 | G110: 0 | H110: 0 | I110: 1 | J110: 1 | K110: 0
A111: Time CUDA: | B111: 1520.05 | C111: 0 | D111: 0 | E111: 0 | F111: 0 | G111: 0 | H111: 0 | I111: 1 | J111: 1 | K111: 70 | R111: МО | U111: дисп | X111: CI
A112: Time CUDA: | B112: 1458.14 | C112: 0 | D112: 0 | E112: 0 | F112: 0 | G112: 0 | H112: 0 | I112: 1 | J112: 1 | K112: 0 | R112: =AVERAGE(B63:B112) -> 1495.8484 | S112: =AVERAGE(C63:C112) -> 0 | U112: =_xlfn.VAR.P(B63:B112) -> 158.95253 | V112: =_xlfn.VAR.P(C63:C112) -> 0 | X112: =1.96*SQRT(U112)/50 -> 0.49421939 | Y112: =1.96*SQRT(V112)/50 -> 0
A113: Time CUDA: | B113: 74802.657 | C113: sec
A114: Time CUDA non hash: | B114: 4437.21 | C114: 4435.23 | D114: 4393.46 | E114: 4374.88 | F114: 563.231 | G114: 1 | H114: 1 | I114: 0
A115: Time CUDA non hash: | B115: 5406.99 | C115: 5405.1 | D115: 5269.41 | E115: 5239.14 | F115: 1002.71 | G115: 1 | H115: 1 | I115: 0
A116: Time CUDA non hash: | B116: 5401.8 | C116: 5399.92 | D116: 5272.53 | E116: 5242.28 | F116: 1005.76 | G116: 1 | H116: 1 | I116: 0
A117: Time CUDA non hash: | B117: 5391.67 | C117: 5389.78 | D117: 5283.96 | E117: 5253.62 | F117: 1008.4 | G117: 1 | H117: 1 | I117: 0
A118: Time CUDA non hash: | B118: 5398.74 | C118: 5396.87 | D118: 5270.44 | E118: 5240.13 | F118: 1001.44 | G118: 1 | H118: 1 | I118: 0
A119: Time CUDA non hash: | B119: 5392.81 | C119: 5390.8 | D119: 5291.63 | E119: 5261.33 | F119: 1015.53 | G119: 1 | H119: 1 | I119: 0
A120: Time CUDA non hash: | B120: 5401.25 | C120: 5398.81 | D120: 5278.15 | E120: 5247.91 | F120: 1010.7 | G120: 1 | H120: 1 | I120: 0
A121: Time CUDA non hash: | B121: 5394.18 | C121: 5392.29 | D121: 5272.68 | E121: 5242.39 | F121: 1003.71 | G121: 1 | H121: 1 | I121: 0
A122: Time CUDA non hash: | B122: 5399.69 | C122: 5397.78 | D122: 5279.66 | E122: 5249.36 | F122: 1008.91 | G122: 1 | H122: 1 | I122: 0
A123: Time CUDA non hash: | B123: 5398.95 | C123: 5397.06 | D123: 5270.91 | E123: 5240.6 | F123: 999.935 | G123: 1 | H123: 1 | I123: 0
A124: Time CUDA non hash: | B124: 5408.49 | C124: 5405.84 | D124: 5278.25 | E124: 5247.96 | F124: 1011.52 | G124: 1 | H124: 1 | I124: 0
A125: Time CUDA non hash: | B125: 5398.72 | C125: 5396.8 | D125: 5278.96 | E125: 5248.68 | F125: 1012.69 | G125: 1 | H125: 1 | I125: 0
... A166: Time CUDA non hash: | B166: 5404.1 | C166: 5402.28 | D166: 5259.52 | E166: 5229.28 | F166: 997.917 | G166: 1 | H166: 1 | I166: 0
A167: Time CUDA non hash: | B167: 5379.36 | C167: 5377.51 | D167: 5272.64 | E167: 5242.36 | F167: 1000.34 | G167: 1 | H167: 1 | I167: 0 | R167: МО | U167: дисп | X167: CI
A168: Time CUDA non hash: | B168: 5388.38 | C168: 5386.29 | D168: 5279.86 | E168: 5249.55 | F168: 1005.44 | G168: 1 | H168: 1 | I168: 0 | R168: =AVERAGE(B119:B168) -> 5397.5522 | S168: =AVERAGE(C119:C168) -> 5395.613 | U168: =_xlfn.VAR.P(B119:B168) -> 154.24875 | V168: =_xlfn.VAR.P(C119:C168) -> 154.24966 | X168: =1.96*SQRT(U168)/50 -> 0.48685193 | Y168: =1.96*SQRT(V168)/50 -> 0.48685336
A169: Time CUDA non hash: | B169: 269886.29 | C169: sec
A170: Time CUDA ant: | B170: 885.798 | C170: 862.895 | D170: 825.987 | E170: 795.567 | F170: 541.27 | G170: 0.00123783 | H170: 0.995116 | I170: 0
A171: Time CUDA ant: | B171: 850.252 | C171: 832.066 | D171: 796.591 | E171: 767.282 | F171: 521.556 | G171: 0.00123131 | H171: 0.995116 | I171: 0
A172: Time CUDA ant: | B172: 849.594 | C172: 832.084 | D172: 796.441 | E172: 767.138 | F172: 521.225 | G172: 0.00129493 | H172: 0.995116 | I172: 0
A173: Time CUDA ant: | B173: 854.467 | C173: 837.166 | D173: 796.668 | E173: 767.296 | F173: 521.82 | G173: 0.00123521 | H173: 0.995116 | I173: 0
A174: Time CUDA ant: | B174: 849.452 | C174: 831.993 | D174: 796.48 | E174: 767.168 | F174: 521.609 | G174: 0.00125762 | H174: 0.995115 | I174: 1
A175: Time CUDA ant: | B175: 849.584 | C175: 832.304 | D175: 796.832 | E175: 767.514 | F175: 521.709 | G175: 0.00124423 | H175: 0.995116 | I175: 0
A176: Time CUDA ant: | B176: 849.757 | C176: 832.342 | D176: 796.972 | E176: 767.663 | F176: 521.925 | G176: 0.00123016 | H176: 0.995116 | I176: 0
A177: Time CUDA ant: | B177: 850.056 | C177: 832.611 | D177: 797.086 | E177: 767.768 | F177: 522.143 | G177: 0.00141845 | H177: 0.995116 | I177: 2
A178: Time CUDA ant: | B178: 850.331 | C178: 832.896 | D178: 797.278 | E178: 767.951 | F178: 521.899 | G178: 0.00134766 | H178: 0.995116 | I178: 0
A179: Time CUDA ant: | B179: 849.516 | C179: 832.247 | D179: 796.759 | E179: 767.447 | F179: 521.639 | G179: 0.00123019 | H179: 0.995116 | I179: 1
A180: Time CUDA ant: | B180: 849.118 | C180: 831.761 | D180: 796.177 | E180: 766.816 | F180: 521.557 | G180: 0.00129156 | H180: 0.995116 | I180: 2
A181: Time CUDA ant: | B181: 848.855 | C181: 831.496 | D181: 796 | E181: 766.696 | F181: 521.44 | G181: 0.00130932 | H181: 0.995112 | I181: 0
... A222: Time CUDA ant: | B222: 849.473 | C222: 832.093 | D222: 796.894 | E222: 767.617 | F222: 521.708 | G222: 0.00126869 | H222: 0.995116 | I222: 0
A223: Time CUDA ant: | B223: 849.416 | C223: 831.768 | D223: 796.564 | E223: 767.26 | F223: 521.5 | G223: 0.00125849 | H223: 0.995115 | I223: 0 | R223: МО | U223: дисп | X223: CI
A224: Time CUDA ant: | B224: 849.455 | C224: 831.518 | D224: 796.279 | E224: 766.972 | F224: 521.581 | G224: 0.00123045 | H224: 0.995115 | I224: 0 | R224: =AVERAGE(B175:B224) -> 849.75326 | S224: =AVERAGE(C175:C224) -> 832.1919 | U224: =_xlfn.VAR.P(B175:B224) -> 0.48193567 | V224: =_xlfn.VAR.P(C175:C224) -> 0.23759845 | X224: =1.96*SQRT(U224)/50 -> 0.027213262 | Y224: =1.96*SQRT(V224)/50 -> 0.019107676
A225: Time CUDA ant: | B225: 42494.656 | C225: sec
A226: Time CUDA ant par: | B226: 634.491 | C226: 616.211 | D226: 580.951 | E226: 565.059 | F226: 319.325 | G226: 0.00123654 | H226: 0.995116 | I226: 0
A227: Time CUDA ant par: | B227: 634.04 | C227: 616.288 | D227: 581.285 | E227: 565.407 | F227: 319.636 | G227: 0.00124737 | H227: 0.995116 | I227: 0
A228: Time CUDA ant par: | B228: 632.651 | C228: 615.393 | D228: 580.272 | E228: 564.356 | F228: 318.997 | G228: 0.00123604 | H228: 0.995116 | I228: 0
A229: Time CUDA ant par: | B229: 634.112 | C229: 616.131 | D229: 580.651 | E229: 564.743 | F229: 319.339 | G229: 0.00123009 | H229: 0.995116 | I229: 0
A230: Time CUDA ant par: | B230: 633.711 | C230: 616.352 | D230: 581.198 | E230: 565.297 | F230: 319.728 | G230: 0.00131259 | H230: 0.995116 | I230: 0
A231: Time CUDA ant par: | B231: 633.341 | C231: 615.641 | D231: 580.39 | E231: 564.454 | F231: 318.866 | G231: 0.00123047 | H231: 0.995116 | I231: 2
A232: Time CUDA ant par: | B232: 633.718 | C232: 616.431 | D232: 581.183 | E232: 565.265 | F232: 318.992 | G232: 0.00123047 | H232: 0.995116 | I232: 1
A233: Time CUDA ant par: | B233: 633.785 | C233: 615.929 | D233: 580.714 | E233: 564.807 | F233: 319.098 | G233: 0.00123137 | H233: 0.995116 | I233: 0
A234: Time CUDA ant par: | B234: 635.16 | C234: 616.982 | D234: 581.672 | E234: 565.759 | F234: 319.756 | G234: 0.00123252 | H234: 0.995115 | I234: 0
A235: Time CUDA ant par: | B235: 634.733 | C235: 616.919 | D235: 581.422 | E235: 565.508 | F235: 319.684 | G235: 0.00123126 | H235: 0.995112 | I235: 2
A236: Time CUDA ant par: | B236: 634.005 | C236: 616.673 | D236: 581.516 | E236: 565.606 | F236: 319.6 | G236: 0.00123315 | H236: 0.995114 | I236: 0
A237: Time CUDA ant par: | B237: 633.05 | C237: 615.676 | D237: 580.326 | E237: 564.421 | F237: 318.932 | G237: 0.00123488 | H237: 0.995116 | I237: 0
... A278: Time CUDA ant par: | B278: 633.5 | C278: 616.157 | D278: 580.788 | E278: 564.884 | F278: 319.084 | G278: 0.00123026 | H278: 0.995116 | I278: 1
A279: Time CUDA ant par: | B279: 633.187 | C279: 615.754 | D279: 580.581 | E279: 564.673 | F279: 318.74 | G279: 0.00124225 | H279: 0.995116 | I279: 0 | R279: МО | U279: дисп | X279: CI
A280: Time CUDA ant par: | B280: 634.994 | C280: 616.708 | D280: 581.508 | E280: 565.59 | F280: 319.188 | G280: 0.00130577 | H280: 0.995116 | I280: 0 | R280: =AVERAGE(B231:B280) -> 633.93616 | S280: =AVERAGE(C231:C280) -> 616.37872 | U280: =_xlfn.VAR.P(B231:B280) -> 0.26542129 | V280: =_xlfn.VAR.P(C231:C280) -> 0.20595288 | X280: =1.96*SQRT(U280)/50 -> 0.020195469 | Y280: =1.96*SQRT(V280)/50 -> 0.017789756
A281: Time CUDA ant par: | B281: 31711.669 | C281: sec
A282: Time CUDA ant non hash: | B282: 793.009 | C282: 775.647 | D282: 740.087 | E282: 710.729 | F282: 521.39 | G282: 0.00123516 | H282: 0.995115 | I282: 0
A283: Time CUDA ant non hash: | B283: 793.646 | C283: 776.235 | D283: 740.879 | E283: 711.538 | F283: 521.975 | G283: 0.00126346 | H283: 0.995116 | I283: 0
A284: Time CUDA ant non hash: | B284: 793.571 | C284: 776.174 | D284: 740.622 | E284: 711.319 | F284: 521.821 | G284: 0.00123212 | H284: 0.995116 | I284: 0
A285: Time CUDA ant non hash: | B285: 793.579 | C285: 776.239 | D285: 740.866 | E285: 711.52 | F285: 522.015 | G285: 0.00124124 | H285: 0.995116 | I285: 0
A286: Time CUDA ant non hash: | B286: 793.297 | C286: 775.84 | D286: 740.346 | E286: 711.019 | F286: 521.625 | G286: 0.00130067 | H286: 0.995116 | I286: 0
A287: Time CUDA ant non hash: | B287: 792.996 | C287: 775.688 | D287: 740.229 | E287: 710.956 | F287: 521.628 | G287: 0.00124165 | H287: 0.995115 | I287: 0
A288: Time CUDA ant non hash: | B288: 793.131 | C288: 775.692 | D288: 740.135 | E288: 710.86 | F288: 521.494 | G288: 0.00125514 | H288: 0.995114 | I288: 0
A289: Time CUDA ant non hash: | B289: 793.151 | C289: 775.78 | D289: 740.645 | E289: 711.37 | F289: 521.871 | G289: 0.00123257 | H289: 0.995115 | I289: 0
A290: Time CUDA ant non hash: | B290: 793.646 | C290: 775.778 | D290: 740.303 | E290: 711.004 | F290: 521.615 | G290: 0.00124985 | H290: 0.995116 | I290: 0
A291: Time CUDA ant non hash: | B291: 793.77 | C291: 775.973 | D291: 740.51 | E291: 711.193 | F291: 521.72 | G291: 0.00127774 | H291: 0.995115 | I291: 0
A292: Time CUDA ant non hash: | B292: 793.614 | C292: 775.804 | D292: 740.374 | E292: 711.079 | F292: 521.7 | G292: 0.00123118 | H292: 0.995106 | I292: 0
A293: Time CUDA ant non hash: | B293: 793.002 | C293: 775.77 | D293: 740.431 | E293: 711.102 | F293: 521.698 | G293: 0.00123014 | H293: 0.995115 | I293: 0
... A334: Time CUDA ant non hash: | B334: 793.554 | C334: 775.756 | D334: 740.282 | E334: 710.957 | F334: 521.538 | G334: 0.00124209 | H334: 0.995116 | I334: 0
A335: Time CUDA ant non hash: | B335: 793.458 | C335: 775.646 | D335: 740.133 | E335: 710.848 | F335: 521.506 | G335: 0.00123156 | H335: 0.995116 | I335: 0 | R335: МО | U335: дисп | X335: CI
A336: Time CUDA ant non hash: | B336: 793.698 | C336: 775.876 | D336: 740.174 | E336: 710.826 | F336: 521.443 | G336: 0.00123006 | H336: 0.995116 | I336: 0 | R336: =AVERAGE(B287:B336) -> 793.3671 | S336: =AVERAGE(C287:C336) -> 775.8259 | U336: =_xlfn.VAR.P(B287:B336) -> 0.09793909 | V336: =_xlfn.VAR.P(C287:C336) -> 0.06487965 | X336: =1.96*SQRT(U336)/50 -> 0.012267727 | Y336: =1.96*SQRT(V336)/50 -> 0.0099848217
A337: Time CUDA ant non hash: | B337: 39675.361 | C337: sec
A338: Time CUDA ant add CPU Time: | B338: 869.89 | C338: 852.531 | D338: 585.619 | E338: 580.981 | F338: 245.37 | G338: 0.00127913 | H338: 0.995116 | I338: 26
A339: Time CUDA ant add CPU Time: | B339: 869.621 | C339: 852.06 | D339: 584.853 | E339: 580.225 | F339: 245.281 | G339: 0.00123323 | H339: 0.995115 | I339: 28
A340: Time CUDA ant add CPU Time: | B340: 870.275 | C340: 852.795 | D340: 585.804 | E340: 581.15 | F340: 245.305 | G340: 0.00127362 | H340: 0.995116 | I340: 25
...

Sheet 84 end
D2: T_start | E2: T_Delt | F2: T1 | G2: T2 | H2: T3
A3: 1 | C3: =OFFSET('84p stat'!$A$1,A3*20,0) -> CUDA Time | D3: =OFFSET('84p trace'!$R$56,(A3-1)*56,0)-OFFSET('84p trace'!$S$56,(A3-1)*56,0) -> 17.5046 | E3: =OFFSET('84p trace'!$S$56,(A3-1)*56,0)-OFFSET('84p stat'!$H$1,A3*20,0) -> 35.844173 | F3: =OFFSET('84p stat'!$H$1,A3*20,0)-OFFSET('84p stat'!$K$1,A3*20,0) -> 16.306123 | G3: =OFFSET('84p stat'!$K$1,A3*20,0)-OFFSET('84p stat'!$N$1,A3*20,0) -> 845.27679 | H3: =OFFSET('84p stat'!$N$1,A3*20,0) -> 507.03431
A4: 1 | C4: =OFFSET('84p stat'!$A$1,A4*20,0) -> CUDA Time | D4: =OFFSET('84p trace'!$U$56,(A4-1)*56,0) -> 2.944012 | E4: =OFFSET('84p trace'!$V$56,(A4-1)*56,0) -> 3.205576 | F4: =OFFSET('84p stat'!$H$1,A4*20,1) -> 3.144374 | G4: =OFFSET('84p stat'!$K$1,A4*20,1) -> 3.139949 | H4: =OFFSET('84p stat'!$N$1,A4*20,1) -> 2.490972
A5: 2 | C5: =OFFSET('84p stat'!$A$1,A5*20,0) -> CUDA | D5: =OFFSET('84p trace'!$R$56,(A5-1)*56,0)-OFFSET('84p trace'!$S$56,(A5-1)*56,0) -> 1495.8484 | E5: =OFFSET('84p trace'!$S$56,(A5-1)*56,0)-OFFSET('84p stat'!$H$1,A5*20,0) -> 0 | F5: =OFFSET('84p stat'!$H$1,A5*20,0)-OFFSET('84p stat'!$K$1,A5*20,0) -> 0 | G5: =OFFSET('84p stat'!$K$1,A5*20,0)-OFFSET('84p stat'!$N$1,A5*20,0) -> 0 | H5: =OFFSET('84p stat'!$N$1,A5*20,0) -> 0
A6: 2 | C6: =OFFSET('84p stat'!$A$1,A6*20,0) -> CUDA | D6: =OFFSET('84p trace'!$U$56,(A6-1)*56,0) -> 158.95253 | E6: =OFFSET('84p trace'!$V$56,(A6-1)*56,0) -> 0 | F6: =OFFSET('84p stat'!$H$1,A6*20,1) -> 0 | G6: =OFFSET('84p stat'!$K$1,A6*20,1) -> 0 | H6: =OFFSET('84p stat'!$N$1,A6*20,1) -> 0
A7: 3 | C7: =OFFSET('84p stat'!$A$1,A7*20,0) -> CUDA non hash | D7: =OFFSET('84p trace'!$R$56,(A7-1)*56,0)-OFFSET('84p trace'!$S$56,(A7-1)*56,0) -> 1.9392 | E7: =OFFSET('84p trace'!$S$56,(A7-1)*56,0)-OFFSET('84p stat'!$H$1,A7*20,0) -> 122.54289 | F7: =OFFSET('84p stat'!$H$1,A7*20,0)-OFFSET('84p stat'!$K$1,A7*20,0) -> 30.261103 | G7: =OFFSET('84p stat'!$K$1,A7*20,0)-OFFSET('84p stat'!$N$1,A7*20,0) -> 4235.9907 | H7: =OFFSET('84p stat'!$N$1,A7*20,0) -> 1006.8183
A8: 3 | C8: =OFFSET('84p stat'!$A$1,A8*20,0) -> CUDA non hash | D8: =OFFSET('84p trace'!$U$56,(A8-1)*56,0) -> 154.24875 | E8: =OFFSET('84p trace'!$V$56,(A8-1)*56,0) -> 154.24966 | F8: =OFFSET('84p stat'!$H$1,A8*20,1) -> 72.719298 | G8: =OFFSET('84p stat'!$K$1,A8*20,1) -> 72.254369 | H8: =OFFSET('84p stat'!$N$1,A8*20,1) -> 43.380544
A9: 4 | C9: =OFFSET('84p stat'!$A$1,A9*20,0) -> CUDA ant | D9: =OFFSET('84p trace'!$R$56,(A9-1)*56,0)-OFFSET('84p trace'!$S$56,(A9-1)*56,0) -> 17.56136 | E9: =OFFSET('84p trace'!$S$56,(A9-1)*56,0)-OFFSET('84p stat'!$H$1,A9*20,0) -> 35.444599 | F9: =OFFSET('84p stat'!$H$1,A9*20,0)-OFFSET('84p stat'!$K$1,A9*20,0) -> 29.318784 | G9: =OFFSET('84p stat'!$K$1,A9*20,0)-OFFSET('84p stat'!$N$1,A9*20,0) -> 245.69031 | H9: =OFFSET('84p stat'!$N$1,A9*20,0) -> 521.7382
A10: 4 | C10: =OFFSET('84p stat'!$A$1,A10*20,0) -> CUDA ant | D10: =OFFSET('84p trace'!$U$56,(A10-1)*56,0) -> 0.48193567 | E10: =OFFSET('84p trace'!$V$56,(A10-1)*56,0) -> 0.23759845 | F10: =OFFSET('84p stat'!$H$1,A10*20,1) -> 0.163808 | G10: =OFFSET('84p stat'!$K$1,A10*20,1) -> 0.158616 | H10: =OFFSET('84p stat'!$N$1,A10*20,1) -> 0.074478
A11: 5 | C11: =OFFSET('84p stat'!$A$1,A11*20,0) -> CUDA ant par | D11: =OFFSET('84p trace'!$R$56,(A11-1)*56,0)-OFFSET('84p trace'!$S$56,(A11-1)*56,0) -> 17.55744 | E11: =OFFSET('84p trace'!$S$56,(A11-1)*56,0)-OFFSET('84p stat'!$H$1,A11*20,0) -> 35.289863 | F11: =OFFSET('84p stat'!$H$1,A11*20,0)-OFFSET('84p stat'!$K$1,A11*20,0) -> 15.907938 | G11: =OFFSET('84p stat'!$K$1,A11*20,0)-OFFSET('84p stat'!$N$1,A11*20,0) -> 245.8324 | H11: =OFFSET('84p stat'!$N$1,A11*20,0) -> 319.34852
A12: 5 | C12: =OFFSET('84p stat'!$A$1,A12*20,0) -> CUDA ant par | D12: =OFFSET('84p trace'!$U$56,(A12-1)*56,0) -> 0.26542129 | E12: =OFFSET('84p trace'!$V$56,(A12-1)*56,0) -> 0.20595288 | F12: =OFFSET('84p stat'!$H$1,A12*20,1) -> 0.207092 | G12: =OFFSET('84p stat'!$K$1,A12*20,1) -> 0.205549 | H12: =OFFSET('84p stat'!$N$1,A12*20,1) -> 0.085906
A13: 6 | C13: =OFFSET('84p stat'!$A$1,A13*20,0) -> CUDA ant non hash | D13: =OFFSET('84p trace'!$R$56,(A13-1)*56,0)-OFFSET('84p trace'!$S$56,(A13-1)*56,0) -> 17.5412 | E13: =OFFSET('84p trace'!$S$56,(A13-1)*56,0)-OFFSET('84p stat'!$H$1,A13*20,0) -> 35.485357 | F13: =OFFSET('84p stat'!$H$1,A13*20,0)-OFFSET('84p stat'!$K$1,A13*20,0) -> 29.321738 | G13: =OFFSET('84p stat'!$K$1,A13*20,0)-OFFSET('84p stat'!$N$1,A13*20,0) -> 189.40393 | H13: =OFFSET('84p stat'!$N$1,A13*20,0) -> 521.61487
A14: 6 | C14: =OFFSET('84p stat'!$A$1,A14*20,0) -> CUDA ant non hash | D14: =OFFSET('84p trace'!$U$56,(A14-1)*56,0) -> 0.09793909 | E14: =OFFSET('84p trace'!$V$56,(A14-1)*56,0) -> 0.06487965 | F14: =OFFSET('84p stat'!$H$1,A14*20,1) -> 0.060972 | G14: =OFFSET('84p stat'!$K$1,A14*20,1) -> 0.055547 | H14: =OFFSET('84p stat'!$N$1,A14*20,1) -> 0.031265
A15: 7 | C15: =OFFSET('84p stat'!$A$1,A15*20,0) -> CUDA ant add CPU Time | D15: =OFFSET('84p trace'!$R$56,(A15-1)*56,0)-OFFSET('84p trace'!$S$56,(A15-1)*56,0) -> 17.4944 | E15: =OFFSET('84p trace'!$S$56,(A15-1)*56,0)-OFFSET('84p stat'!$H$1,A15*20,0) -> 266.94593 | F15: =OFFSET('84p stat'!$H$1,A15*20,0)-OFFSET('84p stat'!$K$1,A15*20,0) -> 4.649108 | G15: =OFFSET('84p stat'!$K$1,A15*20,0)-OFFSET('84p stat'!$N$1,A15*20,0) -> 334.96342 | H15: =OFFSET('84p stat'!$N$1,A15*20,0) -> 245.2706
A16: 7 | C16: =OFFSET('84p stat'!$A$1,A16*20,0) -> CUDA ant add CPU Time | D16: =OFFSET('84p trace'!$U$56,(A16-1)*56,0) -> 0.55082421 | E16: =OFFSET('84p trace'!$V$56,(A16-1)*56,0) -> 0.54460814 | F16: =OFFSET('84p stat'!$H$1,A16*20,1) -> 0.224168 | G16: =OFFSET('84p stat'!$K$1,A16*20,1) -> 0.226845 | H16: =OFFSET('84p stat'!$N$1,A16*20,1) -> 0.006276
A17: 8 | C17: =OFFSET('84p stat'!$A$1,A17*20,0) -> CUDA ant add CPU | D17: =OFFSET('84p trace'!$R$56,(A17-1)*56,0)-OFFSET('84p trace'!$S$56,(A17-1)*56,0) -> 878.05144 | E17: =OFFSET('84p trace'!$S$56,(A17-1)*56,0)-OFFSET('84p stat'!$H$1,A17*20,0) -> 0 | F17: =OFFSET('84p stat'!$H$1,A17*20,0)-OFFSET('84p stat'!$K$1,A17*20,0) -> 0 | G17: =OFFSET('84p stat'!$K$1,A17*20,0)-OFFSET('84p stat'!$N$1,A17*20,0) -> 0 | H17: =OFFSET('84p stat'!$N$1,A17*20,0) -> 0
A18: 8 | C18: =OFFSET('84p stat'!$A$1,A18*20,0) -> CUDA ant add CPU | D18: =OFFSET('84p trace'!$U$56,(A18-1)*56,0) -> 6.5293599 | E18: =OFFSET('84p trace'!$V$56,(A18-1)*56,0) -> 0 | F18: =OFFSET('84p stat'!$H$1,A18*20,1) -> 0 | G18: =OFFSET('84p stat'!$K$1,A18*20,1) -> 0 | H18: =OFFSET('84p stat'!$N$1,A18*20,1) -> 0
A19: 9 | C19: =OFFSET('84p stat'!$A$1,A19*20,0) -> CUDA ant add CPU non hash | D19: =OFFSET('84p trace'!$R$56,(A19-1)*56,0)-OFFSET('84p trace'!$S$56,(A19-1)*56,0) -> 18.44118 | E19: =OFFSET('84p trace'!$S$56,(A19-1)*56,0)-OFFSET('84p stat'!$H$1,A19*20,0) -> 292.43206 | F19: =OFFSET('84p stat'!$H$1,A19*20,0)-OFFSET('84p stat'!$K$1,A19*20,0) -> 4.466871 | G19: =OFFSET('84p stat'!$K$1,A19*20,0)-OFFSET('84p stat'!$N$1,A19*20,0) -> 317.21413 | H19: =OFFSET('84p stat'!$N$1,A19*20,0) -> 245.63201
A20: 9 | C20: =OFFSET('84p stat'!$A$1,A20*20,0) -> CUDA ant add CPU non hash | D20: =OFFSET('84p trace'!$U$56,(A20-1)*56,0) -> 280.26348 | E20: =OFFSET('84p trace'!$V$56,(A20-1)*56,0) -> 274.7859 | F20: =OFFSET('84p stat'!$H$1,A20*20,1) -> 102.24133 | G20: =OFFSET('84p stat'!$K$1,A20*20,1) -> 102.32136 | H20: =OFFSET('84p stat'!$N$1,A20*20,1) -> 0.07556
A21: 10 | C21: =OFFSET('84p stat'!$A$1,A21*20,0) -> CUDA ant add CPU12 | D21: =OFFSET('84p trace'!$R$56,(A21-1)*56,0)-OFFSET('84p trace'!$S$56,(A21-1)*56,0) -> 51.449 | E21: =OFFSET('84p trace'!$S$56,(A21-1)*56,0)-OFFSET('84p stat'!$H$1,A21*20,0) -> 9.440719 | F21: =OFFSET('84p stat'!$H$1,A21*20,0)-OFFSET('84p stat'!$K$1,A21*20,0) -> 29.834063 | G21: =OFFSET('84p stat'!$K$1,A21*20,0)-OFFSET('84p stat'!$N$1,A21*20,0) -> 4942.6169 | H21: =OFFSET('84p stat'!$N$1,A21*20,0) -> 636.03689
A22: 10 | C22: =OFFSET('84p stat'!$A$1,A22*20,0) -> CUDA ant add CPU12 | D22: =OFFSET('84p trace'!$U$56,(A22-1)*56,0) -> 247.21821 | E22: =OFFSET('84p trace'!$V$56,(A22-1)*56,0) -> 247.56654 | F22: =OFFSET('84p stat'!$H$1,A22*20,1) -> 247.6915 | G22: =OFFSET('84p stat'!$K$1,A22*20,1) -> 247.67834 | H22: =OFFSET('84p stat'!$N$1,A22*20,1) -> 0.110302
A23: 11 | C23: =OFFSET('84p stat'!$A$1,A23*20,0) -> CUDA opt | D23: =OFFSET('84p trace'!$R$56,(A23-1)*56,0)-OFFSET('84p trace'!$S$56,(A23-1)*56,0) -> 1482.3442 | E23: =OFFSET('84p trace'!$S$56,(A23-1)*56,0)-OFFSET('84p stat'!$H$1,A23*20,0) -> 0 | F23: =OFFSET('84p stat'!$H$1,A23*20,0)-OFFSET('84p stat'!$K$1,A23*20,0) -> 0 | G23: =OFFSET('84p stat'!$K$1,A23*20,0)-OFFSET('84p stat'!$N$1,A23*20,0) -> 0 | H23: =OFFSET('84p stat'!$N$1,A23*20,0) -> 0
A24: 11 | C24: =OFFSET('84p stat'!$A$1,A24*20,0) -> CUDA opt | D24: =OFFSET('84p trace'!$U$56,(A24-1)*56,0) -> 168.1077 | E24: =OFFSET('84p trace'!$V$56,(A24-1)*56,0) -> 0 | F24: =OFFSET('84p stat'!$H$1,A24*20,1) -> 0 | G24: =OFFSET('84p stat'!$K$1,A24*20,1) -> 0 | H24: =OFFSET('84p stat'!$N$1,A24*20,1) -> 0
A25: 12 | C25: =OFFSET('84p stat'!$A$1,A25*20,0) -> CUDA opt Time | D25: =OFFSET('84p trace'!$R$56,(A25-1)*56,0)-OFFSET('84p trace'!$S$56,(A25-1)*56,0) -> 17.981 | E25: =OFFSET('84p trace'!$S$56,(A25-1)*56,0)-OFFSET('84p stat'!$H$1,A25*20,0) -> 35.625481 | F25: =OFFSET('84p stat'!$H$1,A25*20,0)-OFFSET('84p stat'!$K$1,A25*20,0) -> 520.56616 | G25: =OFFSET('84p stat'!$K$1,A25*20,0)-OFFSET('84p stat'!$N$1,A25*20,0) -> 845.48616 | H25: =OFFSET('84p stat'!$N$1,A25*20,0) -> 0
A26: 12 | C26: =OFFSET('84p stat'!$A$1,A26*20,0) -> CUDA opt Time | D26: =OFFSET('84p trace'!$U$56,(A26-1)*56,0) -> 6.1007906 | E26: =OFFSET('84p trace'!$V$56,(A26-1)*56,0) -> 6.1657372 | F26: =OFFSET('84p stat'!$H$1,A26*20,1) -> 6.174786 | G26: =OFFSET('84p stat'!$K$1,A26*20,1) -> 0.10732 | H26: =OFFSET('84p stat'!$N$1,A26*20,1) -> 0
A27: 13 | C27: =OFFSET('84p stat'!$A$1,A27*20,0) -> CUDA opt non hash | D27: =OFFSET('84p trace'!$R$56,(A27-1)*56,0)-OFFSET('84p trace'!$S$56,(A27-1)*56,0) -> 1.74378 | E27: =OFFSET('84p trace'!$S$56,(A27-1)*56,0)-OFFSET('84p stat'!$H$1,A27*20,0) -> 35.244882 | F27: =OFFSET('84p stat'!$H$1,A27*20,0)-OFFSET('84p stat'!$K$1,A27*20,0) -> 520.29747 | G27: =OFFSET('84p stat'!$K$1,A27*20,0)-OFFSET('84p stat'!$N$1,A27*20,0) -> 393.72833 | H27: =OFFSET('84p stat'!$N$1,A27*20,0) -> 0
A28: 13 | C28: =OFFSET('84p stat'!$A$1,A28*20,0) -> CUDA opt non hash | D28: =OFFSET('84p trace'!$U$56,(A28-1)*56,0) -> 8.7642804 | E28: =OFFSET('84p trace'!$V$56,(A28-1)*56,0) -> 8.6987423 | F28: =OFFSET('84p stat'!$H$1,A28*20,1) -> 8.587372 | G28: =OFFSET('84p stat'!$K$1,A28*20,1) -> 0.031814 | H28: =OFFSET('84p stat'!$N$1,A28*20,1) -> 0
K29: 1.96 | L29: 50
D30: T_start | E30: T_Delt | F30: T1 | G30: T2 | H30: T3 | J30: summ | K30: 2 этап/ общее | L30: ДИ
A31: 1 | C31: =OFFSET('84p stat'!$A$1,A31*20,0) -> CUDA Time | D31: =OFFSET('84p trace'!$R$56,(A31-1)*56,0)-OFFSET('84p trace'!$S$56,(A31-1)*56,0) -> 17.5046 | E31: =OFFSET('84p trace'!$S$56,(A31-1)*56,0)-OFFSET('84p stat'!$H$1,A31*20,0) -> 35.844173 | F31: =OFFSET('84p stat'!$H$1,A31*20,0)-OFFSET('84p stat'!$K$1,A31*20,0) -> 16.306123 | G31: =OFFSET('84p stat'!$K$1,A31*20,0)-OFFSET('84p stat'!$N$1,A31*20,0) -> 845.27679 | H31: =OFFSET('84p stat'!$N$1,A31*20,0) -> 507.03431 | J31: =SUM(E31:H31) -> 1404.4614 | K31: =G31/J31 -> 0.60185121 | L31: =$K$29*POWER(K31,2)*SQRT(G138/(POWER(G31,2)*$L$29)+J138/(POWER(J31,2)*$L$29)) -> 0.00034724397
A32: 2 | C32: =OFFSET('84p stat'!$A$1,A32*20,0) -> CUDA | D32: =OFFSET('84p trace'!$R$56,(A32-1)*56,0)-OFFSET('84p trace'!$S$56,(A32-1)*56,0) -> 1495.8484 | E32: =OFFSET('84p trace'!$S$56,(A32-1)*56,0)-OFFSET('84p stat'!$H$1,A32*20,0) -> 0 | F32: =OFFSET('84p stat'!$H$1,A32*20,0)-OFFSET('84p stat'!$K$1,A32*20,0) -> 0 | G32: =OFFSET('84p stat'!$K$1,A32*20,0)-OFFSET('84p stat'!$N$1,A32*20,0) -> 0 | H32: =OFFSET('84p stat'!$N$1,A32*20,0) -> 0 | J32: =SUM(D32:H32) -> 1495.8484 | K32: =G32/J32 -> 0 | L32: =$K$29*POWER(K32,2)*SQRT(G139/(POWER(G32,2)*$L$29)+J139/(POWER(J32,2)*$L$29)) -> #DIV/0!
A33: 3 | C33: =OFFSET('84p stat'!$A$1,A33*20,0) -> CUDA non hash | D33: =OFFSET('84p trace'!$R$56,(A33-1)*56,0)-OFFSET('84p trace'!$S$56,(A33-1)*56,0) -> 1.9392 | E33: =OFFSET('84p trace'!$S$56,(A33-1)*56,0)-OFFSET('84p stat'!$H$1,A33*20,0) -> 122.54289 | F33: =OFFSET('84p stat'!$H$1,A33*20,0)-OFFSET('84p stat'!$K$1,A33*20,0) -> 30.261103 | G33: =OFFSET('84p stat'!$K$1,A33*20,0)-OFFSET('84p stat'!$N$1,A33*20,0) -> 4235.9907 | H33: =OFFSET('84p stat'!$N$1,A33*20,0) -> 1006.8183 | J33: =SUM(E33:H33) -> 5395.613 | K33: =G33/J33 -> 0.78508054 | L33: =$K$29*POWER(K33,2)*SQRT(G140/(POWER(G33,2)*$L$29)+J140/(POWER(J33,2)*$L$29)) -> 0.00078464246
A34: 4 | C34: =OFFSET('84p stat'!$A$1,A34*20,0) -> CUDA ant | D34: =OFFSET('84p trace'!$R$56,(A34-1)*56,0)-OFFSET('84p trace'!$S$56,(A34-1)*56,0) -> 17.56136 | E34: =OFFSET('84p trace'!$S$56,(A34-1)*56,0)-OFFSET('84p stat'!$H$1,A34*20,0) -> 35.444599 | F34: =OFFSET('84p stat'!$H$1,A34*20,0)-OFFSET('84p stat'!$K$1,A34*20,0) -> 29.318784 | G34: =OFFSET('84p stat'!$K$1,A34*20,0)-OFFSET('84p stat'!$N$1,A34*20,0) -> 245.69031 | H34: =OFFSET('84p stat'!$N$1,A34*20,0) -> 521.7382 | J34: =SUM(E34:H34) -> 832.1919 | K34: =G34/J34 -> 0.29523276 | L34: =$K$29*POWER(K34,2)*SQRT(G141/(POWER(G34,2)*$L$29)+J141/(POWER(J34,2)*$L$29)) -> 4.97474e-05
A35: 5 | C35: =OFFSET('84p stat'!$A$1,A35*20,0) -> CUDA ant par | D35: =OFFSET('84p trace'!$R$56,(A35-1)*56,0)-OFFSET('84p trace'!$S$56,(A35-1)*56,0) -> 17.55744 | E35: =OFFSET('84p trace'!$S$56,(A35-1)*56,0)-OFFSET('84p stat'!$H$1,A35*20,0) -> 35.289863 | F35: =OFFSET('84p stat'!$H$1,A35*20,0)-OFFSET('84p stat'!$K$1,A35*20,0) -> 15.907938 | G35: =OFFSET('84p stat'!$K$1,A35*20,0)-OFFSET('84p stat'!$N$1,A35*20,0) -> 245.8324 | H35: =OFFSET('84p stat'!$N$1,A35*20,0) -> 319.34852 | J35: =SUM(E35:H35) -> 616.37872 | K35: =E35/J35 -> 0.057253539 | L35: =$K$29*POWER(K35,2)*SQRT(E142/(POWER(E35,2)*$L$29)+J142/(POWER(J35,2)*$L$29)) -> 1.1774332e-05
A36: 6 | C36: =OFFSET('84p stat'!$A$1,A36*20,0) -> CUDA ant non hash | D36: =OFFSET('84p trace'!$R$56,(A36-1)*56,0)-OFFSET('84p trace'!$S$56,(A36-1)*56,0) -> 17.5412 | E36: =OFFSET('84p trace'!$S$56,(A36-1)*56,0)-OFFSET('84p stat'!$H$1,A36*20,0) -> 35.485357 | F36: =OFFSET('84p stat'!$H$1,A36*20,0)-OFFSET('84p stat'!$K$1,A36*20,0) -> 29.321738 | G36: =OFFSET('84p stat'!$K$1,A36*20,0)-OFFSET('84p stat'!$N$1,A36*20,0) -> 189.40393 | H36: =OFFSET('84p stat'!$N$1,A36*20,0) -> 521.61487 | J36: =SUM(E36:H36) -> 775.8259 | K36: =E36/J36 -> 0.045738815 | L36: =$K$29*POWER(K36,2)*SQRT(E143/(POWER(E36,2)*$L$29)+J143/(POWER(J36,2)*$L$29)) -> 4.1832126e-06
A37: 7 | C37: =OFFSET('84p stat'!$A$1,A37*20,0) -> CUDA ant add CPU Time | D37: =OFFSET('84p trace'!$R$56,(A37-1)*56,0)-OFFSET('84p trace'!$S$56,(A37-1)*56,0) -> 17.4944 | E37: =OFFSET('84p trace'!$S$56,(A37-1)*56,0)-OFFSET('84p stat'!$H$1,A37*20,0) -> 266.94593 | F37: =OFFSET('84p stat'!$H$1,A37*20,0)-OFFSET('84p stat'!$K$1,A37*20,0) -> 4.649108 | G37: =OFFSET('84p stat'!$K$1,A37*20,0)-OFFSET('84p stat'!$N$1,A37*20,0) -> 334.96342 | H37: =OFFSET('84p stat'!$N$1,A37*20,0) -> 245.2706 | J37: =SUM(E37:H37) -> 851.82906 | K37: =G37/J37 -> 0.39322845 | L37: =$K$29*POWER(K37,2)*SQRT(G144/(POWER(G37,2)*$L$29)+J144/(POWER(J37,2)*$L$29)) -> 8.743678e-05
A38: 8 | C38: =OFFSET('84p stat'!$A$1,A38*20,0) -> CUDA ant add CPU | D38: =OFFSET('84p trace'!$R$56,(A38-1)*56,0)-OFFSET('84p trace'!$S$56,(A38-1)*56,0) -> 878.05144 | E38: =OFFSET('84p trace'!$S$56,(A38-1)*56,0)-OFFSET('84p stat'!$H$1,A38*20,0) -> 0 | F38: =OFFSET('84p stat'!$H$1,A38*20,0)-OFFSET('84p stat'!$K$1,A38*20,0) -> 0 | G38: =OFFSET('84p stat'!$K$1,A38*20,0)-OFFSET('84p stat'!$N$1,A38*20,0) -> 0 | H38: =OFFSET('84p stat'!$N$1,A38*20,0) -> 0 | J38: =SUM(D38:H38) -> 878.05144 | K38: =G38/J38 -> 0 | L38: =$K$29*POWER(K38,2)*SQRT(G145/(POWER(G38,2)*$L$29)+J145/(POWER(J38,2)*$L$29)) -> #DIV/0!
A39: 9 | C39: =OFFSET('84p stat'!$A$1,A39*20,0) -> CUDA ant add CPU non hash | D39: =OFFSET('84p trace'!$R$56,(A39-1)*56,0)-OFFSET('84p trace'!$S$56,(A39-1)*56,0) -> 18.44118 | E39: =OFFSET('84p trace'!$S$56,(A39-1)*56,0)-OFFSET('84p stat'!$H$1,A39*20,0) -> 292.43206 | F39: =OFFSET('84p stat'!$H$1,A39*20,0)-OFFSET('84p stat'!$K$1,A39*20,0) -> 4.466871 | G39: =OFFSET('84p stat'!$K$1,A39*20,0)-OFFSET('84p stat'!$N$1,A39*20,0) -> 317.21413 | H39: =OFFSET('84p stat'!$N$1,A39*20,0) -> 245.63201 | J39: =SUM(E39:H39) -> 859.74508 | K39: =G39/J39 -> 0.36896301 | L39: =$K$29*POWER(K39,2)*SQRT(G146/(POWER(G39,2)*$L$29)+J146/(POWER(J39,2)*$L$29)) -> 0.0017062554
A40: 10 | C40: =OFFSET('84p stat'!$A$1,A40*20,0) -> CUDA ant add CPU12 | D40: =OFFSET('84p trace'!$R$56,(A40-1)*56,0)-OFFSET('84p trace'!$S$56,(A40-1)*56,0) -> 51.449 | E40: =OFFSET('84p trace'!$S$56,(A40-1)*56,0)-OFFSET('84p stat'!$H$1,A40*20,0) -> 9.440719 | F40: =OFFSET('84p stat'!$H$1,A40*20,0)-OFFSET('84p stat'!$K$1,A40*20,0) -> 29.834063 | G40: =OFFSET('84p stat'!$K$1,A40*20,0)-OFFSET('84p stat'!$N$1,A40*20,0) -> 4942.6169 | H40: =OFFSET('84p stat'!$N$1,A40*20,0) -> 636.03689 | J40: =SUM(E40:H40) -> 5617.9286 | K40: =G40/J40 -> 0.87979347 | L40: =$K$29*POWER(K40,2)*SQRT(G147/(POWER(G40,2)*$L$29)+J147/(POWER(J40,2)*$L$29)) -> 0.0013823977
A41: 11 | C41: =OFFSET('84p stat'!$A$1,A41*20,0) -> CUDA opt | D41: =OFFSET('84p trace'!$R$56,(A41-1)*56,0)-OFFSET('84p trace'!$S$56,(A41-1)*56,0) -> 1482.3442 | E41: =OFFSET('84p trace'!$S$56,(A41-1)*56,0)-OFFSET('84p stat'!$H$1,A41*20,0) -> 0 | F41: =OFFSET('84p stat'!$H$1,A41*20,0)-OFFSET('84p stat'!$K$1,A41*20,0) -> 0 | G41: =OFFSET('84p stat'!$K$1,A41*20,0)-OFFSET('84p stat'!$N$1,A41*20,0) -> 0 | H41: =OFFSET('84p stat'!$N$1,A41*20,0) -> 0 | J41: =SUM(D41:H41) -> 1482.3442 | K41: =G41/J41 -> 0 | L41: =$K$29*POWER(K41,2)*SQRT(G148/(POWER(G41,2)*$L$29)+J148/(POWER(J41,2)*$L$29)) -> #DIV/0!
A42: 12 | C42: =OFFSET('84p stat'!$A$1,A42*20,0) -> CUDA opt Time | D42: =OFFSET('84p trace'!$R$56,(A42-1)*56,0)-OFFSET('84p trace'!$S$56,(A42-1)*56,0) -> 17.981 | E42: =OFFSET('84p trace'!$S$56,(A42-1)*56,0)-OFFSET('84p stat'!$H$1,A42*20,0) -> 35.625481 | F42: =OFFSET('84p stat'!$H$1,A42*20,0)-OFFSET('84p stat'!$K$1,A42*20,0) -> 520.56616 | G42: =OFFSET('84p stat'!$K$1,A42*20,0)-OFFSET('84p stat'!$N$1,A42*20,0) -> 845.48616 | H42: =OFFSET('84p stat'!$N$1,A42*20,0) -> 0 | J42: =SUM(E42:H42) -> 1401.6778 | K42: =G42/J42 -> 0.6031958 | L42: =$K$29*POWER(K42,2)*SQRT(G149/(POWER(G42,2)*$L$29)+J149/(POWER(J42,2)*$L$29)) -> 0.00031233551
A43: 13 | C43: =OFFSET('84p stat'!$A$1,A43*20,0) -> CUDA opt non hash | D43: =OFFSET('84p trace'!$R$56,(A43-1)*56,0)-OFFSET('84p trace'!$S$56,(A43-1)*56,0) -> 1.74378 | E43: =OFFSET('84p trace'!$S$56,(A43-1)*56,0)-OFFSET('84p stat'!$H$1,A43*20,0) -> 35.244882 | F43: =OFFSET('84p stat'!$H$1,A43*20,0)-OFFSET('84p stat'!$K$1,A43*20,0) -> 520.29747 | G43: =OFFSET('84p stat'!$K$1,A43*20,0)-OFFSET('84p stat'!$N$1,A43*20,0) -> 393.72833 | H43: =OFFSET('84p stat'!$N$1,A43*20,0) -> 0 | J43: =SUM(E43:H43) -> 949.27068 | K43: =G43/J43 -> 0.41476929 | L43: =$K$29*POWER(K43,2)*SQRT(G150/(POWER(G43,2)*$L$29)+J150/(POWER(J43,2)*$L$29)) -> 0.00025745455
A44: 14 | C44: =OFFSET('84p stat'!$A$1,A44*20,0) -> CUDA opt ant | D44: =OFFSET('84p trace'!$R$56,(A44-1)*56,0)-OFFSET('84p trace'!$S$56,(A44-1)*56,0) -> 18.04836 | E44: =OFFSET('84p trace'!$S$56,(A44-1)*56,0)-OFFSET('84p stat'!$H$1,A44*20,0) -> 35.265939 | F44: =OFFSET('84p stat'!$H$1,A44*20,0)-OFFSET('84p stat'!$K$1,A44*20,0) -> 545.37987 | G44: =OFFSET('84p stat'!$K$1,A44*20,0)-OFFSET('84p stat'!$N$1,A44*20,0) -> 245.06755 | H44: =OFFSET('84p stat'!$N$1,A44*20,0) -> 0 | J44: =SUM(E44:H44) -> 825.71336 | K44: =G44/J44 -> 0.29679494 | L44: =$K$29*POWER(K44,2)*SQRT(G151/(POWER(G44,2)*$L$29)+J151/(POWER(J44,2)*$L$29)) -> 3.5870992e-05
A45: 15 | C45: =OFFSET('84p stat'!$A$1,A45*20,0) -> CUDA opt ant non hash | D45: =OFFSET('84p trace'!$R$56,(A45-1)*56,0)-OFFSET('84p trace'!$S$56,(A45-1)*56,0) -> 17.94036 | E45: =OFFSET('84p trace'!$S$56,(A45-1)*56,0)-OFFSET('84p stat'!$H$1,A45*20,0) -> 36.080536 | F45: =OFFSET('84p stat'!$H$1,A45*20,0)-OFFSET('84p stat'!$K$1,A45*20,0) -> 545.42266 | G45: =OFFSET('84p stat'!$K$1,A45*20,0)-OFFSET('84p stat'!$N$1,A45*20,0) -> 188.95883 | H45: =OFFSET('84p stat'!$N$1,A45*20,0) -> 0 | J45: =SUM(E45:H45) -> 770.46202 | K45: =G45/J45 -> 0.24525392 | L45: =$K$29*POWER(K45,2)*SQRT(G152/(POWER(G45,2)*$L$29)+J152/(POWER(J45,2)*$L$29)) -> 1.9638562e-05
A46: 16 | C46: =OFFSET('84p stat'!$A$1,A46*20,0) -> CUDA opt ant par | D46: =OFFSET('84p trace'!$R$56,(A46-1)*56,0)-OFFSET('84p trace'!$S$56,(A46-1)*56,0) -> 17.96498 | E46: =OFFSET('84p trace'!$S$56,(A46-1)*56,0)-OFFSET('84p stat'!$H$1,A46*20,0) -> 35.829634 | F46: =OFFSET('84p stat'!$H$1,A46*20,0)-OFFSET('84p stat'!$K$1,A46*20,0) -> 331.38193 | G46: =OFFSET('84p stat'!$K$1,A46*20,0)-OFFSET('84p stat'!$N$1,A46*20,0) -> 245.33112 | H46: =OFFSET('84p stat'!$N$1,A46*20,0) -> 0 | J46: =SUM(E46:H46) -> 612.54268 | K46: =G46/J46 -> 0.40051269 | L46: =$K$29*POWER(K46,2)*SQRT(G153/(POWER(G46,2)*$L$29)+J153/(POWER(J46,2)*$L$29)) -> 0.0003964275
A47: 17 | C47: =OFFSET('84p stat'!$A$1,A47*20,0) -> CUDA opt_one_GPU | D47: =OFFSET('84p trace'!$R$56,(A47-1)*56,0)-OFFSET('84p trace'!$S$56,(A47-1)*56,0) -> #DIV/0! | E47: =OFFSET('84p trace'!$S$56,(A47-1)*56,0)-OFFSET('84p stat'!$H$1,A47*20,0) -> #DIV/0! | F47: =OFFSET('84p stat'!$H$1,A47*20,0)-OFFSET('84p stat'!$K$1,A47*20,0) -> 0 | G47: =OFFSET('84p stat'!$K$1,A47*20,0)-OFFSET('84p stat'!$N$1,A47*20,0) -> 0 | H47: =OFFSET('84p stat'!$N$1,A47*20,0) -> 0 | J47: =SUM(E47:H47) -> #DIV/0! | K47: =G47/J47 -> #DIV/0! | L47: =$K$29*POWER(K47,2)*SQRT(G154/(POWER(G47,2)*$L$29)+J154/(POWER(J47,2)*$L$29)) -> #DIV/0!
A48: 18 | C48: =OFFSET('84p stat'!$A$1,A48*20,0) -> CUDA opt_one_GPU ant | D48: =OFFSET('84p trace'!$R$56,(A48-1)*56,0)-OFFSET('84p trace'!$S$56,(A48-1)*56,0) -> #DIV/0! | E48: =OFFSET('84p trace'!$S$56,(A48-1)*56,0)-OFFSET('84p stat'!$H$1,A48*20,0) -> #DIV/0! | F48: =OFFSET('84p stat'!$H$1,A48*20,0)-OFFSET('84p stat'!$K$1,A48*20,0) -> 0 | G48: =OFFSET('84p stat'!$K$1,A48*20,0)-OFFSET('84p stat'!$N$1,A48*20,0) -> 0 | H48: =OFFSET('84p stat'!$N$1,A48*20,0) -> 0 | J48: =SUM(E48:H48) -> #DIV/0! | K48: =G48/J48 -> #DIV/0! | L48: =$K$29*POWER(K48,2)*SQRT(G155/(POWER(G48,2)*$L$29)+J155/(POWER(J48,2)*$L$29)) -> #DIV/0!
A49: 19 | C49: =OFFSET('84p stat'!$A$1,A49*20,0) -> CUDA opt_one_GPU ant local | D49: =OFFSET('84p trace'!$R$56,(A49-1)*56,0)-OFFSET('84p trace'!$S$56,(A49-1)*56,0) -> #DIV/0! | E49: =OFFSET('84p trace'!$S$56,(A49-1)*56,0)-OFFSET('84p stat'!$H$1,A49*20,0) -> #DIV/0! | F49: =OFFSET('84p stat'!$H$1,A49*20,0)-OFFSET('84p stat'!$K$1,A49*20,0) -> 0 | G49: =OFFSET('84p stat'!$K$1,A49*20,0)-OFFSET('84p stat'!$N$1,A49*20,0) -> 0 | H49: =OFFSET('84p stat'!$N$1,A49*20,0) -> 0 | J49: =SUM(E49:H49) -> #DIV/0! | K49: =G49/J49 -> #DIV/0! | L49: =$K$29*POWER(K49,2)*SQRT(G156/(POWER(G49,2)*$L$29)+J156/(POWER(J49,2)*$L$29)) -> #DIV/0!
A50: 20 | C50: =OFFSET('84p stat'!$A$1,A50*20,0) -> non CUDA Time | D50: =OFFSET('84p trace'!$R$56,(A50-1)*56,0)-OFFSET('84p trace'!$S$56,(A50-1)*56,0) -> 50.504 | E50: =OFFSET('84p trace'!$S$56,(A50-1)*56,0)-OFFSET('84p stat'!$H$1,A50*20,0) -> 0.196301 | F50: =OFFSET('84p stat'!$H$1,A50*20,0)-OFFSET('84p stat'!$K$1,A50*20,0) -> 4.821709 | G50: =OFFSET('84p stat'!$K$1,A50*20,0)-OFFSET('84p stat'!$N$1,A50*20,0) -> 4804.2722 | H50: =OFFSET('84p stat'!$N$1,A50*20,0) -> 246.77284 | J50: =SUM(E50:H50) -> 5056.063 | K50: =G50/J50 -> 0.95020022 | L50: =$K$29*POWER(K50,2)*SQRT(G157/(POWER(G50,2)*$L$29)+J157/(POWER(J50,2)*$L$29)) -> 0.00023161477
A51: 21 | C51: =OFFSET('84p stat'!$A$1,A51*20,0) -> non CUDA | D51: =OFFSET('84p trace'!$R$56,(A51-1)*56,0)-OFFSET('84p trace'!$S$56,(A51-1)*56,0) -> 4743.013 | E51: =OFFSET('84p trace'!$S$56,(A51-1)*56,0)-OFFSET('84p stat'!$H$1,A51*20,0) -> 0 | F51: =OFFSET('84p stat'!$H$1,A51*20,0)-OFFSET('84p stat'!$K$1,A51*20,0) -> 0 | G51: =OFFSET('84p stat'!$K$1,A51*20,0)-OFFSET('84p stat'!$N$1,A51*20,0) -> 0 | H51: =OFFSET('84p stat'!$N$1,A51*20,0) -> 0 | J51: =SUM(D51:H51) -> 4743.013 | K51: =G51/J51 -> 0 | L51: =$K$29*POWER(K51,2)*SQRT(G158/(POWER(G51,2)*$L$29)+J158/(POWER(J51,2)*$L$29)) -> #DIV/0!
A52: 22 | C52: =OFFSET('84p stat'!$A$1,A52*20,0) -> non CUDA non hash | D52: =OFFSET('84p trace'!$R$56,(A52-1)*56,0)-OFFSET('84p trace'!$S$56,(A52-1)*56,0) -> 0.1806 | E52: =OFFSET('84p trace'!$S$56,(A52-1)*56,0)-OFFSET('84p stat'!$H$1,A52*20,0) -> 0.135407 | F52: =OFFSET('84p stat'!$H$1,A52*20,0)-OFFSET('84p stat'!$K$1,A52*20,0) -> 4.603125 | G52: =OFFSET('84p stat'!$K$1,A52*20,0)-OFFSET('84p stat'!$N$1,A52*20,0) -> 4068.3079 | H52: =OFFSET('84p stat'!$N$1,A52*20,0) -> 246.44718 | J52: =SUM(E52:H52) -> 4319.4936 | K52: =G52/J52 -> 0.94184834 | L52: =$K$29*POWER(K52,2)*SQRT(G159/(POWER(G52,2)*$L$29)+J159/(POWER(J52,2)*$L$29)) -> 0.00024664396
A53: 23 | C53: =OFFSET('84p stat'!$A$1,A53*20,0) -> Classic ACO | D53: =OFFSET('84p trace'!$R$56,(A53-1)*56,0)-OFFSET('84p trace'!$S$56,(A53-1)*56,0) -> 2198.166 | E53: =OFFSET('84p trace'!$S$56,(A53-1)*56,0)-OFFSET('84p stat'!$H$1,A53*20,0) -> 16.496504 | F53: =OFFSET('84p stat'!$H$1,A53*20,0)-OFFSET('84p stat'!$K$1,A53*20,0) -> 7.466738 | G53: =OFFSET('84p stat'!$K$1,A53*20,0)-OFFSET('84p stat'!$N$1,A53*20,0) -> 14132.781 | H53: =OFFSET('84p stat'!$N$1,A53*20,0) -> 450.60604 | J53: =SUM(E53:H53) -> 14607.35 | K53: =G53/J53 -> 0.96751161 | L53: =$K$29*POWER(K53,2)*SQRT(G160/(POWER(G53,2)*$L$29)+J160/(POWER(J53,2)*$L$29)) -> 0.0013768384
A54: 24 | C54: =OFFSET('84p stat'!$A$1,A54*20,0) -> Classic ACO non hash | D54: =OFFSET('84p trace'!$R$56,(A54-1)*56,0)-OFFSET('84p trace'!$S$56,(A54-1)*56,0) -> 0.398 | E54: =OFFSET('84p trace'!$S$56,(A54-1)*56,0)-OFFSET('84p stat'!$H$1,A54*20,0) -> 16.309852 | F54: =OFFSET('84p stat'!$H$1,A54*20,0)-OFFSET('84p stat'!$K$1,A54*20,0) -> 7.337929 | G54: =OFFSET('84p stat'!$K$1,A54*20,0)-OFFSET('84p stat'!$N$1,A54*20,0) -> 12996.066 | H54: =OFFSET('84p stat'!$N$1,A54*20,0) -> 439.66775 | J54: =SUM(E54:H54) -> 13459.382 | K54: =G54/J54 -> 0.96557676 | L54: =$K$29*POWER(K54,2)*SQRT(G161/(POWER(G54,2)*$L$29)+J161/(POWER(J54,2)*$L$29)) -> 0.0016417782
A55: 25 | C55: =OFFSET('84p stat'!$A$1,A55*20,0) -> omp | D55: =OFFSET('84p trace'!$R$56,(A55-1)*56,0)-OFFSET('84p trace'!$S$56,(A55-1)*56,0) -> 50.4768 | E55: =OFFSET('84p trace'!$S$56,(A55-1)*56,0)-OFFSET('84p stat'!$H$1,A55*20,0) -> 0.191572 | F55: =OFFSET('84p stat'!$H$1,A55*20,0)-OFFSET('84p stat'!$K$1,A55*20,0) -> 4.923857 | G55: =OFFSET('84p stat'!$K$1,A55*20,0)-OFFSET('84p stat'!$N$1,A55*20,0) -> 4686.0096 | H55: =OFFSET('84p stat'!$N$1,A55*20,0) -> 246.52041 | J55: =SUM(E55:H55) -> 4937.6454 | K55: =G55/J55 -> 0.94903728 | L55: =$K$29*POWER(K55,2)*SQRT(G162/(POWER(G55,2)*$L$29)+J162/(POWER(J55,2)*$L$29)) -> 0.00024391702
A56: 26 | C56: =OFFSET('84p stat'!$A$1,A56*20,0) -> omp non hash | D56: =OFFSET('84p trace'!$R$56,(A56-1)*56,0)-OFFSET('84p trace'!$S$56,(A56-1)*56,0) -> 0.182 | E56: =OFFSET('84p trace'!$S$56,(A56-1)*56,0)-OFFSET('84p stat'!$H$1,A56*20,0) -> 0.136224 | F56: =OFFSET('84p stat'!$H$1,A56*20,0)-OFFSET('84p stat'!$K$1,A56*20,0) -> 4.606387 | G56: =OFFSET('84p stat'!$K$1,A56*20,0)-OFFSET('84p stat'!$N$1,A56*20,0) -> 3934.6232 | H56: =OFFSET('84p stat'!$N$1,A56*20,0) -> 246.03097 | J56: =SUM(E56:H56) -> 4185.3968 | K56: =G56/J56 -> 0.94008368 | L56: =$K$29*POWER(K56,2)*SQRT(G163/(POWER(G56,2)*$L$29)+J163/(POWER(J56,2)*$L$29)) -> 0.00041905703
A57: 27 | C57: =OFFSET('84p stat'!$A$1,A57*20,0) -> non CUDA transp Time | D57: =OFFSET('84p trace'!$R$56,(A57-1)*56,0)-OFFSET('84p trace'!$S$56,(A57-1)*56,0) -> 50.5864 | E57: =OFFSET('84p trace'!$S$56,(A57-1)*56,0)-OFFSET('84p stat'!$H$1,A57*20,0) -> 0.1984 | F57: =OFFSET('84p stat'!$H$1,A57*20,0)-OFFSET('84p stat'!$K$1,A57*20,0) -> 5.313516 | G57: =OFFSET('84p stat'!$K$1,A57*20,0)-OFFSET('84p stat'!$N$1,A57*20,0) -> 4806.855 | H57: =OFFSET('84p stat'!$N$1,A57*20,0) -> 257.41651 | J57: =SUM(E57:H57) -> 5069.7834 | K57: =G57/J57 -> 0.94813813 | L57: =$K$29*POWER(K57,2)*SQRT(G164/(POWER(G57,2)*$L$29)+J164/(POWER(J57,2)*$L$29)) -> 0.000437752
A58: 28 | C58: =OFFSET('84p stat'!$A$1,A58*20,0) -> non CUDA transp | D58: =OFFSET('84p trace'!$R$56,(A58-1)*56,0)-OFFSET('84p trace'!$S$56,(A58-1)*56,0) -> 4744.1154 | E58: =OFFSET('84p trace'!$S$56,(A58-1)*56,0)-OFFSET('84p stat'!$H$1,A58*20,0) -> 0 | F58: =OFFSET('84p stat'!$H$1,A58*20,0)-OFFSET('84p stat'!$K$1,A58*20,0) -> 0 | G58: =OFFSET('84p stat'!$K$1,A58*20,0)-OFFSET('84p stat'!$N$1,A58*20,0) -> 0 | H58: =OFFSET('84p stat'!$N$1,A58*20,0) -> 0 | J58: =SUM(D58:H58) -> 4744.1154 | K58: =G58/J58 -> 0 | L58: =$K$29*POWER(K58,2)*SQRT(G165/(POWER(G58,2)*$L$29)+J165/(POWER(J58,2)*$L$29)) -> #DIV/0!
A59: 29 | C59: =OFFSET('84p stat'!$A$1,A59*20,0) -> non CUDA transp non hash | D59: =OFFSET('84p trace'!$R$56,(A59-1)*56,0)-OFFSET('84p trace'!$S$56,(A59-1)*56,0) -> 0.1804 | E59: =OFFSET('84p trace'!$S$56,(A59-1)*56,0)-OFFSET('84p stat'!$H$1,A59*20,0) -> 0.135504 | F59: =OFFSET('84p stat'!$H$1,A59*20,0)-OFFSET('84p stat'!$K$1,A59*20,0) -> 5.252568 | G59: =OFFSET('84p stat'!$K$1,A59*20,0)-OFFSET('84p stat'!$N$1,A59*20,0) -> 4065.1955 | H59: =OFFSET('84p stat'!$N$1,A59*20,0) -> 257.29547 | J59: =SUM(E59:H59) -> 4327.879 | K59: =G59/J59 -> 0.93930432 | L59: =$K$29*POWER(K59,2)*SQRT(G166/(POWER(G59,2)*$L$29)+J166/(POWER(J59,2)*$L$29)) -> 0.00025364361
A60: 30 | C60: =OFFSET('84p stat'!$A$1,A60*20,0) -> CUDA Const | D60: =OFFSET('84p trace'!$R$56,(A60-1)*56,0)-OFFSET('84p trace'!$S$56,(A60-1)*56,0) -> 16.01274 | E60: =OFFSET('84p trace'!$S$56,(A60-1)*56,0)-OFFSET('84p stat'!$H$1,A60*20,0) -> 35.957702 | F60: =OFFSET('84p stat'!$H$1,A60*20,0)-OFFSET('84p stat'!$K$1,A60*20,0) -> 16.359058 | G60: =OFFSET('84p stat'!$K$1,A60*20,0)-OFFSET('84p stat'!$N$1,A60*20,0) -> 407.65523 | H60: =OFFSET('84p stat'!$N$1,A60*20,0) -> 469.69269 | J60: =SUM(E60:H60) -> 929.66468 | K60: =G60/J60 -> 0.43849706 | L60: =$K$29*POWER(K60,2)*SQRT(G188/(POWER(G60,2)*$L$29)+J188/(POWER(J60,2)*$L$29)) -> 0
A61: 31 | C61: =OFFSET('84p stat'!$A$1,A61*20,0) -> CUDA ant Const | D61: =OFFSET('84p trace'!$R$56,(A61-1)*56,0)-OFFSET('84p trace'!$S$56,(A61-1)*56,0) -> 16.06894 | E61: =OFFSET('84p trace'!$S$56,(A61-1)*56,0)-OFFSET('84p stat'!$H$1,A61*20,0) -> 35.824047 | F61: =OFFSET('84p stat'!$H$1,A61*20,0)-OFFSET('84p stat'!$K$1,A61*20,0) -> 29.4548 | G61: =OFFSET('84p stat'!$K$1,A61*20,0)-OFFSET('84p stat'!$N$1,A61*20,0) -> 227.07692 | H61: =OFFSET('84p stat'!$N$1,A61*20,0) -> 454.90413 | J61: =SUM(E61:H61) -> 747.2599 | K61: =G61/J61 -> 0.30387944 | L61: =$K$29*POWER(K61,2)*SQRT(G189/(POWER(G61,2)*$L$29)+J189/(POWER(J61,2)*$L$29)) -> 0
A62: 32 | C62: =OFFSET('84p stat'!$A$1,A62*20,0) -> CUDA ant par Const | D62: =OFFSET('84p trace'!$R$56,(A62-1)*56,0)-OFFSET('84p trace'!$S$56,(A62-1)*56,0) -> 16.15826 | E62: =OFFSET('84p trace'!$S$56,(A62-1)*56,0)-OFFSET('84p stat'!$H$1,A62*20,0) -> 35.625415 | F62: =OFFSET('84p stat'!$H$1,A62*20,0)-OFFSET('84p stat'!$K$1,A62*20,0) -> 15.961797 | G62: =OFFSET('84p stat'!$K$1,A62*20,0)-OFFSET('84p stat'!$N$1,A62*20,0) -> 227.33258 | H62: =OFFSET('84p stat'!$N$1,A62*20,0) -> 299.72905 | J62: =SUM(E62:H62) -> 578.64884 | K62: =G62/J62 -> 0.39286795 | L62: =$K$29*POWER(K62,2)*SQRT(G190/(POWER(G62,2)*$L$29)+J190/(POWER(J62,2)*$L$29)) -> 0
A63: 33 | C63: =OFFSET('84p stat'!$A$1,A63*20,0) -> CUDA ant add CPU Const | D63: =OFFSET('84p trace'!$R$56,(A63-1)*56,0)-OFFSET('84p trace'!$S$56,(A63-1)*56,0) -> 16.59448 | E63: =OFFSET('84p trace'!$S$56,(A63-1)*56,0)-OFFSET('84p stat'!$H$1,A63*20,0) -> 268.57365 | F63: =OFFSET('84p stat'!$H$1,A63*20,0)-OFFSET('84p stat'!$K$1,A63*20,0) -> 4.543352 | G63: =OFFSET('84p stat'!$K$1,A63*20,0)-OFFSET('84p stat'!$N$1,A63*20,0) -> 301.89324 | H63: =OFFSET('84p stat'!$N$1,A63*20,0) -> 228.42377 | J63: =SUM(E63:H63) -> 803.434 | K63: =G63/J63 -> 0.37575362 | L63: =$K$29*POWER(K63,2)*SQRT(G191/(POWER(G63,2)*$L$29)+J191/(POWER(J63,2)*$L$29)) -> 0
A64: 34 | C64: =OFFSET('84p stat'!$A$1,A64*20,0) -> CUDA opt Const | D64: =OFFSET('84p trace'!$R$56,(A64-1)*56,0)-OFFSET('84p trace'!$S$56,(A64-1)*56,0) -> 16.51732 | E64: =OFFSET('84p trace'!$S$56,(A64-1)*56,0)-OFFSET('84p stat'!$H$1,A64*20,0) -> 35.288431 | F64: =OFFSET('84p stat'!$H$1,A64*20,0)-OFFSET('84p stat'!$K$1,A64*20,0) -> 482.85147 | G64: =OFFSET('84p stat'!$K$1,A64*20,0)-OFFSET('84p stat'!$N$1,A64*20,0) -> 408.24576 | H64: =OFFSET('84p stat'!$N$1,A64*20,0) -> 0 | J64: =SUM(E64:H64) -> 926.38566 | K64: =G64/J64 -> 0.44068661 | L64: =$K$29*POWER(K64,2)*SQRT(G192/(POWER(G64,2)*$L$29)+J192/(POWER(J64,2)*$L$29)) -> #VALUE!
A65: 35 | C65: =OFFSET('84p stat'!$A$1,A65*20,0) -> CUDA opt ant Const | D65: =OFFSET('84p trace'!$R$56,(A65-1)*56,0)-OFFSET('84p trace'!$S$56,(A65-1)*56,0) -> 16.52282 | E65: =OFFSET('84p trace'!$S$56,(A65-1)*56,0)-OFFSET('84p stat'!$H$1,A65*20,0) -> 34.933526 | F65: =OFFSET('84p stat'!$H$1,A65*20,0)-OFFSET('84p stat'!$K$1,A65*20,0) -> 477.42957 | G65: =OFFSET('84p stat'!$K$1,A65*20,0)-OFFSET('84p stat'!$N$1,A65*20,0) -> 226.44371 | H65: =OFFSET('84p stat'!$N$1,A65*20,0) -> 0 | J65: =SUM(E65:H65) -> 738.8068 | K65: =G65/J65 -> 0.30649922 | L65: =$K$29*POWER(K65,2)*SQRT(G193/(POWER(G65,2)*$L$29)+J193/(POWER(J65,2)*$L$29)) -> 8.0590851e-05
A66: 36 | C66: =OFFSET('84p stat'!$A$1,A66*20,0) -> CUDA opt ant par Const | D66: =OFFSET('84p trace'!$R$56,(A66-1)*56,0)-OFFSET('84p trace'!$S$56,(A66-1)*56,0) -> 16.62154 | E66: =OFFSET('84p trace'!$S$56,(A66-1)*56,0)-OFFSET('84p stat'!$H$1,A66*20,0) -> 34.814231 | F66: =OFFSET('84p stat'!$H$1,A66*20,0)-OFFSET('84p stat'!$K$1,A66*20,0) -> 310.97354 | G66: =OFFSET('84p stat'!$K$1,A66*20,0)-OFFSET('84p stat'!$N$1,A66*20,0) -> 226.68631 | H66: =OFFSET('84p stat'!$N$1,A66*20,0) -> 0 | J66: =SUM(E66:H66) -> 572.47408 | K66: =G66/J66 -> 0.39597654 | L66: =$K$29*POWER(K66,2)*SQRT(G194/(POWER(G66,2)*$L$29)+J194/(POWER(J66,2)*$L$29)) -> #VALUE!
A67: 37 | C67: =OFFSET('84p stat'!$A$1,A67*20,0) -> CUDA ant par global | D67: =OFFSET('84p trace'!$R$56,(A67-1)*56,0)-OFFSET('84p trace'!$S$56,(A67-1)*56,0) -> 15.7608 | E67: =OFFSET('84p trace'!$S$56,(A67-1)*56,0)-OFFSET('84p stat'!$H$1,A67*20,0) -> 35.629237 | F67: =OFFSET('84p stat'!$H$1,A67*20,0)-OFFSET('84p stat'!$K$1,A67*20,0) -> 15.936957 | G67: =OFFSET('84p stat'!$K$1,A67*20,0)-OFFSET('84p stat'!$N$1,A67*20,0) -> 274.82554 | H67: =OFFSET('84p stat'!$N$1,A67*20,0) -> 299.48722 | J67: =SUM(E67:H67) -> 625.87896 | K67: =G67/J67 -> 0.43910334 | L67: =$K$29*POWER(K67,2)*SQRT(G195/(POWER(G67,2)*$L$29)+J195/(POWER(J67,2)*$L$29)) -> #VALUE!
A68: 38 | C68: =OFFSET('84p stat'!$A$1,A68*20,0) -> CUDA ant add CPU Time global | D68: =OFFSET('84p trace'!$R$56,(A68-1)*56,0)-OFFSET('84p trace'!$S$56,(A68-1)*56,0) -> 16.22474 | E68: =OFFSET('84p trace'!$S$56,(A68-1)*56,0)-OFFSET('84p stat'!$H$1,A68*20,0) -> 267.97806 | F68: =OFFSET('84p stat'!$H$1,A68*20,0)-OFFSET('84p stat'!$K$1,A68*20,0) -> 4.780896 | G68: =OFFSET('84p stat'!$K$1,A68*20,0)-OFFSET('84p stat'!$N$1,A68*20,0) -> 349.59568 | H68: =OFFSET('84p stat'!$N$1,A68*20,0) -> 228.69 | J68: =SUM(E68:H68) -> 851.04464 | K68: =G68/J68 -> 0.41078419 | L68: =$K$29*POWER(K68,2)*SQRT(G196/(POWER(G68,2)*$L$29)+J196/(POWER(J68,2)*$L$29)) -> #VALUE!
A69: 39 | C69: =OFFSET('84p stat'!$A$1,A69*20,0) -> CUDA opt ant par global | D69: =OFFSET('84p trace'!$R$56,(A69-1)*56,0)-OFFSET('84p trace'!$S$56,(A69-1)*56,0) -> 16.21886 | E69: =OFFSET('84p trace'!$S$56,(A69-1)*56,0)-OFFSET('84p stat'!$H$1,A69*20,0) -> 35.184639 | F69: =OFFSET('84p stat'!$H$1,A69*20,0)-OFFSET('84p stat'!$K$1,A69*20,0) -> 311.11501 | G69: =OFFSET('84p stat'!$K$1,A69*20,0)-OFFSET('84p stat'!$N$1,A69*20,0) -> 274.67111 | H69: =OFFSET('84p stat'!$N$1,A69*20,0) -> 0 | J69: =SUM(E69:H69) -> 620.97076 | K69: =G69/J69 -> 0.44232535 | L69: =$K$29*POWER(K69,2)*SQRT(G197/(POWER(G69,2)*$L$29)+J197/(POWER(J69,2)*$L$29)) -> #VALUE!
A70: 40 | C70: =OFFSET('84p stat'!$A$1,A70*20,0) -> 0 | D70: =OFFSET('84p trace'!$R$56,(A70-1)*56,0)-OFFSET('84p trace'!$S$56,(A70-1)*56,0) -> #DIV/0! | E70: =OFFSET('84p trace'!$S$56,(A70-1)*56,0)-OFFSET('84p stat'!$H$1,A70*20,0) -> #DIV/0! | F70: =OFFSET('84p stat'!$H$1,A70*20,0)-OFFSET('84p stat'!$K$1,A70*20,0) -> 0 | G70: =OFFSET('84p stat'!$K$1,A70*20,0)-OFFSET('84p stat'!$N$1,A70*20,0) -> 0 | H70: =OFFSET('84p stat'!$N$1,A70*20,0) -> 0 | J70: =SUM(E70:H70) -> #DIV/0! | K70: =G70/J70 -> #DIV/0! | L70: =$K$29*POWER(K70,2)*SQRT(G198/(POWER(G70,2)*$L$29)+J198/(POWER(J70,2)*$L$29)) -> #DIV/0!
A71: 41 | C71: =OFFSET('84p stat'!$A$1,A71*20,0) -> 0 | D71: =OFFSET('84p trace'!$R$56,(A71-1)*56,0)-OFFSET('84p trace'!$S$56,(A71-1)*56,0) -> #DIV/0! | E71: =OFFSET('84p trace'!$S$56,(A71-1)*56,0)-OFFSET('84p stat'!$H$1,A71*20,0) -> #DIV/0! | F71: =OFFSET('84p stat'!$H$1,A71*20,0)-OFFSET('84p stat'!$K$1,A71*20,0) -> 0 | G71: =OFFSET('84p stat'!$K$1,A71*20,0)-OFFSET('84p stat'!$N$1,A71*20,0) -> 0 | H71: =OFFSET('84p stat'!$N$1,A71*20,0) -> 0 | J71: =SUM(E71:H71) -> #DIV/0! | K71: =G71/J71 -> #DIV/0! | L71: =$K$29*POWER(K71,2)*SQRT(G199/(POWER(G71,2)*$L$29)+J199/(POWER(J71,2)*$L$29)) -> #DIV/0!
... A80: 50 | C80: =OFFSET('84p stat'!$A$1,A80*20,0) -> 0 | D80: =OFFSET('84p trace'!$R$56,(A80-1)*56,0)-OFFSET('84p trace'!$S$56,(A80-1)*56,0) -> 0 | E80: =OFFSET('84p trace'!$S$56,(A80-1)*56,0)-OFFSET('84p stat'!$H$1,A80*20,0) -> 0 | F80: =OFFSET('84p stat'!$H$1,A80*20,0)-OFFSET('84p stat'!$K$1,A80*20,0) -> 0 | G80: =OFFSET('84p stat'!$K$1,A80*20,0)-OFFSET('84p stat'!$N$1,A80*20,0) -> 0 | H80: =OFFSET('84p stat'!$N$1,A80*20,0) -> 0 | J80: =SUM(E80:H80) -> 0 | K80: =G80/J80 -> #DIV/0! | L80: =$K$29*POWER(K80,2)*SQRT(G208/(POWER(G80,2)*$L$29)+J208/(POWER(J80,2)*$L$29)) -> #DIV/0!
D82: накопительная
D83: T_start | E83: T_Delt | F83: T1 | G83: T2 | H83: T3
A84: 1 | C84: =OFFSET('84p stat'!$A$1,A84*20,0) -> CUDA Time | D84: =OFFSET('84p trace'!$R$56,(A84-1)*56,0) -> 1421.966 | E84: =OFFSET('84p trace'!$S$56,(A84-1)*56,0) -> 1404.4614 | F84: =OFFSET('84p stat'!$H$1,A84*20,0) -> 1368.6172 | G84: =OFFSET('84p stat'!$K$1,A84*20,0) -> 1352.3111 | H84: =OFFSET('84p stat'!$N$1,A84*20,0) -> 507.03431
A85: 2 | C85: =OFFSET('84p stat'!$A$1,A85*20,0) -> CUDA | D85: =OFFSET('84p trace'!$R$56,(A85-1)*56,0) -> 1495.8484 | E85: =OFFSET('84p trace'!$S$56,(A85-1)*56,0) -> 0 | F85: =OFFSET('84p stat'!$H$1,A85*20,0) -> 0 | G85: =OFFSET('84p stat'!$K$1,A85*20,0) -> 0 | H85: =OFFSET('84p stat'!$N$1,A85*20,0) -> 0
A86: 3 | C86: =OFFSET('84p stat'!$A$1,A86*20,0) -> CUDA non hash | D86: =OFFSET('84p trace'!$R$56,(A86-1)*56,0) -> 5397.5522 | E86: =OFFSET('84p trace'!$S$56,(A86-1)*56,0) -> 5395.613 | F86: =OFFSET('84p stat'!$H$1,A86*20,0) -> 5273.0701 | G86: =OFFSET('84p stat'!$K$1,A86*20,0) -> 5242.809 | H86: =OFFSET('84p stat'!$N$1,A86*20,0) -> 1006.8183
A87: 4 | C87: =OFFSET('84p stat'!$A$1,A87*20,0) -> CUDA ant | D87: =OFFSET('84p trace'!$R$56,(A87-1)*56,0) -> 849.75326 | E87: =OFFSET('84p trace'!$S$56,(A87-1)*56,0) -> 832.1919 | F87: =OFFSET('84p stat'!$H$1,A87*20,0) -> 796.7473 | G87: =OFFSET('84p stat'!$K$1,A87*20,0) -> 767.42852 | H87: =OFFSET('84p stat'!$N$1,A87*20,0) -> 521.7382
A88: 5 | C88: =OFFSET('84p stat'!$A$1,A88*20,0) -> CUDA ant par | D88: =OFFSET('84p trace'!$R$56,(A88-1)*56,0) -> 633.93616 | E88: =OFFSET('84p trace'!$S$56,(A88-1)*56,0) -> 616.37872 | F88: =OFFSET('84p stat'!$H$1,A88*20,0) -> 581.08886 | G88: =OFFSET('84p stat'!$K$1,A88*20,0) -> 565.18092 | H88: =OFFSET('84p stat'!$N$1,A88*20,0) -> 319.34852
A89: 6 | C89: =OFFSET('84p stat'!$A$1,A89*20,0) -> CUDA ant non hash | D89: =OFFSET('84p trace'!$R$56,(A89-1)*56,0) -> 793.3671 | E89: =OFFSET('84p trace'!$S$56,(A89-1)*56,0) -> 775.8259 | F89: =OFFSET('84p stat'!$H$1,A89*20,0) -> 740.34054 | G89: =OFFSET('84p stat'!$K$1,A89*20,0) -> 711.01881 | H89: =OFFSET('84p stat'!$N$1,A89*20,0) -> 521.61487
A90: 7 | C90: =OFFSET('84p stat'!$A$1,A90*20,0) -> CUDA ant add CPU Time | D90: =OFFSET('84p trace'!$R$56,(A90-1)*56,0) -> 869.32346 | E90: =OFFSET('84p trace'!$S$56,(A90-1)*56,0) -> 851.82906 | F90: =OFFSET('84p stat'!$H$1,A90*20,0) -> 584.88313 | G90: =OFFSET('84p stat'!$K$1,A90*20,0) -> 580.23402 | H90: =OFFSET('84p stat'!$N$1,A90*20,0) -> 245.2706
A91: 8 | C91: =OFFSET('84p stat'!$A$1,A91*20,0) -> CUDA ant add CPU | D91: =OFFSET('84p trace'!$R$56,(A91-1)*56,0) -> 878.05144 | E91: =OFFSET('84p trace'!$S$56,(A91-1)*56,0) -> 0 | F91: =OFFSET('84p stat'!$H$1,A91*20,0) -> 0 | G91: =OFFSET('84p stat'!$K$1,A91*20,0) -> 0 | H91: =OFFSET('84p stat'!$N$1,A91*20,0) -> 0
A92: 9 | C92: =OFFSET('84p stat'!$A$1,A92*20,0) -> CUDA ant add CPU non hash | D92: =OFFSET('84p trace'!$R$56,(A92-1)*56,0) -> 878.18626 | E92: =OFFSET('84p trace'!$S$56,(A92-1)*56,0) -> 859.74508 | F92: =OFFSET('84p stat'!$H$1,A92*20,0) -> 567.31302 | G92: =OFFSET('84p stat'!$K$1,A92*20,0) -> 562.84614 | H92: =OFFSET('84p stat'!$N$1,A92*20,0) -> 245.63201
A93: 10 | C93: =OFFSET('84p stat'!$A$1,A93*20,0) -> CUDA ant add CPU12 | D93: =OFFSET('84p trace'!$R$56,(A93-1)*56,0) -> 5669.3776 | E93: =OFFSET('84p trace'!$S$56,(A93-1)*56,0) -> 5617.9286 | F93: =OFFSET('84p stat'!$H$1,A93*20,0) -> 5608.4879 | G93: =OFFSET('84p stat'!$K$1,A93*20,0) -> 5578.6538 | H93: =OFFSET('84p stat'!$N$1,A93*20,0) -> 636.03689
A94: 11 | C94: =OFFSET('84p stat'!$A$1,A94*20,0) -> CUDA opt | D94: =OFFSET('84p trace'!$R$56,(A94-1)*56,0) -> 1482.3442 | E94: =OFFSET('84p trace'!$S$56,(A94-1)*56,0) -> 0 | F94: =OFFSET('84p stat'!$H$1,A94*20,0) -> 0 | G94: =OFFSET('84p stat'!$K$1,A94*20,0) -> 0 | H94: =OFFSET('84p stat'!$N$1,A94*20,0) -> 0
A95: 12 | C95: =OFFSET('84p stat'!$A$1,A95*20,0) -> CUDA opt Time | D95: =OFFSET('84p trace'!$R$56,(A95-1)*56,0) -> 1419.6588 | E95: =OFFSET('84p trace'!$S$56,(A95-1)*56,0) -> 1401.6778 | F95: =OFFSET('84p stat'!$H$1,A95*20,0) -> 1366.0523 | G95: =OFFSET('84p stat'!$K$1,A95*20,0) -> 845.48616 | H95: =OFFSET('84p stat'!$N$1,A95*20,0) -> 0
... A133: 50 | C133: =OFFSET('84p stat'!$A$1,A133*20,0) -> 0 | D133: =OFFSET('84p trace'!$R$56,(A133-1)*56,0) -> 0 | E133: =OFFSET('84p trace'!$S$56,(A133-1)*56,0) -> 0 | F133: =OFFSET('84p stat'!$H$1,A133*20,0) -> 0 | G133: =OFFSET('84p stat'!$K$1,A133*20,0) -> 0 | H133: =OFFSET('84p stat'!$N$1,A133*20,0) -> 0
C136: Дисперсия
D137: T_start | E137: T_Delt | F137: T1 | G137: T2 | H137: T3 | J137: summ
A138: 1 | C138: =OFFSET('84p stat'!$A$1,A138*20,0) -> CUDA Time | D138: =OFFSET('84p trace'!$U$56,(A31-1)*56,0) -> 2.944012 | E138: =OFFSET('84p trace'!$V$56,(A31-1)*56,0) -> 3.205576 | F138: =OFFSET('84p stat'!$H$1,A138*20,1) -> 3.144374 | G138: =OFFSET('84p stat'!$K$1,A138*20,1) -> 3.139949 | H138: =OFFSET('84p stat'!$N$1,A138*20,1) -> 2.490972 | J138: =SUM(D138:H138) -> 14.924883
A139: 2 | C139: =OFFSET('84p stat'!$A$1,A139*20,0) -> CUDA | D139: =OFFSET('84p trace'!$U$56,(A32-1)*56,0) -> 158.95253 | E139: =OFFSET('84p trace'!$V$56,(A32-1)*56,0) -> 0 | F139: =OFFSET('84p stat'!$H$1,A139*20,1) -> 0 | G139: =OFFSET('84p stat'!$K$1,A139*20,1) -> 0 | H139: =OFFSET('84p stat'!$N$1,A139*20,1) -> 0 | J139: =SUM(D139:H139) -> 158.95253
A140: 3 | C140: =OFFSET('84p stat'!$A$1,A140*20,0) -> CUDA non hash | D140: =OFFSET('84p trace'!$U$56,(A33-1)*56,0) -> 154.24875 | E140: =OFFSET('84p trace'!$V$56,(A33-1)*56,0) -> 154.24966 | F140: =OFFSET('84p stat'!$H$1,A140*20,1) -> 72.719298 | G140: =OFFSET('84p stat'!$K$1,A140*20,1) -> 72.254369 | H140: =OFFSET('84p stat'!$N$1,A140*20,1) -> 43.380544 | J140: =SUM(D140:H140) -> 496.85262
A141: 4 | C141: =OFFSET('84p stat'!$A$1,A141*20,0) -> CUDA ant | D141: =OFFSET('84p trace'!$U$56,(A34-1)*56,0) -> 0.48193567 | E141: =OFFSET('84p trace'!$V$56,(A34-1)*56,0) -> 0.23759845 | F141: =OFFSET('84p stat'!$H$1,A141*20,1) -> 0.163808 | G141: =OFFSET('84p stat'!$K$1,A141*20,1) -> 0.158616 | H141: =OFFSET('84p stat'!$N$1,A141*20,1) -> 0.074478 | J141: =SUM(D141:H141) -> 1.1164361
A142: 5 | C142: =OFFSET('84p stat'!$A$1,A142*20,0) -> CUDA ant par | D142: =OFFSET('84p trace'!$U$56,(A35-1)*56,0) -> 0.26542129 | E142: =OFFSET('84p trace'!$V$56,(A35-1)*56,0) -> 0.20595288 | F142: =OFFSET('84p stat'!$H$1,A142*20,1) -> 0.207092 | G142: =OFFSET('84p stat'!$K$1,A142*20,1) -> 0.205549 | H142: =OFFSET('84p stat'!$N$1,A142*20,1) -> 0.085906 | J142: =SUM(D142:H142) -> 0.96992118
A143: 6 | C143: =OFFSET('84p stat'!$A$1,A143*20,0) -> CUDA ant non hash | D143: =OFFSET('84p trace'!$U$56,(A36-1)*56,0) -> 0.09793909 | E143: =OFFSET('84p trace'!$V$56,(A36-1)*56,0) -> 0.06487965 | F143: =OFFSET('84p stat'!$H$1,A143*20,1) -> 0.060972 | G143: =OFFSET('84p stat'!$K$1,A143*20,1) -> 0.055547 | H143: =OFFSET('84p stat'!$N$1,A143*20,1) -> 0.031265 | J143: =SUM(D143:H143) -> 0.31060274
A144: 7 | C144: =OFFSET('84p stat'!$A$1,A144*20,0) -> CUDA ant add CPU Time | D144: =OFFSET('84p trace'!$U$56,(A37-1)*56,0) -> 0.55082421 | E144: =OFFSET('84p trace'!$V$56,(A37-1)*56,0) -> 0.54460814 | F144: =OFFSET('84p stat'!$H$1,A144*20,1) -> 0.224168 | G144: =OFFSET('84p stat'!$K$1,A144*20,1) -> 0.226845 | H144: =OFFSET('84p stat'!$N$1,A144*20,1) -> 0.006276 | J144: =SUM(D144:H144) -> 1.5527213
A145: 8 | C145: =OFFSET('84p stat'!$A$1,A145*20,0) -> CUDA ant add CPU | D145: =OFFSET('84p trace'!$U$56,(A38-1)*56,0) -> 6.5293599 | E145: =OFFSET('84p trace'!$V$56,(A38-1)*56,0) -> 0 | F145: =OFFSET('84p stat'!$H$1,A145*20,1) -> 0 | G145: =OFFSET('84p stat'!$K$1,A145*20,1) -> 0 | H145: =OFFSET('84p stat'!$N$1,A145*20,1) -> 0 | J145: =SUM(D145:H145) -> 6.5293599
A146: 9 | C146: =OFFSET('84p stat'!$A$1,A146*20,0) -> CUDA ant add CPU non hash | D146: =OFFSET('84p trace'!$U$56,(A39-1)*56,0) -> 280.26348 | E146: =OFFSET('84p trace'!$V$56,(A39-1)*56,0) -> 274.7859 | F146: =OFFSET('84p stat'!$H$1,A146*20,1) -> 102.24133 | G146: =OFFSET('84p stat'!$K$1,A146*20,1) -> 102.32136 | H146: =OFFSET('84p stat'!$N$1,A146*20,1) -> 0.07556 | J146: =SUM(D146:H146) -> 759.68762
A147: 10 | C147: =OFFSET('84p stat'!$A$1,A147*20,0) -> CUDA ant add CPU12 | D147: =OFFSET('84p trace'!$U$56,(A40-1)*56,0) -> 247.21821 | E147: =OFFSET('84p trace'!$V$56,(A40-1)*56,0) -> 247.56654 | F147: =OFFSET('84p stat'!$H$1,A147*20,1) -> 247.6915 | G147: =OFFSET('84p stat'!$K$1,A147*20,1) -> 247.67834 | H147: =OFFSET('84p stat'!$N$1,A147*20,1) -> 0.110302 | J147: =SUM(D147:H147) -> 990.26488
A148: 11 | C148: =OFFSET('84p stat'!$A$1,A148*20,0) -> CUDA opt | D148: =OFFSET('84p trace'!$U$56,(A41-1)*56,0) -> 168.1077 | E148: =OFFSET('84p trace'!$V$56,(A41-1)*56,0) -> 0 | F148: =OFFSET('84p stat'!$H$1,A148*20,1) -> 0 | G148: =OFFSET('84p stat'!$K$1,A148*20,1) -> 0 | H148: =OFFSET('84p stat'!$N$1,A148*20,1) -> 0 | J148: =SUM(D148:H148) -> 168.1077
A149: 12 | C149: =OFFSET('84p stat'!$A$1,A149*20,0) -> CUDA opt Time | D149: =OFFSET('84p trace'!$U$56,(A42-1)*56,0) -> 6.1007906 | E149: =OFFSET('84p trace'!$V$56,(A42-1)*56,0) -> 6.1657372 | F149: =OFFSET('84p stat'!$H$1,A149*20,1) -> 6.174786 | G149: =OFFSET('84p stat'!$K$1,A149*20,1) -> 0.10732 | H149: =OFFSET('84p stat'!$N$1,A149*20,1) -> 0 | J149: =SUM(D149:H149) -> 18.548634
...

Sheet 168p stat
A2: CUDA Time | B2: 1 | C2: 25 | D2: Duration Mean: | E2: 0 | F2: 0 | G2: GPU Time 1 Mean: | H2: 92.873628 | I2: 0.00334 | J2: GPU Time 2 Mean: | K2: 91.733768 | L2: 0.003299 | M2: GPU Time 3 Mean: | N2: 25.933781 | O2: 0.001776 | P2: GPU Time 4 Mean: | Q2: 0 | R2: 0 | S2: GPU Time 5 Mean: | T2: 0 | U2: 0 | V2: GPU Time 6 Mean: | W2: 0 | X2: 0 | Y2: GPU Time 7 Mean: | Z2: 0 | AA2: 0 | AB2: GPU Time 8 Mean: | AC2: 0 | AD2: 0 | AE2: Global Min Mean: | AF2: 1 | AG2: 0 | AH2: Global Max Mean: | AI2: 1 | AJ2: 0 | AK2: Hash Fail Count Mean: | AL2: 0 | AM2: 0
A3: CUDA Time | B3: 2 | C3: 50 | D3: Duration Mean: | E3: 0 | F3: 0 | G3: GPU Time 1 Mean: | H3: 185.9715 | I3: 0.019803 | J3: GPU Time 2 Mean: | K3: 183.69814 | L3: 0.01957 | M3: GPU Time 3 Mean: | N3: 52.117766 | O3: 0.012723 | P3: GPU Time 4 Mean: | Q3: 0 | R3: 0 | S3: GPU Time 5 Mean: | T3: 0 | U3: 0 | V3: GPU Time 6 Mean: | W3: 0 | X3: 0 | Y3: GPU Time 7 Mean: | Z3: 0 | AA3: 0 | AB3: GPU Time 8 Mean: | AC3: 0 | AD3: 0 | AE3: Global Min Mean: | AF3: 1 | AG3: 0 | AH3: Global Max Mean: | AI3: 1 | AJ3: 0 | AK3: Hash Fail Count Mean: | AL3: 0 | AM3: 0
A4: CUDA Time | B4: 3 | C4: 75 | D4: Duration Mean: | E4: 0 | F4: 0 | G4: GPU Time 1 Mean: | H4: 279.07298 | I4: 0.056998 | J4: GPU Time 2 Mean: | K4: 275.66607 | L4: 0.056609 | M4: GPU Time 3 Mean: | N4: 78.302264 | O4: 0.040538 | P4: GPU Time 4 Mean: | Q4: 0 | R4: 0 | S4: GPU Time 5 Mean: | T4: 0 | U4: 0 | V4: GPU Time 6 Mean: | W4: 0 | X4: 0 | Y4: GPU Time 7 Mean: | Z4: 0 | AA4: 0 | AB4: GPU Time 8 Mean: | AC4: 0 | AD4: 0 | AE4: Global Min Mean: | AF4: 1 | AG4: 0 | AH4: Global Max Mean: | AI4: 1 | AJ4: 0 | AK4: Hash Fail Count Mean: | AL4: 0 | AM4: 0
A5: CUDA Time | B5: 4 | C5: 100 | D5: Duration Mean: | E5: 0 | F5: 0 | G5: GPU Time 1 Mean: | H5: 372.17519 | I5: 0.114327 | J5: GPU Time 2 Mean: | K5: 367.63416 | L5: 0.113996 | M5: GPU Time 3 Mean: | N5: 104.48846 | O5: 0.083369 | P5: GPU Time 4 Mean: | Q5: 0 | R5: 0 | S5: GPU Time 5 Mean: | T5: 0 | U5: 0 | V5: GPU Time 6 Mean: | W5: 0 | X5: 0 | Y5: GPU Time 7 Mean: | Z5: 0 | AA5: 0 | AB5: GPU Time 8 Mean: | AC5: 0 | AD5: 0 | AE5: Global Min Mean: | AF5: 1 | AG5: 0 | AH5: Global Max Mean: | AI5: 1 | AJ5: 0 | AK5: Hash Fail Count Mean: | AL5: 0 | AM5: 0
A6: CUDA Time | B6: 5 | C6: 125 | D6: Duration Mean: | E6: 0 | F6: 0 | G6: GPU Time 1 Mean: | H6: 465.2711 | I6: 0.191337 | J6: GPU Time 2 Mean: | K6: 459.59742 | L6: 0.190657 | M6: GPU Time 3 Mean: | N6: 130.6711 | O6: 0.140726 | P6: GPU Time 4 Mean: | Q6: 0 | R6: 0 | S6: GPU Time 5 Mean: | T6: 0 | U6: 0 | V6: GPU Time 6 Mean: | W6: 0 | X6: 0 | Y6: GPU Time 7 Mean: | Z6: 0 | AA6: 0 | AB6: GPU Time 8 Mean: | AC6: 0 | AD6: 0 | AE6: Global Min Mean: | AF6: 1 | AG6: 0 | AH6: Global Max Mean: | AI6: 1 | AJ6: 0 | AK6: Hash Fail Count Mean: | AL6: 0 | AM6: 0
A7: CUDA Time | B7: 6 | C7: 150 | D7: Duration Mean: | E7: 0 | F7: 0 | G7: GPU Time 1 Mean: | H7: 558.36972 | I7: 0.285295 | J7: GPU Time 2 Mean: | K7: 551.56292 | L7: 0.284685 | M7: GPU Time 3 Mean: | N7: 156.85797 | O7: 0.215094 | P7: GPU Time 4 Mean: | Q7: 0 | R7: 0 | S7: GPU Time 5 Mean: | T7: 0 | U7: 0 | V7: GPU Time 6 Mean: | W7: 0 | X7: 0 | Y7: GPU Time 7 Mean: | Z7: 0 | AA7: 0 | AB7: GPU Time 8 Mean: | AC7: 0 | AD7: 0 | AE7: Global Min Mean: | AF7: 1 | AG7: 0 | AH7: Global Max Mean: | AI7: 1 | AJ7: 0 | AK7: Hash Fail Count Mean: | AL7: 0 | AM7: 0
A8: CUDA Time | B8: 7 | C8: 175 | D8: Duration Mean: | E8: 0 | F8: 0 | G8: GPU Time 1 Mean: | H8: 651.47703 | I8: 0.395746 | J8: GPU Time 2 Mean: | K8: 643.53698 | L8: 0.394328 | M8: GPU Time 3 Mean: | N8: 183.05114 | O8: 0.30341 | P8: GPU Time 4 Mean: | Q8: 0 | R8: 0 | S8: GPU Time 5 Mean: | T8: 0 | U8: 0 | V8: GPU Time 6 Mean: | W8: 0 | X8: 0 | Y8: GPU Time 7 Mean: | Z8: 0 | AA8: 0 | AB8: GPU Time 8 Mean: | AC8: 0 | AD8: 0 | AE8: Global Min Mean: | AF8: 1 | AG8: 0 | AH8: Global Max Mean: | AI8: 1 | AJ8: 0 | AK8: Hash Fail Count Mean: | AL8: 0 | AM8: 0
A9: CUDA Time | B9: 8 | C9: 200 | D9: Duration Mean: | E9: 0 | F9: 0 | G9: GPU Time 1 Mean: | H9: 744.56188 | I9: 0.519784 | J9: GPU Time 2 Mean: | K9: 735.48964 | L9: 0.517961 | M9: GPU Time 3 Mean: | N9: 209.22306 | O9: 0.401136 | P9: GPU Time 4 Mean: | Q9: 0 | R9: 0 | S9: GPU Time 5 Mean: | T9: 0 | U9: 0 | V9: GPU Time 6 Mean: | W9: 0 | X9: 0 | Y9: GPU Time 7 Mean: | Z9: 0 | AA9: 0 | AB9: GPU Time 8 Mean: | AC9: 0 | AD9: 0 | AE9: Global Min Mean: | AF9: 1 | AG9: 0 | AH9: Global Max Mean: | AI9: 1 | AJ9: 0 | AK9: Hash Fail Count Mean: | AL9: 0 | AM9: 0
A10: CUDA Time | B10: 9 | C10: 225 | D10: Duration Mean: | E10: 0 | F10: 0 | G10: GPU Time 1 Mean: | H10: 837.66227 | I10: 0.668797 | J10: GPU Time 2 Mean: | K10: 827.45707 | L10: 0.666379 | M10: GPU Time 3 Mean: | N10: 235.41154 | O10: 0.52009 | P10: GPU Time 4 Mean: | Q10: 0 | R10: 0 | S10: GPU Time 5 Mean: | T10: 0 | U10: 0 | V10: GPU Time 6 Mean: | W10: 0 | X10: 0 | Y10: GPU Time 7 Mean: | Z10: 0 | AA10: 0 | AB10: GPU Time 8 Mean: | AC10: 0 | AD10: 0 | AE10: Global Min Mean: | AF10: 1 | AG10: 0 | AH10: Global Max Mean: | AI10: 1 | AJ10: 0 | AK10: Hash Fail Count Mean: | AL10: 0 | AM10: 0
A11: CUDA Time | B11: 10 | C11: 250 | D11: Duration Mean: | E11: 0 | F11: 0 | G11: GPU Time 1 Mean: | H11: 930.76222 | I11: 0.820066 | J11: GPU Time 2 Mean: | K11: 919.42359 | L11: 0.817191 | M11: GPU Time 3 Mean: | N11: 261.5928 | O11: 0.647695 | P11: GPU Time 4 Mean: | Q11: 0 | R11: 0 | S11: GPU Time 5 Mean: | T11: 0 | U11: 0 | V11: GPU Time 6 Mean: | W11: 0 | X11: 0 | Y11: GPU Time 7 Mean: | Z11: 0 | AA11: 0 | AB11: GPU Time 8 Mean: | AC11: 0 | AD11: 0 | AE11: Global Min Mean: | AF11: 1 | AG11: 0 | AH11: Global Max Mean: | AI11: 1 | AJ11: 0 | AK11: Hash Fail Count Mean: | AL11: 0 | AM11: 0
A12: CUDA Time | B12: 11 | C12: 275 | D12: Duration Mean: | E12: 0 | F12: 0 | G12: GPU Time 1 Mean: | H12: 1023.8583 | I12: 1.008006 | J12: GPU Time 2 Mean: | K12: 1011.3866 | L12: 1.004304 | M12: GPU Time 3 Mean: | N12: 287.77769 | O12: 0.799919 | P12: GPU Time 4 Mean: | Q12: 0 | R12: 0 | S12: GPU Time 5 Mean: | T12: 0 | U12: 0 | V12: GPU Time 6 Mean: | W12: 0 | X12: 0 | Y12: GPU Time 7 Mean: | Z12: 0 | AA12: 0 | AB12: GPU Time 8 Mean: | AC12: 0 | AD12: 0 | AE12: Global Min Mean: | AF12: 1 | AG12: 0 | AH12: Global Max Mean: | AI12: 1 | AJ12: 0 | AK12: Hash Fail Count Mean: | AL12: 0 | AM12: 0
A13: CUDA Time | B13: 12 | C13: 300 | D13: Duration Mean: | E13: 0 | F13: 0 | G13: GPU Time 1 Mean: | H13: 1116.9541 | I13: 1.205092 | J13: GPU Time 2 Mean: | K13: 1103.3497 | L13: 1.199569 | M13: GPU Time 3 Mean: | N13: 313.95801 | O13: 0.962796 | P13: GPU Time 4 Mean: | Q13: 0 | R13: 0 | S13: GPU Time 5 Mean: | T13: 0 | U13: 0 | V13: GPU Time 6 Mean: | W13: 0 | X13: 0 | Y13: GPU Time 7 Mean: | Z13: 0 | AA13: 0 | AB13: GPU Time 8 Mean: | AC13: 0 | AD13: 0 | AE13: Global Min Mean: | AF13: 1 | AG13: 0 | AH13: Global Max Mean: | AI13: 1 | AJ13: 0 | AK13: Hash Fail Count Mean: | AL13: 0 | AM13: 0
... A781: CUDA opt ant par global | B781: 20 | C781: 500 | D781: Duration Mean: | E781: 0 | F781: 0 | G781: GPU Time 1 Mean: | H781: 900.48136 | I781: 0.283128 | J781: GPU Time 2 Mean: | K781: 543.05348 | L781: 0.140216 | M781: GPU Time 3 Mean: | N781: 0 | O781: 0 | P781: GPU Time 4 Mean: | Q781: 0 | R781: 0 | S781: GPU Time 5 Mean: | T781: 0 | U781: 0 | V781: GPU Time 6 Mean: | W781: 0 | X781: 0 | Y781: GPU Time 7 Mean: | Z781: 0 | AA781: 0 | AB781: GPU Time 8 Mean: | AC781: 0 | AD781: 0 | AE781: Global Min Mean: | AF781: 32767 | AG781: 0 | AH781: Global Max Mean: | AI781: -32767 | AJ781: 0 | AK781: Hash Fail Count Mean: | AL781: 0.06 | AM781: 0.0564

Sheet 168p trace
A1: Device 0: Orin | B1: Max thread in blocks: 1024 Total Global Memory: 62800,6 MB Shared Memory per Block: 49152 bytes Constant Memory: 65536 bytes Registers per Block: 65536 Warp Size: 32 Compute Capability: 8,7 Can Map Host Memory: Yes Clock Rate: 1300 MHz L2 Cache Size: 4194304 bytes Multiprocessor Count: 8 | C1: Max thread in blocks by axis: (1024, 1024, 64) | D1: Max blocks by axis: (2147483647, 65535, 65535) | E1: PARAMETR_SIZE: 168 | F1: MAX_VALUE_SIZE: 5 | G1: NAME_FILE_GRAPH: Parametr_Graph/test168,txt | H1: ANT_SIZE: 500 | I1: KOL_ITERATION: 500 | J1: KOL_PROGON_STATISTICS: 50 | K1: PARAMETR_Q: 1 | L1: PARAMETR_RO: 0,999 | M1: HASH_TABLE_SIZE: 10000000 | N1: MAX_PROBES: 10000 | O1: TYPE_ACO: 1 | P1: ACOCCyN_KOL_ITERATION: 50 | Q1: PRINT_INFORMATION: false
A2: Time CUDA Time: | B2: 2027.3 | C2: 1953.64 | D2: 1916.01 | E2: 1892.66 | F2: 535.121 | G2: 0 | H2: 535.121 | I2: 1 | J2: 1 | K2: 0
A3: Time CUDA Time: | B3: 1946.53 | C3: 1898.35 | D3: 1861.71 | E3: 1839.07 | F3: 523.854 | G3: 0 | H3: 523.854 | I3: 1 | J3: 1 | K3: 0
A4: Time CUDA Time: | B4: 1915.12 | C4: 1898.8 | D4: 1862.04 | E4: 1839.4 | F4: 523.857 | G4: 0 | H4: 523.857 | I4: 1 | J4: 1 | K4: 0
A5: Time CUDA Time: | B5: 1911.86 | C5: 1896.46 | D5: 1859.91 | E5: 1837.25 | F5: 521.687 | G5: 0 | H5: 521.687 | I5: 1 | J5: 1 | K5: 0
A6: Time CUDA Time: | B6: 1912.3 | C6: 1896.42 | D6: 1859.71 | E6: 1837.04 | F6: 521.748 | G6: 0 | H6: 521.748 | I6: 1 | J6: 1 | K6: 0
A7: Time CUDA Time: | B7: 1912.74 | C7: 1896.86 | D7: 1860.62 | E7: 1838.01 | F7: 522.947 | G7: 0 | H7: 522.947 | I7: 1 | J7: 1 | K7: 0
A8: Time CUDA Time: | B8: 1910.18 | C8: 1894.72 | D8: 1858.26 | E8: 1835.61 | F8: 520.794 | G8: 0 | H8: 520.794 | I8: 1 | J8: 1 | K8: 0
A9: Time CUDA Time: | B9: 1911.15 | C9: 1895.34 | D9: 1858.92 | E9: 1836.27 | F9: 521.019 | G9: 0 | H9: 521.019 | I9: 1 | J9: 1 | K9: 0
A10: Time CUDA Time: | B10: 1912.79 | C10: 1896.92 | D10: 1860.48 | E10: 1837.8 | F10: 522.712 | G10: 0 | H10: 522.712 | I10: 1 | J10: 1 | K10: 0
A11: Time CUDA Time: | B11: 1915.89 | C11: 1900.39 | D11: 1863.85 | E11: 1841.2 | F11: 525.928 | G11: 0 | H11: 525.928 | I11: 1 | J11: 1 | K11: 0
A12: Time CUDA Time: | B12: 1911.81 | C12: 1896.3 | D12: 1859.71 | E12: 1837.06 | F12: 522.228 | G12: 0 | H12: 522.228 | I12: 1 | J12: 1 | K12: 0
A13: Time CUDA Time: | B13: 1911.55 | C13: 1896.19 | D13: 1859.75 | E13: 1837.12 | F13: 522.533 | G13: 0 | H13: 522.533 | I13: 1 | J13: 1 | K13: 0
... A54: Time CUDA Time: | B54: 1916.84 | C54: 1901.36 | D54: 1864.72 | E54: 1842.02 | F54: 526.277 | G54: 0 | H54: 526.277 | I54: 1 | J54: 1 | K54: 0
A55: Time CUDA Time: | B55: 1913.7 | C55: 1898.27 | D55: 1861.78 | E55: 1839.1 | F55: 523.323 | G55: 0 | H55: 523.323 | I55: 1 | J55: 1 | K55: 0 | R55: МО | U55: дисп | X55: CI
A56: Time CUDA Time: | B56: 1915.5 | C56: 1899.92 | D56: 1863.27 | E56: 1840.62 | F56: 524.631 | G56: 0 | H56: 524.631 | I56: 1 | J56: 1 | K56: 0 | R56: =AVERAGE(B7:B56) -> 1913.8788 | S56: =AVERAGE(C7:C56) -> 1898.2584 | U56: =_xlfn.VAR.P(B7:B56) -> 3.5823866 | V56: =_xlfn.VAR.P(C7:C56) -> 3.6244734 | X56: =1.96*SQRT(U56)/50 -> 0.074194599 | Y56: =1.96*SQRT(V56)/50 -> 0.074629156
A57: Time CUDA time: | B57: 95700.656 | C57: sec
A58: Time CUDA: | B58: 1908.76 | C58: 0 | D58: 0 | E58: 0 | F58: 0 | G58: 0 | H58: 0 | I58: 1 | J58: 1 | K58: 0
A59: Time CUDA: | B59: 1911.22 | C59: 0 | D59: 0 | E59: 0 | F59: 0 | G59: 0 | H59: 0 | I59: 1 | J59: 1 | K59: 0
A60: Time CUDA: | B60: 1912.7 | C60: 0 | D60: 0 | E60: 0 | F60: 0 | G60: 0 | H60: 0 | I60: 1 | J60: 1 | K60: 0
A61: Time CUDA: | B61: 1910.24 | C61: 0 | D61: 0 | E61: 0 | F61: 0 | G61: 0 | H61: 0 | I61: 1 | J61: 1 | K61: 0
A62: Time CUDA: | B62: 1914.87 | C62: 0 | D62: 0 | E62: 0 | F62: 0 | G62: 0 | H62: 0 | I62: 1 | J62: 1 | K62: 0
A63: Time CUDA: | B63: 1912.17 | C63: 0 | D63: 0 | E63: 0 | F63: 0 | G63: 0 | H63: 0 | I63: 1 | J63: 1 | K63: 0
A64: Time CUDA: | B64: 1910.22 | C64: 0 | D64: 0 | E64: 0 | F64: 0 | G64: 0 | H64: 0 | I64: 1 | J64: 1 | K64: 0
A65: Time CUDA: | B65: 1908.18 | C65: 0 | D65: 0 | E65: 0 | F65: 0 | G65: 0 | H65: 0 | I65: 1 | J65: 1 | K65: 0
A66: Time CUDA: | B66: 1911.64 | C66: 0 | D66: 0 | E66: 0 | F66: 0 | G66: 0 | H66: 0 | I66: 1 | J66: 1 | K66: 0
A67: Time CUDA: | B67: 1908.67 | C67: 0 | D67: 0 | E67: 0 | F67: 0 | G67: 0 | H67: 0 | I67: 1 | J67: 1 | K67: 0
A68: Time CUDA: | B68: 1911.73 | C68: 0 | D68: 0 | E68: 0 | F68: 0 | G68: 0 | H68: 0 | I68: 1 | J68: 1 | K68: 0
A69: Time CUDA: | B69: 1909.12 | C69: 0 | D69: 0 | E69: 0 | F69: 0 | G69: 0 | H69: 0 | I69: 1 | J69: 1 | K69: 0
... A110: Time CUDA: | B110: 1908.74 | C110: 0 | D110: 0 | E110: 0 | F110: 0 | G110: 0 | H110: 0 | I110: 1 | J110: 1 | K110: 0
A111: Time CUDA: | B111: 1912.41 | C111: 0 | D111: 0 | E111: 0 | F111: 0 | G111: 0 | H111: 0 | I111: 1 | J111: 1 | K111: 0 | R111: МО | U111: дисп | X111: CI
A112: Time CUDA: | B112: 1909.19 | C112: 0 | D112: 0 | E112: 0 | F112: 0 | G112: 0 | H112: 0 | I112: 1 | J112: 1 | K112: 0 | R112: =AVERAGE(B63:B112) -> 1910.122 | S112: =AVERAGE(C63:C112) -> 0 | U112: =_xlfn.VAR.P(B63:B112) -> 3.567948 | V112: =_xlfn.VAR.P(C63:C112) -> 0 | X112: =1.96*SQRT(U112)/50 -> 0.07404493 | Y112: =1.96*SQRT(V112)/50 -> 0
A113: Time CUDA: | B113: 95512.542 | C113: sec
A114: Time CUDA non hash: | B114: 1943.35 | C114: 1941.1 | D114: 1902.58 | E114: 1878.37 | F114: 518.805 | G114: 1 | H114: 1 | I114: 0
A115: Time CUDA non hash: | B115: 1947.06 | C115: 1945.61 | D115: 1907.01 | E115: 1882.82 | F115: 521.985 | G115: 1 | H115: 1 | I115: 0
A116: Time CUDA non hash: | B116: 1948.98 | C116: 1947.56 | D116: 1908.92 | E116: 1884.71 | F116: 520.583 | G116: 1 | H116: 1 | I116: 0
A117: Time CUDA non hash: | B117: 1943.08 | C117: 1941.65 | D117: 1903.05 | E117: 1878.88 | F117: 520.347 | G117: 1 | H117: 1 | I117: 0
A118: Time CUDA non hash: | B118: 1941.53 | C118: 1940.09 | D118: 1901.66 | E118: 1877.43 | F118: 518.928 | G118: 1 | H118: 1 | I118: 0
A119: Time CUDA non hash: | B119: 1942.84 | C119: 1941.4 | D119: 1902.73 | E119: 1878.53 | F119: 518.734 | G119: 1 | H119: 1 | I119: 0
A120: Time CUDA non hash: | B120: 1944.71 | C120: 1943.24 | D120: 1904.81 | E120: 1880.63 | F120: 521.428 | G120: 1 | H120: 1 | I120: 0
A121: Time CUDA non hash: | B121: 1943.68 | C121: 1942.2 | D121: 1903.76 | E121: 1879.61 | F121: 521.143 | G121: 1 | H121: 1 | I121: 0
A122: Time CUDA non hash: | B122: 1943.68 | C122: 1942.18 | D122: 1903.57 | E122: 1879.36 | F122: 520.29 | G122: 1 | H122: 1 | I122: 0
A123: Time CUDA non hash: | B123: 1946.38 | C123: 1944.87 | D123: 1906.22 | E123: 1882.08 | F123: 521.617 | G123: 1 | H123: 1 | I123: 0
A124: Time CUDA non hash: | B124: 1945.38 | C124: 1943.84 | D124: 1905.63 | E124: 1881.58 | F124: 521.791 | G124: 1 | H124: 1 | I124: 0
A125: Time CUDA non hash: | B125: 1942.96 | C125: 1941.44 | D125: 1903.23 | E125: 1879.12 | F125: 518.125 | G125: 1 | H125: 1 | I125: 0
... A166: Time CUDA non hash: | B166: 1950.51 | C166: 1949.08 | D166: 1910.62 | E166: 1886.48 | F166: 521.722 | G166: 1 | H166: 1 | I166: 0
A167: Time CUDA non hash: | B167: 1946.79 | C167: 1945.37 | D167: 1906.99 | E167: 1882.87 | F167: 518.911 | G167: 1 | H167: 1 | I167: 0 | R167: МО | U167: дисп | X167: CI
A168: Time CUDA non hash: | B168: 1947.29 | C168: 1945.84 | D168: 1907.45 | E168: 1883.33 | F168: 519.603 | G168: 1 | H168: 1 | I168: 0 | R168: =AVERAGE(B119:B168) -> 1947.0866 | S168: =AVERAGE(C119:C168) -> 1945.4854 | U168: =_xlfn.VAR.P(B119:B168) -> 5.4990944 | V168: =_xlfn.VAR.P(C119:C168) -> 5.1308728 | X168: =1.96*SQRT(U168)/50 -> 0.09192458 | Y168: =1.96*SQRT(V168)/50 -> 0.088793606
A169: Time CUDA non hash: | B169: 97359.745 | C169: sec
A170: Time CUDA ant: | B170: 1542.77 | C170: 1526.8 | D170: 1490.07 | E170: 1436.74 | F170: 997.335 | G170: 0.0108688 | H170: 0.981017 | I170: 0
A171: Time CUDA ant: | B171: 1543.01 | C171: 1526.92 | D171: 1490.34 | E171: 1437.3 | F171: 997.911 | G171: 0.0108578 | H171: 0.981018 | I171: 0
A172: Time CUDA ant: | B172: 1546.13 | C172: 1530.32 | D172: 1493.65 | E172: 1440.67 | F172: 1001.93 | G172: 0.0134135 | H172: 0.981013 | I172: 1
A173: Time CUDA ant: | B173: 1547.13 | C173: 1531.33 | D173: 1495.03 | E173: 1442.06 | F173: 1002.17 | G173: 0.0120873 | H173: 0.981013 | I173: 0
A174: Time CUDA ant: | B174: 1545.4 | C174: 1529.19 | D174: 1492.82 | E174: 1439.46 | F174: 999.73 | G174: 0.0111577 | H174: 0.993551 | I174: 0
A175: Time CUDA ant: | B175: 1545.84 | C175: 1529.65 | D175: 1493.2 | E175: 1439.69 | F175: 999.664 | G175: 0.0108597 | H175: 0.980645 | I175: 0
A176: Time CUDA ant: | B176: 1544.05 | C176: 1527.82 | D176: 1491.33 | E176: 1437.92 | F176: 998.321 | G176: 0.010857 | H176: 0.981016 | I176: 0
A177: Time CUDA ant: | B177: 1543.18 | C177: 1527.41 | D177: 1491.01 | E177: 1437.74 | F177: 998.771 | G177: 0.0108587 | H177: 0.980998 | I177: 0
A178: Time CUDA ant: | B178: 1540.44 | C178: 1524.58 | D178: 1488.22 | E178: 1434.81 | F178: 995.107 | G178: 0.0290384 | H178: 0.981019 | I178: 1
A179: Time CUDA ant: | B179: 1545.62 | C179: 1529.85 | D179: 1493.6 | E179: 1440.62 | F179: 1000.7 | G179: 0.0108637 | H179: 0.980902 | I179: 0
A180: Time CUDA ant: | B180: 1540.73 | C180: 1524.56 | D180: 1488.35 | E180: 1435.17 | F180: 995.669 | G180: 0.0184145 | H180: 0.981019 | I180: 0
A181: Time CUDA ant: | B181: 1546.24 | C181: 1530.54 | D181: 1494.08 | E181: 1441.08 | F181: 1001.41 | G181: 0.0152479 | H181: 0.989381 | I181: 0
... A222: Time CUDA ant: | B222: 1544.33 | C222: 1528.5 | D222: 1492.18 | E222: 1438.52 | F222: 998.524 | G222: 0.0147038 | H222: 0.991121 | I222: 0
A223: Time CUDA ant: | B223: 1545.97 | C223: 1529.8 | D223: 1493.34 | E223: 1440.06 | F223: 1000.53 | G223: 0.0129017 | H223: 0.981015 | I223: 0 | R223: МО | U223: дисп | X223: CI
A224: Time CUDA ant: | B224: 1545.06 | C224: 1529.25 | D224: 1493.03 | E224: 1439.65 | F224: 999.698 | G224: 0.0112268 | H224: 0.981018 | I224: 0 | R224: =AVERAGE(B175:B224) -> 1544.556 | S224: =AVERAGE(C175:C224) -> 1528.5578 | U224: =_xlfn.VAR.P(B175:B224) -> 3.376072 | V224: =_xlfn.VAR.P(C175:C224) -> 3.4725132 | X224: =1.96*SQRT(U224)/50 -> 0.072026435 | Y224: =1.96*SQRT(V224)/50 -> 0.073047947
A225: Time CUDA ant: | B225: 77234.088 | C225: sec
A226: Time CUDA ant par: | B226: 854.806 | C226: 838.647 | D226: 802.594 | E226: 780.363 | F226: 340.109 | G226: 0.0122836 | H226: 0.981008 | I226: 0
A227: Time CUDA ant par: | B227: 854.803 | C227: 838.907 | D227: 802.586 | E227: 780.356 | F227: 340.528 | G227: 0.0111647 | H227: 0.980983 | I227: 0
A228: Time CUDA ant par: | B228: 853.567 | C228: 837.862 | D228: 801.869 | E228: 779.644 | F228: 340.172 | G228: 0.0108687 | H228: 0.980956 | I228: 0
A229: Time CUDA ant par: | B229: 854.472 | C229: 838.271 | D229: 801.893 | E229: 779.659 | F229: 340.119 | G229: 0.0110597 | H229: 0.982333 | I229: 0
A230: Time CUDA ant par: | B230: 854.005 | C230: 838.267 | D230: 802.15 | E230: 779.948 | F230: 340.338 | G230: 0.0110425 | H230: 0.981003 | I230: 0
A231: Time CUDA ant par: | B231: 854.712 | C231: 838.491 | D231: 802.461 | E231: 780.232 | F231: 340.333 | G231: 0.0112335 | H231: 0.98966 | I231: 0
A232: Time CUDA ant par: | B232: 854.57 | C232: 838.389 | D232: 802.281 | E232: 780.04 | F232: 339.979 | G232: 0.0168616 | H232: 0.981005 | I232: 0
A233: Time CUDA ant par: | B233: 855.498 | C233: 839.669 | D233: 803.425 | E233: 781.193 | F233: 341.069 | G233: 0.0108593 | H233: 0.981005 | I233: 0
A234: Time CUDA ant par: | B234: 855.454 | C234: 839.262 | D234: 803.104 | E234: 780.853 | F234: 340.612 | G234: 0.0108573 | H234: 0.980965 | I234: 0
A235: Time CUDA ant par: | B235: 855.29 | C235: 839.019 | D235: 802.972 | E235: 780.743 | F235: 341.011 | G235: 0.0109649 | H235: 0.981017 | I235: 0
A236: Time CUDA ant par: | B236: 856.218 | C236: 839.974 | D236: 803.732 | E236: 781.492 | F236: 341.376 | G236: 0.0113946 | H236: 0.981011 | I236: 0
A237: Time CUDA ant par: | B237: 854.915 | C237: 839.065 | D237: 802.916 | E237: 780.669 | F237: 340.623 | G237: 0.011703 | H237: 0.981019 | I237: 0
... A278: Time CUDA ant par: | B278: 853.939 | C278: 837.954 | D278: 802.196 | E278: 779.999 | F278: 340.117 | G278: 0.0108727 | H278: 0.981019 | I278: 0
A279: Time CUDA ant par: | B279: 855.136 | C279: 838.723 | D279: 802.591 | E279: 780.349 | F279: 340.672 | G279: 0.0116895 | H279: 0.981018 | I279: 0 | R279: МО | U279: дисп | X279: CI
A280: Time CUDA ant par: | B280: 853.782 | C280: 837.914 | D280: 801.96 | E280: 779.726 | F280: 340.079 | G280: 0.0110583 | H280: 0.989629 | I280: 0 | R280: =AVERAGE(B231:B280) -> 854.793 | S280: =AVERAGE(C231:C280) -> 838.69352 | U280: =_xlfn.VAR.P(B231:B280) -> 0.47095056 | V280: =_xlfn.VAR.P(C231:C280) -> 0.34909065 | X280: =1.96*SQRT(U280)/50 -> 0.026901328 | Y280: =1.96*SQRT(V280)/50 -> 0.023160886
A281: Time CUDA ant par: | B281: 42746.466 | C281: sec
A282: Time CUDA ant non hash: | B282: 1458.38 | C282: 1456.93 | D282: 1420.28 | E282: 1366.99 | F282: 998.502 | G282: 0.0274899 | H282: 0.980949 | I282: 0
A283: Time CUDA ant non hash: | B283: 1459.3 | C283: 1457.86 | D283: 1421.43 | E283: 1368.39 | F283: 1000.23 | G283: 0.0132219 | H283: 0.988599 | I283: 0
A284: Time CUDA ant non hash: | B284: 1455.85 | C284: 1454.44 | D284: 1417.96 | E284: 1365.01 | F284: 996.939 | G284: 0.0128236 | H284: 0.981007 | I284: 0
A285: Time CUDA ant non hash: | B285: 1456.47 | C285: 1455.09 | D285: 1418.73 | E285: 1365.46 | F285: 996.69 | G285: 0.0114 | H285: 0.981003 | I285: 0
A286: Time CUDA ant non hash: | B286: 1458.04 | C286: 1456.65 | D286: 1420.09 | E286: 1366.83 | F286: 998.381 | G286: 0.0112162 | H286: 0.981001 | I286: 0
A287: Time CUDA ant non hash: | B287: 1461.01 | C287: 1459.64 | D287: 1423.42 | E287: 1369.75 | F287: 1001.13 | G287: 0.0109624 | H287: 0.983652 | I287: 0
A288: Time CUDA ant non hash: | B288: 1460.5 | C288: 1459.11 | D288: 1422.78 | E288: 1369.41 | F288: 1000.84 | G288: 0.0111415 | H288: 0.981018 | I288: 0
A289: Time CUDA ant non hash: | B289: 1458.26 | C289: 1456.49 | D289: 1420.21 | E289: 1366.61 | F289: 997.891 | G289: 0.0114449 | H289: 0.981016 | I289: 0
A290: Time CUDA ant non hash: | B290: 1461.01 | C290: 1459.27 | D290: 1422.91 | E290: 1369.4 | F290: 1000.72 | G290: 0.0118567 | H290: 0.992746 | I290: 0
A291: Time CUDA ant non hash: | B291: 1460.69 | C291: 1459.35 | D291: 1423.21 | E291: 1369.8 | F291: 1001.16 | G291: 0.0110063 | H291: 0.981013 | I291: 0
A292: Time CUDA ant non hash: | B292: 1456.38 | C292: 1455.08 | D292: 1418.92 | E292: 1365.55 | F292: 996.982 | G292: 0.0112495 | H292: 0.980988 | I292: 0
A293: Time CUDA ant non hash: | B293: 1459.24 | C293: 1457.48 | D293: 1421.23 | E293: 1367.89 | F293: 999.291 | G293: 0.0108712 | H293: 0.981014 | I293: 0
... A334: Time CUDA ant non hash: | B334: 1457.73 | C334: 1456.37 | D334: 1419.91 | E334: 1366.32 | F334: 997.784 | G334: 0.010868 | H334: 0.981002 | I334: 0
A335: Time CUDA ant non hash: | B335: 1459.38 | C335: 1457.62 | D335: 1421.53 | E335: 1368.68 | F335: 1000.29 | G335: 0.0108575 | H335: 0.981014 | I335: 0 | R335: МО | U335: дисп | X335: CI
A336: Time CUDA ant non hash: | B336: 1456.87 | C336: 1455.55 | D336: 1419.34 | E336: 1366.35 | F336: 997.695 | G336: 0.0134914 | H336: 0.99212 | I336: 0 | R336: =AVERAGE(B287:B336) -> 1457.7196 | S336: =AVERAGE(C287:C336) -> 1456.1658 | U336: =_xlfn.VAR.P(B287:B336) -> 5.8196038 | V336: =_xlfn.VAR.P(C287:C336) -> 5.4776844 | X336: =1.96*SQRT(U336)/50 -> 0.094565512 | Y336: =1.96*SQRT(V336)/50 -> 0.091745457
A337: Time CUDA ant non hash: | B337: 72890.726 | C337: sec
A338: Time CUDA ant add CPU Time: | B338: 1252.16 | C338: 1235.96 | D338: 968.168 | E338: 958.828 | F338: 428.468 | G338: 0.0238523 | H338: 0.981007 | I338: 123
A339: Time CUDA ant add CPU Time: | B339: 1255.28 | C339: 1238.94 | D339: 970.11 | E339: 960.798 | F339: 428.023 | G339: 0.0110984 | H339: 0.988101 | I339: 139
A340: Time CUDA ant add CPU Time: | B340: 1251.06 | C340: 1234.72 | D340: 967.563 | E340: 958.233 | F340: 428.342 | G340: 0.0164537 | H340: 0.981019 | I340: 131
...

Sheet 168 end
D2: T_start | E2: T_Delt | F2: T1 | G2: T2 | H2: T3
A3: 1 | C3: =OFFSET('168p stat'!$A$1,A3*20,0) -> CUDA Time | D3: =OFFSET('168p trace'!$M$56,(A3-1)*56,0)-OFFSET('168p trace'!$N$56,(A3-1)*56,0) -> 0 | E3: =OFFSET('168p trace'!$N$56,(A3-1)*56,0)-OFFSET('168p stat'!$H$1,A3*20,0) -> -1861.7561 | F3: =OFFSET('168p stat'!$H$1,A3*20,0)-OFFSET('168p stat'!$K$1,A3*20,0) -> 22.667156 | G3: =OFFSET('168p stat'!$K$1,A3*20,0)-OFFSET('168p stat'!$N$1,A3*20,0) -> 1315.6686 | H3: =OFFSET('168p stat'!$N$1,A3*20,0) -> 523.42032
A4: 1 | C4: =OFFSET('168p stat'!$A$1,A4*20,0) -> CUDA Time | D4: =OFFSET('168p trace'!$P$56,(A4-1)*56,0) -> 0 | E4: =OFFSET('168p trace'!$Q$56,(A4-1)*56,0) -> 0 | F4: =OFFSET('168p stat'!$H$1,A4*20,1) -> 3.526636 | G4: =OFFSET('168p stat'!$K$1,A4*20,1) -> 3.504451 | H4: =OFFSET('168p stat'!$N$1,A4*20,1) -> 2.879066
A5: 2 | C5: =OFFSET('168p stat'!$A$1,A5*20,0) -> CUDA | D5: =OFFSET('168p trace'!$M$56,(A5-1)*56,0)-OFFSET('168p trace'!$N$56,(A5-1)*56,0) -> 0 | E5: =OFFSET('168p trace'!$N$56,(A5-1)*56,0)-OFFSET('168p stat'!$H$1,A5*20,0) -> 0 | F5: =OFFSET('168p stat'!$H$1,A5*20,0)-OFFSET('168p stat'!$K$1,A5*20,0) -> 0 | G5: =OFFSET('168p stat'!$K$1,A5*20,0)-OFFSET('168p stat'!$N$1,A5*20,0) -> 0 | H5: =OFFSET('168p stat'!$N$1,A5*20,0) -> 0
A6: 2 | C6: =OFFSET('168p stat'!$A$1,A6*20,0) -> CUDA | D6: =OFFSET('168p trace'!$P$56,(A6-1)*56,0) -> 0 | E6: =OFFSET('168p trace'!$Q$56,(A6-1)*56,0) -> 0 | F6: =OFFSET('168p stat'!$H$1,A6*20,1) -> 0 | G6: =OFFSET('168p stat'!$K$1,A6*20,1) -> 0 | H6: =OFFSET('168p stat'!$N$1,A6*20,1) -> 0
A7: 3 | C7: =OFFSET('168p stat'!$A$1,A7*20,0) -> CUDA non hash | D7: =OFFSET('168p trace'!$M$56,(A7-1)*56,0)-OFFSET('168p trace'!$N$56,(A7-1)*56,0) -> 0 | E7: =OFFSET('168p trace'!$N$56,(A7-1)*56,0)-OFFSET('168p stat'!$H$1,A7*20,0) -> -1907.0251 | F7: =OFFSET('168p stat'!$H$1,A7*20,0)-OFFSET('168p stat'!$K$1,A7*20,0) -> 24.123218 | G7: =OFFSET('168p stat'!$K$1,A7*20,0)-OFFSET('168p stat'!$N$1,A7*20,0) -> 1362.324 | H7: =OFFSET('168p stat'!$N$1,A7*20,0) -> 520.57791
A8: 3 | C8: =OFFSET('168p stat'!$A$1,A8*20,0) -> CUDA non hash | D8: =OFFSET('168p trace'!$P$56,(A8-1)*56,0) -> 0 | E8: =OFFSET('168p trace'!$Q$56,(A8-1)*56,0) -> 0 | F8: =OFFSET('168p stat'!$H$1,A8*20,1) -> 5.062611 | G8: =OFFSET('168p stat'!$K$1,A8*20,1) -> 5.104497 | H8: =OFFSET('168p stat'!$N$1,A8*20,1) -> 1.650148
A9: 4 | C9: =OFFSET('168p stat'!$A$1,A9*20,0) -> CUDA ant | D9: =OFFSET('168p trace'!$M$56,(A9-1)*56,0)-OFFSET('168p trace'!$N$56,(A9-1)*56,0) -> 0 | E9: =OFFSET('168p trace'!$N$56,(A9-1)*56,0)-OFFSET('168p stat'!$H$1,A9*20,0) -> -1492.2217 | F9: =OFFSET('168p stat'!$H$1,A9*20,0)-OFFSET('168p stat'!$K$1,A9*20,0) -> 53.291663 | G9: =OFFSET('168p stat'!$K$1,A9*20,0)-OFFSET('168p stat'!$N$1,A9*20,0) -> 439.80872 | H9: =OFFSET('168p stat'!$N$1,A9*20,0) -> 999.12131
A10: 4 | C10: =OFFSET('168p stat'!$A$1,A10*20,0) -> CUDA ant | D10: =OFFSET('168p trace'!$P$56,(A10-1)*56,0) -> 0 | E10: =OFFSET('168p trace'!$Q$56,(A10-1)*56,0) -> 0 | F10: =OFFSET('168p stat'!$H$1,A10*20,1) -> 3.437116 | G10: =OFFSET('168p stat'!$K$1,A10*20,1) -> 3.556497 | H10: =OFFSET('168p stat'!$N$1,A10*20,1) -> 3.261627
A11: 5 | C11: =OFFSET('168p stat'!$A$1,A11*20,0) -> CUDA ant par | D11: =OFFSET('168p trace'!$M$56,(A11-1)*56,0)-OFFSET('168p trace'!$N$56,(A11-1)*56,0) -> 0 | E11: =OFFSET('168p trace'!$N$56,(A11-1)*56,0)-OFFSET('168p stat'!$H$1,A11*20,0) -> -802.60805 | F11: =OFFSET('168p stat'!$H$1,A11*20,0)-OFFSET('168p stat'!$K$1,A11*20,0) -> 22.223941 | G11: =OFFSET('168p stat'!$K$1,A11*20,0)-OFFSET('168p stat'!$N$1,A11*20,0) -> 439.89504 | H11: =OFFSET('168p stat'!$N$1,A11*20,0) -> 340.48907
A12: 5 | C12: =OFFSET('168p stat'!$A$1,A12*20,0) -> CUDA ant par | D12: =OFFSET('168p trace'!$P$56,(A12-1)*56,0) -> 0 | E12: =OFFSET('168p trace'!$Q$56,(A12-1)*56,0) -> 0 | F12: =OFFSET('168p stat'!$H$1,A12*20,1) -> 0.334231 | G12: =OFFSET('168p stat'!$K$1,A12*20,1) -> 0.324241 | H12: =OFFSET('168p stat'!$N$1,A12*20,1) -> 0.111424
A13: 6 | C13: =OFFSET('168p stat'!$A$1,A13*20,0) -> CUDA ant non hash | D13: =OFFSET('168p trace'!$M$56,(A13-1)*56,0)-OFFSET('168p trace'!$N$56,(A13-1)*56,0) -> 0 | E13: =OFFSET('168p trace'!$N$56,(A13-1)*56,0)-OFFSET('168p stat'!$H$1,A13*20,0) -> -1419.9045 | F13: =OFFSET('168p stat'!$H$1,A13*20,0)-OFFSET('168p stat'!$K$1,A13*20,0) -> 53.234023 | G13: =OFFSET('168p stat'!$K$1,A13*20,0)-OFFSET('168p stat'!$N$1,A13*20,0) -> 368.41556 | H13: =OFFSET('168p stat'!$N$1,A13*20,0) -> 998.25492
A14: 6 | C14: =OFFSET('168p stat'!$A$1,A14*20,0) -> CUDA ant non hash | D14: =OFFSET('168p trace'!$P$56,(A14-1)*56,0) -> 0 | E14: =OFFSET('168p trace'!$Q$56,(A14-1)*56,0) -> 0 | F14: =OFFSET('168p stat'!$H$1,A14*20,1) -> 5.406762 | G14: =OFFSET('168p stat'!$K$1,A14*20,1) -> 5.224676 | H14: =OFFSET('168p stat'!$N$1,A14*20,1) -> 5.080278
A15: 7 | C15: =OFFSET('168p stat'!$A$1,A15*20,0) -> CUDA ant add CPU Time | D15: =OFFSET('168p trace'!$M$56,(A15-1)*56,0)-OFFSET('168p trace'!$N$56,(A15-1)*56,0) -> 0 | E15: =OFFSET('168p trace'!$N$56,(A15-1)*56,0)-OFFSET('168p stat'!$H$1,A15*20,0) -> -967.4316 | F15: =OFFSET('168p stat'!$H$1,A15*20,0)-OFFSET('168p stat'!$K$1,A15*20,0) -> 9.329495 | G15: =OFFSET('168p stat'!$K$1,A15*20,0)-OFFSET('168p stat'!$N$1,A15*20,0) -> 531.34086 | H15: =OFFSET('168p stat'!$N$1,A15*20,0) -> 426.76125
A16: 7 | C16: =OFFSET('168p stat'!$A$1,A16*20,0) -> CUDA ant add CPU Time | D16: =OFFSET('168p trace'!$P$56,(A16-1)*56,0) -> 0 | E16: =OFFSET('168p trace'!$Q$56,(A16-1)*56,0) -> 0 | F16: =OFFSET('168p stat'!$H$1,A16*20,1) -> 1.751768 | G16: =OFFSET('168p stat'!$K$1,A16*20,1) -> 1.738583 | H16: =OFFSET('168p stat'!$N$1,A16*20,1) -> 0.977268
A17: 8 | C17: =OFFSET('168p stat'!$A$1,A17*20,0) -> CUDA ant add CPU | D17: =OFFSET('168p trace'!$M$56,(A17-1)*56,0)-OFFSET('168p trace'!$N$56,(A17-1)*56,0) -> 0 | E17: =OFFSET('168p trace'!$N$56,(A17-1)*56,0)-OFFSET('168p stat'!$H$1,A17*20,0) -> 0 | F17: =OFFSET('168p stat'!$H$1,A17*20,0)-OFFSET('168p stat'!$K$1,A17*20,0) -> 0 | G17: =OFFSET('168p stat'!$K$1,A17*20,0)-OFFSET('168p stat'!$N$1,A17*20,0) -> 0 | H17: =OFFSET('168p stat'!$N$1,A17*20,0) -> 0
A18: 8 | C18: =OFFSET('168p stat'!$A$1,A18*20,0) -> CUDA ant add CPU | D18: =OFFSET('168p trace'!$P$56,(A18-1)*56,0) -> 0 | E18: =OFFSET('168p trace'!$Q$56,(A18-1)*56,0) -> 0 | F18: =OFFSET('168p stat'!$H$1,A18*20,1) -> 0 | G18: =OFFSET('168p stat'!$K$1,A18*20,1) -> 0 | H18: =OFFSET('168p stat'!$N$1,A18*20,1) -> 0
A19: 9 | C19: =OFFSET('168p stat'!$A$1,A19*20,0) -> CUDA ant add CPU non hash | D19: =OFFSET('168p trace'!$M$56,(A19-1)*56,0)-OFFSET('168p trace'!$N$56,(A19-1)*56,0) -> 0 | E19: =OFFSET('168p trace'!$N$56,(A19-1)*56,0)-OFFSET('168p stat'!$H$1,A19*20,0) -> -969.93429 | F19: =OFFSET('168p stat'!$H$1,A19*20,0)-OFFSET('168p stat'!$K$1,A19*20,0) -> 9.650283 | G19: =OFFSET('168p stat'!$K$1,A19*20,0)-OFFSET('168p stat'!$N$1,A19*20,0) -> 533.83947 | H19: =OFFSET('168p stat'!$N$1,A19*20,0) -> 426.44455
A20: 9 | C20: =OFFSET('168p stat'!$A$1,A20*20,0) -> CUDA ant add CPU non hash | D20: =OFFSET('168p trace'!$P$56,(A20-1)*56,0) -> 0 | E20: =OFFSET('168p trace'!$Q$56,(A20-1)*56,0) -> 0 | F20: =OFFSET('168p stat'!$H$1,A20*20,1) -> 1.048064 | G20: =OFFSET('168p stat'!$K$1,A20*20,1) -> 1.030765 | H20: =OFFSET('168p stat'!$N$1,A20*20,1) -> 0.027465
A21: 10 | C21: =OFFSET('168p stat'!$A$1,A21*20,0) -> CUDA ant add CPU12 | D21: =OFFSET('168p trace'!$M$56,(A21-1)*56,0)-OFFSET('168p trace'!$N$56,(A21-1)*56,0) -> 0 | E21: =OFFSET('168p trace'!$N$56,(A21-1)*56,0)-OFFSET('168p stat'!$H$1,A21*20,0) -> -9892.1643 | F21: =OFFSET('168p stat'!$H$1,A21*20,0)-OFFSET('168p stat'!$K$1,A21*20,0) -> 41.517305 | G21: =OFFSET('168p stat'!$K$1,A21*20,0)-OFFSET('168p stat'!$N$1,A21*20,0) -> 9157.8427 | H21: =OFFSET('168p stat'!$N$1,A21*20,0) -> 692.80429
A22: 10 | C22: =OFFSET('168p stat'!$A$1,A22*20,0) -> CUDA ant add CPU12 | D22: =OFFSET('168p trace'!$P$56,(A22-1)*56,0) -> 0 | E22: =OFFSET('168p trace'!$Q$56,(A22-1)*56,0) -> 0 | F22: =OFFSET('168p stat'!$H$1,A22*20,1) -> 2078.2391 | G22: =OFFSET('168p stat'!$K$1,A22*20,1) -> 2078.8881 | H22: =OFFSET('168p stat'!$N$1,A22*20,1) -> 0.979887
A23: 11 | C23: =OFFSET('168p stat'!$A$1,A23*20,0) -> CUDA opt | D23: =OFFSET('168p trace'!$M$56,(A23-1)*56,0)-OFFSET('168p trace'!$N$56,(A23-1)*56,0) -> 0 | E23: =OFFSET('168p trace'!$N$56,(A23-1)*56,0)-OFFSET('168p stat'!$H$1,A23*20,0) -> 0 | F23: =OFFSET('168p stat'!$H$1,A23*20,0)-OFFSET('168p stat'!$K$1,A23*20,0) -> 0 | G23: =OFFSET('168p stat'!$K$1,A23*20,0)-OFFSET('168p stat'!$N$1,A23*20,0) -> 0 | H23: =OFFSET('168p stat'!$N$1,A23*20,0) -> 0
A24: 11 | C24: =OFFSET('168p stat'!$A$1,A24*20,0) -> CUDA opt | D24: =OFFSET('168p trace'!$P$56,(A24-1)*56,0) -> 0 | E24: =OFFSET('168p trace'!$Q$56,(A24-1)*56,0) -> 0 | F24: =OFFSET('168p stat'!$H$1,A24*20,1) -> 0 | G24: =OFFSET('168p stat'!$K$1,A24*20,1) -> 0 | H24: =OFFSET('168p stat'!$N$1,A24*20,1) -> 0
A25: 12 | C25: =OFFSET('168p stat'!$A$1,A25*20,0) -> CUDA opt Time | D25: =OFFSET('168p trace'!$M$56,(A25-1)*56,0)-OFFSET('168p trace'!$N$56,(A25-1)*56,0) -> 0 | E25: =OFFSET('168p trace'!$N$56,(A25-1)*56,0)-OFFSET('168p stat'!$H$1,A25*20,0) -> -1857.9049 | F25: =OFFSET('168p stat'!$H$1,A25*20,0)-OFFSET('168p stat'!$K$1,A25*20,0) -> 542.37532 | G25: =OFFSET('168p stat'!$K$1,A25*20,0)-OFFSET('168p stat'!$N$1,A25*20,0) -> 1315.5296 | H25: =OFFSET('168p stat'!$N$1,A25*20,0) -> 0
A26: 12 | C26: =OFFSET('168p stat'!$A$1,A26*20,0) -> CUDA opt Time | D26: =OFFSET('168p trace'!$P$56,(A26-1)*56,0) -> 0 | E26: =OFFSET('168p trace'!$Q$56,(A26-1)*56,0) -> 0 | F26: =OFFSET('168p stat'!$H$1,A26*20,1) -> 5.293428 | G26: =OFFSET('168p stat'!$K$1,A26*20,1) -> 0.217481 | H26: =OFFSET('168p stat'!$N$1,A26*20,1) -> 0
A27: 13 | C27: =OFFSET('168p stat'!$A$1,A27*20,0) -> CUDA opt non hash | D27: =OFFSET('168p trace'!$M$56,(A27-1)*56,0)-OFFSET('168p trace'!$N$56,(A27-1)*56,0) -> 0 | E27: =OFFSET('168p trace'!$N$56,(A27-1)*56,0)-OFFSET('168p stat'!$H$1,A27*20,0) -> -1829.8136 | F27: =OFFSET('168p stat'!$H$1,A27*20,0)-OFFSET('168p stat'!$K$1,A27*20,0) -> 537.70046 | G27: =OFFSET('168p stat'!$K$1,A27*20,0)-OFFSET('168p stat'!$N$1,A27*20,0) -> 1292.1131 | H27: =OFFSET('168p stat'!$N$1,A27*20,0) -> 0
A28: 13 | C28: =OFFSET('168p stat'!$A$1,A28*20,0) -> CUDA opt non hash | D28: =OFFSET('168p trace'!$P$56,(A28-1)*56,0) -> 0 | E28: =OFFSET('168p trace'!$Q$56,(A28-1)*56,0) -> 0 | F28: =OFFSET('168p stat'!$H$1,A28*20,1) -> 2.503652 | G28: =OFFSET('168p stat'!$K$1,A28*20,1) -> 0.251601 | H28: =OFFSET('168p stat'!$N$1,A28*20,1) -> 0
K29: 1.96 | L29: 50
D30: T_start | E30: T_Delt | F30: T1 | G30: T2 | H30: T3 | J30: summ | K30: 2 этап/ общее | L30: ДИ
A31: 1 | C31: =OFFSET('168p stat'!$A$1,A31*20,0) -> CUDA Time | D31: =OFFSET('168p trace'!$R$56,(A31-1)*56,0)-OFFSET('168p trace'!$S$56,(A31-1)*56,0) -> 15.6204 | E31: =OFFSET('168p trace'!$S$56,(A31-1)*56,0)-OFFSET('168p stat'!$H$1,A31*20,0) -> 36.502321 | F31: =OFFSET('168p stat'!$H$1,A31*20,0)-OFFSET('168p stat'!$K$1,A31*20,0) -> 22.667156 | G31: =OFFSET('168p stat'!$K$1,A31*20,0)-OFFSET('168p stat'!$N$1,A31*20,0) -> 1315.6686 | H31: =OFFSET('168p stat'!$N$1,A31*20,0) -> 523.42032 | J31: =SUM(E31:H31) -> 1898.2584 | K31: =G31/J31 -> 0.69309247 | L31: =$K$29*POWER(K31,2)*SQRT(G139/(POWER(G31,2)*$L$29)+J139/(POWER(J31,2)*$L$29)) -> 0.0003465786
A32: 2 | C32: =OFFSET('168p stat'!$A$1,A32*20,0) -> CUDA | D32: =OFFSET('168p trace'!$R$56,(A32-1)*56,0)-OFFSET('168p trace'!$S$56,(A32-1)*56,0) -> 1910.122 | E32: =OFFSET('168p trace'!$S$56,(A32-1)*56,0)-OFFSET('168p stat'!$H$1,A32*20,0) -> 0 | F32: =OFFSET('168p stat'!$H$1,A32*20,0)-OFFSET('168p stat'!$K$1,A32*20,0) -> 0 | G32: =OFFSET('168p stat'!$K$1,A32*20,0)-OFFSET('168p stat'!$N$1,A32*20,0) -> 0 | H32: =OFFSET('168p stat'!$N$1,A32*20,0) -> 0 | J32: =SUM(D32:H32) -> 1910.122 | K32: =G32/J32 -> 0 | L32: =$K$29*POWER(K32,2)*SQRT(G140/(POWER(G32,2)*$L$29)+J140/(POWER(J32,2)*$L$29)) -> #DIV/0!
A33: 3 | C33: =OFFSET('168p stat'!$A$1,A33*20,0) -> CUDA non hash | D33: =OFFSET('168p trace'!$R$56,(A33-1)*56,0)-OFFSET('168p trace'!$S$56,(A33-1)*56,0) -> 1.6012 | E33: =OFFSET('168p trace'!$S$56,(A33-1)*56,0)-OFFSET('168p stat'!$H$1,A33*20,0) -> 38.4603 | F33: =OFFSET('168p stat'!$H$1,A33*20,0)-OFFSET('168p stat'!$K$1,A33*20,0) -> 24.123218 | G33: =OFFSET('168p stat'!$K$1,A33*20,0)-OFFSET('168p stat'!$N$1,A33*20,0) -> 1362.324 | H33: =OFFSET('168p stat'!$N$1,A33*20,0) -> 520.57791 | J33: =SUM(E33:H33) -> 1945.4854 | K33: =G33/J33 -> 0.70024888 | L33: =$K$29*POWER(K33,2)*SQRT(G141/(POWER(G33,2)*$L$29)+J141/(POWER(J33,2)*$L$29)) -> 0.00040046351
A34: 4 | C34: =OFFSET('168p stat'!$A$1,A34*20,0) -> CUDA ant | D34: =OFFSET('168p trace'!$R$56,(A34-1)*56,0)-OFFSET('168p trace'!$S$56,(A34-1)*56,0) -> 15.9982 | E34: =OFFSET('168p trace'!$S$56,(A34-1)*56,0)-OFFSET('168p stat'!$H$1,A34*20,0) -> 36.336108 | F34: =OFFSET('168p stat'!$H$1,A34*20,0)-OFFSET('168p stat'!$K$1,A34*20,0) -> 53.291663 | G34: =OFFSET('168p stat'!$K$1,A34*20,0)-OFFSET('168p stat'!$N$1,A34*20,0) -> 439.80872 | H34: =OFFSET('168p stat'!$N$1,A34*20,0) -> 999.12131 | J34: =SUM(E34:H34) -> 1528.5578 | K34: =G34/J34 -> 0.2877279 | L34: =$K$29*POWER(K34,2)*SQRT(G142/(POWER(G34,2)*$L$29)+J142/(POWER(J34,2)*$L$29)) -> 0.00011634764
A35: 5 | C35: =OFFSET('168p stat'!$A$1,A35*20,0) -> CUDA ant par | D35: =OFFSET('168p trace'!$R$56,(A35-1)*56,0)-OFFSET('168p trace'!$S$56,(A35-1)*56,0) -> 16.09948 | E35: =OFFSET('168p trace'!$S$56,(A35-1)*56,0)-OFFSET('168p stat'!$H$1,A35*20,0) -> 36.085469 | F35: =OFFSET('168p stat'!$H$1,A35*20,0)-OFFSET('168p stat'!$K$1,A35*20,0) -> 22.223941 | G35: =OFFSET('168p stat'!$K$1,A35*20,0)-OFFSET('168p stat'!$N$1,A35*20,0) -> 439.89504 | H35: =OFFSET('168p stat'!$N$1,A35*20,0) -> 340.48907 | J35: =SUM(E35:H35) -> 838.69352 | K35: =E35/J35 -> 0.043025811 | L35: =$K$29*POWER(K35,2)*SQRT(E143/(POWER(E35,2)*$L$29)+J143/(POWER(J35,2)*$L$29)) -> 8.4370211e-06
A36: 6 | C36: =OFFSET('168p stat'!$A$1,A36*20,0) -> CUDA ant non hash | D36: =OFFSET('168p trace'!$R$56,(A36-1)*56,0)-OFFSET('168p trace'!$S$56,(A36-1)*56,0) -> 1.5538 | E36: =OFFSET('168p trace'!$S$56,(A36-1)*56,0)-OFFSET('168p stat'!$H$1,A36*20,0) -> 36.261296 | F36: =OFFSET('168p stat'!$H$1,A36*20,0)-OFFSET('168p stat'!$K$1,A36*20,0) -> 53.234023 | G36: =OFFSET('168p stat'!$K$1,A36*20,0)-OFFSET('168p stat'!$N$1,A36*20,0) -> 368.41556 | H36: =OFFSET('168p stat'!$N$1,A36*20,0) -> 998.25492 | J36: =SUM(E36:H36) -> 1456.1658 | K36: =E36/J36 -> 0.024901901 | L36: =$K$29*POWER(K36,2)*SQRT(E144/(POWER(E36,2)*$L$29)+J144/(POWER(J36,2)*$L$29)) -> 1.1111026e-05
A37: 7 | C37: =OFFSET('168p stat'!$A$1,A37*20,0) -> CUDA ant add CPU Time | D37: =OFFSET('168p trace'!$R$56,(A37-1)*56,0)-OFFSET('168p trace'!$S$56,(A37-1)*56,0) -> 16.535 | E37: =OFFSET('168p trace'!$S$56,(A37-1)*56,0)-OFFSET('168p stat'!$H$1,A37*20,0) -> 269.0402 | F37: =OFFSET('168p stat'!$H$1,A37*20,0)-OFFSET('168p stat'!$K$1,A37*20,0) -> 9.329495 | G37: =OFFSET('168p stat'!$K$1,A37*20,0)-OFFSET('168p stat'!$N$1,A37*20,0) -> 531.34086 | H37: =OFFSET('168p stat'!$N$1,A37*20,0) -> 426.76125 | J37: =SUM(E37:H37) -> 1236.4718 | K37: =G37/J37 -> 0.42972339 | L37: =$K$29*POWER(K37,2)*SQRT(G145/(POWER(G37,2)*$L$29)+J145/(POWER(J37,2)*$L$29)) -> 0.00020580321
A38: 8 | C38: =OFFSET('168p stat'!$A$1,A38*20,0) -> CUDA ant add CPU | D38: =OFFSET('168p trace'!$R$56,(A38-1)*56,0)-OFFSET('168p trace'!$S$56,(A38-1)*56,0) -> 1250.6802 | E38: =OFFSET('168p trace'!$S$56,(A38-1)*56,0)-OFFSET('168p stat'!$H$1,A38*20,0) -> 0 | F38: =OFFSET('168p stat'!$H$1,A38*20,0)-OFFSET('168p stat'!$K$1,A38*20,0) -> 0 | G38: =OFFSET('168p stat'!$K$1,A38*20,0)-OFFSET('168p stat'!$N$1,A38*20,0) -> 0 | H38: =OFFSET('168p stat'!$N$1,A38*20,0) -> 0 | J38: =SUM(D38:H38) -> 1250.6802
A39: 9 | C39: =OFFSET('168p stat'!$A$1,A39*20,0) -> CUDA ant add CPU non hash | D39: =OFFSET('168p trace'!$R$56,(A39-1)*56,0)-OFFSET('168p trace'!$S$56,(A39-1)*56,0) -> 1.6562 | E39: =OFFSET('168p trace'!$S$56,(A39-1)*56,0)-OFFSET('168p stat'!$H$1,A39*20,0) -> 291.92711 | F39: =OFFSET('168p stat'!$H$1,A39*20,0)-OFFSET('168p stat'!$K$1,A39*20,0) -> 9.650283 | G39: =OFFSET('168p stat'!$K$1,A39*20,0)-OFFSET('168p stat'!$N$1,A39*20,0) -> 533.83947 | H39: =OFFSET('168p stat'!$N$1,A39*20,0) -> 426.44455 | J39: =SUM(E39:H39) -> 1261.8614 | K39: =G39/J39 -> 0.42305713 | L39: =$K$29*POWER(K39,2)*SQRT(G147/(POWER(G39,2)*$L$29)+J147/(POWER(J39,2)*$L$29)) -> 0.00014081204
