Workbook

Sheet Лист1
A1: OpenMP version: 202011 | B1: AVX2 optimization enabled | C1: PARAMETR_SIZE: 42 | D1: MAX_VALUE_SIZE: 4 | E1: SET_PARAMETR_SIZE_ONE_X: 21 | F1: ANT_SIZE: 500 | G1: MAX_THREAD_CUDA: 512 | H1: NAME_FILE_GRAPH: Parametr_Graph/test42_4,txt | I1: KOL_ITERATION: 500 | J1: KOL_PROGREV: 5 | K1: KOL_PROGON_STATISTICS: 10 | L1: PARAMETR_RO: 0,999 | M1: PARAMETR_Q: 1 | N1: PRINT_INFORMATION: 0 | O1: MAX_PARAMETR_VALUE_TO_MIN_OPT: 1 | P1: OPTIMIZE: OPTIMIZE_MAX | Q1: FUNCTION: SHAFFERA | R1: HASH_TABLE_SIZE: 67108864 | S1: ZERO_HASH_RESULT: -1 | T1: ZERO_HASH: 18446744073709551615 | U1: MAX_PROBES: 10000 | V1: KOL_STAT_LEVEL: 20 | W1: TYPE_ACO: 1 | X1: ACOCCyN_KOL_ITERATION: 50 | Y1: CPU_RANDOM: 0 | Z1: KOL_THREAD_CPU_ANT: 12 | AA1: CONST_AVX: 4 | AB1: CONST_RANDOM: 100000 | AC1: MAX_CONST: 8000 | AD1: BIN_SEARCH: 0 | AE1: GO_ALG_MINMAX: 1 | AF1: PAR_MAX_ALG_MINMAX: 1000 | AG1: PAR_MIN_ALG_MINMAX: 1
A2: 1 | B2: 164.127 | C2: 0.23103 | D2: 157.184 | E2: 6.18393 | F2: 80.0854 | G2: 13.2451 | H2: 0 | I2: 99.992 | J2: 0 | K2: 0.00123005 | M2: 269789 | N2: 0.538628 | O2: 247446 | P2: 384.082 | Q2: 64309.1 | R2: 1755.7
A3: 2 | B3: 113.962 | C3: 5.59065 | D3: 93.2689 | E3: 14.5446 | F3: 78.2243 | G3: 13.1639 | H3: 0 | I3: 49.9928 | J3: 0 | K3: 0.00123005 | M3: 129906 | N3: 312.749 | O3: 87016.6 | P3: 2115.87 | Q3: 61216.8 | R3: 1733.36
A4: 3 | B4: 105.005 | C4: 6.2918 | D4: 82.4966 | E4: 15.6455 | F4: 78.3185 | G4: 13.2411 | H4: 0 | I4: 33.3287 | J4: 0 | K4: 0.00123005 | M4: 110280 | N4: 395.986 | O4: 68074.2 | P4: 2450.01 | Q4: 61342.6 | R4: 1753.29
A5: 4 | B5: 105.102 | C5: 6.38611 | D5: 81.832 | E5: 16.328 | F5: 78.7816 | G5: 13.147 | H5: 0 | I5: 24.9965 | J5: 0 | K5: 0.00123005 | M5: 110672 | N5: 410.136 | O5: 67233.9 | P5: 2668.43 | Q5: 62088.4 | R5: 1728.62
A6: 5 | B6: 113.309 | C6: 7.5425 | D6: 87.6266 | E6: 17.5808 | F6: 80.3605 | G6: 13.4997 | H6: 0 | I6: 19.9973 | J6: 0 | K6: 0.00123005 | M6: 128452 | N6: 579.709 | O6: 76847.5 | P6: 3128.69 | Q6: 64721.7 | R6: 1823.16
A7: 6 | B7: 112.434 | C7: 9.37304 | D7: 81.1401 | E7: 21.3647 | F7: 78.6601 | G7: 13.1701 | H7: 0 | I7: 16.6648 | J7: 0 | K7: 0.00123005 | M7: 126446 | N7: 879.054 | O7: 65850.3 | P7: 4574.51 | Q7: 61875.8 | R7: 1734.57
A8: 7 | B8: 116.217 | C8: 10.2591 | D8: 82.6465 | E8: 22.7484 | F8: 80.9255 | G8: 13.2957 | H8: 0 | I8: 14.2841 | J8: 0 | K8: 0.00123005 | M8: 135203 | N8: 1054.55 | O8: 68379.2 | P8: 5192.32 | Q8: 65546 | R8: 1768.24
A9: 8 | B9: 112.537 | C9: 11.1433 | D9: 76.196 | E9: 24.6382 | F9: 82.7582 | G9: 13.471 | H9: 0 | I9: 12.4986 | J9: 0 | K9: 0.00123006 | M9: 126673 | N9: 1246 | O9: 58121.8 | P9: 6090.83 | Q9: 68527.1 | R9: 1814.85
A10: 9 | B10: 113.69 | C10: 11.1845 | D10: 77.0949 | E10: 24.8511 | F10: 80.8479 | G10: 13.1828 | H10: 0 | I10: 11.1099 | J10: 0 | K10: 0.00123005 | M10: 129379 | N10: 1252.53 | O10: 59549.3 | P10: 6177.98 | Q10: 65373.8 | R10: 1737.9
A11: 10 | B11: 123.048 | C11: 11.4553 | D11: 84.6951 | E11: 26.3342 | F11: 82.7834 | G11: 13.5335 | H11: 0 | I11: 9.99896 | J11: 0 | K11: 0.00123005 | M11: 151458 | N11: 1313.75 | O11: 71789.1 | P11: 6940.38 | Q11: 68538.3 | R11: 1831.73
A12: 11 | B12: 124.104 | C12: 12.4419 | D12: 83.2964 | E12: 27.8036 | F12: 82.189 | G12: 13.4672 | H12: 0 | I12: 9.08995 | J12: 0 | K12: 0.00123005 | M12: 154151 | N12: 1550.24 | O12: 69490.1 | P12: 7735.7 | Q12: 67561.6 | R12: 1813.84
A13: 12 | B13: 121.148 | C13: 12.4276 | D13: 79.5503 | E13: 28.6017 | F13: 83.3523 | G13: 13.575 | H13: 0 | I13: 8.33244 | J13: 0 | K13: 0.00123005 | M13: 146873 | N13: 1550.98 | O13: 63422.3 | P13: 8190.34 | Q13: 69546.5 | R13: 1844.64
A14: OpenMP version: 202011 | B14: AVX2 optimization enabled | C14: PARAMETR_SIZE: 84 | D14: MAX_VALUE_SIZE: 4 | E14: SET_PARAMETR_SIZE_ONE_X: 21 | F14: ANT_SIZE: 500 | G14: MAX_THREAD_CUDA: 512 | H14: NAME_FILE_GRAPH: Parametr_Graph/test84_4,txt | I14: KOL_ITERATION: 500 | J14: KOL_PROGREV: 5 | K14: KOL_PROGON_STATISTICS: 10 | L14: PARAMETR_RO: 0,999 | M14: PARAMETR_Q: 1 | N14: PRINT_INFORMATION: 0 | O14: MAX_PARAMETR_VALUE_TO_MIN_OPT: 1 | P14: OPTIMIZE: OPTIMIZE_MAX | Q14: FUNCTION: SHAFFERA | R14: HASH_TABLE_SIZE: 67108864 | S14: ZERO_HASH_RESULT: -1 | T14: ZERO_HASH: 18446744073709551615 | U14: MAX_PROBES: 10000 | V14: KOL_STAT_LEVEL: 20 | W14: TYPE_ACO: 1 | X14: ACOCCyN_KOL_ITERATION: 50 | Y14: CPU_RANDOM: 0 | Z14: KOL_THREAD_CPU_ANT: 12 | AA14: CONST_AVX: 4 | AB14: CONST_RANDOM: 100000 | AC14: MAX_CONST: 8000 | AD14: BIN_SEARCH: 0 | AE14: GO_ALG_MINMAX: 1 | AF14: PAR_MAX_ALG_MINMAX: 1000 | AG14: PAR_MIN_ALG_MINMAX: 1
A15: 1 | B15: 249.153 | C15: 0.35708 | D15: 237.061 | E15: 11.2201 | F15: 113.084 | G15: 14.6055 | H15: 0 | I15: 99.9953 | J15: 0 | K15: 0.00123019 | M15: 621145 | N15: 1.28788 | O15: 562318 | P15: 1260.04 | Q15: 127998 | R15: 2134.13
A16: 2 | B16: 159.387 | C16: 5.72352 | D16: 135.719 | E16: 17.3841 | F16: 110.148 | G16: 14.5241 | H16: 0 | I16: 49.9961 | J16: 0 | K16: 0.00123006 | M16: 254321 | N16: 328.548 | O16: 184390 | P16: 3026.55 | Q16: 121539 | R16: 2111
A17: 3 | B17: 136.035 | C17: 6.71144 | D17: 110.376 | E17: 18.3574 | F17: 112.49 | G17: 14.9208 | H17: 0 | I17: 33.33 | J17: 0 | K17: 0.00123016 | M17: 185237 | N17: 451.261 | O17: 122028 | P17: 3380.25 | Q17: 126554 | R17: 2226.36
A18: 4 | B18: 135.074 | C18: 6.67049 | D18: 109.084 | E18: 18.7608 | F18: 112.843 | G18: 14.9219 | H18: 0 | I18: 24.9975 | J18: 0 | K18: 0.00123005 | M18: 184732 | N18: 455.722 | O18: 121669 | P18: 3521.17 | Q18: 127349 | R18: 2226.73
A19: 5 | B19: 149.93 | C19: 7.29504 | D19: 121.751 | E19: 20.3197 | F19: 112.367 | G19: 14.9894 | H19: 0 | I19: 19.9981 | J19: 0 | K19: 0.00123006 | M19: 224857 | N19: 532.404 | O19: 148284 | P19: 4135.32 | Q19: 126294 | R19: 2246.97
A20: 6 | B20: 142.059 | C20: 9.39174 | D20: 108.553 | E20: 23.551 | F20: 115.451 | G20: 15.1077 | H20: 0 | I20: 16.6651 | J20: 0 | K20: 0.00123005 | M20: 201840 | N20: 883.454 | O20: 117868 | P20: 5551.77 | Q20: 133500 | R20: 2283.07
A21: 7 | B21: 138.502 | C21: 10.2021 | D21: 101.885 | E21: 25.85 | F21: 118.271 | G21: 15.3136 | H21: 0 | I21: 14.2843 | J21: 0 | K21: 0.00123008 | M21: 191998 | N21: 1045.11 | O21: 104056 | P21: 6700.8 | Q21: 140998 | R21: 2351.25
A22: 8 | B22: 133.752 | C22: 11.0007 | D22: 96.1769 | E22: 26.0192 | F22: 123.615 | G22: 15.6518 | H22: 0 | I22: 12.4989 | J22: 0 | K22: 0.00123005 | M22: 178962 | N22: 1211.93 | O22: 92564.1 | P22: 6774.09 | Q22: 153019 | R22: 2451.09
A23: 9 | B23: 134.918 | C23: 12.6517 | D23: 93.5346 | E23: 28.1758 | F23: 127.84 | G23: 15.8921 | H23: 0 | I23: 11.1101 | J23: 0 | K23: 0.00123005 | M23: 182260 | N23: 1604.65 | O23: 87732.8 | P23: 7940.33 | Q23: 163461 | R23: 2525.82
A24: 10 | B24: 153.179 | C24: 11.7233 | D24: 111.619 | E24: 29.2705 | F24: 127.124 | G24: 15.946 | H24: 0 | I24: 9.99918 | J24: 0 | K24: 0.00123016 | M24: 234857 | N24: 1377.25 | O24: 124901 | P24: 8576.58 | Q24: 161644 | R24: 2542.99
A25: 11 | B25: 149.924 | C25: 12.1413 | D25: 107.201 | E25: 30.0102 | F25: 127.171 | G25: 15.8812 | H25: 0 | I25: 9.09014 | J25: 0 | K25: 0.00123005 | M25: 225855 | N25: 1478.99 | O25: 116063 | P25: 9014.38 | Q25: 161858 | R25: 2522.47
A26: 12 | B26: 150.131 | C26: 12.6003 | D26: 104.49 | E26: 32.4713 | F26: 134.678 | G26: 16.4918 | H26: 0 | I26: 8.33261 | J26: 0 | K26: 0.00123006 | M26: 225677 | N26: 1589.91 | O26: 109411 | P26: 10553 | Q26: 181626 | R26: 2721.28
A27: OpenMP version: 202011 | B27: AVX2 optimization enabled | C27: PARAMETR_SIZE: 168 | D27: MAX_VALUE_SIZE: 4 | E27: SET_PARAMETR_SIZE_ONE_X: 21 | F27: ANT_SIZE: 500 | G27: MAX_THREAD_CUDA: 512 | H27: NAME_FILE_GRAPH: Parametr_Graph/test168_4,txt | I27: KOL_ITERATION: 500 | J27: KOL_PROGREV: 5 | K27: KOL_PROGON_STATISTICS: 10 | L27: PARAMETR_RO: 0,999 | M27: PARAMETR_Q: 1 | N27: PRINT_INFORMATION: 0 | O27: MAX_PARAMETR_VALUE_TO_MIN_OPT: 1 | P27: OPTIMIZE: OPTIMIZE_MAX | Q27: FUNCTION: SHAFFERA | R27: HASH_TABLE_SIZE: 67108864 | S27: ZERO_HASH_RESULT: -1 | T27: ZERO_HASH: 18446744073709551615 | U27: MAX_PROBES: 10000 | V27: KOL_STAT_LEVEL: 20 | W27: TYPE_ACO: 1 | X27: ACOCCyN_KOL_ITERATION: 50 | Y27: CPU_RANDOM: 0 | Z27: KOL_THREAD_CPU_ANT: 12 | AA27: CONST_AVX: 4 | AB27: CONST_RANDOM: 100000 | AC27: MAX_CONST: 8000 | AD27: BIN_SEARCH: 0 | AE27: GO_ALG_MINMAX: 1 | AF27: PAR_MAX_ALG_MINMAX: 1000 | AG27: PAR_MIN_ALG_MINMAX: 1
A28: 1 | B28: 427.773 | C28: 0.57782 | D28: 403.08 | E28: 23.6103 | F28: 188.846 | G28: 16.5972 | H28: 0 | I28: 99.9971 | J28: 0 | K28: 0.00461954 | M28: 1830170 | N28: 3.34094 | O28: 1624920 | P28: 5601.84 | Q28: 356696 | R28: 2755.21
A29: 2 | B29: 255.032 | C29: 6.49802 | D29: 222.894 | E29: 25.0852 | F29: 190.459 | G29: 16.8658 | H29: 0 | I29: 49.9973 | J29: 0 | K29: 0.00123636 | M29: 650999 | N29: 429.202 | O29: 497287 | P29: 6298.9 | Q29: 362964 | R29: 2846.84
A30: 3 | B30: 203.559 | C30: 7.28825 | D30: 171.787 | E30: 23.9138 | F30: 198.015 | G30: 17.7943 | H30: 0 | I30: 33.3305 | J30: 0 | K30: 0.0102852 | M30: 414518 | N30: 532.588 | O30: 295227 | P30: 5719.85 | Q30: 392317 | R30: 3170.87
A31: 4 | B31: 183.655 | C31: 7.52334 | D31: 152.149 | E31: 23.4191 | F31: 196.757 | G31: 17.463 | H31: 0 | I31: 24.9982 | J31: 0 | K31: 0.00141318 | M31: 339133 | N31: 568.772 | O31: 233360 | P31: 5486.26 | Q31: 387266 | R31: 3049.75
A32: 5 | B32: 225.757 | C32: 8.2279 | D32: 189.969 | E32: 26.9872 | F32: 201.343 | G32: 17.8349 | H32: 0 | I32: 19.9988 | J32: 0 | K32: 0.00263968 | M32: 509758 | N32: 687.442 | O32: 360980 | P32: 7290.14 | Q32: 406806 | R32: 3184.86
A33: 6 | B33: 206.923 | C33: 10.102 | D33: 165.247 | E33: 31.0092 | F33: 203.554 | G33: 17.9435 | H33: 0 | I33: 16.6656 | J33: 0 | K33: 0.00143546 | M33: 428241 | N33: 1040.82 | O33: 273155 | P33: 9641.74 | Q33: 416588 | R33: 3226.18
A34: 7 | B34: 197.952 | C34: 11.2321 | D34: 153.108 | E34: 33.0455 | F34: 217.586 | G34: 18.7828 | H34: 0 | I34: 14.2847 | J34: 0 | K34: 0.00145411 | M34: 392016 | N34: 1270.99 | O34: 234719 | P34: 11041.9 | Q34: 478287 | R34: 3545.95
A35: 8 | B35: 185.693 | C35: 11.4584 | D35: 141.148 | E35: 32.5207 | F35: 212.758 | G35: 18.5717 | H35: 0 | I35: 12.4991 | J35: 0 | K35: 0.00123082 | M35: 344939 | N35: 1321.1 | O35: 199297 | P35: 10585.8 | Q35: 452776 | R35: 3449.61
A36: 9 | B36: 183.492 | C36: 12.5202 | D36: 137.834 | E36: 32.5724 | F36: 220.18 | G36: 19.038 | H36: 0 | I36: 11.1101 | J36: 0 | K36: 0.00319665 | M36: 336756 | N36: 1568.49 | O36: 190051 | P36: 10616 | Q36: 484837 | R36: 3624.66
A37: 10 | B37: 189.588 | C37: 12.6275 | D37: 141.519 | E37: 34.8722 | F37: 226.073 | G37: 19.2995 | H37: 0 | I37: 9.99928 | J37: 0 | K37: 0.00124052 | M37: 359929 | N37: 1595.25 | O37: 200804 | P37: 12162.4 | Q37: 511193 | R37: 3725.02
A38: 11 | B38: 217.066 | C38: 12.9154 | D38: 165.984 | E38: 37.5929 | F38: 227.207 | G38: 19.4544 | H38: 0 | I38: 9.09038 | J38: 0 | K38: 0.0108907 | M38: 471425 | N38: 1669.49 | O38: 275715 | P38: 14139.8 | Q38: 516278 | R38: 3785.59
A39: 12 | B39: 205.062 | C39: 12.4464 | D39: 152.359 | E39: 39.6752 | F39: 231.974 | G39: 19.8465 | H39: 0 | I39: 8.33281 | J39: 0 | K39: 0.00144772 | M39: 421920 | N39: 1558.86 | O39: 233763 | P39: 15761.2 | Q39: 538195 | R39: 3942.8
A40: OpenMP version: 202011 | B40: AVX2 optimization enabled | C40: PARAMETR_SIZE: 336 | D40: MAX_VALUE_SIZE: 4 | E40: SET_PARAMETR_SIZE_ONE_X: 21 | F40: ANT_SIZE: 500 | G40: MAX_THREAD_CUDA: 512 | H40: NAME_FILE_GRAPH: Parametr_Graph/test336_4,txt | I40: KOL_ITERATION: 500 | J40: KOL_PROGREV: 5 | K40: KOL_PROGON_STATISTICS: 10 | L40: PARAMETR_RO: 0,999 | M40: PARAMETR_Q: 1 | N40: PRINT_INFORMATION: 0 | O40: MAX_PARAMETR_VALUE_TO_MIN_OPT: 1 | P40: OPTIMIZE: OPTIMIZE_MAX | Q40: FUNCTION: SHAFFERA | R40: HASH_TABLE_SIZE: 67108864 | S40: ZERO_HASH_RESULT: -1 | T40: ZERO_HASH: 18446744073709551615 | U40: MAX_PROBES: 10000 | V40: KOL_STAT_LEVEL: 20 | W40: TYPE_ACO: 1 | X40: ACOCCyN_KOL_ITERATION: 50 | Y40: CPU_RANDOM: 0 | Z40: KOL_THREAD_CPU_ANT: 12 | AA40: CONST_AVX: 4 | AB40: CONST_RANDOM: 100000 | AC40: MAX_CONST: 8000 | AD40: BIN_SEARCH: 0 | AE40: GO_ALG_MINMAX: 1 | AF40: PAR_MAX_ALG_MINMAX: 1000 | AG40: PAR_MIN_ALG_MINMAX: 1
A41: 1 | B41: 795.077 | C41: 1.08697 | D41: 748.821 | E41: 44.6494 | F41: 350.135 | G41: 22.1059 | H41: 0 | I41: 99.9984 | J41: 0 | K41: 0.0539212 | M41: 6321620 | N41: 11.8244 | O41: 5607430 | P41: 19941.8 | Q41: 1225960 | R41: 4887.12
A42: 2 | B42: 441.125 | C42: 6.58447 | D42: 398.135 | E42: 35.8477 | F42: 348.407 | G42: 22.403 | H42: 0 | I42: 49.9985 | J42: 0 | K42: 0.0313382 | M42: 1946110 | N42: 433.907 | O42: 1585270 | P42: 12855.3 | Q42: 1213990 | R42: 5020.93
A43: 3 | B43: 335.478 | C43: 7.55881 | D43: 294.349 | E43: 33.0063 | F43: 362.625 | G43: 23.4967 | H43: 0 | I43: 33.3321 | J43: 0 | K43: 0.0299789 | M43: 1125750 | N43: 571.685 | O43: 866658 | P43: 10897.4 | Q43: 1314990 | R43: 5521.38
A44: 4 | B44: 338.271 | C44: 8.12692 | D44: 296.311 | E44: 33.272 | F44: 364.786 | G44: 23.5358 | H44: 0 | I44: 24.999 | J44: 0 | K44: 0.05391 | M44: 1168410 | N44: 667.446 | O44: 900908 | P44: 11101.4 | Q44: 1330800 | R44: 5539.93
A45: 5 | B45: 408.81 | C45: 8.26856 | D45: 362.286 | E45: 37.6961 | F45: 370.445 | G45: 23.8004 | H45: 0 | I45: 19.9994 | J45: 0 | K45: 0.0539216 | M45: 1672690 | N45: 688.062 | O45: 1313940 | P45: 14216.8 | Q45: 1373320 | R45: 5669.67
A46: 6 | B46: 348.197 | C46: 11.2868 | D46: 290.304 | E46: 46.0362 | F46: 408.513 | G46: 26.02 | H46: 0 | I46: 16.666 | J46: 0 | K46: 0.0331362 | M46: 1212840 | N46: 1296.83 | O46: 843288 | P46: 21368.7 | Q46: 1679920 | R46: 6804.44
A47: 7 | B47: 314.657 | C47: 11.6962 | D47: 261.656 | E47: 40.72 | F47: 404.662 | G47: 25.6158 | H47: 0 | I47: 14.2851 | J47: 0 | K47: 0.0541085 | M47: 990336 | N47: 1373.85 | O47: 684899 | P47: 16588.3 | Q47: 1640580 | R47: 6571.12
A48: 8 | B48: 289.397 | C48: 11.93 | D48: 235.751 | E48: 41.1555 | F48: 413.261 | G48: 26.3098 | H48: 0 | I48: 12.4994 | J48: 0 | K48: 0.0542412 | M48: 837821 | N48: 1424.33 | O48: 556043 | P48: 16954.5 | Q48: 1713590 | R48: 6945.01
A49: 9 | B49: 277.909 | C49: 13.4212 | D49: 221.737 | E49: 42.1838 | F49: 428.002 | G49: 27.0708 | H49: 0 | I49: 11.1106 | J49: 0 | K49: 0.0471044 | M49: 772434 | N49: 1805.21 | O49: 491764 | P49: 17814.1 | Q49: 1834090 | R49: 7335.74
A50: 10 | B50: 271.396 | C50: 13.2442 | D50: 214.035 | E50: 43.5513 | F50: 445.421 | G50: 28.0798 | H50: 0 | I50: 9.9995 | J50: 0 | K50: 0.0377537 | M50: 736642 | N50: 1756.17 | O50: 458203 | P50: 18980 | Q50: 1984600 | R50: 7887.56
A51: 11 | B51: 326.859 | C51: 13.6434 | D51: 265.647 | E51: 47.0053 | F51: 438.105 | G51: 27.554 | H51: 0 | I51: 9.09053 | J51: 0 | K51: 0.0539117 | M51: 1077960 | N51: 1862.52 | O51: 714150 | P51: 22134.9 | Q51: 1920170 | R51: 7596
A52: 12 | B52: 322.762 | C52: 13.5967 | D52: 259.147 | E52: 49.4505 | F52: 447.66 | G52: 28.2186 | H52: 0 | I52: 8.33301 | J52: 0 | K52: 0.0291455 | M52: 1044300 | N52: 1850.47 | O52: 674112 | P52: 24460.5 | Q52: 2004040 | R52: 7964.08
A53: OpenMP version: 202011 | B53: AVX2 optimization enabled | C53: PARAMETR_SIZE: 672 | D53: MAX_VALUE_SIZE: 4 | E53: SET_PARAMETR_SIZE_ONE_X: 21 | F53: ANT_SIZE: 500 | G53: MAX_THREAD_CUDA: 512 | H53: NAME_FILE_GRAPH: Parametr_Graph/test672_4,txt | I53: KOL_ITERATION: 500 | J53: KOL_PROGREV: 5 | K53: KOL_PROGON_STATISTICS: 10 | L53: PARAMETR_RO: 0,999 | M53: PARAMETR_Q: 1 | N53: PRINT_INFORMATION: 0 | O53: MAX_PARAMETR_VALUE_TO_MIN_OPT: 1 | P53: OPTIMIZE: OPTIMIZE_MAX | Q53: FUNCTION: SHAFFERA | R53: HASH_TABLE_SIZE: 67108864 | S53: ZERO_HASH_RESULT: -1 | T53: ZERO_HASH: 18446744073709551615 | U53: MAX_PROBES: 10000 | V53: KOL_STAT_LEVEL: 20 | W53: TYPE_ACO: 1 | X53: ACOCCyN_KOL_ITERATION: 50 | Y53: CPU_RANDOM: 0 | Z53: KOL_THREAD_CPU_ANT: 12 | AA53: CONST_AVX: 4 | AB53: CONST_RANDOM: 100000 | AC53: MAX_CONST: 8000 | AD53: BIN_SEARCH: 0 | AE53: GO_ALG_MINMAX: 1 | AF53: PAR_MAX_ALG_MINMAX: 1000 | AG53: PAR_MIN_ALG_MINMAX: 1
A54: 1 | B54: 1549.54 | C54: 2.13351 | D54: 1453.1 | E54: 93.7609 | F54: 670.234 | G54: 34.227 | H54: 0 | I54: 99.9988 | J54: 0 | K54: 0.147543 | M54: 24011100 | N54: 45.5719 | O54: 21115300 | P54: 87922.9 | Q54: 4492240 | R54: 11716.8
A55: 2 | B55: 827.551 | C55: 8.03759 | D55: 757.542 | E55: 61.4196 | F55: 673.881 | G55: 34.5846 | H55: 0 | I55: 49.999 | J55: 0 | K55: 0.151555 | M55: 6849900 | N55: 652.101 | O55: 5739620 | P55: 37785.2 | Q55: 4541620 | R55: 11961.7
A56: 3 | B56: 614.085 | C56: 9.76914 | D56: 545.8 | E56: 57.9232 | F56: 699.778 | G56: 36.1833 | H56: 0 | I56: 33.3323 | J56: 0 | K56: 0.157631 | M56: 3772450 | N56: 982.949 | O56: 2979640 | P56: 33911.4 | Q56: 4896920 | R56: 13092.5
A57: 4 | B57: 525.257 | C57: 9.26059 | D57: 466.676 | E57: 48.7518 | F57: 700.499 | G57: 36.4275 | H57: 0 | I57: 24.9992 | J57: 0 | K57: 0.150525 | M57: 2769220 | N57: 863.673 | O57: 2187010 | P57: 23809.5 | Q57: 4907070 | R57: 13270.4
A58: 5 | B58: 706.044 | C58: 11.5318 | D58: 632.614 | E58: 61.3298 | F58: 761.732 | G58: 39.3955 | H58: 0 | I58: 19.9996 | J58: 0 | K58: 0.153119 | M58: 4991160 | N58: 1369.99 | O58: 4008510 | P58: 37636.3 | Q58: 5811540 | R58: 15546
A59: 6 | B59: 624.342 | C59: 13.7622 | D59: 544.031 | E59: 65.9803 | F59: 824.796 | G59: 42.5605 | H59: 0 | I59: 16.6663 | J59: 0 | K59: 0.147233 | M59: 3898490 | N59: 1930.11 | O59: 2961110 | P59: 43762.3 | Q59: 6821630 | R59: 18156.3
A60: 7 | B60: 572.008 | C60: 13.3958 | D60: 488.262 | E60: 69.7893 | F60: 845.455 | G60: 43.5277 | H60: 0 | I60: 14.2853 | J60: 0 | K60: 0.149842 | M60: 3272180 | N60: 1808.73 | O60: 2384550 | P60: 49463 | Q60: 7166920 | R60: 18991.9
A61: 8 | B61: 514.515 | C61: 13.2843 | D61: 421.885 | E61: 78.7773 | F61: 873.367 | G61: 46.2992 | H61: 0 | I61: 12.4996 | J61: 0 | K61: 0.119987 | M61: 2650000 | N61: 1768.84 | O61: 1783700 | P61: 63754.8 | Q61: 7666110 | R61: 21590.9
A62: 9 | B62: 483.873 | C62: 14.0365 | D62: 398.279 | E62: 70.9944 | F62: 854.374 | G62: 43.9967 | H62: 0 | I62: 11.1108 | J62: 0 | K62: 0.147385 | M62: 2344630 | N62: 1977.65 | O62: 1587020 | P62: 51312 | Q62: 7313330 | R62: 19392.3
A63: 10 | B63: 483.989 | C63: 13.5387 | D63: 391.082 | E63: 78.8028 | F63: 870.762 | G63: 45.3039 | H63: 0 | I63: 9.99972 | J63: 0 | K63: 0.14712 | M63: 2345230 | N63: 1834.34 | O63: 1531810 | P63: 62323.8 | Q63: 7585630 | R63: 20545.4
A64: 11 | B64: 530.483 | C64: 15.0613 | D64: 437.237 | E64: 77.6169 | F64: 866.091 | G64: 45.9081 | H64: 0 | I64: 9.09067 | J64: 0 | K64: 0.154066 | M64: 2842810 | N64: 2269.19 | O64: 1944020 | P64: 60363.4 | Q64: 7502520 | R64: 21121.7
A65: 12 | B65: 537.973 | C65: 14.5616 | D65: 445.886 | E65: 76.9598 | F65: 871.927 | G65: 48.3027 | H65: 0 | I65: 8.33312 | J65: 0 | K65: 0.117494 | M65: 2957810 | N65: 2121.53 | O65: 2055060 | P65: 59276.2 | Q65: 7602680 | R65: 23462.4
A66: OpenMP version: 202011 | B66: AVX2 optimization enabled | C66: PARAMETR_SIZE: 1344 | D66: MAX_VALUE_SIZE: 4 | E66: SET_PARAMETR_SIZE_ONE_X: 21 | F66: ANT_SIZE: 500 | G66: MAX_THREAD_CUDA: 512 | H66: NAME_FILE_GRAPH: Parametr_Graph/test1344_4,txt | I66: KOL_ITERATION: 500 | J66: KOL_PROGREV: 5 | K66: KOL_PROGON_STATISTICS: 10 | L66: PARAMETR_RO: 0,999 | M66: PARAMETR_Q: 1 | N66: PRINT_INFORMATION: 0 | O66: MAX_PARAMETR_VALUE_TO_MIN_OPT: 1 | P66: OPTIMIZE: OPTIMIZE_MAX | Q66: FUNCTION: SHAFFERA | R66: HASH_TABLE_SIZE: 67108864 | S66: ZERO_HASH_RESULT: -1 | T66: ZERO_HASH: 18446744073709551615 | U66: MAX_PROBES: 10000 | V66: KOL_STAT_LEVEL: 20 | W66: TYPE_ACO: 1 | X66: ACOCCyN_KOL_ITERATION: 50 | Y66: CPU_RANDOM: 0 | Z66: KOL_THREAD_CPU_ANT: 12 | AA66: CONST_AVX: 4 | AB66: CONST_RANDOM: 100000 | AC66: MAX_CONST: 8000 | AD66: BIN_SEARCH: 0 | AE66: GO_ALG_MINMAX: 1 | AF66: PAR_MAX_ALG_MINMAX: 1000 | AG66: PAR_MIN_ALG_MINMAX: 1
A67: 1 | B67: 3082.79 | C67: 4.13207 | D67: 2825.81 | E67: 252.268 | F67: 1295 | G67: 59.0196 | H67: 0 | I67: 99.9991 | J67: 0 | K67: 0.283104 | M67: 95037500 | N67: 170.828 | O67: 79852700 | P67: 636678 | Q67: 16770300 | R67: 34835.6
A68: 2 | B68: 1641.97 | C68: 12.8013 | D68: 1478.03 | E68: 150.538 | F68: 1317.02 | G68: 59.9682 | H68: 0 | I68: 49.9992 | J68: 0 | K68: 0.284104 | M68: 26970600 | N68: 1717.28 | O68: 21850600 | P68: 227231 | Q68: 17348200 | R68: 35970
A69: 3 | B69: 1178.78 | C69: 12.3609 | D69: 1048.13 | E69: 117.664 | F69: 1367.78 | G69: 62.4033 | H69: 0 | I69: 33.3327 | J69: 0 | K69: 0.283084 | M69: 13896100 | N69: 1528.33 | O69: 10986300 | P69: 138581 | Q69: 18708200 | R69: 38948.8
A70: 4 | B70: 952.672 | C70: 12.3132 | D70: 842.14 | E70: 97.6264 | F70: 1374.26 | G70: 62.5522 | H70: 0 | I70: 24.9994 | J70: 0 | K70: 0.283078 | M70: 9101530 | N70: 1579.7 | O70: 7109520 | P70: 95748.6 | Q70: 18886000 | R70: 39135.6
A71: 5 | B71: 1284.9 | C71: 28.5361 | D71: 1118.69 | E71: 137.053 | F71: 1555.11 | G71: 70.5333 | H71: 0 | I71: 19.9996 | J71: 0 | K71: 0.28349 | M71: 16516800 | N71: 8381.79 | O71: 12521100 | P71: 188313 | Q71: 24191300 | R71: 49768.4
A72: 6 | B72: 1146.95 | C72: 20.7826 | D72: 985.524 | E72: 140.044 | F72: 1683.75 | G72: 75.862 | H72: 0 | I72: 16.6663 | J72: 0 | K72: 0.28308 | M72: 13156000 | N72: 4340.17 | O72: 9713920 | P72: 196268 | Q72: 28364300 | R72: 57571.6
A73: 7 | B73: 1046.86 | C73: 20.7592 | D73: 864.34 | E73: 160.876 | F73: 1756.94 | G73: 79.2269 | H73: 0 | I73: 14.2853 | J73: 0 | K73: 0.283128 | M73: 10960100 | N73: 4325.63 | O73: 7472320 | P73: 259774 | Q73: 30876900 | R73: 62790.4
A74: 8 | B74: 949.892 | C74: 20.5669 | D74: 787.134 | E74: 141.465 | F74: 1781.21 | G74: 80.6019 | H74: 0 | I74: 12.4996 | J74: 0 | K74: 0.26188 | M74: 9023570 | N74: 4264.45 | O74: 6198500 | P74: 202733 | Q74: 31755500 | R74: 65019.1
A75: 9 | B75: 888.905 | C75: 23.0149 | D75: 717.475 | E75: 147.756 | F75: 1773.65 | G75: 83.067 | H75: 0 | I75: 11.1108 | J75: 0 | K75: 0.262107 | M75: 7911560 | N75: 5396.86 | O75: 5151550 | P75: 222376 | Q75: 31481900 | R75: 69168.9
A76: 10 | B76: 866.918 | C76: 23.3731 | D76: 673.634 | E76: 169.138 | F76: 1762.76 | G76: 84.5219 | H76: 0 | I76: 9.99977 | J76: 0 | K76: 0.283082 | M76: 7522880 | N76: 5497.5 | O76: 4541160 | P76: 287553 | Q76: 31075500 | R76: 71619.8
A77: 11 | B77: 820.407 | C77: 22.3472 | D77: 632.079 | E77: 165.379 | F77: 1744.83 | G77: 87.7822 | H77: 0 | I77: 9.09069 | J77: 0 | K77: 0.283162 | M77: 6735640 | N77: 4997.51 | O77: 4000040 | P77: 273699 | Q77: 30446000 | R77: 77267.2
A78: 12 | B78: 805.278 | C78: 21.0116 | D78: 625.444 | E78: 158.231 | F78: 1720.55 | G78: 96.4695 | H78: 0 | I78: 8.33314 | J78: 0 | K78: 0.283119 | M78: 6498310 | N78: 4421.98 | O78: 3926480 | P78: 250716 | Q78: 29603100 | R78: 93108.4
A79: OpenMP version: 202011 | B79: AVX2 optimization enabled | C79: PARAMETR_SIZE: 2688 | D79: MAX_VALUE_SIZE: 4 | E79: SET_PARAMETR_SIZE_ONE_X: 21 | F79: ANT_SIZE: 500 | G79: MAX_THREAD_CUDA: 512 | H79: NAME_FILE_GRAPH: Parametr_Graph/test2688_4,txt | I79: KOL_ITERATION: 500 | J79: KOL_PROGREV: 5 | K79: KOL_PROGON_STATISTICS: 10 | L79: PARAMETR_RO: 0,999 | M79: PARAMETR_Q: 1 | N79: PRINT_INFORMATION: 0 | O79: MAX_PARAMETR_VALUE_TO_MIN_OPT: 1 | P79: OPTIMIZE: OPTIMIZE_MAX | Q79: FUNCTION: SHAFFERA | R79: HASH_TABLE_SIZE: 67108864 | S79: ZERO_HASH_RESULT: -1 | T79: ZERO_HASH: 18446744073709551615 | U79: MAX_PROBES: 10000 | V79: KOL_STAT_LEVEL: 20 | W79: TYPE_ACO: 1 | X79: ACOCCyN_KOL_ITERATION: 50 | Y79: CPU_RANDOM: 0 | Z79: KOL_THREAD_CPU_ANT: 12 | AA79: CONST_AVX: 4 | AB79: CONST_RANDOM: 100000 | AC79: MAX_CONST: 8000 | AD79: BIN_SEARCH: 0 | AE79: GO_ALG_MINMAX: 1 | AF79: PAR_MAX_ALG_MINMAX: 1000 | AG79: PAR_MIN_ALG_MINMAX: 1
A80: 1 | B80: 6152.24 | C80: 8.20354 | D80: 5596.58 | E80: 546.792 | F80: 2553.79 | G80: 110.939 | H80: 0 | I80: 99.9991 | J80: 0 | K80: 0.380514 | M80: 378523000 | N80: 673.342 | O80: 313229000 | P80: 2991900 | Q80: 65220800 | R80: 123115
A81: 2 | B81: 3227.23 | C81: 15.3624 | D81: 2911.56 | E81: 299.649 | F81: 2603.21 | G81: 110.499 | H81: 0 | I81: 49.9995 | J81: 0 | K81: 0.377398 | M81: 104154000 | N81: 2386.59 | O81: 84774700 | P81: 898149 | Q81: 67768300 | R81: 122131
A82: 3 | B82: 2296.01 | C82: 14.8064 | D82: 2052.17 | E82: 228.367 | F82: 2708.8 | G82: 111.749 | H82: 0 | I82: 33.3329 | J82: 0 | K82: 0.375819 | M82: 52724700 | N82: 2202.49 | O82: 42116900 | P82: 522780 | Q82: 73376700 | R82: 124887
A83: 4 | B83: 1770.46 | C83: 14.2105 | D83: 1577.8 | E83: 177.787 | F83: 2715.29 | G83: 110.482 | H83: 0 | I83: 24.9998 | J83: 0 | K83: 0.382984 | M83: 31345900 | N83: 2021.29 | O83: 24895100 | P83: 316105 | Q83: 73728200 | R83: 122085
A84: 5 | B84: 2118.73 | C84: 37.1946 | D84: 1849.18 | E84: 231.659 | F84: 2971.78 | G84: 121.874 | H84: 0 | I84: 19.9998 | J84: 0 | K84: 0.385783 | M84: 44908700 | N84: 14263.8 | O84: 34212400 | P84: 536984 | Q84: 88317900 | R84: 148551
A85: 6 | B85: 1995.63 | C85: 38.4355 | D85: 1701.13 | E85: 255.243 | F85: 3194.62 | G85: 131.886 | H85: 0 | I85: 16.6664 | J85: 0 | K85: 0.377762 | M85: 39839200 | N85: 15104.1 | O85: 28949200 | P85: 652136 | Q85: 102066000 | R85: 173960
A86: 7 | B86: 1878.01 | C86: 37.672 | D86: 1558.55 | E86: 280.842 | F86: 3365.62 | G86: 139.332 | H86: 0 | I86: 14.2854 | J86: 0 | K86: 0.38578 | M86: 35275200 | N86: 14262.6 | O86: 24295100 | P86: 789460 | Q86: 113282000 | R86: 194148
A87: 8 | B87: 1633.94 | C87: 28.3733 | D87: 1361.08 | E87: 243.636 | F87: 3394.73 | G87: 149.413 | H87: 0 | I87: 12.4997 | J87: 0 | K87: 0.376569 | M87: 26739700 | N87: 8166.65 | O87: 18551200 | P87: 595015 | Q87: 115284000 | R87: 223630
A88: 9 | B88: 1512.91 | C88: 22.8418 | D88: 1270.56 | E88: 218.763 | F88: 3412.47 | G88: 193.43 | H88: 0 | I88: 11.1109 | J88: 0 | K88: 0.375713 | M88: 22916500 | N88: 5250.3 | O88: 16170200 | P88: 478670 | Q88: 116580000 | R88: 376248
A89: 10 | B89: 1468.35 | C89: 23.7594 | D89: 1212.74 | E89: 231.091 | F89: 3566.1 | G89: 208.381 | H89: 0 | I89: 9.99978 | J89: 0 | K89: 0.375975 | M89: 21565900 | N89: 5662.68 | O89: 14712900 | P89: 534190 | Q89: 127189000 | R89: 434509
A90: 11 | B90: 1674.09 | C90: 22.7485 | D90: 1412.09 | E90: 238.446 | F90: 3658.54 | G90: 220.391 | H90: 0 | I90: 9.09073 | J90: 0 | K90: 0.376263 | M90: 28087600 | N90: 5189.21 | O90: 20002700 | P90: 568713 | Q90: 134052000 | R90: 485906
A91: 12 | B91: 1546.39 | C91: 21.7949 | D91: 1292.06 | E91: 231.775 | F91: 3599.01 | G91: 213.051 | H91: 0 | I91: 8.33313 | J91: 0 | K91: 0.375727 | M91: 23984900 | N91: 4758.25 | O91: 16767500 | P91: 537267 | Q91: 129571000 | R91: 453918
A92: OpenMP version: 202011 | B92: AVX2 optimization enabled | C92: PARAMETR_SIZE: 5376 | D92: MAX_VALUE_SIZE: 4 | E92: SET_PARAMETR_SIZE_ONE_X: 21 | F92: ANT_SIZE: 500 | G92: MAX_THREAD_CUDA: 512 | H92: NAME_FILE_GRAPH: Parametr_Graph/test5376_4,txt | I92: KOL_ITERATION: 500 | J92: KOL_PROGREV: 5 | K92: KOL_PROGON_STATISTICS: 10 | L92: PARAMETR_RO: 0,999 | M92: PARAMETR_Q: 1 | N92: PRINT_INFORMATION: 0 | O92: MAX_PARAMETR_VALUE_TO_MIN_OPT: 1 | P92: OPTIMIZE: OPTIMIZE_MAX | Q92: FUNCTION: SHAFFERA | R92: HASH_TABLE_SIZE: 67108864 | S92: ZERO_HASH_RESULT: -1 | T92: ZERO_HASH: 18446744073709551615 | U92: MAX_PROBES: 10000 | V92: KOL_STAT_LEVEL: 20 | W92: TYPE_ACO: 1 | X92: ACOCCyN_KOL_ITERATION: 50 | Y92: CPU_RANDOM: 0 | Z92: KOL_THREAD_CPU_ANT: 12 | AA92: CONST_AVX: 4 | AB92: CONST_RANDOM: 100000 | AC92: MAX_CONST: 8000 | AD92: BIN_SEARCH: 0 | AE92: GO_ALG_MINMAX: 1 | AF92: PAR_MAX_ALG_MINMAX: 1000 | AG92: PAR_MIN_ALG_MINMAX: 1
A93: 1 | B93: 12334.6 | C93: 16.7374 | D93: 11230.9 | E93: 1086.33 | F93: 5139.25 | G93: 209.487 | H93: 0 | I93: 99.9995 | J93: 0 | K93: 0.440924 | M93: 1521480000 | N93: 2802.43 | O93: 1261340000 | P93: 11812900 | Q93: 264121000 | R93: 439529
A94: 2 | B94: 6442.45 | C94: 21.2214 | D94: 5824.15 | E94: 596.352 | F94: 5242.21 | G94: 215.13 | H94: 0 | I94: 49.9995 | J94: 0 | K94: 0.440923 | M94: 415058000 | N94: 4507.36 | O94: 339214000 | P94: 3556560 | Q94: 274812000 | R94: 462849
A95: 3 | B95: 4517.11 | C95: 19.782 | D95: 4013.38 | E95: 483.177 | F95: 5381.78 | G95: 211.419 | H95: 0 | I95: 33.333 | J95: 0 | K95: 0.440922 | M95: 204086000 | N95: 3960.69 | O95: 161080000 | P95: 2359650 | Q95: 289638000 | R95: 447046
A96: 4 | B96: 3685.39 | C96: 16.4985 | D96: 3295.96 | E96: 372.182 | F96: 5733.85 | G96: 229.02 | H96: 0 | I96: 24.9998 | J96: 0 | K96: 0.440946 | M96: 136228000 | N96: 2745.38 | O96: 108932000 | P96: 1401480 | Q96: 329458000 | R96: 527250
A97: 5 | B97: 3992.87 | C97: 23.8628 | D97: 3519.8 | E97: 448.395 | F97: 6318.19 | G97: 270.286 | H97: 0 | I97: 19.9998 | J97: 0 | K97: 0.440925 | M97: 159485000 | N97: 5710.68 | O97: 123914000 | P97: 2032930 | Q97: 399225000 | R97: 732248
A98: 6 | B98: 3693.85 | C98: 29.3296 | D98: 3172.35 | E98: 491.097 | F98: 6652.55 | G98: 280.867 | H98: 0 | I98: 16.6665 | J98: 0 | K98: 0.440931 | M98: 136553000 | N98: 8632.54 | O98: 100653000 | P98: 2537820 | Q98: 442622000 | R98: 790535
A99: 7 | B99: 3380.73 | C99: 36.6854 | D99: 2832.72 | E99: 510.154 | F99: 6863.06 | G99: 282.38 | H99: 0 | I99: 14.2855 | J99: 0 | K99: 0.440947 | M99: 114339000 | N99: 13926.1 | O99: 80248600 | P99: 2651320 | Q99: 471057000 | R99: 797892
A100: 8 | B100: 3048.34 | C100: 41.3997 | D100: 2566.29 | E100: 439.754 | F100: 7013.34 | G100: 286.024 | H100: 0 | I100: 12.4998 | J100: 0 | K100: 0.437708 | M100: 92930100 | N100: 17544.9 | O100: 65862400 | P100: 1935340 | Q100: 491881000 | R100: 818816
...

Sheet Лист2
B1: 13
B3: 1
B4: 0 | C4: 1 | D4: 2 | E4: 3 | F4: 4 | G4: 5 | H4: 6 | I4: 7 | J4: 8 | K4: 9 | L4: 10 | M4: 11 | N4: 12 | O4: 13 | P4: 14 | Q4: 15
B5: 42 | C5: =B5*2 -> 84 | D5: =C5*2 -> 168 | E5: =D5*2 -> 336 | F5: =E5*2 -> 672 | G5: =F5*2 -> 1344 | H5: =G5*2 -> 2688 | I5: =H5*2 -> 5376 | J5: =I5*2 -> 10752 | ... Q5: =P5*2 -> 1376256
A6: 1 | B6: =OFFSET(Лист1!$A$1,B$4*$B$1+$A6,$B$3) -> 164.127 | C6: =OFFSET(Лист1!$A$1,C$4*$B$1+$A6,$B$3) -> 249.153 | D6: =OFFSET(Лист1!$A$1,D$4*$B$1+$A6,$B$3) -> 427.773 | E6: =OFFSET(Лист1!$A$1,E$4*$B$1+$A6,$B$3) -> 795.077 | F6: =OFFSET(Лист1!$A$1,F$4*$B$1+$A6,$B$3) -> 1549.54 | G6: =OFFSET(Лист1!$A$1,G$4*$B$1+$A6,$B$3) -> 3082.79 | H6: =OFFSET(Лист1!$A$1,H$4*$B$1+$A6,$B$3) -> 6152.24 | I6: =OFFSET(Лист1!$A$1,I$4*$B$1+$A6,$B$3) -> 12334.6 | ... Q6: =OFFSET(Лист1!$A$1,Q$4*$B$1+$A6,$B$3) -> 0
A7: 2 | B7: =OFFSET(Лист1!$A$1,B$4*$B$1+$A7,$B$3) -> 113.962 | C7: =OFFSET(Лист1!$A$1,C$4*$B$1+$A7,$B$3) -> 159.387 | D7: =OFFSET(Лист1!$A$1,D$4*$B$1+$A7,$B$3) -> 255.032 | E7: =OFFSET(Лист1!$A$1,E$4*$B$1+$A7,$B$3) -> 441.125 | F7: =OFFSET(Лист1!$A$1,F$4*$B$1+$A7,$B$3) -> 827.551 | G7: =OFFSET(Лист1!$A$1,G$4*$B$1+$A7,$B$3) -> 1641.97 | H7: =OFFSET(Лист1!$A$1,H$4*$B$1+$A7,$B$3) -> 3227.23 | I7: =OFFSET(Лист1!$A$1,I$4*$B$1+$A7,$B$3) -> 6442.45 | ... Q7: =OFFSET(Лист1!$A$1,Q$4*$B$1+$A7,$B$3) -> 0
A8: 3 | B8: =OFFSET(Лист1!$A$1,B$4*$B$1+$A8,$B$3) -> 105.005 | C8: =OFFSET(Лист1!$A$1,C$4*$B$1+$A8,$B$3) -> 136.035 | D8: =OFFSET(Лист1!$A$1,D$4*$B$1+$A8,$B$3) -> 203.559 | E8: =OFFSET(Лист1!$A$1,E$4*$B$1+$A8,$B$3) -> 335.478 | F8: =OFFSET(Лист1!$A$1,F$4*$B$1+$A8,$B$3) -> 614.085 | G8: =OFFSET(Лист1!$A$1,G$4*$B$1+$A8,$B$3) -> 1178.78 | H8: =OFFSET(Лист1!$A$1,H$4*$B$1+$A8,$B$3) -> 2296.01 | I8: =OFFSET(Лист1!$A$1,I$4*$B$1+$A8,$B$3) -> 4517.11 | ... Q8: =OFFSET(Лист1!$A$1,Q$4*$B$1+$A8,$B$3) -> 0
A9: 4 | B9: =OFFSET(Лист1!$A$1,B$4*$B$1+$A9,$B$3) -> 105.102 | C9: =OFFSET(Лист1!$A$1,C$4*$B$1+$A9,$B$3) -> 135.074 | D9: =OFFSET(Лист1!$A$1,D$4*$B$1+$A9,$B$3) -> 183.655 | E9: =OFFSET(Лист1!$A$1,E$4*$B$1+$A9,$B$3) -> 338.271 | F9: =OFFSET(Лист1!$A$1,F$4*$B$1+$A9,$B$3) -> 525.257 | G9: =OFFSET(Лист1!$A$1,G$4*$B$1+$A9,$B$3) -> 952.672 | H9: =OFFSET(Лист1!$A$1,H$4*$B$1+$A9,$B$3) -> 1770.46 | I9: =OFFSET(Лист1!$A$1,I$4*$B$1+$A9,$B$3) -> 3685.39 | ... Q9: =OFFSET(Лист1!$A$1,Q$4*$B$1+$A9,$B$3) -> 0
A10: 5 | B10: =OFFSET(Лист1!$A$1,B$4*$B$1+$A10,$B$3) -> 113.309 | C10: =OFFSET(Лист1!$A$1,C$4*$B$1+$A10,$B$3) -> 149.93 | D10: =OFFSET(Лист1!$A$1,D$4*$B$1+$A10,$B$3) -> 225.757 | E10: =OFFSET(Лист1!$A$1,E$4*$B$1+$A10,$B$3) -> 408.81 | F10: =OFFSET(Лист1!$A$1,F$4*$B$1+$A10,$B$3) -> 706.044 | G10: =OFFSET(Лист1!$A$1,G$4*$B$1+$A10,$B$3) -> 1284.9 | H10: =OFFSET(Лист1!$A$1,H$4*$B$1+$A10,$B$3) -> 2118.73 | I10: =OFFSET(Лист1!$A$1,I$4*$B$1+$A10,$B$3) -> 3992.87 | ... Q10: =OFFSET(Лист1!$A$1,Q$4*$B$1+$A10,$B$3) -> 0
A11: 6 | B11: =OFFSET(Лист1!$A$1,B$4*$B$1+$A11,$B$3) -> 112.434 | C11: =OFFSET(Лист1!$A$1,C$4*$B$1+$A11,$B$3) -> 142.059 | D11: =OFFSET(Лист1!$A$1,D$4*$B$1+$A11,$B$3) -> 206.923 | E11: =OFFSET(Лист1!$A$1,E$4*$B$1+$A11,$B$3) -> 348.197 | F11: =OFFSET(Лист1!$A$1,F$4*$B$1+$A11,$B$3) -> 624.342 | G11: =OFFSET(Лист1!$A$1,G$4*$B$1+$A11,$B$3) -> 1146.95 | H11: =OFFSET(Лист1!$A$1,H$4*$B$1+$A11,$B$3) -> 1995.63 | I11: =OFFSET(Лист1!$A$1,I$4*$B$1+$A11,$B$3) -> 3693.85 | ... Q11: =OFFSET(Лист1!$A$1,Q$4*$B$1+$A11,$B$3) -> 0
A12: 7 | B12: =OFFSET(Лист1!$A$1,B$4*$B$1+$A12,$B$3) -> 116.217 | C12: =OFFSET(Лист1!$A$1,C$4*$B$1+$A12,$B$3) -> 138.502 | D12: =OFFSET(Лист1!$A$1,D$4*$B$1+$A12,$B$3) -> 197.952 | E12: =OFFSET(Лист1!$A$1,E$4*$B$1+$A12,$B$3) -> 314.657 | F12: =OFFSET(Лист1!$A$1,F$4*$B$1+$A12,$B$3) -> 572.008 | G12: =OFFSET(Лист1!$A$1,G$4*$B$1+$A12,$B$3) -> 1046.86 | H12: =OFFSET(Лист1!$A$1,H$4*$B$1+$A12,$B$3) -> 1878.01 | I12: =OFFSET(Лист1!$A$1,I$4*$B$1+$A12,$B$3) -> 3380.73 | ... Q12: =OFFSET(Лист1!$A$1,Q$4*$B$1+$A12,$B$3) -> 0
A13: 8 | B13: =OFFSET(Лист1!$A$1,B$4*$B$1+$A13,$B$3) -> 112.537 | C13: =OFFSET(Лист1!$A$1,C$4*$B$1+$A13,$B$3) -> 133.752 | D13: =OFFSET(Лист1!$A$1,D$4*$B$1+$A13,$B$3) -> 185.693 | E13: =OFFSET(Лист1!$A$1,E$4*$B$1+$A13,$B$3) -> 289.397 | F13: =OFFSET(Лист1!$A$1,F$4*$B$1+$A13,$B$3) -> 514.515 | G13: =OFFSET(Лист1!$A$1,G$4*$B$1+$A13,$B$3) -> 949.892 | H13: =OFFSET(Лист1!$A$1,H$4*$B$1+$A13,$B$3) -> 1633.94 | I13: =OFFSET(Лист1!$A$1,I$4*$B$1+$A13,$B$3) -> 3048.34 | ... Q13: =OFFSET(Лист1!$A$1,Q$4*$B$1+$A13,$B$3) -> 0
A14: 9 | B14: =OFFSET(Лист1!$A$1,B$4*$B$1+$A14,$B$3) -> 113.69 | C14: =OFFSET(Лист1!$A$1,C$4*$B$1+$A14,$B$3) -> 134.918 | D14: =OFFSET(Лист1!$A$1,D$4*$B$1+$A14,$B$3) -> 183.492 | E14: =OFFSET(Лист1!$A$1,E$4*$B$1+$A14,$B$3) -> 277.909 | F14: =OFFSET(Лист1!$A$1,F$4*$B$1+$A14,$B$3) -> 483.873 | G14: =OFFSET(Лист1!$A$1,G$4*$B$1+$A14,$B$3) -> 888.905 | H14: =OFFSET(Лист1!$A$1,H$4*$B$1+$A14,$B$3) -> 1512.91 | I14: =OFFSET(Лист1!$A$1,I$4*$B$1+$A14,$B$3) -> 3097.13 | ... Q14: =OFFSET(Лист1!$A$1,Q$4*$B$1+$A14,$B$3) -> 0
A15: 10 | B15: =OFFSET(Лист1!$A$1,B$4*$B$1+$A15,$B$3) -> 123.048 | C15: =OFFSET(Лист1!$A$1,C$4*$B$1+$A15,$B$3) -> 153.179 | D15: =OFFSET(Лист1!$A$1,D$4*$B$1+$A15,$B$3) -> 189.588 | E15: =OFFSET(Лист1!$A$1,E$4*$B$1+$A15,$B$3) -> 271.396 | F15: =OFFSET(Лист1!$A$1,F$4*$B$1+$A15,$B$3) -> 483.989 | G15: =OFFSET(Лист1!$A$1,G$4*$B$1+$A15,$B$3) -> 866.918 | H15: =OFFSET(Лист1!$A$1,H$4*$B$1+$A15,$B$3) -> 1468.35 | I15: =OFFSET(Лист1!$A$1,I$4*$B$1+$A15,$B$3) -> 2768.35 | ... Q15: =OFFSET(Лист1!$A$1,Q$4*$B$1+$A15,$B$3) -> 0
A16: 11 | B16: =OFFSET(Лист1!$A$1,B$4*$B$1+$A16,$B$3) -> 124.104 | C16: =OFFSET(Лист1!$A$1,C$4*$B$1+$A16,$B$3) -> 149.924 | D16: =OFFSET(Лист1!$A$1,D$4*$B$1+$A16,$B$3) -> 217.066 | E16: =OFFSET(Лист1!$A$1,E$4*$B$1+$A16,$B$3) -> 326.859 | F16: =OFFSET(Лист1!$A$1,F$4*$B$1+$A16,$B$3) -> 530.483 | G16: =OFFSET(Лист1!$A$1,G$4*$B$1+$A16,$B$3) -> 820.407 | H16: =OFFSET(Лист1!$A$1,H$4*$B$1+$A16,$B$3) -> 1674.09 | I16: =OFFSET(Лист1!$A$1,I$4*$B$1+$A16,$B$3) -> 2777.01 | ... Q16: =OFFSET(Лист1!$A$1,Q$4*$B$1+$A16,$B$3) -> 0
A17: 12 | B17: =OFFSET(Лист1!$A$1,B$4*$B$1+$A17,$B$3) -> 121.148 | C17: =OFFSET(Лист1!$A$1,C$4*$B$1+$A17,$B$3) -> 150.131 | D17: =OFFSET(Лист1!$A$1,D$4*$B$1+$A17,$B$3) -> 205.062 | E17: =OFFSET(Лист1!$A$1,E$4*$B$1+$A17,$B$3) -> 322.762 | F17: =OFFSET(Лист1!$A$1,F$4*$B$1+$A17,$B$3) -> 537.973 | G17: =OFFSET(Лист1!$A$1,G$4*$B$1+$A17,$B$3) -> 805.278 | H17: =OFFSET(Лист1!$A$1,H$4*$B$1+$A17,$B$3) -> 1546.39 | I17: =OFFSET(Лист1!$A$1,I$4*$B$1+$A17,$B$3) -> 2599.94 | ... Q17: =OFFSET(Лист1!$A$1,Q$4*$B$1+$A17,$B$3) -> 0
B20: 42 | C20: =B20*2 -> 84 | D20: =C20*2 -> 168 | E20: =D20*2 -> 336 | F20: =E20*2 -> 672 | G20: =F20*2 -> 1344 | H20: =G20*2 -> 2688 | I20: =H20*2 -> 5376 | J20: =I20*2 -> 10752 | ... Q20: =P20*2 -> 1376256
A21: 1 | B21: =B6/B$5 -> 3.9077857 | C21: =C6/C$5 -> 2.9661071 | D21: =D6/D$5 -> 2.5462679 | E21: =E6/E$5 -> 2.3663006 | F21: =F6/F$5 -> 2.3058631 | G21: =G6/G$5 -> 2.2937426 | H21: =H6/H$5 -> 2.2887798 | I21: =I6/I$5 -> 2.2943824 | ... Q21: =Q6/Q$5 -> 0
A22: 2 | B22: =B7/B$5 -> 2.713381 | C22: =C7/C$5 -> 1.8974643 | D22: =D7/D$5 -> 1.5180476 | E22: =E7/E$5 -> 1.312872 | F22: =F7/F$5 -> 1.2314747 | G22: =G7/G$5 -> 1.2217039 | H22: =H7/H$5 -> 1.2006064 | I22: =I7/I$5 -> 1.1983724 | ... Q22: =Q7/Q$5 -> 0
A23: 3 | B23: =B8/B$5 -> 2.500119 | C23: =C8/C$5 -> 1.6194643 | D23: =D8/D$5 -> 1.2116607 | E23: =E8/E$5 -> 0.99844643 | F23: =F8/F$5 -> 0.91381696 | G23: =G8/G$5 -> 0.87706845 | H23: =H8/H$5 -> 0.85417039 | I23: =I8/I$5 -> 0.84023624 | ... Q23: =Q8/Q$5 -> 0
A24: 4 | B24: =B9/B$5 -> 2.5024286 | C24: =C9/C$5 -> 1.6080238 | D24: =D9/D$5 -> 1.0931845 | E24: =E9/E$5 -> 1.0067589 | F24: =F9/F$5 -> 0.78163244 | G24: =G9/G$5 -> 0.70883333 | H24: =H9/H$5 -> 0.65865327 | I24: =I9/I$5 -> 0.68552641 | ... Q24: =Q9/Q$5 -> 0
A25: 5 | B25: =B10/B$5 -> 2.6978333 | C25: =C10/C$5 -> 1.784881 | D25: =D10/D$5 -> 1.3437917 | E25: =E10/E$5 -> 1.2166964 | F25: =F10/F$5 -> 1.0506607 | G25: =G10/G$5 -> 0.95602679 | H25: =H10/H$5 -> 0.78821801 | I25: =I10/I$5 -> 0.74272135 | ... Q25: =Q10/Q$5 -> 0
A26: 6 | B26: =B11/B$5 -> 2.677 | C26: =C11/C$5 -> 1.6911786 | D26: =D11/D$5 -> 1.2316845 | E26: =E11/E$5 -> 1.0363006 | F26: =F11/F$5 -> 0.92908036 | G26: =G11/G$5 -> 0.85338542 | H26: =H11/H$5 -> 0.74242188 | I26: =I11/I$5 -> 0.68710007 | ... Q26: =Q11/Q$5 -> 0
A27: 7 | B27: =B12/B$5 -> 2.7670714 | C27: =C12/C$5 -> 1.6488333 | D27: =D12/D$5 -> 1.1782857 | E27: =E12/E$5 -> 0.93647917 | F27: =F12/F$5 -> 0.85120238 | G27: =G12/G$5 -> 0.77891369 | H27: =H12/H$5 -> 0.69866443 | I27: =I12/I$5 -> 0.62885603 | ... Q27: =Q12/Q$5 -> 0
A28: 8 | B28: =B13/B$5 -> 2.6794524 | C28: =C13/C$5 -> 1.5922857 | D28: =D13/D$5 -> 1.1053155 | E28: =E13/E$5 -> 0.8613006 | F28: =F13/F$5 -> 0.76564732 | G28: =G13/G$5 -> 0.70676488 | H28: =H13/H$5 -> 0.60786458 | I28: =I13/I$5 -> 0.56702753 | ... Q28: =Q13/Q$5 -> 0
A29: 9 | B29: =B14/B$5 -> 2.7069048 | C29: =C14/C$5 -> 1.6061667 | D29: =D14/D$5 -> 1.0922143 | E29: =E14/E$5 -> 0.82711012 | F29: =F14/F$5 -> 0.72004911 | G29: =G14/G$5 -> 0.66138765 | H29: =H14/H$5 -> 0.56283854 | I29: =I14/I$5 -> 0.57610305 | ... Q29: =Q14/Q$5 -> 0
A30: 10 | B30: =B15/B$5 -> 2.9297143 | C30: =C15/C$5 -> 1.8235595 | D30: =D15/D$5 -> 1.1285 | E30: =E15/E$5 -> 0.80772619 | F30: =F15/F$5 -> 0.72022173 | G30: =G15/G$5 -> 0.64502827 | H30: =H15/H$5 -> 0.54626116 | I30: =I15/I$5 -> 0.51494606 | ... Q30: =Q15/Q$5 -> 0
A31: 11 | B31: =B16/B$5 -> 2.9548571 | C31: =C16/C$5 -> 1.7848095 | D31: =D16/D$5 -> 1.2920595 | E31: =E16/E$5 -> 0.97279464 | F31: =F16/F$5 -> 0.78940923 | G31: =G16/G$5 -> 0.61042188 | H31: =H16/H$5 -> 0.62280134 | I31: =I16/I$5 -> 0.51655692 | ... Q31: =Q16/Q$5 -> 0
A32: 12 | B32: =B17/B$5 -> 2.8844762 | C32: =C17/C$5 -> 1.7872738 | D32: =D17/D$5 -> 1.2206071 | E32: =E17/E$5 -> 0.96060119 | F32: =F17/F$5 -> 0.80055506 | G32: =G17/G$5 -> 0.59916518 | H32: =H17/H$5 -> 0.5752939 | I32: =I17/I$5 -> 0.48361979 | ... Q32: =Q17/Q$5 -> 0
