Workbook

Sheet Itog
C1: Node= | D1: 4 | F1: 42 | G1: =F1*2 -> 84 | H1: =G1*2 -> 168 | I1: =H1*2 -> 336 | J1: =I1*2 -> 672 | K1: =J1*2 -> 1344 | L1: =K1*2 -> 2688 | M1: =L1*2 -> 5376 | N1: =M1*2 -> 10752 | ... X1: =W1*2 -> 11010048 | Z1: 1 | AA1: << "Time=" << metrics.total_time_ms << "ms "
B2: 1 | E2: 51 | F2: 0 | G2: 49 | K2: const | M2: shared | Z2: 2 | AA2: << "Kernel=" << metrics.kernel_time_ms << "ms "
B3: 42clangOMP31 | C3: ANT node | D3: ANT all | E3: 0 | F3: 1 | Z3: 3 | AA3: << "Probabilities=" << metrics.computeProbabilities_time_ms << "ms "
A4: 0 | B4: 1 | C4: 64 | D4: =C4*$D$1 -> 256 | E4: =OFFSET('t42'!$A$1,$B$2+($B4-1)*$E$2+$A4,E$3) -> Run MPI Combined Run0 | F4: =AVERAGE(OFFSET('t42'!$A$1,$B$2+($B4-1)*$E$2+$F$2+$A4,F$3):OFFSET('t42'!$A$1,$B$2+($B4-1)*$E$2+$F$2+$G$2+$A4,F$3)) -> 62.451232 | G4: =AVERAGE(OFFSET('t84'!$A$1,$B$2+($B4-1)*$E$2+$F$2+$A4,F$3):OFFSET('t84'!$A$1,$B$2+($B4-1)*$E$2+$F$2+$G$2+$A4,F$3)) -> 69.661746 | H4: =AVERAGE(OFFSET('t168'!$A$1,$B$2+($B4-1)*$E$2+$F$2+$A4,F$3):OFFSET('t168'!$A$1,$B$2+($B4-1)*$E$2+$F$2+$G$2+$A4,F$3)) -> 85.86672 | I4: =AVERAGE(OFFSET('t336'!$A$1,$B$2+($B4-1)*$E$2+$F$2+$A4,F$3):OFFSET('t336'!$A$1,$B$2+($B4-1)*$E$2+$F$2+$G$2+$A4,F$3)) -> 112.96721 | J4: =AVERAGE(OFFSET('t672'!$A$1,$B$2+($B4-1)*$E$2+$F$2+$A4,F$3):OFFSET('t672'!$A$1,$B$2+($B4-1)*$E$2+$F$2+$G$2+$A4,F$3)) -> 171.1344 | K4: =AVERAGE(OFFSET('t1344'!$A$1,$B$2+($B4-1)*$E$2+$F$2+$A4,F$3):OFFSET('t1344'!$A$1,$B$2+($B4-1)*$E$2+$F$2+$G$2+$A4,F$3)) -> 278.25462 | L4: =AVERAGE(OFFSET('t2688'!$A$1,$B$2+($B4-1)*$E$2+$F$2+$A4,F$3):OFFSET('t2688'!$A$1,$B$2+($B4-1)*$E$2+$F$2+$G$2+$A4,F$3)) -> 508.96188 | M4: =AVERAGE(OFFSET('t5376'!$A$1,$B$2+($B4-1)*$E$2+$F$2+$A4,F$3):OFFSET('t5376'!$A$1,$B$2+($B4-1)*$E$2+$F$2+$G$2+$A4,F$3)) -> 922.25812 | N4: =AVERAGE(OFFSET('t10752'!$A$1,$B$2+($B4-1)*$E$2+$F$2+$A4,F$3):OFFSET('t10752'!$A$1,$B$2+($B4-1)*$E$2+$F$2+$G$2+$A4,F$3)) -> 1774.8392 | O4: =AVERAGE(OFFSET('t21504'!$A$1,$B$2+($B4-1)*$E$2+$F$2+$A4,F$3):OFFSET('t21504'!$A$1,$B$2+($B4-1)*$E$2+$F$2+$G$2+$A4,F$3)) -> 3567.8072 | P4: =AVERAGE(OFFSET('t43008'!$A$1,$B$2+($B4-1)*$E$2+$F$2+$A4,F$3):OFFSET('t43008'!$A$1,$B$2+($B4-1)*$E$2+$F$2+$G$2+$A4,F$3)) -> 6973.6632 | Q4: =AVERAGE(OFFSET('t86016'!$A$1,$B$2+($B4-1)*$E$2+$F$2+$A4,F$3):OFFSET('t86016'!$A$1,$B$2+($B4-1)*$E$2+$F$2+$G$2+$A4,F$3)) -> 14374.394 | R4: =AVERAGE(OFFSET('t172032'!$A$1,$B$2+($B4-1)*$E$2+$F$2+$A4,F$3):OFFSET('t172032'!$A$1,$B$2+($B4-1)*$E$2+$F$2+$G$2+$A4,F$3)) -> 29681.238 | S4: =AVERAGE(OFFSET('t344064'!$A$1,$B$2+($B4-1)*$E$2+$F$2+$A4,F$3):OFFSET('t344064'!$A$1,$B$2+($B4-1)*$E$2+$F$2+$G$2+$A4,F$3)) -> 64336.632 | T4: =AVERAGE(OFFSET('t688128'!$A$1,$B$2+($B4-1)*$E$2+$F$2+$A4,F$3):OFFSET('t688128'!$A$1,$B$2+($B4-1)*$E$2+$F$2+$G$2+$A4,F$3)) -> 109438.72 | U4: =AVERAGE(OFFSET(t1376256!$A$1,$B$2+($B4-1)*$E$2+$F$2+$A4,F$3):OFFSET(t1376256!$A$1,$B$2+($B4-1)*$E$2+$F$2+$G$2+$A4,F$3)) -> 285036.94 | Z4: 4 | AA4: << "Ant=" << metrics.antColonyOptimization_time_ms << "ms "
B5: 2 | C5: =C4*2 -> 128 | D5: =C5*$D$1 -> 512 | E5: =OFFSET('t42'!$A$1,$B$2+($B5-1)*$E$2+$A4,E$3) -> Run MPI Combined Run0 | F5: =AVERAGE(OFFSET('t42'!$A$1,$B$2+($B5-1)*$E$2+$F$2+$A4+1,F$3):OFFSET('t42'!$A$1,$B$2+($B5-1)*$E$2+$F$2+$G$2+$A4,F$3)) -> 62.812129 | G5: =AVERAGE(OFFSET('t84'!$A$1,$B$2+($B5-1)*$E$2+$F$2+$A4+1,F$3):OFFSET('t84'!$A$1,$B$2+($B5-1)*$E$2+$F$2+$G$2+$A4,F$3)) -> 70.296963 | H5: =AVERAGE(OFFSET('t168'!$A$1,$B$2+($B5-1)*$E$2+$F$2+$A4+1,F$3):OFFSET('t168'!$A$1,$B$2+($B5-1)*$E$2+$F$2+$G$2+$A4,F$3)) -> 87.1522 | I5: =AVERAGE(OFFSET('t336'!$A$1,$B$2+($B5-1)*$E$2+$F$2+$A4+1,F$3):OFFSET('t336'!$A$1,$B$2+($B5-1)*$E$2+$F$2+$G$2+$A4,F$3)) -> 115.07722 | J5: =AVERAGE(OFFSET('t672'!$A$1,$B$2+($B5-1)*$E$2+$F$2+$A4+1,F$3):OFFSET('t672'!$A$1,$B$2+($B5-1)*$E$2+$F$2+$G$2+$A4,F$3)) -> 169.89186 | K5: =AVERAGE(OFFSET('t1344'!$A$1,$B$2+($B5-1)*$E$2+$F$2+$A4+1,F$3):OFFSET('t1344'!$A$1,$B$2+($B5-1)*$E$2+$F$2+$G$2+$A4,F$3)) -> 277.03498 | L5: =AVERAGE(OFFSET('t2688'!$A$1,$B$2+($B5-1)*$E$2+$F$2+$A4+1,F$3):OFFSET('t2688'!$A$1,$B$2+($B5-1)*$E$2+$F$2+$G$2+$A4,F$3)) -> 530.41469 | M5: =AVERAGE(OFFSET('t5376'!$A$1,$B$2+($B5-1)*$E$2+$F$2+$A4+1,F$3):OFFSET('t5376'!$A$1,$B$2+($B5-1)*$E$2+$F$2+$G$2+$A4,F$3)) -> 959.38943 | N5: =AVERAGE(OFFSET('t10752'!$A$1,$B$2+($B5-1)*$E$2+$F$2+$A4+1,F$3):OFFSET('t10752'!$A$1,$B$2+($B5-1)*$E$2+$F$2+$G$2+$A4,F$3)) -> 1885.6086 | O5: =AVERAGE(OFFSET('t21504'!$A$1,$B$2+($B5-1)*$E$2+$F$2+$A4+1,F$3):OFFSET('t21504'!$A$1,$B$2+($B5-1)*$E$2+$F$2+$G$2+$A4,F$3)) -> 3773.0784 | P5: =AVERAGE(OFFSET('t43008'!$A$1,$B$2+($B5-1)*$E$2+$F$2+$A4+1,F$3):OFFSET('t43008'!$A$1,$B$2+($B5-1)*$E$2+$F$2+$G$2+$A4,F$3)) -> 7251.4914 | Q5: =AVERAGE(OFFSET('t86016'!$A$1,$B$2+($B5-1)*$E$2+$F$2+$A4+1,F$3):OFFSET('t86016'!$A$1,$B$2+($B5-1)*$E$2+$F$2+$G$2+$A4,F$3)) -> 15313.755 | R5: =AVERAGE(OFFSET('t172032'!$A$1,$B$2+($B5-1)*$E$2+$F$2+$A4+1,F$3):OFFSET('t172032'!$A$1,$B$2+($B5-1)*$E$2+$F$2+$G$2+$A4,F$3)) -> 31180.727 | S5: =AVERAGE(OFFSET('t344064'!$A$1,$B$2+($B5-1)*$E$2+$F$2+$A4+1,F$3):OFFSET('t344064'!$A$1,$B$2+($B5-1)*$E$2+$F$2+$G$2+$A4,F$3)) -> 69680.002 | T5: =AVERAGE(OFFSET('t688128'!$A$1,$B$2+($B5-1)*$E$2+$F$2+$A4+1,F$3):OFFSET('t688128'!$A$1,$B$2+($B5-1)*$E$2+$F$2+$G$2+$A4,F$3)) -> 118010.61 | U5: =AVERAGE(OFFSET(t1376256!$A$1,$B$2+($B5-1)*$E$2+$F$2+$A4+1,F$3):OFFSET(t1376256!$A$1,$B$2+($B5-1)*$E$2+$F$2+$G$2+$A4,F$3)) -> 307911.06 | Z5: 5 | AA5: << "Update=" << metrics.updatePheromones_time_ms << "ms "
A6: 0 | B6: 3 | C6: =C5*2 -> 256 | D6: =C6*$D$1 -> 1024 | E6: =OFFSET('t42'!$A$1,$B$2+($B6-1)*$E$2+$A6,E$3) -> Run MPI Combined Run0 | F6: =AVERAGE(OFFSET('t42'!$A$1,$B$2+($B6-1)*$E$2+$F$2+$A6,F$3):OFFSET('t42'!$A$1,$B$2+($B6-1)*$E$2+$F$2+$G$2+$A6,F$3)) -> 62.957284 | G6: =AVERAGE(OFFSET('t84'!$A$1,$B$2+($B6-1)*$E$2+$F$2+$A6,F$3):OFFSET('t84'!$A$1,$B$2+($B6-1)*$E$2+$F$2+$G$2+$A6,F$3)) -> 74.213382 | H6: =AVERAGE(OFFSET('t168'!$A$1,$B$2+($B6-1)*$E$2+$F$2+$A6,F$3):OFFSET('t168'!$A$1,$B$2+($B6-1)*$E$2+$F$2+$G$2+$A6,F$3)) -> 88.833834 | I6: =AVERAGE(OFFSET('t336'!$A$1,$B$2+($B6-1)*$E$2+$F$2+$A6,F$3):OFFSET('t336'!$A$1,$B$2+($B6-1)*$E$2+$F$2+$G$2+$A6,F$3)) -> 116.134 | J6: =AVERAGE(OFFSET('t672'!$A$1,$B$2+($B6-1)*$E$2+$F$2+$A6,F$3):OFFSET('t672'!$A$1,$B$2+($B6-1)*$E$2+$F$2+$G$2+$A6,F$3)) -> 178.8378 | K6: =AVERAGE(OFFSET('t1344'!$A$1,$B$2+($B6-1)*$E$2+$F$2+$A6,F$3):OFFSET('t1344'!$A$1,$B$2+($B6-1)*$E$2+$F$2+$G$2+$A6,F$3)) -> 290.9529 | L6: =AVERAGE(OFFSET('t2688'!$A$1,$B$2+($B6-1)*$E$2+$F$2+$A6,F$3):OFFSET('t2688'!$A$1,$B$2+($B6-1)*$E$2+$F$2+$G$2+$A6,F$3)) -> 550.7111 | M6: =AVERAGE(OFFSET('t5376'!$A$1,$B$2+($B6-1)*$E$2+$F$2+$A6,F$3):OFFSET('t5376'!$A$1,$B$2+($B6-1)*$E$2+$F$2+$G$2+$A6,F$3)) -> 1061.7183 | N6: =AVERAGE(OFFSET('t10752'!$A$1,$B$2+($B6-1)*$E$2+$F$2+$A6,F$3):OFFSET('t10752'!$A$1,$B$2+($B6-1)*$E$2+$F$2+$G$2+$A6,F$3)) -> 1913.1262 | O6: =AVERAGE(OFFSET('t21504'!$A$1,$B$2+($B6-1)*$E$2+$F$2+$A6,F$3):OFFSET('t21504'!$A$1,$B$2+($B6-1)*$E$2+$F$2+$G$2+$A6,F$3)) -> 4089.147 | P6: =AVERAGE(OFFSET('t43008'!$A$1,$B$2+($B6-1)*$E$2+$F$2+$A6,F$3):OFFSET('t43008'!$A$1,$B$2+($B6-1)*$E$2+$F$2+$G$2+$A6,F$3)) -> 8089.1922 | Q6: =AVERAGE(OFFSET('t86016'!$A$1,$B$2+($B6-1)*$E$2+$F$2+$A6,F$3):OFFSET('t86016'!$A$1,$B$2+($B6-1)*$E$2+$F$2+$G$2+$A6,F$3)) -> 17125.084 | R6: =AVERAGE(OFFSET('t172032'!$A$1,$B$2+($B6-1)*$E$2+$F$2+$A6,F$3):OFFSET('t172032'!$A$1,$B$2+($B6-1)*$E$2+$F$2+$G$2+$A6,F$3)) -> 36530.88 | S6: =AVERAGE(OFFSET('t344064'!$A$1,$B$2+($B6-1)*$E$2+$F$2+$A6,F$3):OFFSET('t344064'!$A$1,$B$2+($B6-1)*$E$2+$F$2+$G$2+$A6,F$3)) -> 84068.218 | T6: =AVERAGE(OFFSET('t688128'!$A$1,$B$2+($B6-1)*$E$2+$F$2+$A6,F$3):OFFSET('t688128'!$A$1,$B$2+($B6-1)*$E$2+$F$2+$G$2+$A6,F$3)) -> 144314.76 | U6: =AVERAGE(OFFSET(t1376256!$A$1,$B$2+($B6-1)*$E$2+$F$2+$A6,F$3):OFFSET(t1376256!$A$1,$B$2+($B6-1)*$E$2+$F$2+$G$2+$A6,F$3)) -> 376330.14 | Z6: 6 | AA6: << "Memory=" << metrics.memory_time_ms << "ms "
B7: 4 | C7: =C6*2 -> 512 | D7: =C7*$D$1 -> 2048 | E7: =OFFSET('t42'!$A$1,$B$2+($B7-1)*$E$2+$A6,E$3) -> Run MPI Combined Run0 | F7: =AVERAGE(OFFSET('t42'!$A$1,$B$2+($B7-1)*$E$2+$F$2+$A6+1,F$3):OFFSET('t42'!$A$1,$B$2+($B7-1)*$E$2+$F$2+$G$2+$A6,F$3)) -> 65.781865 | G7: =AVERAGE(OFFSET('t84'!$A$1,$B$2+($B7-1)*$E$2+$F$2+$A6+1,F$3):OFFSET('t84'!$A$1,$B$2+($B7-1)*$E$2+$F$2+$G$2+$A6,F$3)) -> 76.01778 | H7: =AVERAGE(OFFSET('t168'!$A$1,$B$2+($B7-1)*$E$2+$F$2+$A6+1,F$3):OFFSET('t168'!$A$1,$B$2+($B7-1)*$E$2+$F$2+$G$2+$A6,F$3)) -> 91.326729 | I7: =AVERAGE(OFFSET('t336'!$A$1,$B$2+($B7-1)*$E$2+$F$2+$A6+1,F$3):OFFSET('t336'!$A$1,$B$2+($B7-1)*$E$2+$F$2+$G$2+$A6,F$3)) -> 123.54996 | J7: =AVERAGE(OFFSET('t672'!$A$1,$B$2+($B7-1)*$E$2+$F$2+$A6+1,F$3):OFFSET('t672'!$A$1,$B$2+($B7-1)*$E$2+$F$2+$G$2+$A6,F$3)) -> 187.59065 | K7: =AVERAGE(OFFSET('t1344'!$A$1,$B$2+($B7-1)*$E$2+$F$2+$A6+1,F$3):OFFSET('t1344'!$A$1,$B$2+($B7-1)*$E$2+$F$2+$G$2+$A6,F$3)) -> 314.18288 | L7: =AVERAGE(OFFSET('t2688'!$A$1,$B$2+($B7-1)*$E$2+$F$2+$A6+1,F$3):OFFSET('t2688'!$A$1,$B$2+($B7-1)*$E$2+$F$2+$G$2+$A6,F$3)) -> 604.99424 | M7: =AVERAGE(OFFSET('t5376'!$A$1,$B$2+($B7-1)*$E$2+$F$2+$A6+1,F$3):OFFSET('t5376'!$A$1,$B$2+($B7-1)*$E$2+$F$2+$G$2+$A6,F$3)) -> 1199.2224 | N7: =AVERAGE(OFFSET('t10752'!$A$1,$B$2+($B7-1)*$E$2+$F$2+$A6+1,F$3):OFFSET('t10752'!$A$1,$B$2+($B7-1)*$E$2+$F$2+$G$2+$A6,F$3)) -> 2372.5845 | O7: =AVERAGE(OFFSET('t21504'!$A$1,$B$2+($B7-1)*$E$2+$F$2+$A6+1,F$3):OFFSET('t21504'!$A$1,$B$2+($B7-1)*$E$2+$F$2+$G$2+$A6,F$3)) -> 4884.4151 | P7: =AVERAGE(OFFSET('t43008'!$A$1,$B$2+($B7-1)*$E$2+$F$2+$A6+1,F$3):OFFSET('t43008'!$A$1,$B$2+($B7-1)*$E$2+$F$2+$G$2+$A6,F$3)) -> 10278.776 | Q7: =AVERAGE(OFFSET('t86016'!$A$1,$B$2+($B7-1)*$E$2+$F$2+$A6+1,F$3):OFFSET('t86016'!$A$1,$B$2+($B7-1)*$E$2+$F$2+$G$2+$A6,F$3)) -> 22326.859 | R7: =AVERAGE(OFFSET('t172032'!$A$1,$B$2+($B7-1)*$E$2+$F$2+$A6+1,F$3):OFFSET('t172032'!$A$1,$B$2+($B7-1)*$E$2+$F$2+$G$2+$A6,F$3)) -> 47675.682 | S7: =AVERAGE(OFFSET('t344064'!$A$1,$B$2+($B7-1)*$E$2+$F$2+$A6+1,F$3):OFFSET('t344064'!$A$1,$B$2+($B7-1)*$E$2+$F$2+$G$2+$A6,F$3)) -> 99357.8 | T7: =AVERAGE(OFFSET('t688128'!$A$1,$B$2+($B7-1)*$E$2+$F$2+$A6+1,F$3):OFFSET('t688128'!$A$1,$B$2+($B7-1)*$E$2+$F$2+$G$2+$A6,F$3)) -> 196864.35 | U7: =AVERAGE(OFFSET(t1376256!$A$1,$B$2+($B7-1)*$E$2+$F$2+$A6+1,F$3):OFFSET(t1376256!$A$1,$B$2+($B7-1)*$E$2+$F$2+$G$2+$A6,F$3)) -> 487888.92 | Z7: 7 | AA7: << "HitRate=" << (100.0 * metrics.hash_hits / (metrics.hash_hits + metrics.hash_misses)) << "% "
A8: 0 | B8: 5 | C8: =C7*2 -> 1024 | D8: =C8*$D$1 -> 4096 | E8: =OFFSET('t42'!$A$1,$B$2+($B8-1)*$E$2+$A8,E$3) -> Run MPI Combined Run0 | F8: =AVERAGE(OFFSET('t42'!$A$1,$B$2+($B8-1)*$E$2+$F$2+$A8,F$3):OFFSET('t42'!$A$1,$B$2+($B8-1)*$E$2+$F$2+$G$2+$A8,F$3)) -> 72.618676 | G8: =AVERAGE(OFFSET('t84'!$A$1,$B$2+($B8-1)*$E$2+$F$2+$A8,F$3):OFFSET('t84'!$A$1,$B$2+($B8-1)*$E$2+$F$2+$G$2+$A8,F$3)) -> 82.114138 | H8: =AVERAGE(OFFSET('t168'!$A$1,$B$2+($B8-1)*$E$2+$F$2+$A8,F$3):OFFSET('t168'!$A$1,$B$2+($B8-1)*$E$2+$F$2+$G$2+$A8,F$3)) -> 100.88328 | I8: =AVERAGE(OFFSET('t336'!$A$1,$B$2+($B8-1)*$E$2+$F$2+$A8,F$3):OFFSET('t336'!$A$1,$B$2+($B8-1)*$E$2+$F$2+$G$2+$A8,F$3)) -> 134.73684 | J8: =AVERAGE(OFFSET('t672'!$A$1,$B$2+($B8-1)*$E$2+$F$2+$A8,F$3):OFFSET('t672'!$A$1,$B$2+($B8-1)*$E$2+$F$2+$G$2+$A8,F$3)) -> 208.08508 | K8: =AVERAGE(OFFSET('t1344'!$A$1,$B$2+($B8-1)*$E$2+$F$2+$A8,F$3):OFFSET('t1344'!$A$1,$B$2+($B8-1)*$E$2+$F$2+$G$2+$A8,F$3)) -> 340.67256 | L8: =AVERAGE(OFFSET('t2688'!$A$1,$B$2+($B8-1)*$E$2+$F$2+$A8,F$3):OFFSET('t2688'!$A$1,$B$2+($B8-1)*$E$2+$F$2+$G$2+$A8,F$3)) -> 680.91122 | M8: =AVERAGE(OFFSET('t5376'!$A$1,$B$2+($B8-1)*$E$2+$F$2+$A8,F$3):OFFSET('t5376'!$A$1,$B$2+($B8-1)*$E$2+$F$2+$G$2+$A8,F$3)) -> 1575.231 | N8: =AVERAGE(OFFSET('t10752'!$A$1,$B$2+($B8-1)*$E$2+$F$2+$A8,F$3):OFFSET('t10752'!$A$1,$B$2+($B8-1)*$E$2+$F$2+$G$2+$A8,F$3)) -> 2995.5258 | O8: =AVERAGE(OFFSET('t21504'!$A$1,$B$2+($B8-1)*$E$2+$F$2+$A8,F$3):OFFSET('t21504'!$A$1,$B$2+($B8-1)*$E$2+$F$2+$G$2+$A8,F$3)) -> 6459.2932 | P8: =AVERAGE(OFFSET('t43008'!$A$1,$B$2+($B8-1)*$E$2+$F$2+$A8,F$3):OFFSET('t43008'!$A$1,$B$2+($B8-1)*$E$2+$F$2+$G$2+$A8,F$3)) -> 14135.734 | Q8: =AVERAGE(OFFSET('t86016'!$A$1,$B$2+($B8-1)*$E$2+$F$2+$A8,F$3):OFFSET('t86016'!$A$1,$B$2+($B8-1)*$E$2+$F$2+$G$2+$A8,F$3)) -> 32275.626 | R8: =AVERAGE(OFFSET('t172032'!$A$1,$B$2+($B8-1)*$E$2+$F$2+$A8,F$3):OFFSET('t172032'!$A$1,$B$2+($B8-1)*$E$2+$F$2+$G$2+$A8,F$3)) -> 72288.886 | S8: =AVERAGE(OFFSET('t344064'!$A$1,$B$2+($B8-1)*$E$2+$F$2+$A8,F$3):OFFSET('t344064'!$A$1,$B$2+($B8-1)*$E$2+$F$2+$G$2+$A8,F$3)) -> 142543.8 | T8: =AVERAGE(OFFSET('t688128'!$A$1,$B$2+($B8-1)*$E$2+$F$2+$A8,F$3):OFFSET('t688128'!$A$1,$B$2+($B8-1)*$E$2+$F$2+$G$2+$A8,F$3)) -> 308900.06 | U8: =AVERAGE(OFFSET(t1376256!$A$1,$B$2+($B8-1)*$E$2+$F$2+$A8,F$3):OFFSET(t1376256!$A$1,$B$2+($B8-1)*$E$2+$F$2+$G$2+$A8,F$3)) -> #DIV/0! | Z8: 8 | AA8: << "Occupancy=" << metrics.occupancy << "% "
B9: 6 | C9: =C8*2 -> 2048 | D9: =C9*$D$1 -> 8192 | E9: =OFFSET('t42'!$A$1,$B$2+($B9-1)*$E$2+$A8,E$3) -> Run MPI Combined Run0 | F9: =AVERAGE(OFFSET('t42'!$A$1,$B$2+($B9-1)*$E$2+$F$2+$A8+1,F$3):OFFSET('t42'!$A$1,$B$2+($B9-1)*$E$2+$F$2+$G$2+$A8,F$3)) -> 81.608943 | G9: =AVERAGE(OFFSET('t84'!$A$1,$B$2+($B9-1)*$E$2+$F$2+$A8+1,F$3):OFFSET('t84'!$A$1,$B$2+($B9-1)*$E$2+$F$2+$G$2+$A8,F$3)) -> 95.161286 | H9: =AVERAGE(OFFSET('t168'!$A$1,$B$2+($B9-1)*$E$2+$F$2+$A8+1,F$3):OFFSET('t168'!$A$1,$B$2+($B9-1)*$E$2+$F$2+$G$2+$A8,F$3)) -> 113.5228 | I9: =AVERAGE(OFFSET('t336'!$A$1,$B$2+($B9-1)*$E$2+$F$2+$A8+1,F$3):OFFSET('t336'!$A$1,$B$2+($B9-1)*$E$2+$F$2+$G$2+$A8,F$3)) -> 148.26169 | J9: =AVERAGE(OFFSET('t672'!$A$1,$B$2+($B9-1)*$E$2+$F$2+$A8+1,F$3):OFFSET('t672'!$A$1,$B$2+($B9-1)*$E$2+$F$2+$G$2+$A8,F$3)) -> 238.20776 | K9: =AVERAGE(OFFSET('t1344'!$A$1,$B$2+($B9-1)*$E$2+$F$2+$A8+1,F$3):OFFSET('t1344'!$A$1,$B$2+($B9-1)*$E$2+$F$2+$G$2+$A8,F$3)) -> 425.89494 | L9: =AVERAGE(OFFSET('t2688'!$A$1,$B$2+($B9-1)*$E$2+$F$2+$A8+1,F$3):OFFSET('t2688'!$A$1,$B$2+($B9-1)*$E$2+$F$2+$G$2+$A8,F$3)) -> 879.51916 | M9: =AVERAGE(OFFSET('t5376'!$A$1,$B$2+($B9-1)*$E$2+$F$2+$A8+1,F$3):OFFSET('t5376'!$A$1,$B$2+($B9-1)*$E$2+$F$2+$G$2+$A8,F$3)) -> 2176.7022 | N9: =AVERAGE(OFFSET('t10752'!$A$1,$B$2+($B9-1)*$E$2+$F$2+$A8+1,F$3):OFFSET('t10752'!$A$1,$B$2+($B9-1)*$E$2+$F$2+$G$2+$A8,F$3)) -> 4221.8537 | O9: =AVERAGE(OFFSET('t21504'!$A$1,$B$2+($B9-1)*$E$2+$F$2+$A8+1,F$3):OFFSET('t21504'!$A$1,$B$2+($B9-1)*$E$2+$F$2+$G$2+$A8,F$3)) -> 9511.6949 | P9: =AVERAGE(OFFSET('t43008'!$A$1,$B$2+($B9-1)*$E$2+$F$2+$A8+1,F$3):OFFSET('t43008'!$A$1,$B$2+($B9-1)*$E$2+$F$2+$G$2+$A8,F$3)) -> 22150.62 | Q9: =AVERAGE(OFFSET('t86016'!$A$1,$B$2+($B9-1)*$E$2+$F$2+$A8+1,F$3):OFFSET('t86016'!$A$1,$B$2+($B9-1)*$E$2+$F$2+$G$2+$A8,F$3)) -> 51832.412 | R9: =AVERAGE(OFFSET('t172032'!$A$1,$B$2+($B9-1)*$E$2+$F$2+$A8+1,F$3):OFFSET('t172032'!$A$1,$B$2+($B9-1)*$E$2+$F$2+$G$2+$A8,F$3)) -> 111458.53 | S9: =AVERAGE(OFFSET('t344064'!$A$1,$B$2+($B9-1)*$E$2+$F$2+$A8+1,F$3):OFFSET('t344064'!$A$1,$B$2+($B9-1)*$E$2+$F$2+$G$2+$A8,F$3)) -> 230747.53 | T9: =AVERAGE(OFFSET('t688128'!$A$1,$B$2+($B9-1)*$E$2+$F$2+$A8+1,F$3):OFFSET('t688128'!$A$1,$B$2+($B9-1)*$E$2+$F$2+$G$2+$A8,F$3)) -> #DIV/0! | U9: =AVERAGE(OFFSET(t1376256!$A$1,$B$2+($B9-1)*$E$2+$F$2+$A8+1,F$3):OFFSET(t1376256!$A$1,$B$2+($B9-1)*$E$2+$F$2+$G$2+$A8,F$3)) -> #DIV/0! | Z9: 9 | AA9: << "memory_throughput_gbs=" << metrics.memory_throughput_gbs << " "
A10: 0 | B10: 7 | C10: =C9*2 -> 4096 | D10: =C10*$D$1 -> 16384 | E10: =OFFSET('t42'!$A$1,$B$2+($B10-1)*$E$2+$A10,E$3) -> Run MPI Combined Run0 | F10: =AVERAGE(OFFSET('t42'!$A$1,$B$2+($B10-1)*$E$2+$F$2+$A10,F$3):OFFSET('t42'!$A$1,$B$2+($B10-1)*$E$2+$F$2+$G$2+$A10,F$3)) -> 100.86914 | G10: =AVERAGE(OFFSET('t84'!$A$1,$B$2+($B10-1)*$E$2+$F$2+$A10,F$3):OFFSET('t84'!$A$1,$B$2+($B10-1)*$E$2+$F$2+$G$2+$A10,F$3)) -> 125.06818 | H10: =AVERAGE(OFFSET('t168'!$A$1,$B$2+($B10-1)*$E$2+$F$2+$A10,F$3):OFFSET('t168'!$A$1,$B$2+($B10-1)*$E$2+$F$2+$G$2+$A10,F$3)) -> 135.06582 | I10: =AVERAGE(OFFSET('t336'!$A$1,$B$2+($B10-1)*$E$2+$F$2+$A10,F$3):OFFSET('t336'!$A$1,$B$2+($B10-1)*$E$2+$F$2+$G$2+$A10,F$3)) -> 186.6747 | J10: =AVERAGE(OFFSET('t672'!$A$1,$B$2+($B10-1)*$E$2+$F$2+$A10,F$3):OFFSET('t672'!$A$1,$B$2+($B10-1)*$E$2+$F$2+$G$2+$A10,F$3)) -> 308.0332 | K10: =AVERAGE(OFFSET('t1344'!$A$1,$B$2+($B10-1)*$E$2+$F$2+$A10,F$3):OFFSET('t1344'!$A$1,$B$2+($B10-1)*$E$2+$F$2+$G$2+$A10,F$3)) -> 587.33758 | L10: =AVERAGE(OFFSET('t2688'!$A$1,$B$2+($B10-1)*$E$2+$F$2+$A10,F$3):OFFSET('t2688'!$A$1,$B$2+($B10-1)*$E$2+$F$2+$G$2+$A10,F$3)) -> 1294.9156 | M10: =AVERAGE(OFFSET('t5376'!$A$1,$B$2+($B10-1)*$E$2+$F$2+$A10,F$3):OFFSET('t5376'!$A$1,$B$2+($B10-1)*$E$2+$F$2+$G$2+$A10,F$3)) -> 3117.4404 | N10: =AVERAGE(OFFSET('t10752'!$A$1,$B$2+($B10-1)*$E$2+$F$2+$A10,F$3):OFFSET('t10752'!$A$1,$B$2+($B10-1)*$E$2+$F$2+$G$2+$A10,F$3)) -> 6418.643 | O10: =AVERAGE(OFFSET('t21504'!$A$1,$B$2+($B10-1)*$E$2+$F$2+$A10,F$3):OFFSET('t21504'!$A$1,$B$2+($B10-1)*$E$2+$F$2+$G$2+$A10,F$3)) -> 15088.486 | P10: =AVERAGE(OFFSET('t43008'!$A$1,$B$2+($B10-1)*$E$2+$F$2+$A10,F$3):OFFSET('t43008'!$A$1,$B$2+($B10-1)*$E$2+$F$2+$G$2+$A10,F$3)) -> 36393.932 | Q10: =AVERAGE(OFFSET('t86016'!$A$1,$B$2+($B10-1)*$E$2+$F$2+$A10,F$3):OFFSET('t86016'!$A$1,$B$2+($B10-1)*$E$2+$F$2+$G$2+$A10,F$3)) -> 85100.412 | R10: =AVERAGE(OFFSET('t172032'!$A$1,$B$2+($B10-1)*$E$2+$F$2+$A10,F$3):OFFSET('t172032'!$A$1,$B$2+($B10-1)*$E$2+$F$2+$G$2+$A10,F$3)) -> 193980.12 | S10: =AVERAGE(OFFSET('t344064'!$A$1,$B$2+($B10-1)*$E$2+$F$2+$A10,F$3):OFFSET('t344064'!$A$1,$B$2+($B10-1)*$E$2+$F$2+$G$2+$A10,F$3)) -> #DIV/0! | T10: =AVERAGE(OFFSET('t688128'!$A$1,$B$2+($B10-1)*$E$2+$F$2+$A10,F$3):OFFSET('t688128'!$A$1,$B$2+($B10-1)*$E$2+$F$2+$G$2+$A10,F$3)) -> #DIV/0! | U10: =AVERAGE(OFFSET(t1376256!$A$1,$B$2+($B10-1)*$E$2+$F$2+$A10,F$3):OFFSET(t1376256!$A$1,$B$2+($B10-1)*$E$2+$F$2+$G$2+$A10,F$3)) -> #DIV/0! | Z10: 10 | AA10: << "MIN=" << metrics.min_fitness << " "
B11: 8 | C11: =C10*2 -> 8192 | D11: =C11*$D$1 -> 32768 | E11: =OFFSET('t42'!$A$1,$B$2+($B11-1)*$E$2+$A10,E$3) -> Run MPI Combined Run0 | F11: =AVERAGE(OFFSET('t42'!$A$1,$B$2+($B11-1)*$E$2+$F$2+$A10+1,F$3):OFFSET('t42'!$A$1,$B$2+($B11-1)*$E$2+$F$2+$G$2+$A10,F$3)) -> 146.34141 | G11: =AVERAGE(OFFSET('t84'!$A$1,$B$2+($B11-1)*$E$2+$F$2+$A10+1,F$3):OFFSET('t84'!$A$1,$B$2+($B11-1)*$E$2+$F$2+$G$2+$A10,F$3)) -> 188.11402 | H11: =AVERAGE(OFFSET('t168'!$A$1,$B$2+($B11-1)*$E$2+$F$2+$A10+1,F$3):OFFSET('t168'!$A$1,$B$2+($B11-1)*$E$2+$F$2+$G$2+$A10,F$3)) -> 178.88043 | I11: =AVERAGE(OFFSET('t336'!$A$1,$B$2+($B11-1)*$E$2+$F$2+$A10+1,F$3):OFFSET('t336'!$A$1,$B$2+($B11-1)*$E$2+$F$2+$G$2+$A10,F$3)) -> 258.24145 | J11: =AVERAGE(OFFSET('t672'!$A$1,$B$2+($B11-1)*$E$2+$F$2+$A10+1,F$3):OFFSET('t672'!$A$1,$B$2+($B11-1)*$E$2+$F$2+$G$2+$A10,F$3)) -> 456.98865 | K11: =AVERAGE(OFFSET('t1344'!$A$1,$B$2+($B11-1)*$E$2+$F$2+$A10+1,F$3):OFFSET('t1344'!$A$1,$B$2+($B11-1)*$E$2+$F$2+$G$2+$A10,F$3)) -> 895.75778 | L11: =AVERAGE(OFFSET('t2688'!$A$1,$B$2+($B11-1)*$E$2+$F$2+$A10+1,F$3):OFFSET('t2688'!$A$1,$B$2+($B11-1)*$E$2+$F$2+$G$2+$A10,F$3)) -> 2041.1712 | M11: =AVERAGE(OFFSET('t5376'!$A$1,$B$2+($B11-1)*$E$2+$F$2+$A10+1,F$3):OFFSET('t5376'!$A$1,$B$2+($B11-1)*$E$2+$F$2+$G$2+$A10,F$3)) -> 4853.541 | N11: =AVERAGE(OFFSET('t10752'!$A$1,$B$2+($B11-1)*$E$2+$F$2+$A10+1,F$3):OFFSET('t10752'!$A$1,$B$2+($B11-1)*$E$2+$F$2+$G$2+$A10,F$3)) -> 9706.0994 | O11: =AVERAGE(OFFSET('t21504'!$A$1,$B$2+($B11-1)*$E$2+$F$2+$A10+1,F$3):OFFSET('t21504'!$A$1,$B$2+($B11-1)*$E$2+$F$2+$G$2+$A10,F$3)) -> 25068.551 | P11: =AVERAGE(OFFSET('t43008'!$A$1,$B$2+($B11-1)*$E$2+$F$2+$A10+1,F$3):OFFSET('t43008'!$A$1,$B$2+($B11-1)*$E$2+$F$2+$G$2+$A10,F$3)) -> 60984.263 | Q11: =AVERAGE(OFFSET('t86016'!$A$1,$B$2+($B11-1)*$E$2+$F$2+$A10+1,F$3):OFFSET('t86016'!$A$1,$B$2+($B11-1)*$E$2+$F$2+$G$2+$A10,F$3)) -> 148673.14 | R11: =AVERAGE(OFFSET('t172032'!$A$1,$B$2+($B11-1)*$E$2+$F$2+$A10+1,F$3):OFFSET('t172032'!$A$1,$B$2+($B11-1)*$E$2+$F$2+$G$2+$A10,F$3)) -> #DIV/0! | S11: =AVERAGE(OFFSET('t344064'!$A$1,$B$2+($B11-1)*$E$2+$F$2+$A10+1,F$3):OFFSET('t344064'!$A$1,$B$2+($B11-1)*$E$2+$F$2+$G$2+$A10,F$3)) -> #DIV/0! | T11: =AVERAGE(OFFSET('t688128'!$A$1,$B$2+($B11-1)*$E$2+$F$2+$A10+1,F$3):OFFSET('t688128'!$A$1,$B$2+($B11-1)*$E$2+$F$2+$G$2+$A10,F$3)) -> #DIV/0! | U11: =AVERAGE(OFFSET(t1376256!$A$1,$B$2+($B11-1)*$E$2+$F$2+$A10+1,F$3):OFFSET(t1376256!$A$1,$B$2+($B11-1)*$E$2+$F$2+$G$2+$A10,F$3)) -> #DIV/0! | Z11: 11 | AA11: << "MAX=" << metrics.max_fitness << " "
A12: 0 | B12: 9 | C12: =C11*2 -> 16384 | D12: =C12*$D$1 -> 65536 | E12: =OFFSET('t42'!$A$1,$B$2+($B12-1)*$E$2+$A12,E$3) -> Run MPI Combined Run0 | F12: =AVERAGE(OFFSET('t42'!$A$1,$B$2+($B12-1)*$E$2+$F$2+$A12,F$3):OFFSET('t42'!$A$1,$B$2+($B12-1)*$E$2+$F$2+$G$2+$A12,F$3)) -> 236.44888 | G12: =AVERAGE(OFFSET('t84'!$A$1,$B$2+($B12-1)*$E$2+$F$2+$A12,F$3):OFFSET('t84'!$A$1,$B$2+($B12-1)*$E$2+$F$2+$G$2+$A12,F$3)) -> 312.72938 | H12: =AVERAGE(OFFSET('t168'!$A$1,$B$2+($B12-1)*$E$2+$F$2+$A12,F$3):OFFSET('t168'!$A$1,$B$2+($B12-1)*$E$2+$F$2+$G$2+$A12,F$3)) -> 274.79304 | I12: =AVERAGE(OFFSET('t336'!$A$1,$B$2+($B12-1)*$E$2+$F$2+$A12,F$3):OFFSET('t336'!$A$1,$B$2+($B12-1)*$E$2+$F$2+$G$2+$A12,F$3)) -> 397.69988 | J12: =AVERAGE(OFFSET('t672'!$A$1,$B$2+($B12-1)*$E$2+$F$2+$A12,F$3):OFFSET('t672'!$A$1,$B$2+($B12-1)*$E$2+$F$2+$G$2+$A12,F$3)) -> 742.08906 | K12: =AVERAGE(OFFSET('t1344'!$A$1,$B$2+($B12-1)*$E$2+$F$2+$A12,F$3):OFFSET('t1344'!$A$1,$B$2+($B12-1)*$E$2+$F$2+$G$2+$A12,F$3)) -> 1511.6984 | L12: =AVERAGE(OFFSET('t2688'!$A$1,$B$2+($B12-1)*$E$2+$F$2+$A12,F$3):OFFSET('t2688'!$A$1,$B$2+($B12-1)*$E$2+$F$2+$G$2+$A12,F$3)) -> 3612.4114 | M12: =AVERAGE(OFFSET('t5376'!$A$1,$B$2+($B12-1)*$E$2+$F$2+$A12,F$3):OFFSET('t5376'!$A$1,$B$2+($B12-1)*$E$2+$F$2+$G$2+$A12,F$3)) -> 8226.0066 | N12: =AVERAGE(OFFSET('t10752'!$A$1,$B$2+($B12-1)*$E$2+$F$2+$A12,F$3):OFFSET('t10752'!$A$1,$B$2+($B12-1)*$E$2+$F$2+$G$2+$A12,F$3)) -> 16000.728 | O12: =AVERAGE(OFFSET('t21504'!$A$1,$B$2+($B12-1)*$E$2+$F$2+$A12,F$3):OFFSET('t21504'!$A$1,$B$2+($B12-1)*$E$2+$F$2+$G$2+$A12,F$3)) -> 42512.684 | P12: =AVERAGE(OFFSET('t43008'!$A$1,$B$2+($B12-1)*$E$2+$F$2+$A12,F$3):OFFSET('t43008'!$A$1,$B$2+($B12-1)*$E$2+$F$2+$G$2+$A12,F$3)) -> 106086.06 | Q12: =AVERAGE(OFFSET('t86016'!$A$1,$B$2+($B12-1)*$E$2+$F$2+$A12,F$3):OFFSET('t86016'!$A$1,$B$2+($B12-1)*$E$2+$F$2+$G$2+$A12,F$3)) -> #DIV/0! | R12: =AVERAGE(OFFSET('t172032'!$A$1,$B$2+($B12-1)*$E$2+$F$2+$A12,F$3):OFFSET('t172032'!$A$1,$B$2+($B12-1)*$E$2+$F$2+$G$2+$A12,F$3)) -> #DIV/0! | S12: =AVERAGE(OFFSET('t344064'!$A$1,$B$2+($B12-1)*$E$2+$F$2+$A12,F$3):OFFSET('t344064'!$A$1,$B$2+($B12-1)*$E$2+$F$2+$G$2+$A12,F$3)) -> #DIV/0! | T12: =AVERAGE(OFFSET('t688128'!$A$1,$B$2+($B12-1)*$E$2+$F$2+$A12,F$3):OFFSET('t688128'!$A$1,$B$2+($B12-1)*$E$2+$F$2+$G$2+$A12,F$3)) -> #DIV/0! | U12: =AVERAGE(OFFSET(t1376256!$A$1,$B$2+($B12-1)*$E$2+$F$2+$A12,F$3):OFFSET(t1376256!$A$1,$B$2+($B12-1)*$E$2+$F$2+$G$2+$A12,F$3)) -> #DIV/0!
B13: 10 | C13: =C12*2 -> 32768 | D13: =C13*$D$1 -> 131072 | E13: =OFFSET('t42'!$A$1,$B$2+($B13-1)*$E$2+$A12,E$3) -> 0 | F13: =AVERAGE(OFFSET('t42'!$A$1,$B$2+($B13-1)*$E$2+$F$2+$A12+1,F$3):OFFSET('t42'!$A$1,$B$2+($B13-1)*$E$2+$F$2+$G$2+$A12,F$3)) -> #DIV/0! | G13: =AVERAGE(OFFSET('t84'!$A$1,$B$2+($B13-1)*$E$2+$F$2+$A12+1,F$3):OFFSET('t84'!$A$1,$B$2+($B13-1)*$E$2+$F$2+$G$2+$A12,F$3)) -> #DIV/0! | H13: =AVERAGE(OFFSET('t168'!$A$1,$B$2+($B13-1)*$E$2+$F$2+$A12+1,F$3):OFFSET('t168'!$A$1,$B$2+($B13-1)*$E$2+$F$2+$G$2+$A12,F$3)) -> #DIV/0! | I13: =AVERAGE(OFFSET('t336'!$A$1,$B$2+($B13-1)*$E$2+$F$2+$A12+1,F$3):OFFSET('t336'!$A$1,$B$2+($B13-1)*$E$2+$F$2+$G$2+$A12,F$3)) -> #DIV/0! | J13: =AVERAGE(OFFSET('t672'!$A$1,$B$2+($B13-1)*$E$2+$F$2+$A12+1,F$3):OFFSET('t672'!$A$1,$B$2+($B13-1)*$E$2+$F$2+$G$2+$A12,F$3)) -> #DIV/0! | K13: =AVERAGE(OFFSET('t1344'!$A$1,$B$2+($B13-1)*$E$2+$F$2+$A12+1,F$3):OFFSET('t1344'!$A$1,$B$2+($B13-1)*$E$2+$F$2+$G$2+$A12,F$3)) -> #DIV/0! | L13: =AVERAGE(OFFSET('t2688'!$A$1,$B$2+($B13-1)*$E$2+$F$2+$A12+1,F$3):OFFSET('t2688'!$A$1,$B$2+($B13-1)*$E$2+$F$2+$G$2+$A12,F$3)) -> #DIV/0! | M13: =AVERAGE(OFFSET('t5376'!$A$1,$B$2+($B13-1)*$E$2+$F$2+$A12+1,F$3):OFFSET('t5376'!$A$1,$B$2+($B13-1)*$E$2+$F$2+$G$2+$A12,F$3)) -> #DIV/0! | N13: =AVERAGE(OFFSET('t10752'!$A$1,$B$2+($B13-1)*$E$2+$F$2+$A12+1,F$3):OFFSET('t10752'!$A$1,$B$2+($B13-1)*$E$2+$F$2+$G$2+$A12,F$3)) -> #DIV/0! | O13: =AVERAGE(OFFSET('t21504'!$A$1,$B$2+($B13-1)*$E$2+$F$2+$A12+1,F$3):OFFSET('t21504'!$A$1,$B$2+($B13-1)*$E$2+$F$2+$G$2+$A12,F$3)) -> #DIV/0! | P13: =AVERAGE(OFFSET('t43008'!$A$1,$B$2+($B13-1)*$E$2+$F$2+$A12+1,F$3):OFFSET('t43008'!$A$1,$B$2+($B13-1)*$E$2+$F$2+$G$2+$A12,F$3)) -> #DIV/0! | Q13: =AVERAGE(OFFSET('t86016'!$A$1,$B$2+($B13-1)*$E$2+$F$2+$A12+1,F$3):OFFSET('t86016'!$A$1,$B$2+($B13-1)*$E$2+$F$2+$G$2+$A12,F$3)) -> #DIV/0! | R13: =AVERAGE(OFFSET('t172032'!$A$1,$B$2+($B13-1)*$E$2+$F$2+$A12+1,F$3):OFFSET('t172032'!$A$1,$B$2+($B13-1)*$E$2+$F$2+$G$2+$A12,F$3)) -> #DIV/0! | S13: =AVERAGE(OFFSET('t344064'!$A$1,$B$2+($B13-1)*$E$2+$F$2+$A12+1,F$3):OFFSET('t344064'!$A$1,$B$2+($B13-1)*$E$2+$F$2+$G$2+$A12,F$3)) -> #DIV/0! | T13: =AVERAGE(OFFSET('t688128'!$A$1,$B$2+($B13-1)*$E$2+$F$2+$A12+1,F$3):OFFSET('t688128'!$A$1,$B$2+($B13-1)*$E$2+$F$2+$G$2+$A12,F$3)) -> #DIV/0! | U13: =AVERAGE(OFFSET(t1376256!$A$1,$B$2+($B13-1)*$E$2+$F$2+$A12+1,F$3):OFFSET(t1376256!$A$1,$B$2+($B13-1)*$E$2+$F$2+$G$2+$A12,F$3)) -> #DIV/0!
A14: 0 | B14: 11 | C14: =C13*2 -> 65536 | D14: =C14*$D$1 -> 262144 | E14: =OFFSET('t42'!$A$1,$B$2+($B14-1)*$E$2+$A14,E$3) -> 0 | F14: =AVERAGE(OFFSET('t42'!$A$1,$B$2+($B14-1)*$E$2+$F$2+$A14,F$3):OFFSET('t42'!$A$1,$B$2+($B14-1)*$E$2+$F$2+$G$2+$A14,F$3)) -> #DIV/0! | G14: =AVERAGE(OFFSET('t84'!$A$1,$B$2+($B14-1)*$E$2+$F$2+$A14,F$3):OFFSET('t84'!$A$1,$B$2+($B14-1)*$E$2+$F$2+$G$2+$A14,F$3)) -> #DIV/0! | H14: =AVERAGE(OFFSET('t168'!$A$1,$B$2+($B14-1)*$E$2+$F$2+$A14,F$3):OFFSET('t168'!$A$1,$B$2+($B14-1)*$E$2+$F$2+$G$2+$A14,F$3)) -> #DIV/0! | I14: =AVERAGE(OFFSET('t336'!$A$1,$B$2+($B14-1)*$E$2+$F$2+$A14,F$3):OFFSET('t336'!$A$1,$B$2+($B14-1)*$E$2+$F$2+$G$2+$A14,F$3)) -> #DIV/0! | J14: =AVERAGE(OFFSET('t672'!$A$1,$B$2+($B14-1)*$E$2+$F$2+$A14,F$3):OFFSET('t672'!$A$1,$B$2+($B14-1)*$E$2+$F$2+$G$2+$A14,F$3)) -> #DIV/0! | K14: =AVERAGE(OFFSET('t1344'!$A$1,$B$2+($B14-1)*$E$2+$F$2+$A14,F$3):OFFSET('t1344'!$A$1,$B$2+($B14-1)*$E$2+$F$2+$G$2+$A14,F$3)) -> #DIV/0! | L14: =AVERAGE(OFFSET('t2688'!$A$1,$B$2+($B14-1)*$E$2+$F$2+$A14,F$3):OFFSET('t2688'!$A$1,$B$2+($B14-1)*$E$2+$F$2+$G$2+$A14,F$3)) -> #DIV/0! | M14: =AVERAGE(OFFSET('t5376'!$A$1,$B$2+($B14-1)*$E$2+$F$2+$A14,F$3):OFFSET('t5376'!$A$1,$B$2+($B14-1)*$E$2+$F$2+$G$2+$A14,F$3)) -> #DIV/0! | N14: =AVERAGE(OFFSET('t10752'!$A$1,$B$2+($B14-1)*$E$2+$F$2+$A14,F$3):OFFSET('t10752'!$A$1,$B$2+($B14-1)*$E$2+$F$2+$G$2+$A14,F$3)) -> #DIV/0! | O14: =AVERAGE(OFFSET('t21504'!$A$1,$B$2+($B14-1)*$E$2+$F$2+$A14,F$3):OFFSET('t21504'!$A$1,$B$2+($B14-1)*$E$2+$F$2+$G$2+$A14,F$3)) -> #DIV/0! | P14: =AVERAGE(OFFSET('t43008'!$A$1,$B$2+($B14-1)*$E$2+$F$2+$A14,F$3):OFFSET('t43008'!$A$1,$B$2+($B14-1)*$E$2+$F$2+$G$2+$A14,F$3)) -> #DIV/0! | Q14: =AVERAGE(OFFSET('t86016'!$A$1,$B$2+($B14-1)*$E$2+$F$2+$A14,F$3):OFFSET('t86016'!$A$1,$B$2+($B14-1)*$E$2+$F$2+$G$2+$A14,F$3)) -> #DIV/0! | R14: =AVERAGE(OFFSET('t172032'!$A$1,$B$2+($B14-1)*$E$2+$F$2+$A14,F$3):OFFSET('t172032'!$A$1,$B$2+($B14-1)*$E$2+$F$2+$G$2+$A14,F$3)) -> #DIV/0! | S14: =AVERAGE(OFFSET('t344064'!$A$1,$B$2+($B14-1)*$E$2+$F$2+$A14,F$3):OFFSET('t344064'!$A$1,$B$2+($B14-1)*$E$2+$F$2+$G$2+$A14,F$3)) -> #DIV/0! | T14: =AVERAGE(OFFSET('t688128'!$A$1,$B$2+($B14-1)*$E$2+$F$2+$A14,F$3):OFFSET('t688128'!$A$1,$B$2+($B14-1)*$E$2+$F$2+$G$2+$A14,F$3)) -> #DIV/0! | U14: =AVERAGE(OFFSET(t1376256!$A$1,$B$2+($B14-1)*$E$2+$F$2+$A14,F$3):OFFSET(t1376256!$A$1,$B$2+($B14-1)*$E$2+$F$2+$G$2+$A14,F$3)) -> #DIV/0!
B15: 12 | C15: =C14*2 -> 131072 | D15: =C15*$D$1 -> 524288 | E15: =OFFSET('t42'!$A$1,$B$2+($B15-1)*$E$2+$A14,E$3) -> 0 | F15: =AVERAGE(OFFSET('t42'!$A$1,$B$2+($B15-1)*$E$2+$F$2+$A14+1,F$3):OFFSET('t42'!$A$1,$B$2+($B15-1)*$E$2+$F$2+$G$2+$A14,F$3)) -> #DIV/0! | G15: =AVERAGE(OFFSET('t84'!$A$1,$B$2+($B15-1)*$E$2+$F$2+$A14+1,F$3):OFFSET('t84'!$A$1,$B$2+($B15-1)*$E$2+$F$2+$G$2+$A14,F$3)) -> #DIV/0! | H15: =AVERAGE(OFFSET('t168'!$A$1,$B$2+($B15-1)*$E$2+$F$2+$A14+1,F$3):OFFSET('t168'!$A$1,$B$2+($B15-1)*$E$2+$F$2+$G$2+$A14,F$3)) -> #DIV/0! | I15: =AVERAGE(OFFSET('t336'!$A$1,$B$2+($B15-1)*$E$2+$F$2+$A14+1,F$3):OFFSET('t336'!$A$1,$B$2+($B15-1)*$E$2+$F$2+$G$2+$A14,F$3)) -> #DIV/0! | J15: =AVERAGE(OFFSET('t672'!$A$1,$B$2+($B15-1)*$E$2+$F$2+$A14+1,F$3):OFFSET('t672'!$A$1,$B$2+($B15-1)*$E$2+$F$2+$G$2+$A14,F$3)) -> #DIV/0! | K15: =AVERAGE(OFFSET('t1344'!$A$1,$B$2+($B15-1)*$E$2+$F$2+$A14+1,F$3):OFFSET('t1344'!$A$1,$B$2+($B15-1)*$E$2+$F$2+$G$2+$A14,F$3)) -> #DIV/0! | L15: =AVERAGE(OFFSET('t2688'!$A$1,$B$2+($B15-1)*$E$2+$F$2+$A14+1,F$3):OFFSET('t2688'!$A$1,$B$2+($B15-1)*$E$2+$F$2+$G$2+$A14,F$3)) -> #DIV/0! | M15: =AVERAGE(OFFSET('t5376'!$A$1,$B$2+($B15-1)*$E$2+$F$2+$A14+1,F$3):OFFSET('t5376'!$A$1,$B$2+($B15-1)*$E$2+$F$2+$G$2+$A14,F$3)) -> #DIV/0! | N15: =AVERAGE(OFFSET('t10752'!$A$1,$B$2+($B15-1)*$E$2+$F$2+$A14+1,F$3):OFFSET('t10752'!$A$1,$B$2+($B15-1)*$E$2+$F$2+$G$2+$A14,F$3)) -> #DIV/0! | O15: =AVERAGE(OFFSET('t21504'!$A$1,$B$2+($B15-1)*$E$2+$F$2+$A14+1,F$3):OFFSET('t21504'!$A$1,$B$2+($B15-1)*$E$2+$F$2+$G$2+$A14,F$3)) -> #DIV/0! | P15: =AVERAGE(OFFSET('t43008'!$A$1,$B$2+($B15-1)*$E$2+$F$2+$A14+1,F$3):OFFSET('t43008'!$A$1,$B$2+($B15-1)*$E$2+$F$2+$G$2+$A14,F$3)) -> #DIV/0! | Q15: =AVERAGE(OFFSET('t86016'!$A$1,$B$2+($B15-1)*$E$2+$F$2+$A14+1,F$3):OFFSET('t86016'!$A$1,$B$2+($B15-1)*$E$2+$F$2+$G$2+$A14,F$3)) -> #DIV/0! | R15: =AVERAGE(OFFSET('t172032'!$A$1,$B$2+($B15-1)*$E$2+$F$2+$A14+1,F$3):OFFSET('t172032'!$A$1,$B$2+($B15-1)*$E$2+$F$2+$G$2+$A14,F$3)) -> #DIV/0! | S15: =AVERAGE(OFFSET('t344064'!$A$1,$B$2+($B15-1)*$E$2+$F$2+$A14+1,F$3):OFFSET('t344064'!$A$1,$B$2+($B15-1)*$E$2+$F$2+$G$2+$A14,F$3)) -> #DIV/0! | T15: =AVERAGE(OFFSET('t688128'!$A$1,$B$2+($B15-1)*$E$2+$F$2+$A14+1,F$3):OFFSET('t688128'!$A$1,$B$2+($B15-1)*$E$2+$F$2+$G$2+$A14,F$3)) -> #DIV/0! | U15: =AVERAGE(OFFSET(t1376256!$A$1,$B$2+($B15-1)*$E$2+$F$2+$A14+1,F$3):OFFSET(t1376256!$A$1,$B$2+($B15-1)*$E$2+$F$2+$G$2+$A14,F$3)) -> #DIV/0!
A16: 0 | B16: 13 | C16: =C15*2 -> 262144 | D16: =C16*$D$1 -> 1048576 | E16: =OFFSET('t42'!$A$1,$B$2+($B16-1)*$E$2+$A16,E$3) -> 0 | F16: =AVERAGE(OFFSET('t42'!$A$1,$B$2+($B16-1)*$E$2+$F$2+$A16,F$3):OFFSET('t42'!$A$1,$B$2+($B16-1)*$E$2+$F$2+$G$2+$A16,F$3)) -> #DIV/0! | G16: =AVERAGE(OFFSET('t84'!$A$1,$B$2+($B16-1)*$E$2+$F$2+$A16,F$3):OFFSET('t84'!$A$1,$B$2+($B16-1)*$E$2+$F$2+$G$2+$A16,F$3)) -> #DIV/0! | H16: =AVERAGE(OFFSET('t168'!$A$1,$B$2+($B16-1)*$E$2+$F$2+$A16,F$3):OFFSET('t168'!$A$1,$B$2+($B16-1)*$E$2+$F$2+$G$2+$A16,F$3)) -> #DIV/0! | I16: =AVERAGE(OFFSET('t336'!$A$1,$B$2+($B16-1)*$E$2+$F$2+$A16,F$3):OFFSET('t336'!$A$1,$B$2+($B16-1)*$E$2+$F$2+$G$2+$A16,F$3)) -> #DIV/0! | J16: =AVERAGE(OFFSET('t672'!$A$1,$B$2+($B16-1)*$E$2+$F$2+$A16,F$3):OFFSET('t672'!$A$1,$B$2+($B16-1)*$E$2+$F$2+$G$2+$A16,F$3)) -> #DIV/0! | K16: =AVERAGE(OFFSET('t1344'!$A$1,$B$2+($B16-1)*$E$2+$F$2+$A16,F$3):OFFSET('t1344'!$A$1,$B$2+($B16-1)*$E$2+$F$2+$G$2+$A16,F$3)) -> #DIV/0! | L16: =AVERAGE(OFFSET('t2688'!$A$1,$B$2+($B16-1)*$E$2+$F$2+$A16,F$3):OFFSET('t2688'!$A$1,$B$2+($B16-1)*$E$2+$F$2+$G$2+$A16,F$3)) -> #DIV/0! | M16: =AVERAGE(OFFSET('t5376'!$A$1,$B$2+($B16-1)*$E$2+$F$2+$A16,F$3):OFFSET('t5376'!$A$1,$B$2+($B16-1)*$E$2+$F$2+$G$2+$A16,F$3)) -> #DIV/0! | N16: =AVERAGE(OFFSET('t10752'!$A$1,$B$2+($B16-1)*$E$2+$F$2+$A16,F$3):OFFSET('t10752'!$A$1,$B$2+($B16-1)*$E$2+$F$2+$G$2+$A16,F$3)) -> #DIV/0! | O16: =AVERAGE(OFFSET('t21504'!$A$1,$B$2+($B16-1)*$E$2+$F$2+$A16,F$3):OFFSET('t21504'!$A$1,$B$2+($B16-1)*$E$2+$F$2+$G$2+$A16,F$3)) -> #DIV/0! | P16: =AVERAGE(OFFSET('t43008'!$A$1,$B$2+($B16-1)*$E$2+$F$2+$A16,F$3):OFFSET('t43008'!$A$1,$B$2+($B16-1)*$E$2+$F$2+$G$2+$A16,F$3)) -> #DIV/0! | Q16: =AVERAGE(OFFSET('t86016'!$A$1,$B$2+($B16-1)*$E$2+$F$2+$A16,F$3):OFFSET('t86016'!$A$1,$B$2+($B16-1)*$E$2+$F$2+$G$2+$A16,F$3)) -> #DIV/0! | R16: =AVERAGE(OFFSET('t172032'!$A$1,$B$2+($B16-1)*$E$2+$F$2+$A16,F$3):OFFSET('t172032'!$A$1,$B$2+($B16-1)*$E$2+$F$2+$G$2+$A16,F$3)) -> #DIV/0! | S16: =AVERAGE(OFFSET('t344064'!$A$1,$B$2+($B16-1)*$E$2+$F$2+$A16,F$3):OFFSET('t344064'!$A$1,$B$2+($B16-1)*$E$2+$F$2+$G$2+$A16,F$3)) -> #DIV/0! | T16: =AVERAGE(OFFSET('t688128'!$A$1,$B$2+($B16-1)*$E$2+$F$2+$A16,F$3):OFFSET('t688128'!$A$1,$B$2+($B16-1)*$E$2+$F$2+$G$2+$A16,F$3)) -> #DIV/0! | U16: =AVERAGE(OFFSET(t1376256!$A$1,$B$2+($B16-1)*$E$2+$F$2+$A16,F$3):OFFSET(t1376256!$A$1,$B$2+($B16-1)*$E$2+$F$2+$G$2+$A16,F$3)) -> #DIV/0!
B17: 14 | C17: =C16*2 -> 524288 | D17: =C17*$D$1 -> 2097152 | E17: =OFFSET('t42'!$A$1,$B$2+($B17-1)*$E$2+$A16,E$3) -> 0 | F17: =AVERAGE(OFFSET('t42'!$A$1,$B$2+($B17-1)*$E$2+$F$2+$A16+1,F$3):OFFSET('t42'!$A$1,$B$2+($B17-1)*$E$2+$F$2+$G$2+$A16,F$3)) -> #DIV/0! | G17: =AVERAGE(OFFSET('t84'!$A$1,$B$2+($B17-1)*$E$2+$F$2+$A16+1,F$3):OFFSET('t84'!$A$1,$B$2+($B17-1)*$E$2+$F$2+$G$2+$A16,F$3)) -> #DIV/0! | H17: =AVERAGE(OFFSET('t168'!$A$1,$B$2+($B17-1)*$E$2+$F$2+$A16+1,F$3):OFFSET('t168'!$A$1,$B$2+($B17-1)*$E$2+$F$2+$G$2+$A16,F$3)) -> #DIV/0! | I17: =AVERAGE(OFFSET('t336'!$A$1,$B$2+($B17-1)*$E$2+$F$2+$A16+1,F$3):OFFSET('t336'!$A$1,$B$2+($B17-1)*$E$2+$F$2+$G$2+$A16,F$3)) -> #DIV/0! | J17: =AVERAGE(OFFSET('t672'!$A$1,$B$2+($B17-1)*$E$2+$F$2+$A16+1,F$3):OFFSET('t672'!$A$1,$B$2+($B17-1)*$E$2+$F$2+$G$2+$A16,F$3)) -> #DIV/0! | K17: =AVERAGE(OFFSET('t1344'!$A$1,$B$2+($B17-1)*$E$2+$F$2+$A16+1,F$3):OFFSET('t1344'!$A$1,$B$2+($B17-1)*$E$2+$F$2+$G$2+$A16,F$3)) -> #DIV/0! | L17: =AVERAGE(OFFSET('t2688'!$A$1,$B$2+($B17-1)*$E$2+$F$2+$A16+1,F$3):OFFSET('t2688'!$A$1,$B$2+($B17-1)*$E$2+$F$2+$G$2+$A16,F$3)) -> #DIV/0! | M17: =AVERAGE(OFFSET('t5376'!$A$1,$B$2+($B17-1)*$E$2+$F$2+$A16+1,F$3):OFFSET('t5376'!$A$1,$B$2+($B17-1)*$E$2+$F$2+$G$2+$A16,F$3)) -> #DIV/0! | N17: =AVERAGE(OFFSET('t10752'!$A$1,$B$2+($B17-1)*$E$2+$F$2+$A16+1,F$3):OFFSET('t10752'!$A$1,$B$2+($B17-1)*$E$2+$F$2+$G$2+$A16,F$3)) -> #DIV/0! | O17: =AVERAGE(OFFSET('t21504'!$A$1,$B$2+($B17-1)*$E$2+$F$2+$A16+1,F$3):OFFSET('t21504'!$A$1,$B$2+($B17-1)*$E$2+$F$2+$G$2+$A16,F$3)) -> #DIV/0! | P17: =AVERAGE(OFFSET('t43008'!$A$1,$B$2+($B17-1)*$E$2+$F$2+$A16+1,F$3):OFFSET('t43008'!$A$1,$B$2+($B17-1)*$E$2+$F$2+$G$2+$A16,F$3)) -> #DIV/0! | Q17: =AVERAGE(OFFSET('t86016'!$A$1,$B$2+($B17-1)*$E$2+$F$2+$A16+1,F$3):OFFSET('t86016'!$A$1,$B$2+($B17-1)*$E$2+$F$2+$G$2+$A16,F$3)) -> #DIV/0! | R17: =AVERAGE(OFFSET('t172032'!$A$1,$B$2+($B17-1)*$E$2+$F$2+$A16+1,F$3):OFFSET('t172032'!$A$1,$B$2+($B17-1)*$E$2+$F$2+$G$2+$A16,F$3)) -> #DIV/0! | S17: =AVERAGE(OFFSET('t344064'!$A$1,$B$2+($B17-1)*$E$2+$F$2+$A16+1,F$3):OFFSET('t344064'!$A$1,$B$2+($B17-1)*$E$2+$F$2+$G$2+$A16,F$3)) -> #DIV/0! | T17: =AVERAGE(OFFSET('t688128'!$A$1,$B$2+($B17-1)*$E$2+$F$2+$A16+1,F$3):OFFSET('t688128'!$A$1,$B$2+($B17-1)*$E$2+$F$2+$G$2+$A16,F$3)) -> #DIV/0! | U17: =AVERAGE(OFFSET(t1376256!$A$1,$B$2+($B17-1)*$E$2+$F$2+$A16+1,F$3):OFFSET(t1376256!$A$1,$B$2+($B17-1)*$E$2+$F$2+$G$2+$A16,F$3)) -> #DIV/0!
A18: 0 | B18: 15 | C18: =C17*2 -> 1048576 | D18: =C18*$D$1 -> 4194304 | E18: =OFFSET('t42'!$A$1,$B$2+($B18-1)*$E$2+$A18,E$3) -> 0 | F18: =AVERAGE(OFFSET('t42'!$A$1,$B$2+($B18-1)*$E$2+$F$2+$A18,F$3):OFFSET('t42'!$A$1,$B$2+($B18-1)*$E$2+$F$2+$G$2+$A18,F$3)) -> #DIV/0! | G18: =AVERAGE(OFFSET('t84'!$A$1,$B$2+($B18-1)*$E$2+$F$2+$A18,F$3):OFFSET('t84'!$A$1,$B$2+($B18-1)*$E$2+$F$2+$G$2+$A18,F$3)) -> #DIV/0! | H18: =AVERAGE(OFFSET('t168'!$A$1,$B$2+($B18-1)*$E$2+$F$2+$A18,F$3):OFFSET('t168'!$A$1,$B$2+($B18-1)*$E$2+$F$2+$G$2+$A18,F$3)) -> #DIV/0! | I18: =AVERAGE(OFFSET('t336'!$A$1,$B$2+($B18-1)*$E$2+$F$2+$A18,F$3):OFFSET('t336'!$A$1,$B$2+($B18-1)*$E$2+$F$2+$G$2+$A18,F$3)) -> #DIV/0! | J18: =AVERAGE(OFFSET('t672'!$A$1,$B$2+($B18-1)*$E$2+$F$2+$A18,F$3):OFFSET('t672'!$A$1,$B$2+($B18-1)*$E$2+$F$2+$G$2+$A18,F$3)) -> #DIV/0! | K18: =AVERAGE(OFFSET('t1344'!$A$1,$B$2+($B18-1)*$E$2+$F$2+$A18,F$3):OFFSET('t1344'!$A$1,$B$2+($B18-1)*$E$2+$F$2+$G$2+$A18,F$3)) -> #DIV/0! | L18: =AVERAGE(OFFSET('t2688'!$A$1,$B$2+($B18-1)*$E$2+$F$2+$A18,F$3):OFFSET('t2688'!$A$1,$B$2+($B18-1)*$E$2+$F$2+$G$2+$A18,F$3)) -> #DIV/0! | M18: =AVERAGE(OFFSET('t5376'!$A$1,$B$2+($B18-1)*$E$2+$F$2+$A18,F$3):OFFSET('t5376'!$A$1,$B$2+($B18-1)*$E$2+$F$2+$G$2+$A18,F$3)) -> #DIV/0! | N18: =AVERAGE(OFFSET('t10752'!$A$1,$B$2+($B18-1)*$E$2+$F$2+$A18,F$3):OFFSET('t10752'!$A$1,$B$2+($B18-1)*$E$2+$F$2+$G$2+$A18,F$3)) -> #DIV/0! | O18: =AVERAGE(OFFSET('t21504'!$A$1,$B$2+($B18-1)*$E$2+$F$2+$A18,F$3):OFFSET('t21504'!$A$1,$B$2+($B18-1)*$E$2+$F$2+$G$2+$A18,F$3)) -> #DIV/0! | P18: =AVERAGE(OFFSET('t43008'!$A$1,$B$2+($B18-1)*$E$2+$F$2+$A18,F$3):OFFSET('t43008'!$A$1,$B$2+($B18-1)*$E$2+$F$2+$G$2+$A18,F$3)) -> #DIV/0! | Q18: =AVERAGE(OFFSET('t86016'!$A$1,$B$2+($B18-1)*$E$2+$F$2+$A18,F$3):OFFSET('t86016'!$A$1,$B$2+($B18-1)*$E$2+$F$2+$G$2+$A18,F$3)) -> #DIV/0! | R18: =AVERAGE(OFFSET('t172032'!$A$1,$B$2+($B18-1)*$E$2+$F$2+$A18,F$3):OFFSET('t172032'!$A$1,$B$2+($B18-1)*$E$2+$F$2+$G$2+$A18,F$3)) -> #DIV/0! | S18: =AVERAGE(OFFSET('t344064'!$A$1,$B$2+($B18-1)*$E$2+$F$2+$A18,F$3):OFFSET('t344064'!$A$1,$B$2+($B18-1)*$E$2+$F$2+$G$2+$A18,F$3)) -> #DIV/0! | T18: =AVERAGE(OFFSET('t688128'!$A$1,$B$2+($B18-1)*$E$2+$F$2+$A18,F$3):OFFSET('t688128'!$A$1,$B$2+($B18-1)*$E$2+$F$2+$G$2+$A18,F$3)) -> #DIV/0! | U18: =AVERAGE(OFFSET(t1376256!$A$1,$B$2+($B18-1)*$E$2+$F$2+$A18,F$3):OFFSET(t1376256!$A$1,$B$2+($B18-1)*$E$2+$F$2+$G$2+$A18,F$3)) -> #DIV/0!
B19: 16 | C19: =C18*2 -> 2097152 | D19: =C19*$D$1 -> 8388608 | E19: =OFFSET('t42'!$A$1,$B$2+($B19-1)*$E$2+$A18,E$3) -> 0 | F19: =AVERAGE(OFFSET('t42'!$A$1,$B$2+($B19-1)*$E$2+$F$2+$A18+1,F$3):OFFSET('t42'!$A$1,$B$2+($B19-1)*$E$2+$F$2+$G$2+$A18,F$3)) -> #DIV/0! | G19: =AVERAGE(OFFSET('t84'!$A$1,$B$2+($B19-1)*$E$2+$F$2+$A18+1,F$3):OFFSET('t84'!$A$1,$B$2+($B19-1)*$E$2+$F$2+$G$2+$A18,F$3)) -> #DIV/0! | H19: =AVERAGE(OFFSET('t168'!$A$1,$B$2+($B19-1)*$E$2+$F$2+$A18+1,F$3):OFFSET('t168'!$A$1,$B$2+($B19-1)*$E$2+$F$2+$G$2+$A18,F$3)) -> #DIV/0! | I19: =AVERAGE(OFFSET('t336'!$A$1,$B$2+($B19-1)*$E$2+$F$2+$A18+1,F$3):OFFSET('t336'!$A$1,$B$2+($B19-1)*$E$2+$F$2+$G$2+$A18,F$3)) -> #DIV/0! | J19: =AVERAGE(OFFSET('t672'!$A$1,$B$2+($B19-1)*$E$2+$F$2+$A18+1,F$3):OFFSET('t672'!$A$1,$B$2+($B19-1)*$E$2+$F$2+$G$2+$A18,F$3)) -> #DIV/0! | K19: =AVERAGE(OFFSET('t1344'!$A$1,$B$2+($B19-1)*$E$2+$F$2+$A18+1,F$3):OFFSET('t1344'!$A$1,$B$2+($B19-1)*$E$2+$F$2+$G$2+$A18,F$3)) -> #DIV/0! | L19: =AVERAGE(OFFSET('t2688'!$A$1,$B$2+($B19-1)*$E$2+$F$2+$A18+1,F$3):OFFSET('t2688'!$A$1,$B$2+($B19-1)*$E$2+$F$2+$G$2+$A18,F$3)) -> #DIV/0! | M19: =AVERAGE(OFFSET('t5376'!$A$1,$B$2+($B19-1)*$E$2+$F$2+$A18+1,F$3):OFFSET('t5376'!$A$1,$B$2+($B19-1)*$E$2+$F$2+$G$2+$A18,F$3)) -> #DIV/0! | N19: =AVERAGE(OFFSET('t10752'!$A$1,$B$2+($B19-1)*$E$2+$F$2+$A18+1,F$3):OFFSET('t10752'!$A$1,$B$2+($B19-1)*$E$2+$F$2+$G$2+$A18,F$3)) -> #DIV/0! | O19: =AVERAGE(OFFSET('t21504'!$A$1,$B$2+($B19-1)*$E$2+$F$2+$A18+1,F$3):OFFSET('t21504'!$A$1,$B$2+($B19-1)*$E$2+$F$2+$G$2+$A18,F$3)) -> #DIV/0! | P19: =AVERAGE(OFFSET('t43008'!$A$1,$B$2+($B19-1)*$E$2+$F$2+$A18+1,F$3):OFFSET('t43008'!$A$1,$B$2+($B19-1)*$E$2+$F$2+$G$2+$A18,F$3)) -> #DIV/0! | Q19: =AVERAGE(OFFSET('t86016'!$A$1,$B$2+($B19-1)*$E$2+$F$2+$A18+1,F$3):OFFSET('t86016'!$A$1,$B$2+($B19-1)*$E$2+$F$2+$G$2+$A18,F$3)) -> #DIV/0! | R19: =AVERAGE(OFFSET('t172032'!$A$1,$B$2+($B19-1)*$E$2+$F$2+$A18+1,F$3):OFFSET('t172032'!$A$1,$B$2+($B19-1)*$E$2+$F$2+$G$2+$A18,F$3)) -> #DIV/0! | S19: =AVERAGE(OFFSET('t344064'!$A$1,$B$2+($B19-1)*$E$2+$F$2+$A18+1,F$3):OFFSET('t344064'!$A$1,$B$2+($B19-1)*$E$2+$F$2+$G$2+$A18,F$3)) -> #DIV/0! | T19: =AVERAGE(OFFSET('t688128'!$A$1,$B$2+($B19-1)*$E$2+$F$2+$A18+1,F$3):OFFSET('t688128'!$A$1,$B$2+($B19-1)*$E$2+$F$2+$G$2+$A18,F$3)) -> #DIV/0! | U19: =AVERAGE(OFFSET(t1376256!$A$1,$B$2+($B19-1)*$E$2+$F$2+$A18+1,F$3):OFFSET(t1376256!$A$1,$B$2+($B19-1)*$E$2+$F$2+$G$2+$A18,F$3)) -> #DIV/0!
A20: 0 | B20: 17 | C20: =C19*2 -> 4194304 | D20: =C20*$D$1 -> 16777216 | E20: =OFFSET('t42'!$A$1,$B$2+($B20-1)*$E$2+$A20,E$3) -> 0 | F20: =AVERAGE(OFFSET('t42'!$A$1,$B$2+($B20-1)*$E$2+$F$2+$A20,F$3):OFFSET('t42'!$A$1,$B$2+($B20-1)*$E$2+$F$2+$G$2+$A20,F$3)) -> #DIV/0! | G20: =AVERAGE(OFFSET('t84'!$A$1,$B$2+($B20-1)*$E$2+$F$2+$A20,F$3):OFFSET('t84'!$A$1,$B$2+($B20-1)*$E$2+$F$2+$G$2+$A20,F$3)) -> #DIV/0! | H20: =AVERAGE(OFFSET('t168'!$A$1,$B$2+($B20-1)*$E$2+$F$2+$A20,F$3):OFFSET('t168'!$A$1,$B$2+($B20-1)*$E$2+$F$2+$G$2+$A20,F$3)) -> #DIV/0! | I20: =AVERAGE(OFFSET('t336'!$A$1,$B$2+($B20-1)*$E$2+$F$2+$A20,F$3):OFFSET('t336'!$A$1,$B$2+($B20-1)*$E$2+$F$2+$G$2+$A20,F$3)) -> #DIV/0! | J20: =AVERAGE(OFFSET('t672'!$A$1,$B$2+($B20-1)*$E$2+$F$2+$A20,F$3):OFFSET('t672'!$A$1,$B$2+($B20-1)*$E$2+$F$2+$G$2+$A20,F$3)) -> #DIV/0! | K20: =AVERAGE(OFFSET('t1344'!$A$1,$B$2+($B20-1)*$E$2+$F$2+$A20,F$3):OFFSET('t1344'!$A$1,$B$2+($B20-1)*$E$2+$F$2+$G$2+$A20,F$3)) -> #DIV/0! | L20: =AVERAGE(OFFSET('t2688'!$A$1,$B$2+($B20-1)*$E$2+$F$2+$A20,F$3):OFFSET('t2688'!$A$1,$B$2+($B20-1)*$E$2+$F$2+$G$2+$A20,F$3)) -> #DIV/0! | M20: =AVERAGE(OFFSET('t5376'!$A$1,$B$2+($B20-1)*$E$2+$F$2+$A20,F$3):OFFSET('t5376'!$A$1,$B$2+($B20-1)*$E$2+$F$2+$G$2+$A20,F$3)) -> #DIV/0! | N20: =AVERAGE(OFFSET('t10752'!$A$1,$B$2+($B20-1)*$E$2+$F$2+$A20,F$3):OFFSET('t10752'!$A$1,$B$2+($B20-1)*$E$2+$F$2+$G$2+$A20,F$3)) -> #DIV/0! | O20: =AVERAGE(OFFSET('t21504'!$A$1,$B$2+($B20-1)*$E$2+$F$2+$A20,F$3):OFFSET('t21504'!$A$1,$B$2+($B20-1)*$E$2+$F$2+$G$2+$A20,F$3)) -> #DIV/0! | P20: =AVERAGE(OFFSET('t43008'!$A$1,$B$2+($B20-1)*$E$2+$F$2+$A20,F$3):OFFSET('t43008'!$A$1,$B$2+($B20-1)*$E$2+$F$2+$G$2+$A20,F$3)) -> #DIV/0! | Q20: =AVERAGE(OFFSET('t86016'!$A$1,$B$2+($B20-1)*$E$2+$F$2+$A20,F$3):OFFSET('t86016'!$A$1,$B$2+($B20-1)*$E$2+$F$2+$G$2+$A20,F$3)) -> #DIV/0! | R20: =AVERAGE(OFFSET('t172032'!$A$1,$B$2+($B20-1)*$E$2+$F$2+$A20,F$3):OFFSET('t172032'!$A$1,$B$2+($B20-1)*$E$2+$F$2+$G$2+$A20,F$3)) -> #DIV/0! | S20: =AVERAGE(OFFSET('t344064'!$A$1,$B$2+($B20-1)*$E$2+$F$2+$A20,F$3):OFFSET('t344064'!$A$1,$B$2+($B20-1)*$E$2+$F$2+$G$2+$A20,F$3)) -> #DIV/0! | T20: =AVERAGE(OFFSET('t688128'!$A$1,$B$2+($B20-1)*$E$2+$F$2+$A20,F$3):OFFSET('t688128'!$A$1,$B$2+($B20-1)*$E$2+$F$2+$G$2+$A20,F$3)) -> #DIV/0! | U20: =AVERAGE(OFFSET(t1376256!$A$1,$B$2+($B20-1)*$E$2+$F$2+$A20,F$3):OFFSET(t1376256!$A$1,$B$2+($B20-1)*$E$2+$F$2+$G$2+$A20,F$3)) -> #DIV/0!
B21: 18 | C21: =C20*2 -> 8388608 | D21: =C21*$D$1 -> 33554432 | E21: =OFFSET('t42'!$A$1,$B$2+($B21-1)*$E$2+$A20,E$3) -> 0 | F21: =AVERAGE(OFFSET('t42'!$A$1,$B$2+($B21-1)*$E$2+$F$2+$A20+1,F$3):OFFSET('t42'!$A$1,$B$2+($B21-1)*$E$2+$F$2+$G$2+$A20,F$3)) -> #DIV/0! | G21: =AVERAGE(OFFSET('t84'!$A$1,$B$2+($B21-1)*$E$2+$F$2+$A20+1,F$3):OFFSET('t84'!$A$1,$B$2+($B21-1)*$E$2+$F$2+$G$2+$A20,F$3)) -> #DIV/0! | H21: =AVERAGE(OFFSET('t168'!$A$1,$B$2+($B21-1)*$E$2+$F$2+$A20+1,F$3):OFFSET('t168'!$A$1,$B$2+($B21-1)*$E$2+$F$2+$G$2+$A20,F$3)) -> #DIV/0! | I21: =AVERAGE(OFFSET('t336'!$A$1,$B$2+($B21-1)*$E$2+$F$2+$A20+1,F$3):OFFSET('t336'!$A$1,$B$2+($B21-1)*$E$2+$F$2+$G$2+$A20,F$3)) -> #DIV/0! | J21: =AVERAGE(OFFSET('t672'!$A$1,$B$2+($B21-1)*$E$2+$F$2+$A20+1,F$3):OFFSET('t672'!$A$1,$B$2+($B21-1)*$E$2+$F$2+$G$2+$A20,F$3)) -> #DIV/0! | K21: =AVERAGE(OFFSET('t1344'!$A$1,$B$2+($B21-1)*$E$2+$F$2+$A20+1,F$3):OFFSET('t1344'!$A$1,$B$2+($B21-1)*$E$2+$F$2+$G$2+$A20,F$3)) -> #DIV/0! | L21: =AVERAGE(OFFSET('t2688'!$A$1,$B$2+($B21-1)*$E$2+$F$2+$A20+1,F$3):OFFSET('t2688'!$A$1,$B$2+($B21-1)*$E$2+$F$2+$G$2+$A20,F$3)) -> #DIV/0! | M21: =AVERAGE(OFFSET('t5376'!$A$1,$B$2+($B21-1)*$E$2+$F$2+$A20+1,F$3):OFFSET('t5376'!$A$1,$B$2+($B21-1)*$E$2+$F$2+$G$2+$A20,F$3)) -> #DIV/0! | N21: =AVERAGE(OFFSET('t10752'!$A$1,$B$2+($B21-1)*$E$2+$F$2+$A20+1,F$3):OFFSET('t10752'!$A$1,$B$2+($B21-1)*$E$2+$F$2+$G$2+$A20,F$3)) -> #DIV/0! | O21: =AVERAGE(OFFSET('t21504'!$A$1,$B$2+($B21-1)*$E$2+$F$2+$A20+1,F$3):OFFSET('t21504'!$A$1,$B$2+($B21-1)*$E$2+$F$2+$G$2+$A20,F$3)) -> #DIV/0! | P21: =AVERAGE(OFFSET('t43008'!$A$1,$B$2+($B21-1)*$E$2+$F$2+$A20+1,F$3):OFFSET('t43008'!$A$1,$B$2+($B21-1)*$E$2+$F$2+$G$2+$A20,F$3)) -> #DIV/0! | Q21: =AVERAGE(OFFSET('t86016'!$A$1,$B$2+($B21-1)*$E$2+$F$2+$A20+1,F$3):OFFSET('t86016'!$A$1,$B$2+($B21-1)*$E$2+$F$2+$G$2+$A20,F$3)) -> #DIV/0! | R21: =AVERAGE(OFFSET('t172032'!$A$1,$B$2+($B21-1)*$E$2+$F$2+$A20+1,F$3):OFFSET('t172032'!$A$1,$B$2+($B21-1)*$E$2+$F$2+$G$2+$A20,F$3)) -> #DIV/0! | S21: =AVERAGE(OFFSET('t344064'!$A$1,$B$2+($B21-1)*$E$2+$F$2+$A20+1,F$3):OFFSET('t344064'!$A$1,$B$2+($B21-1)*$E$2+$F$2+$G$2+$A20,F$3)) -> #DIV/0! | T21: =AVERAGE(OFFSET('t688128'!$A$1,$B$2+($B21-1)*$E$2+$F$2+$A20+1,F$3):OFFSET('t688128'!$A$1,$B$2+($B21-1)*$E$2+$F$2+$G$2+$A20,F$3)) -> #DIV/0! | U21: =AVERAGE(OFFSET(t1376256!$A$1,$B$2+($B21-1)*$E$2+$F$2+$A20+1,F$3):OFFSET(t1376256!$A$1,$B$2+($B21-1)*$E$2+$F$2+$G$2+$A20,F$3)) -> #DIV/0!
A22: 0 | B22: 19 | C22: =C21*2 -> 16777216 | D22: =C22*$D$1 -> 67108864 | E22: =OFFSET('t42'!$A$1,$B$2+($B22-1)*$E$2+$A22,E$3) -> 0 | F22: =AVERAGE(OFFSET('t42'!$A$1,$B$2+($B22-1)*$E$2+$F$2+$A22,F$3):OFFSET('t42'!$A$1,$B$2+($B22-1)*$E$2+$F$2+$G$2+$A22,F$3)) -> #DIV/0! | G22: =AVERAGE(OFFSET('t84'!$A$1,$B$2+($B22-1)*$E$2+$F$2+$A22,F$3):OFFSET('t84'!$A$1,$B$2+($B22-1)*$E$2+$F$2+$G$2+$A22,F$3)) -> #DIV/0! | H22: =AVERAGE(OFFSET('t168'!$A$1,$B$2+($B22-1)*$E$2+$F$2+$A22,F$3):OFFSET('t168'!$A$1,$B$2+($B22-1)*$E$2+$F$2+$G$2+$A22,F$3)) -> #DIV/0! | I22: =AVERAGE(OFFSET('t336'!$A$1,$B$2+($B22-1)*$E$2+$F$2+$A22,F$3):OFFSET('t336'!$A$1,$B$2+($B22-1)*$E$2+$F$2+$G$2+$A22,F$3)) -> #DIV/0! | J22: =AVERAGE(OFFSET('t672'!$A$1,$B$2+($B22-1)*$E$2+$F$2+$A22,F$3):OFFSET('t672'!$A$1,$B$2+($B22-1)*$E$2+$F$2+$G$2+$A22,F$3)) -> #DIV/0! | K22: =AVERAGE(OFFSET('t1344'!$A$1,$B$2+($B22-1)*$E$2+$F$2+$A22,F$3):OFFSET('t1344'!$A$1,$B$2+($B22-1)*$E$2+$F$2+$G$2+$A22,F$3)) -> #DIV/0! | L22: =AVERAGE(OFFSET('t2688'!$A$1,$B$2+($B22-1)*$E$2+$F$2+$A22,F$3):OFFSET('t2688'!$A$1,$B$2+($B22-1)*$E$2+$F$2+$G$2+$A22,F$3)) -> #DIV/0! | M22: =AVERAGE(OFFSET('t5376'!$A$1,$B$2+($B22-1)*$E$2+$F$2+$A22,F$3):OFFSET('t5376'!$A$1,$B$2+($B22-1)*$E$2+$F$2+$G$2+$A22,F$3)) -> #DIV/0! | N22: =AVERAGE(OFFSET('t10752'!$A$1,$B$2+($B22-1)*$E$2+$F$2+$A22,F$3):OFFSET('t10752'!$A$1,$B$2+($B22-1)*$E$2+$F$2+$G$2+$A22,F$3)) -> #DIV/0! | O22: =AVERAGE(OFFSET('t21504'!$A$1,$B$2+($B22-1)*$E$2+$F$2+$A22,F$3):OFFSET('t21504'!$A$1,$B$2+($B22-1)*$E$2+$F$2+$G$2+$A22,F$3)) -> #DIV/0! | P22: =AVERAGE(OFFSET('t43008'!$A$1,$B$2+($B22-1)*$E$2+$F$2+$A22,F$3):OFFSET('t43008'!$A$1,$B$2+($B22-1)*$E$2+$F$2+$G$2+$A22,F$3)) -> #DIV/0! | Q22: =AVERAGE(OFFSET('t86016'!$A$1,$B$2+($B22-1)*$E$2+$F$2+$A22,F$3):OFFSET('t86016'!$A$1,$B$2+($B22-1)*$E$2+$F$2+$G$2+$A22,F$3)) -> #DIV/0! | R22: =AVERAGE(OFFSET('t172032'!$A$1,$B$2+($B22-1)*$E$2+$F$2+$A22,F$3):OFFSET('t172032'!$A$1,$B$2+($B22-1)*$E$2+$F$2+$G$2+$A22,F$3)) -> #DIV/0! | S22: =AVERAGE(OFFSET('t344064'!$A$1,$B$2+($B22-1)*$E$2+$F$2+$A22,F$3):OFFSET('t344064'!$A$1,$B$2+($B22-1)*$E$2+$F$2+$G$2+$A22,F$3)) -> #DIV/0! | T22: =AVERAGE(OFFSET('t688128'!$A$1,$B$2+($B22-1)*$E$2+$F$2+$A22,F$3):OFFSET('t688128'!$A$1,$B$2+($B22-1)*$E$2+$F$2+$G$2+$A22,F$3)) -> #DIV/0! | U22: =AVERAGE(OFFSET(t1376256!$A$1,$B$2+($B22-1)*$E$2+$F$2+$A22,F$3):OFFSET(t1376256!$A$1,$B$2+($B22-1)*$E$2+$F$2+$G$2+$A22,F$3)) -> #DIV/0!
B23: 20 | C23: =C22*2 -> 33554432 | D23: =C23*$D$1 -> 134217728 | E23: =OFFSET('t42'!$A$1,$B$2+($B23-1)*$E$2+$A22,E$3) -> 0 | F23: =AVERAGE(OFFSET('t42'!$A$1,$B$2+($B23-1)*$E$2+$F$2+$A22+1,F$3):OFFSET('t42'!$A$1,$B$2+($B23-1)*$E$2+$F$2+$G$2+$A22,F$3)) -> #DIV/0! | G23: =AVERAGE(OFFSET('t84'!$A$1,$B$2+($B23-1)*$E$2+$F$2+$A22+1,F$3):OFFSET('t84'!$A$1,$B$2+($B23-1)*$E$2+$F$2+$G$2+$A22,F$3)) -> #DIV/0! | H23: =AVERAGE(OFFSET('t168'!$A$1,$B$2+($B23-1)*$E$2+$F$2+$A22+1,F$3):OFFSET('t168'!$A$1,$B$2+($B23-1)*$E$2+$F$2+$G$2+$A22,F$3)) -> #DIV/0! | I23: =AVERAGE(OFFSET('t336'!$A$1,$B$2+($B23-1)*$E$2+$F$2+$A22+1,F$3):OFFSET('t336'!$A$1,$B$2+($B23-1)*$E$2+$F$2+$G$2+$A22,F$3)) -> #DIV/0! | J23: =AVERAGE(OFFSET('t672'!$A$1,$B$2+($B23-1)*$E$2+$F$2+$A22+1,F$3):OFFSET('t672'!$A$1,$B$2+($B23-1)*$E$2+$F$2+$G$2+$A22,F$3)) -> #DIV/0! | K23: =AVERAGE(OFFSET('t1344'!$A$1,$B$2+($B23-1)*$E$2+$F$2+$A22+1,F$3):OFFSET('t1344'!$A$1,$B$2+($B23-1)*$E$2+$F$2+$G$2+$A22,F$3)) -> #DIV/0! | L23: =AVERAGE(OFFSET('t2688'!$A$1,$B$2+($B23-1)*$E$2+$F$2+$A22+1,F$3):OFFSET('t2688'!$A$1,$B$2+($B23-1)*$E$2+$F$2+$G$2+$A22,F$3)) -> #DIV/0! | M23: =AVERAGE(OFFSET('t5376'!$A$1,$B$2+($B23-1)*$E$2+$F$2+$A22+1,F$3):OFFSET('t5376'!$A$1,$B$2+($B23-1)*$E$2+$F$2+$G$2+$A22,F$3)) -> #DIV/0! | N23: =AVERAGE(OFFSET('t10752'!$A$1,$B$2+($B23-1)*$E$2+$F$2+$A22+1,F$3):OFFSET('t10752'!$A$1,$B$2+($B23-1)*$E$2+$F$2+$G$2+$A22,F$3)) -> #DIV/0! | O23: =AVERAGE(OFFSET('t21504'!$A$1,$B$2+($B23-1)*$E$2+$F$2+$A22+1,F$3):OFFSET('t21504'!$A$1,$B$2+($B23-1)*$E$2+$F$2+$G$2+$A22,F$3)) -> #DIV/0! | P23: =AVERAGE(OFFSET('t43008'!$A$1,$B$2+($B23-1)*$E$2+$F$2+$A22+1,F$3):OFFSET('t43008'!$A$1,$B$2+($B23-1)*$E$2+$F$2+$G$2+$A22,F$3)) -> #DIV/0! | Q23: =AVERAGE(OFFSET('t86016'!$A$1,$B$2+($B23-1)*$E$2+$F$2+$A22+1,F$3):OFFSET('t86016'!$A$1,$B$2+($B23-1)*$E$2+$F$2+$G$2+$A22,F$3)) -> #DIV/0! | R23: =AVERAGE(OFFSET('t172032'!$A$1,$B$2+($B23-1)*$E$2+$F$2+$A22+1,F$3):OFFSET('t172032'!$A$1,$B$2+($B23-1)*$E$2+$F$2+$G$2+$A22,F$3)) -> #DIV/0! | S23: =AVERAGE(OFFSET('t344064'!$A$1,$B$2+($B23-1)*$E$2+$F$2+$A22+1,F$3):OFFSET('t344064'!$A$1,$B$2+($B23-1)*$E$2+$F$2+$G$2+$A22,F$3)) -> #DIV/0! | T23: =AVERAGE(OFFSET('t688128'!$A$1,$B$2+($B23-1)*$E$2+$F$2+$A22+1,F$3):OFFSET('t688128'!$A$1,$B$2+($B23-1)*$E$2+$F$2+$G$2+$A22,F$3)) -> #DIV/0! | U23: =AVERAGE(OFFSET(t1376256!$A$1,$B$2+($B23-1)*$E$2+$F$2+$A22+1,F$3):OFFSET(t1376256!$A$1,$B$2+($B23-1)*$E$2+$F$2+$G$2+$A22,F$3)) -> #DIV/0!
A24: 0 | B24: 21 | E24: =OFFSET('t42'!$A$1,$B$2+($B24-1)*$E$2+$A24,E$3) -> 0 | F24: =AVERAGE(OFFSET('t42'!$A$1,$B$2+($B24-1)*$E$2+$F$2+$A24,F$3):OFFSET('t42'!$A$1,$B$2+($B24-1)*$E$2+$F$2+$G$2+$A24,F$3)) -> #DIV/0! | G24: =AVERAGE(OFFSET('t84'!$A$1,$B$2+($B24-1)*$E$2+$F$2+$A24,F$3):OFFSET('t84'!$A$1,$B$2+($B24-1)*$E$2+$F$2+$G$2+$A24,F$3)) -> #DIV/0! | H24: =AVERAGE(OFFSET('t168'!$A$1,$B$2+($B24-1)*$E$2+$F$2+$A24,F$3):OFFSET('t168'!$A$1,$B$2+($B24-1)*$E$2+$F$2+$G$2+$A24,F$3)) -> #DIV/0! | I24: =AVERAGE(OFFSET('t336'!$A$1,$B$2+($B24-1)*$E$2+$F$2+$A24,F$3):OFFSET('t336'!$A$1,$B$2+($B24-1)*$E$2+$F$2+$G$2+$A24,F$3)) -> #DIV/0! | J24: =AVERAGE(OFFSET('t672'!$A$1,$B$2+($B24-1)*$E$2+$F$2+$A24,F$3):OFFSET('t672'!$A$1,$B$2+($B24-1)*$E$2+$F$2+$G$2+$A24,F$3)) -> #DIV/0! | K24: =AVERAGE(OFFSET('t1344'!$A$1,$B$2+($B24-1)*$E$2+$F$2+$A24,F$3):OFFSET('t1344'!$A$1,$B$2+($B24-1)*$E$2+$F$2+$G$2+$A24,F$3)) -> #DIV/0! | L24: =AVERAGE(OFFSET('t2688'!$A$1,$B$2+($B24-1)*$E$2+$F$2+$A24,F$3):OFFSET('t2688'!$A$1,$B$2+($B24-1)*$E$2+$F$2+$G$2+$A24,F$3)) -> #DIV/0! | M24: =AVERAGE(OFFSET('t5376'!$A$1,$B$2+($B24-1)*$E$2+$F$2+$A24,F$3):OFFSET('t5376'!$A$1,$B$2+($B24-1)*$E$2+$F$2+$G$2+$A24,F$3)) -> #DIV/0! | N24: =AVERAGE(OFFSET('t10752'!$A$1,$B$2+($B24-1)*$E$2+$F$2+$A24,F$3):OFFSET('t10752'!$A$1,$B$2+($B24-1)*$E$2+$F$2+$G$2+$A24,F$3)) -> #DIV/0! | O24: =AVERAGE(OFFSET('t21504'!$A$1,$B$2+($B24-1)*$E$2+$F$2+$A24,F$3):OFFSET('t21504'!$A$1,$B$2+($B24-1)*$E$2+$F$2+$G$2+$A24,F$3)) -> #DIV/0! | P24: =AVERAGE(OFFSET('t43008'!$A$1,$B$2+($B24-1)*$E$2+$F$2+$A24,F$3):OFFSET('t43008'!$A$1,$B$2+($B24-1)*$E$2+$F$2+$G$2+$A24,F$3)) -> #DIV/0! | Q24: =AVERAGE(OFFSET('t86016'!$A$1,$B$2+($B24-1)*$E$2+$F$2+$A24,F$3):OFFSET('t86016'!$A$1,$B$2+($B24-1)*$E$2+$F$2+$G$2+$A24,F$3)) -> #DIV/0! | R24: =AVERAGE(OFFSET('t172032'!$A$1,$B$2+($B24-1)*$E$2+$F$2+$A24,F$3):OFFSET('t172032'!$A$1,$B$2+($B24-1)*$E$2+$F$2+$G$2+$A24,F$3)) -> #DIV/0! | S24: =AVERAGE(OFFSET('t344064'!$A$1,$B$2+($B24-1)*$E$2+$F$2+$A24,F$3):OFFSET('t344064'!$A$1,$B$2+($B24-1)*$E$2+$F$2+$G$2+$A24,F$3)) -> #DIV/0! | T24: =AVERAGE(OFFSET('t688128'!$A$1,$B$2+($B24-1)*$E$2+$F$2+$A24,F$3):OFFSET('t688128'!$A$1,$B$2+($B24-1)*$E$2+$F$2+$G$2+$A24,F$3)) -> #DIV/0! | U24: =AVERAGE(OFFSET(t1376256!$A$1,$B$2+($B24-1)*$E$2+$F$2+$A24,F$3):OFFSET(t1376256!$A$1,$B$2+($B24-1)*$E$2+$F$2+$G$2+$A24,F$3)) -> #DIV/0!
B25: 22 | E25: =OFFSET('t42'!$A$1,$B$2+($B25-1)*$E$2+$A24,E$3) -> 0 | F25: =AVERAGE(OFFSET('t42'!$A$1,$B$2+($B25-1)*$E$2+$F$2+$A24+1,F$3):OFFSET('t42'!$A$1,$B$2+($B25-1)*$E$2+$F$2+$G$2+$A24,F$3)) -> #DIV/0! | G25: =AVERAGE(OFFSET('t84'!$A$1,$B$2+($B25-1)*$E$2+$F$2+$A24+1,F$3):OFFSET('t84'!$A$1,$B$2+($B25-1)*$E$2+$F$2+$G$2+$A24,F$3)) -> #DIV/0! | H25: =AVERAGE(OFFSET('t168'!$A$1,$B$2+($B25-1)*$E$2+$F$2+$A24+1,F$3):OFFSET('t168'!$A$1,$B$2+($B25-1)*$E$2+$F$2+$G$2+$A24,F$3)) -> #DIV/0! | I25: =AVERAGE(OFFSET('t336'!$A$1,$B$2+($B25-1)*$E$2+$F$2+$A24+1,F$3):OFFSET('t336'!$A$1,$B$2+($B25-1)*$E$2+$F$2+$G$2+$A24,F$3)) -> #DIV/0! | J25: =AVERAGE(OFFSET('t672'!$A$1,$B$2+($B25-1)*$E$2+$F$2+$A24+1,F$3):OFFSET('t672'!$A$1,$B$2+($B25-1)*$E$2+$F$2+$G$2+$A24,F$3)) -> #DIV/0! | K25: =AVERAGE(OFFSET('t1344'!$A$1,$B$2+($B25-1)*$E$2+$F$2+$A24+1,F$3):OFFSET('t1344'!$A$1,$B$2+($B25-1)*$E$2+$F$2+$G$2+$A24,F$3)) -> #DIV/0! | L25: =AVERAGE(OFFSET('t2688'!$A$1,$B$2+($B25-1)*$E$2+$F$2+$A24+1,F$3):OFFSET('t2688'!$A$1,$B$2+($B25-1)*$E$2+$F$2+$G$2+$A24,F$3)) -> #DIV/0! | M25: =AVERAGE(OFFSET('t5376'!$A$1,$B$2+($B25-1)*$E$2+$F$2+$A24+1,F$3):OFFSET('t5376'!$A$1,$B$2+($B25-1)*$E$2+$F$2+$G$2+$A24,F$3)) -> #DIV/0! | N25: =AVERAGE(OFFSET('t10752'!$A$1,$B$2+($B25-1)*$E$2+$F$2+$A24+1,F$3):OFFSET('t10752'!$A$1,$B$2+($B25-1)*$E$2+$F$2+$G$2+$A24,F$3)) -> #DIV/0! | O25: =AVERAGE(OFFSET('t21504'!$A$1,$B$2+($B25-1)*$E$2+$F$2+$A24+1,F$3):OFFSET('t21504'!$A$1,$B$2+($B25-1)*$E$2+$F$2+$G$2+$A24,F$3)) -> #DIV/0! | P25: =AVERAGE(OFFSET('t43008'!$A$1,$B$2+($B25-1)*$E$2+$F$2+$A24+1,F$3):OFFSET('t43008'!$A$1,$B$2+($B25-1)*$E$2+$F$2+$G$2+$A24,F$3)) -> #DIV/0! | Q25: =AVERAGE(OFFSET('t86016'!$A$1,$B$2+($B25-1)*$E$2+$F$2+$A24+1,F$3):OFFSET('t86016'!$A$1,$B$2+($B25-1)*$E$2+$F$2+$G$2+$A24,F$3)) -> #DIV/0! | R25: =AVERAGE(OFFSET('t172032'!$A$1,$B$2+($B25-1)*$E$2+$F$2+$A24+1,F$3):OFFSET('t172032'!$A$1,$B$2+($B25-1)*$E$2+$F$2+$G$2+$A24,F$3)) -> #DIV/0! | S25: =AVERAGE(OFFSET('t344064'!$A$1,$B$2+($B25-1)*$E$2+$F$2+$A24+1,F$3):OFFSET('t344064'!$A$1,$B$2+($B25-1)*$E$2+$F$2+$G$2+$A24,F$3)) -> #DIV/0! | T25: =AVERAGE(OFFSET('t688128'!$A$1,$B$2+($B25-1)*$E$2+$F$2+$A24+1,F$3):OFFSET('t688128'!$A$1,$B$2+($B25-1)*$E$2+$F$2+$G$2+$A24,F$3)) -> #DIV/0! | U25: =AVERAGE(OFFSET(t1376256!$A$1,$B$2+($B25-1)*$E$2+$F$2+$A24+1,F$3):OFFSET(t1376256!$A$1,$B$2+($B25-1)*$E$2+$F$2+$G$2+$A24,F$3)) -> #DIV/0!
F29: 42 | G29: =F29*2 -> 84 | H29: =G29*2 -> 168 | I29: =H29*2 -> 336 | J29: =I29*2 -> 672 | K29: =J29*2 -> 1344 | L29: =K29*2 -> 2688 | M29: =L29*2 -> 5376 | N29: =M29*2 -> 10752 | ... X29: =W29*2 -> 11010048
E30: =D4 -> 256 | F30: =F4/F$1 -> 1.4869341 | G30: =G4/G$1 -> 0.8293065 | H30: =H4/H$1 -> 0.51111143 | I30: =I4/I$1 -> 0.33621194 | J30: =J4/J$1 -> 0.25466429 | K30: =K4/K$1 -> 0.20703469 | L30: =L4/L$1 -> 0.18934594 | M30: =M4/M$1 -> 0.17155099 | ... X30: =X4/X$1 -> 0
E31: =D5 -> 512 | F31: =F5/F$1 -> 1.4955269 | G31: =G5/G$1 -> 0.83686861 | H31: =H5/H$1 -> 0.5187631 | I31: =I5/I$1 -> 0.34249172 | J31: =J5/J$1 -> 0.25281526 | K31: =K5/K$1 -> 0.20612722 | L31: =L5/L$1 -> 0.1973269 | M31: =M5/M$1 -> 0.17845786 | ... X31: =X5/X$1 -> 0
E32: =D6 -> 1024 | F32: =F6/F$1 -> 1.498983 | G32: =G6/G$1 -> 0.88349264 | H32: =H6/H$1 -> 0.52877282 | I32: =I6/I$1 -> 0.3456369 | J32: =J6/J$1 -> 0.26612768 | K32: =K6/K$1 -> 0.21648281 | L32: =L6/L$1 -> 0.20487764 | M32: =M6/M$1 -> 0.19749225 | ... X32: =X6/X$1 -> 0
E33: =D7 -> 2048 | F33: =F7/F$1 -> 1.5662349 | G33: =G7/G$1 -> 0.90497357 | H33: =H7/H$1 -> 0.54361148 | I33: =I7/I$1 -> 0.36770821 | J33: =J7/J$1 -> 0.27915276 | K33: =K7/K$1 -> 0.23376702 | L33: =L7/L$1 -> 0.22507226 | M33: =M7/M$1 -> 0.22306965 | ... X33: =X7/X$1 -> 0
E34: =D8 -> 4096 | F34: =F8/F$1 -> 1.7290161 | G34: =G8/G$1 -> 0.97754926 | H34: =H8/H$1 -> 0.60049571 | I34: =I8/I$1 -> 0.4010025 | J34: =J8/J$1 -> 0.30965042 | K34: =K8/K$1 -> 0.25347661 | L34: =L8/L$1 -> 0.25331519 | M34: =M8/M$1 -> 0.29301172 | ... X34: =X8/X$1 -> 0
E35: =D9 -> 8192 | F35: =F9/F$1 -> 1.9430701 | G35: =G9/G$1 -> 1.1328724 | H35: =H9/H$1 -> 0.67573093 | I35: =I9/I$1 -> 0.44125504 | J35: =J9/J$1 -> 0.35447583 | K35: =K9/K$1 -> 0.31688612 | L35: =L9/L$1 -> 0.32720207 | M35: =M9/M$1 -> 0.40489253 | ... X35: =X9/X$1 -> 0
E36: =D10 -> 16384 | F36: =F10/F$1 -> 2.4016462 | G36: =G10/G$1 -> 1.4889069 | H36: =H10/H$1 -> 0.80396321 | I36: =I10/I$1 -> 0.55557946 | J36: =J10/J$1 -> 0.45838274 | K36: =K10/K$1 -> 0.43700713 | L36: =L10/L$1 -> 0.48173943 | M36: =M10/M$1 -> 0.57988103 | ... X36: =X10/X$1 -> 0
E37: =D11 -> 32768 | F37: =F11/F$1 -> 3.4843192 | G37: =G11/G$1 -> 2.2394526 | H37: =H11/H$1 -> 1.0647645 | I37: =I11/I$1 -> 0.76857574 | J37: =J11/J$1 -> 0.68004264 | K37: =K11/K$1 -> 0.66648644 | L37: =L11/L$1 -> 0.75936429 | M37: =M11/M$1 -> 0.90281641 | ... X37: =X11/X$1 -> 0
E38: =D12 -> 65536 | F38: =F12/F$1 -> 5.6297352 | G38: =G12/G$1 -> 3.7229688 | H38: =H12/H$1 -> 1.6356729 | I38: =I12/I$1 -> 1.1836306 | J38: =J12/J$1 -> 1.1042992 | K38: =K12/K$1 -> 1.1247756 | L38: =L12/L$1 -> 1.3439031 | M38: =M12/M$1 -> 1.5301352 | ... X38: =X12/X$1 -> 0
E39: =D13 -> 131072 | F39: =F13/F$1 -> #DIV/0! | G39: =G13/G$1 -> #DIV/0! | H39: =H13/H$1 -> #DIV/0! | I39: =I13/I$1 -> #DIV/0! | J39: =J13/J$1 -> #DIV/0! | K39: =K13/K$1 -> #DIV/0! | L39: =L13/L$1 -> #DIV/0! | M39: =M13/M$1 -> #DIV/0! | ... X39: =X13/X$1 -> 0
E40: =D14 -> 262144 | F40: =F14/F$1 -> #DIV/0! | G40: =G14/G$1 -> #DIV/0! | H40: =H14/H$1 -> #DIV/0! | I40: =I14/I$1 -> #DIV/0! | J40: =J14/J$1 -> #DIV/0! | K40: =K14/K$1 -> #DIV/0! | L40: =L14/L$1 -> #DIV/0! | M40: =M14/M$1 -> #DIV/0! | ... X40: =X14/X$1 -> 0
E41: =D15 -> 524288 | F41: =F15/F$1 -> #DIV/0! | G41: =G15/G$1 -> #DIV/0! | H41: =H15/H$1 -> #DIV/0! | I41: =I15/I$1 -> #DIV/0! | J41: =J15/J$1 -> #DIV/0! | K41: =K15/K$1 -> #DIV/0! | L41: =L15/L$1 -> #DIV/0! | M41: =M15/M$1 -> #DIV/0! | ... X41: =X15/X$1 -> 0
... E49: =D23 -> 134217728 | F49: =F23/F$1 -> #DIV/0! | G49: =G23/G$1 -> #DIV/0! | H49: =H23/H$1 -> #DIV/0! | I49: =I23/I$1 -> #DIV/0! | J49: =J23/J$1 -> #DIV/0! | K49: =K23/K$1 -> #DIV/0! | L49: =L23/L$1 -> #DIV/0! | M49: =M23/M$1 -> #DIV/0! | ... X49: =X23/X$1 -> 0
F53: 42 | G53: =F53*2 -> 84 | H53: =G53*2 -> 168 | I53: =H53*2 -> 336 | J53: =I53*2 -> 672 | K53: =J53*2 -> 1344 | L53: =K53*2 -> 2688 | M53: =L53*2 -> 5376 | N53: =M53*2 -> 10752 | ... X53: =W53*2 -> 11010048
E54: =E30 -> 256 | F54: =F30/$E30 -> 0.0058083363 | G54: =G30/$E30 -> 0.0032394785 | H54: =H30/$E30 -> 0.001996529 | I54: =I30/$E30 -> 0.0013133279 | J54: =J30/$E30 -> 0.00099478237 | K54: =K30/$E30 -> 0.00080872925 | L54: =L30/$E30 -> 0.00073963257 | M54: =M30/$E30 -> 0.00067012105 | ... X54: =X30/$E30 -> 0
E55: =E31 -> 512 | F55: =F31/$E31 -> 0.0029209509 | G55: =G31/$E31 -> 0.001634509 | H55: =H31/$E31 -> 0.0010132092 | I55: =I31/$E31 -> 0.00066892913 | J55: =J31/$E31 -> 0.00049377981 | K55: =K31/$E31 -> 0.00040259222 | L55: =L31/$E31 -> 0.00038540409 | M55: =M31/$E31 -> 0.0003485505 | ... X55: =X31/$E31 -> 0
E56: =E32 -> 1024 | F56: =F32/$E32 -> 0.0014638505 | G56: =G32/$E32 -> 0.00086278578 | H56: =H32/$E32 -> 0.00051637971 | I56: =I32/$E32 -> 0.00033753604 | J56: =J32/$E32 -> 0.00025989031 | K56: =K32/$E32 -> 0.000211409 | L56: =L32/$E32 -> 0.00020007582 | M56: =M32/$E32 -> 0.00019286352 | ... X56: =X32/$E32 -> 0
E57: =E33 -> 2048 | F57: =F33/$E33 -> 0.00076476313 | G57: =G33/$E33 -> 0.00044188162 | H57: =H33/$E33 -> 0.00026543529 | I57: =I33/$E33 -> 0.00017954503 | J57: =J33/$E33 -> 0.00013630506 | K57: =K33/$E33 -> 0.00011414405 | L57: =L33/$E33 -> 0.00010989857 | M57: =M33/$E33 -> 0.00010892073 | ... X57: =X33/$E33 -> 0
E58: =E34 -> 4096 | F58: =F34/$E34 -> 0.00042212307 | G58: =G34/$E34 -> 0.00023865949 | H58: =H34/$E34 -> 0.0001466054 | I58: =I34/$E34 -> 9.7901001e-05 | J58: =J34/$E34 -> 7.5598246e-05 | K58: =K34/$E34 -> 6.1883937e-05 | L58: =L34/$E34 -> 6.1844528e-05 | M58: =M34/$E34 -> 7.1536064e-05 | ... X58: =X34/$E34 -> 0
E59: =E35 -> 8192 | F59: =F35/$E35 -> 0.00023719117 | G59: =G35/$E35 -> 0.00013829009 | H59: =H35/$E35 -> 8.2486686e-05 | I59: =I35/$E35 -> 5.3864141e-05 | J59: =J35/$E35 -> 4.3270975e-05 | K59: =K35/$E35 -> 3.8682387e-05 | L59: =L35/$E35 -> 3.9941659e-05 | M59: =M35/$E35 -> 4.9425358e-05 | ... X59: =X35/$E35 -> 0
E60: =E36 -> 16384 | F60: =F36/$E36 -> 0.00014658485 | G60: =G36/$E36 -> 9.0875666e-05 | H60: =H36/$E36 -> 4.907002e-05 | I60: =I36/$E36 -> 3.3909879e-05 | J60: =J36/$E36 -> 2.7977462e-05 | K60: =K36/$E36 -> 2.6672798e-05 | L60: =L36/$E36 -> 2.9403042e-05 | M60: =M36/$E36 -> 3.5393129e-05 | ... X60: =X36/$E36 -> 0
E61: =E37 -> 32768 | F61: =F37/$E37 -> 0.00010633298 | G61: =G37/$E37 -> 6.834267e-05 | H61: =H37/$E37 -> 3.2494032e-05 | I61: =I37/$E37 -> 2.345507e-05 | J61: =J37/$E37 -> 2.0753254e-05 | K61: =K37/$E37 -> 2.0339552e-05 | L61: =L37/$E37 -> 2.3173959e-05 | M61: =M37/$E37 -> 2.755177e-05 | ... X61: =X37/$E37 -> 0
E62: =E38 -> 65536 | F62: =F38/$E38 -> 8.5902942e-05 | G62: =G38/$E38 -> 5.6807996e-05 | H62: =H38/$E38 -> 2.4958387e-05 | I62: =I38/$E38 -> 1.806077e-05 | J62: =J38/$E38 -> 1.6850269e-05 | K62: =K38/$E38 -> 1.7162714e-05 | L62: =L38/$E38 -> 2.0506333e-05 | M62: =M38/$E38 -> 2.334801e-05 | ... X62: =X38/$E38 -> 0
E63: =E39 -> 131072 | F63: =F39/$E39 -> #DIV/0! | G63: =G39/$E39 -> #DIV/0! | H63: =H39/$E39 -> #DIV/0! | I63: =I39/$E39 -> #DIV/0! | J63: =J39/$E39 -> #DIV/0! | K63: =K39/$E39 -> #DIV/0! | L63: =L39/$E39 -> #DIV/0! | M63: =M39/$E39 -> #DIV/0! | ... X63: =X39/$E39 -> 0
E64: =E40 -> 262144 | F64: =F40/$E40 -> #DIV/0! | G64: =G40/$E40 -> #DIV/0! | H64: =H40/$E40 -> #DIV/0! | I64: =I40/$E40 -> #DIV/0! | J64: =J40/$E40 -> #DIV/0! | K64: =K40/$E40 -> #DIV/0! | L64: =L40/$E40 -> #DIV/0! | M64: =M40/$E40 -> #DIV/0! | ... X64: =X40/$E40 -> 0
E65: =E41 -> 524288 | F65: =F41/$E41 -> #DIV/0! | G65: =G41/$E41 -> #DIV/0! | H65: =H41/$E41 -> #DIV/0! | I65: =I41/$E41 -> #DIV/0! | J65: =J41/$E41 -> #DIV/0! | K65: =K41/$E41 -> #DIV/0! | L65: =L41/$E41 -> #DIV/0! | M65: =M41/$E41 -> #DIV/0! | ... X65: =X41/$E41 -> 0
... E73: =E49 -> 134217728 | F73: =F49/$E49 -> #DIV/0! | G73: =G49/$E49 -> #DIV/0! | H73: =H49/$E49 -> #DIV/0! | I73: =I49/$E49 -> #DIV/0! | J73: =J49/$E49 -> #DIV/0! | K73: =K49/$E49 -> #DIV/0! | L73: =L49/$E49 -> #DIV/0! | M73: =M49/$E49 -> #DIV/0! | ... X73: =X49/$E49 -> 0

Sheet t42
A1: Device 0: Tesla V100-SXM2-16GB | B1: Max thread in blocks: 1024 Total Global Memory: 16151,1 MB GPU Global Memory Usage: 0,0376778 MB GPU Global Memory Hash Table: 16 MB Max PARAMETR_SIZE in GPU Global Memory: 44997085 Shared memory per block: 49152 bytes (48 KB) Shared memory per multiprocessor: 98304 bytes (96 KB) Data size in Shared memory per block: 336 bytes (0,328125 KB) Constant Memory: 65536 bytes Parameter data size (in Constant Memory): 1680 bytes (1,64062 KB) Registers per Block: 65536 Warp Size: 32 Compute Capability: 7,0 Can Map Host Memory: Yes Clock Rate: 1530 MHz L2 Cache Size: 6291456 bytes Multiprocessor Count: 80 | C1: Max thread in blocks by axis: (1024, 1024, 64) | D1: Max blocks by axis: (2147483647, 65535, 65535) | E1: Device 1: Tesla V100-SXM2-16GB | F1: Max thread in blocks: 1024 Total Global Memory: 16151,1 MB GPU Global Memory Usage: 0,0376778 MB GPU Global Memory Hash Table: 16 MB Max PARAMETR_SIZE in GPU Global Memory: 44997085 Shared memory per block: 49152 bytes (48 KB) Shared memory per multiprocessor: 98304 bytes (96 KB) Data size in Shared memory per block: 336 bytes (0,328125 KB) Constant Memory: 65536 bytes Parameter data size (in Constant Memory): 1680 bytes (1,64062 KB) Registers per Block: 65536 Warp Size: 32 Compute Capability: 7,0 Can Map Host Memory: Yes Clock Rate: 1530 MHz L2 Cache Size: 6291456 bytes Multiprocessor Count: 80 | G1: Max thread in blocks by axis: (1024, 1024, 64) | H1: Max blocks by axis: (2147483647, 65535, 65535) | I1: Device 2: Tesla V100-SXM2-16GB | J1: Max thread in blocks: 1024 Total Global Memory: 16151,1 MB GPU Global Memory Usage: 0,0376778 MB GPU Global Memory Hash Table: 16 MB Max PARAMETR_SIZE in GPU Global Memory: 44997085 Shared memory per block: 49152 bytes (48 KB) Shared memory per multiprocessor: 98304 bytes (96 KB) Data size in Shared memory per block: 336 bytes (0,328125 KB) Constant Memory: 65536 bytes Parameter data size (in Constant Memory): 1680 bytes (1,64062 KB) Registers per Block: 65536 Warp Size: 32 Compute Capability: 7,0 Can Map Host Memory: Yes Clock Rate: 1530 MHz L2 Cache Size: 6291456 bytes Multiprocessor Count: 80 | K1: Max thread in blocks by axis: (1024, 1024, 64) | L1: Max blocks by axis: (2147483647, 65535, 65535) | M1: Device 3: Tesla V100-SXM2-16GB | N1: Max thread in blocks: 1024 Total Global Memory: 16151,1 MB GPU Global Memory Usage: 0,0376778 MB GPU Global Memory Hash Table: 16 MB Max PARAMETR_SIZE in GPU Global Memory: 44997085 Shared memory per block: 49152 bytes (48 KB) Shared memory per multiprocessor: 98304 bytes (96 KB) Data size in Shared memory per block: 336 bytes (0,328125 KB) Constant Memory: 65536 bytes Parameter data size (in Constant Memory): 1680 bytes (1,64062 KB) Registers per Block: 65536 Warp Size: 32 Compute Capability: 7,0 Can Map Host Memory: Yes Clock Rate: 1530 MHz L2 Cache Size: 6291456 bytes Multiprocessor Count: 80 | O1: Max thread in blocks by axis: (1024, 1024, 64) | P1: Max blocks by axis: (2147483647, 65535, 65535) | Q1: PARAMETR_SIZE: 42 | R1: MAX_VALUE_SIZE: 5 | S1: SET_PARAMETR_SIZE_ONE_X: 21 | T1: ANT_SIZE: 64 | U1: MAX_THREAD_CUDA: 512 | V1: NAME_FILE_GRAPH: Parametr_Graph/test42,txt | W1: KOL_ITERATION: 500 | X1: KOL_PROGREV: 5 | Y1: KOL_PROGON_STATISTICS: 50 | Z1: PARAMETR_RO: 0,999 | AA1: PARAMETR_Q: 1 | AB1: PRINT_INFORMATION: 0 | AC1: MAX_PARAMETR_VALUE_TO_MIN_OPT: 1 | AD1: OPTIMIZE: OPTIMIZE_MIN_1 | AE1: FUNCTION: SHAFFERA GO_HASH: 0 | AF1: HASH_TABLE_SIZE: 1048576 | AG1: ZERO_HASH_RESULT: -1 | AH1: ZERO_HASH: 18446744073709551615 | AI1: MAX_PROBES: 10000 | AJ1: MAX_CONST: 8192 | AK1: MAX_SHARED: 49152 | AL1: BLOCK_SIZE: 64 | AM1: BIN_SEARCH: 0 | AN1: NON_WHILE_ANT: 1 | AO1: USE CONST MEMORY | AP1: USE SHARED MEMORY
A2: Run MPI Combined Run0 | B2: 59.0656 | C2: 0 | D2: 14.2625 | E2: 4.29569 | F2: 0 | G2: 59.0656 | H2: -nan | I2: 100 | J2: 0.567129 | K2: 0.0012301 | L2: 1
A3: Run MPI Combined Run1 | B3: 60.2486 | C3: 0 | D3: 13.6853 | E3: 4.41447 | F3: 0 | G3: 60.2486 | H3: -nan | I3: 100 | J3: 0.555993 | K3: 0.00123045 | L3: 1
A4: Run MPI Combined Run2 | B4: 60.7504 | C4: 0 | D4: 13.617 | E4: 4.53431 | F4: 0 | G4: 60.7504 | H4: -nan | I4: 100 | J4: 0.5514 | K4: 0.00123023 | L4: 1
A5: Run MPI Combined Run3 | B5: 61.2591 | C5: 0 | D5: 13.7744 | E5: 4.5497 | F5: 0 | G5: 61.2591 | H5: -nan | I5: 100 | J5: 0.546822 | K5: 0.0012302 | L5: 1
A6: Run MPI Combined Run4 | B6: 61.0555 | C6: 0 | D6: 13.8507 | E6: 4.55687 | F6: 0 | G6: 61.0555 | H6: -nan | I6: 100 | J6: 0.548645 | K6: 0.00123005 | L6: 1
A7: Run MPI Combined Run5 | B7: 60.9608 | C7: 0 | D7: 13.876 | E7: 4.56401 | F7: 0 | G7: 60.9608 | H7: -nan | I7: 100 | J7: 0.549497 | K7: 0.00123007 | L7: 1
A8: Run MPI Combined Run6 | B8: 60.8864 | C8: 0 | D8: 13.6213 | E8: 4.53018 | F8: 0 | G8: 60.8864 | H8: -nan | I8: 100 | J8: 0.550169 | K8: 0.00123011 | L8: 1
A9: Run MPI Combined Run7 | B9: 60.872 | C9: 0 | D9: 13.7466 | E9: 4.565 | F9: 0 | G9: 60.872 | H9: -nan | I9: 100 | J9: 0.550299 | K9: 0.00123074 | L9: 1
A10: Run MPI Combined Run8 | B10: 60.6419 | C10: 0 | D10: 13.7202 | E10: 4.52199 | F10: 0 | G10: 60.6419 | H10: -nan | I10: 100 | J10: 0.552388 | K10: 0.00123006 | L10: 1
A11: Run MPI Combined Run9 | B11: 61.0093 | C11: 0 | D11: 13.756 | E11: 4.51281 | F11: 0 | G11: 61.0093 | H11: -nan | I11: 100 | J11: 0.549061 | K11: 0.00123005 | L11: 1
A12: Run MPI Combined Run10 | B12: 58.8642 | C12: 0 | D12: 13.2627 | E12: 4.43697 | F12: 0 | G12: 58.8642 | H12: -nan | I12: 100 | J12: 0.56907 | K12: 0.00123006 | L12: 1
A13: Run MPI Combined Run11 | B13: 65.2343 | C13: 0 | D13: 15.0302 | E13: 4.45341 | F13: 0 | G13: 65.2343 | H13: -nan | I13: 100 | J13: 0.5135 | K13: 0.00123005 | L13: 1
... A51: Run MPI Combined Run49 | B51: 70.7754 | C51: 0 | D51: 15.5467 | E51: 4.81383 | F51: 0 | G51: 70.7754 | H51: -nan | I51: 100 | J51: 0.473298 | K51: 0.00123005 | L51: 1
A52: Device 0: Tesla V100-SXM2-16GB | B52: Max thread in blocks: 1024 Total Global Memory: 16151,1 MB GPU Global Memory Usage: 0,0689278 MB GPU Global Memory Hash Table: 16 MB Max PARAMETR_SIZE in GPU Global Memory: 26770417 Shared memory per block: 49152 bytes (48 KB) Shared memory per multiprocessor: 98304 bytes (96 KB) Data size in Shared memory per block: 336 bytes (0,328125 KB) Constant Memory: 65536 bytes Parameter data size (in Constant Memory): 1680 bytes (1,64062 KB) Registers per Block: 65536 Warp Size: 32 Compute Capability: 7,0 Can Map Host Memory: Yes Clock Rate: 1530 MHz L2 Cache Size: 6291456 bytes Multiprocessor Count: 80 | C52: Max thread in blocks by axis: (1024, 1024, 64) | D52: Max blocks by axis: (2147483647, 65535, 65535) | E52: Device 1: Tesla V100-SXM2-16GB | F52: Max thread in blocks: 1024 Total Global Memory: 16151,1 MB GPU Global Memory Usage: 0,0689278 MB GPU Global Memory Hash Table: 16 MB Max PARAMETR_SIZE in GPU Global Memory: 26770417 Shared memory per block: 49152 bytes (48 KB) Shared memory per multiprocessor: 98304 bytes (96 KB) Data size in Shared memory per block: 336 bytes (0,328125 KB) Constant Memory: 65536 bytes Parameter data size (in Constant Memory): 1680 bytes (1,64062 KB) Registers per Block: 65536 Warp Size: 32 Compute Capability: 7,0 Can Map Host Memory: Yes Clock Rate: 1530 MHz L2 Cache Size: 6291456 bytes Multiprocessor Count: 80 | G52: Max thread in blocks by axis: (1024, 1024, 64) | H52: Max blocks by axis: (2147483647, 65535, 65535) | I52: Device 2: Tesla V100-SXM2-16GB | J52: Max thread in blocks: 1024 Total Global Memory: 16151,1 MB GPU Global Memory Usage: 0,0689278 MB GPU Global Memory Hash Table: 16 MB Max PARAMETR_SIZE in GPU Global Memory: 26770417 Shared memory per block: 49152 bytes (48 KB) Shared memory per multiprocessor: 98304 bytes (96 KB) Data size in Shared memory per block: 336 bytes (0,328125 KB) Constant Memory: 65536 bytes Parameter data size (in Constant Memory): 1680 bytes (1,64062 KB) Registers per Block: 65536 Warp Size: 32 Compute Capability: 7,0 Can Map Host Memory: Yes Clock Rate: 1530 MHz L2 Cache Size: 6291456 bytes Multiprocessor Count: 80 | K52: Max thread in blocks by axis: (1024, 1024, 64) | L52: Max blocks by axis: (2147483647, 65535, 65535) | M52: Device 3: Tesla V100-SXM2-16GB | N52: Max thread in blocks: 1024 Total Global Memory: 16151,1 MB GPU Global Memory Usage: 0,0689278 MB GPU Global Memory Hash Table: 16 MB Max PARAMETR_SIZE in GPU Global Memory: 26770417 Shared memory per block: 49152 bytes (48 KB) Shared memory per multiprocessor: 98304 bytes (96 KB) Data size in Shared memory per block: 336 bytes (0,328125 KB) Constant Memory: 65536 bytes Parameter data size (in Constant Memory): 1680 bytes (1,64062 KB) Registers per Block: 65536 Warp Size: 32 Compute Capability: 7,0 Can Map Host Memory: Yes Clock Rate: 1530 MHz L2 Cache Size: 6291456 bytes Multiprocessor Count: 80 | O52: Max thread in blocks by axis: (1024, 1024, 64) | P52: Max blocks by axis: (2147483647, 65535, 65535) | Q52: PARAMETR_SIZE: 42 | R52: MAX_VALUE_SIZE: 5 | S52: SET_PARAMETR_SIZE_ONE_X: 21 | T52: ANT_SIZE: 128 | U52: MAX_THREAD_CUDA: 512 | V52: NAME_FILE_GRAPH: Parametr_Graph/test42,txt | W52: KOL_ITERATION: 500 | X52: KOL_PROGREV: 5 | Y52: KOL_PROGON_STATISTICS: 50 | Z52: PARAMETR_RO: 0,999 | AA52: PARAMETR_Q: 1 | AB52: PRINT_INFORMATION: 0 | AC52: MAX_PARAMETR_VALUE_TO_MIN_OPT: 1 | AD52: OPTIMIZE: OPTIMIZE_MIN_1 | AE52: FUNCTION: SHAFFERA GO_HASH: 0 | AF52: HASH_TABLE_SIZE: 1048576 | AG52: ZERO_HASH_RESULT: -1 | AH52: ZERO_HASH: 18446744073709551615 | AI52: MAX_PROBES: 10000 | AJ52: MAX_CONST: 8192 | AK52: MAX_SHARED: 49152 | AL52: BLOCK_SIZE: 64 | AM52: BIN_SEARCH: 0 | AN52: NON_WHILE_ANT: 1 | AO52: USE CONST MEMORY | AP52: USE SHARED MEMORY
A53: Run MPI Combined Run0 | B53: 61.551 | C53: 0 | D53: 14.0617 | E53: 5.10567 | F53: 0 | G53: 61.551 | H53: -nan | I53: 100 | J53: 0.885097 | K53: 0.00123007 | L53: 1
A54: Run MPI Combined Run1 | B54: 63.1338 | C54: 0 | D54: 13.964 | E54: 5.07495 | F54: 0 | G54: 63.1338 | H54: -nan | I54: 100 | J54: 0.862908 | K54: 0.00123006 | L54: 1
A55: Run MPI Combined Run2 | B55: 61.5323 | C55: 0 | D55: 13.7012 | E55: 5.07905 | F55: 0 | G55: 61.5323 | H55: -nan | I55: 100 | J55: 0.885366 | K55: 0.00123005 | L55: 1
A56: Run MPI Combined Run3 | B56: 62.6025 | C56: 0 | D56: 13.7138 | E56: 4.8937 | F56: 0 | G56: 62.6025 | H56: -nan | I56: 100 | J56: 0.870232 | K56: 0.00123005 | L56: 1
A57: Run MPI Combined Run4 | B57: 63.0444 | C57: 0 | D57: 15.217 | E57: 4.87425 | F57: 0 | G57: 63.0444 | H57: -nan | I57: 100 | J57: 0.864132 | K57: 0.00123005 | L57: 1
A58: Run MPI Combined Run5 | B58: 69.8166 | C58: 0 | D58: 15.3015 | E58: 5.01348 | F58: 0 | G58: 69.8166 | H58: -nan | I58: 100 | J58: 0.780311 | K58: 0.00123005 | L58: 1
A59: Run MPI Combined Run6 | B59: 70.4887 | C59: 0 | D59: 15.3021 | E59: 5.2009 | F59: 0 | G59: 70.4887 | H59: -nan | I59: 100 | J59: 0.772871 | K59: 0.00123005 | L59: 1
A60: Run MPI Combined Run7 | B60: 70.6942 | C60: 0 | D60: 15.5279 | E60: 5.16308 | F60: 0 | G60: 70.6942 | H60: -nan | I60: 100 | J60: 0.770624 | K60: 0.00123006 | L60: 1
A61: Run MPI Combined Run8 | B61: 70.7145 | C61: 0 | D61: 15.6004 | E61: 5.25921 | F61: 0 | G61: 70.7145 | H61: -nan | I61: 100 | J61: 0.770402 | K61: 0.00123011 | L61: 1
A62: Run MPI Combined Run9 | B62: 59.0564 | C62: 0 | D62: 15.5606 | E62: 4.55479 | F62: 0 | G62: 59.0564 | H62: -nan | I62: 100 | J62: 0.922486 | K62: 0.00123061 | L62: 1
A63: Run MPI Combined Run10 | B63: 56.6697 | C63: 0 | D63: 14.9661 | E63: 4.58144 | F63: 0 | G63: 56.6697 | H63: -nan | I63: 100 | J63: 0.961336 | K63: 0.00123159 | L63: 1
A64: Run MPI Combined Run11 | B64: 59.6072 | C64: 0 | D64: 14.8407 | E64: 4.62336 | F64: 0 | G64: 59.6072 | H64: -nan | I64: 100 | J64: 0.91396 | K64: 0.00123005 | L64: 1
... A102: Run MPI Combined Run49 | B102: 60.5246 | C102: 0 | D102: 13.9593 | E102: 4.91726 | F102: 0 | G102: 60.5246 | H102: -nan | I102: 100 | J102: 0.900108 | K102: 0.00123008 | L102: 1
A103: Device 0: Tesla V100-SXM2-16GB | B103: Max thread in blocks: 1024 Total Global Memory: 16151,1 MB GPU Global Memory Usage: 0,131428 MB GPU Global Memory Hash Table: 16 MB Max PARAMETR_SIZE in GPU Global Memory: 14789250 Shared memory per block: 49152 bytes (48 KB) Shared memory per multiprocessor: 98304 bytes (96 KB) Data size in Shared memory per block: 336 bytes (0,328125 KB) Constant Memory: 65536 bytes Parameter data size (in Constant Memory): 1680 bytes (1,64062 KB) Registers per Block: 65536 Warp Size: 32 Compute Capability: 7,0 Can Map Host Memory: Yes Clock Rate: 1530 MHz L2 Cache Size: 6291456 bytes Multiprocessor Count: 80 | C103: Max thread in blocks by axis: (1024, 1024, 64) | D103: Max blocks by axis: (2147483647, 65535, 65535) | E103: Device 1: Tesla V100-SXM2-16GB | F103: Max thread in blocks: 1024 Total Global Memory: 16151,1 MB GPU Global Memory Usage: 0,131428 MB GPU Global Memory Hash Table: 16 MB Max PARAMETR_SIZE in GPU Global Memory: 14789250 Shared memory per block: 49152 bytes (48 KB) Shared memory per multiprocessor: 98304 bytes (96 KB) Data size in Shared memory per block: 336 bytes (0,328125 KB) Constant Memory: 65536 bytes Parameter data size (in Constant Memory): 1680 bytes (1,64062 KB) Registers per Block: 65536 Warp Size: 32 Compute Capability: 7,0 Can Map Host Memory: Yes Clock Rate: 1530 MHz L2 Cache Size: 6291456 bytes Multiprocessor Count: 80 | G103: Max thread in blocks by axis: (1024, 1024, 64) | H103: Max blocks by axis: (2147483647, 65535, 65535) | I103: Device 2: Tesla V100-SXM2-16GB | J103: Max thread in blocks: 1024 Total Global Memory: 16151,1 MB GPU Global Memory Usage: 0,131428 MB GPU Global Memory Hash Table: 16 MB Max PARAMETR_SIZE in GPU Global Memory: 14789250 Shared memory per block: 49152 bytes (48 KB) Shared memory per multiprocessor: 98304 bytes (96 KB) Data size in Shared memory per block: 336 bytes (0,328125 KB) Constant Memory: 65536 bytes Parameter data size (in Constant Memory): 1680 bytes (1,64062 KB) Registers per Block: 65536 Warp Size: 32 Compute Capability: 7,0 Can Map Host Memory: Yes Clock Rate: 1530 MHz L2 Cache Size: 6291456 bytes Multiprocessor Count: 80 | K103: Max thread in blocks by axis: (1024, 1024, 64) | L103: Max blocks by axis: (2147483647, 65535, 65535) | M103: Device 3: Tesla V100-SXM2-16GB | N103: Max thread in blocks: 1024 Total Global Memory: 16151,1 MB GPU Global Memory Usage: 0,131428 MB GPU Global Memory Hash Table: 16 MB Max PARAMETR_SIZE in GPU Global Memory: 14789250 Shared memory per block: 49152 bytes (48 KB) Shared memory per multiprocessor: 98304 bytes (96 KB) Data size in Shared memory per block: 336 bytes (0,328125 KB) Constant Memory: 65536 bytes Parameter data size (in Constant Memory): 1680 bytes (1,64062 KB) Registers per Block: 65536 Warp Size: 32 Compute Capability: 7,0 Can Map Host Memory: Yes Clock Rate: 1530 MHz L2 Cache Size: 6291456 bytes Multiprocessor Count: 80 | O103: Max thread in blocks by axis: (1024, 1024, 64) | P103: Max blocks by axis: (2147483647, 65535, 65535) | Q103: PARAMETR_SIZE: 42 | R103: MAX_VALUE_SIZE: 5 | S103: SET_PARAMETR_SIZE_ONE_X: 21 | T103: ANT_SIZE: 256 | U103: MAX_THREAD_CUDA: 512 | V103: NAME_FILE_GRAPH: Parametr_Graph/test42,txt | W103: KOL_ITERATION: 500 | X103: KOL_PROGREV: 5 | Y103: KOL_PROGON_STATISTICS: 50 | Z103: PARAMETR_RO: 0,999 | AA103: PARAMETR_Q: 1 | AB103: PRINT_INFORMATION: 0 | AC103: MAX_PARAMETR_VALUE_TO_MIN_OPT: 1 | AD103: OPTIMIZE: OPTIMIZE_MIN_1 | AE103: FUNCTION: SHAFFERA GO_HASH: 0 | AF103: HASH_TABLE_SIZE: 1048576 | AG103: ZERO_HASH_RESULT: -1 | AH103: ZERO_HASH: 18446744073709551615 | AI103: MAX_PROBES: 10000 | AJ103: MAX_CONST: 8192 | AK103: MAX_SHARED: 49152 | AL103: BLOCK_SIZE: 64 | AM103: BIN_SEARCH: 0 | AN103: NON_WHILE_ANT: 1 | AO103: USE CONST MEMORY | AP103: USE SHARED MEMORY
A104: Run MPI Combined Run0 | B104: 71.8228 | C104: 0 | D104: 15.7973 | E104: 6.45822 | F104: 0 | G104: 71.8228 | H104: -nan | I104: 100 | J104: 1.34275 | K104: 0.00123005 | L104: 1
A105: Run MPI Combined Run1 | B105: 68.673 | C105: 0 | D105: 15.2515 | E105: 6.1993 | F105: 0 | G105: 68.673 | H105: -nan | I105: 100 | J105: 1.40434 | K105: 0.00123005 | L105: 1
A106: Run MPI Combined Run2 | B106: 56.3332 | C106: 0 | D106: 12.8516 | E106: 5.76716 | F106: 0 | G106: 56.3332 | H106: -nan | I106: 100 | J106: 1.71196 | K106: 0.00123005 | L106: 1
A107: Run MPI Combined Run3 | B107: 58.6694 | C107: 0 | D107: 15.5507 | E107: 5.62688 | F107: 0 | G107: 58.6694 | H107: -nan | I107: 100 | J107: 1.64379 | K107: 0.00123008 | L107: 1
A108: Run MPI Combined Run4 | B108: 60.4173 | C108: 0 | D108: 14.0919 | E108: 5.90235 | F108: 0 | G108: 60.4173 | H108: -nan | I108: 100 | J108: 1.59624 | K108: 0.00123005 | L108: 1
A109: Run MPI Combined Run5 | B109: 61.6095 | C109: 0 | D109: 13.536 | E109: 5.90852 | F109: 0 | G109: 61.6095 | H109: -nan | I109: 100 | J109: 1.56535 | K109: 0.00123005 | L109: 1
A110: Run MPI Combined Run6 | B110: 62.2401 | C110: 0 | D110: 13.5109 | E110: 6.1859 | F110: 0 | G110: 62.2401 | H110: -nan | I110: 100 | J110: 1.54949 | K110: 0.00123005 | L110: 1
A111: Run MPI Combined Run7 | B111: 62.7825 | C111: 0 | D111: 13.7882 | E111: 6.09486 | F111: 0 | G111: 62.7825 | H111: -nan | I111: 100 | J111: 1.5361 | K111: 0.00123005 | L111: 1
A112: Run MPI Combined Run8 | B112: 62.4548 | C112: 0 | D112: 13.7471 | E112: 6.21569 | F112: 0 | G112: 62.4548 | H112: -nan | I112: 100 | J112: 1.54416 | K112: 0.00123005 | L112: 1
A113: Run MPI Combined Run9 | B113: 62.5206 | C113: 0 | D113: 13.6436 | E113: 6.11534 | F113: 0 | G113: 62.5206 | H113: -nan | I113: 100 | J113: 1.54254 | K113: 0.00123005 | L113: 1
A114: Run MPI Combined Run10 | B114: 62.6327 | C114: 0 | D114: 13.5892 | E114: 6.20238 | F114: 0 | G114: 62.6327 | H114: -nan | I114: 100 | J114: 1.53978 | K114: 0.00123005 | L114: 1
A115: Run MPI Combined Run11 | B115: 62.0896 | C115: 0 | D115: 13.6403 | E115: 6.03547 | F115: 0 | G115: 62.0896 | H115: -nan | I115: 100 | J115: 1.55324 | K115: 0.00123006 | L115: 1
... A153: Run MPI Combined Run49 | B153: 60.1075 | C153: 0 | D153: 14.6263 | E153: 5.6535 | F153: 0 | G153: 60.1075 | H153: -nan | I153: 100 | J153: 1.60446 | K153: 0.00123005 | L153: 1
A154: Device 0: Tesla V100-SXM2-16GB | B154: Max thread in blocks: 1024 Total Global Memory: 16151,1 MB GPU Global Memory Usage: 0,256428 MB GPU Global Memory Hash Table: 16 MB Max PARAMETR_SIZE in GPU Global Memory: 7803920 Shared memory per block: 49152 bytes (48 KB) Shared memory per multiprocessor: 98304 bytes (96 KB) Data size in Shared memory per block: 336 bytes (0,328125 KB) Constant Memory: 65536 bytes Parameter data size (in Constant Memory): 1680 bytes (1,64062 KB) Registers per Block: 65536 Warp Size: 32 Compute Capability: 7,0 Can Map Host Memory: Yes Clock Rate: 1530 MHz L2 Cache Size: 6291456 bytes Multiprocessor Count: 80 | C154: Max thread in blocks by axis: (1024, 1024, 64) | D154: Max blocks by axis: (2147483647, 65535, 65535) | E154: Device 1: Tesla V100-SXM2-16GB | F154: Max thread in blocks: 1024 Total Global Memory: 16151,1 MB GPU Global Memory Usage: 0,256428 MB GPU Global Memory Hash Table: 16 MB Max PARAMETR_SIZE in GPU Global Memory: 7803920 Shared memory per block: 49152 bytes (48 KB) Shared memory per multiprocessor: 98304 bytes (96 KB) Data size in Shared memory per block: 336 bytes (0,328125 KB) Constant Memory: 65536 bytes Parameter data size (in Constant Memory): 1680 bytes (1,64062 KB) Registers per Block: 65536 Warp Size: 32 Compute Capability: 7,0 Can Map Host Memory: Yes Clock Rate: 1530 MHz L2 Cache Size: 6291456 bytes Multiprocessor Count: 80 | G154: Max thread in blocks by axis: (1024, 1024, 64) | H154: Max blocks by axis: (2147483647, 65535, 65535) | I154: Device 2: Tesla V100-SXM2-16GB | J154: Max thread in blocks: 1024 Total Global Memory: 16151,1 MB GPU Global Memory Usage: 0,256428 MB GPU Global Memory Hash Table: 16 MB Max PARAMETR_SIZE in GPU Global Memory: 7803920 Shared memory per block: 49152 bytes (48 KB) Shared memory per multiprocessor: 98304 bytes (96 KB) Data size in Shared memory per block: 336 bytes (0,328125 KB) Constant Memory: 65536 bytes Parameter data size (in Constant Memory): 1680 bytes (1,64062 KB) Registers per Block: 65536 Warp Size: 32 Compute Capability: 7,0 Can Map Host Memory: Yes Clock Rate: 1530 MHz L2 Cache Size: 6291456 bytes Multiprocessor Count: 80 | K154: Max thread in blocks by axis: (1024, 1024, 64) | L154: Max blocks by axis: (2147483647, 65535, 65535) | M154: Device 3: Tesla V100-SXM2-16GB | N154: Max thread in blocks: 1024 Total Global Memory: 16151,1 MB GPU Global Memory Usage: 0,256428 MB GPU Global Memory Hash Table: 16 MB Max PARAMETR_SIZE in GPU Global Memory: 7803920 Shared memory per block: 49152 bytes (48 KB) Shared memory per multiprocessor: 98304 bytes (96 KB) Data size in Shared memory per block: 336 bytes (0,328125 KB) Constant Memory: 65536 bytes Parameter data size (in Constant Memory): 1680 bytes (1,64062 KB) Registers per Block: 65536 Warp Size: 32 Compute Capability: 7,0 Can Map Host Memory: Yes Clock Rate: 1530 MHz L2 Cache Size: 6291456 bytes Multiprocessor Count: 80 | O154: Max thread in blocks by axis: (1024, 1024, 64) | P154: Max blocks by axis: (2147483647, 65535, 65535) | Q154: PARAMETR_SIZE: 42 | R154: MAX_VALUE_SIZE: 5 | S154: SET_PARAMETR_SIZE_ONE_X: 21 | T154: ANT_SIZE: 512 | U154: MAX_THREAD_CUDA: 512 | V154: NAME_FILE_GRAPH: Parametr_Graph/test42,txt | W154: KOL_ITERATION: 500 | X154: KOL_PROGREV: 5 | Y154: KOL_PROGON_STATISTICS: 50 | Z154: PARAMETR_RO: 0,999 | AA154: PARAMETR_Q: 1 | AB154: PRINT_INFORMATION: 0 | AC154: MAX_PARAMETR_VALUE_TO_MIN_OPT: 1 | AD154: OPTIMIZE: OPTIMIZE_MIN_1 | AE154: FUNCTION: SHAFFERA GO_HASH: 0 | AF154: HASH_TABLE_SIZE: 1048576 | AG154: ZERO_HASH_RESULT: -1 | AH154: ZERO_HASH: 18446744073709551615 | AI154: MAX_PROBES: 10000 | AJ154: MAX_CONST: 8192 | AK154: MAX_SHARED: 49152 | AL154: BLOCK_SIZE: 64 | AM154: BIN_SEARCH: 0 | AN154: NON_WHILE_ANT: 1 | AO154: USE CONST MEMORY | AP154: USE SHARED MEMORY
A155: Run MPI Combined Run0 | B155: 60.0696 | C155: 0 | D155: 13.7261 | E155: 8.12445 | F155: 0 | G155: 60.0696 | H155: -nan | I155: 100 | J155: 3.00258 | K155: 0.00123005 | L155: 1
A156: Run MPI Combined Run1 | B156: 64.8048 | C156: 0 | D156: 13.3957 | E156: 8.1746 | F156: 0 | G156: 64.8048 | H156: -nan | I156: 100 | J156: 2.78318 | K156: 0.00123005 | L156: 1
A157: Run MPI Combined Run2 | B157: 64.6011 | C157: 0 | D157: 13.6624 | E157: 8.55747 | F157: 0 | G157: 64.6011 | H157: -nan | I157: 100 | J157: 2.79196 | K157: 0.00123005 | L157: 1
A158: Run MPI Combined Run3 | B158: 64.8163 | C158: 0 | D158: 13.7494 | E158: 8.30979 | F158: 0 | G158: 64.8163 | H158: -nan | I158: 100 | J158: 2.78269 | K158: 0.00123005 | L158: 1
A159: Run MPI Combined Run4 | B159: 65.3304 | C159: 0 | D159: 13.7935 | E159: 8.59954 | F159: 0 | G159: 65.3304 | H159: -nan | I159: 100 | J159: 2.76079 | K159: 0.00123006 | L159: 1
A160: Run MPI Combined Run5 | B160: 64.8603 | C160: 0 | D160: 13.8707 | E160: 8.29645 | F160: 0 | G160: 64.8603 | H160: -nan | I160: 100 | J160: 2.7808 | K160: 0.00123005 | L160: 1
A161: Run MPI Combined Run6 | B161: 65.1725 | C161: 0 | D161: 13.8443 | E161: 8.61596 | F161: 0 | G161: 65.1725 | H161: -nan | I161: 100 | J161: 2.76748 | K161: 0.00123005 | L161: 1
A162: Run MPI Combined Run7 | B162: 64.8436 | C162: 0 | D162: 13.8697 | E162: 8.28416 | F162: 0 | G162: 64.8436 | H162: -nan | I162: 100 | J162: 2.78152 | K162: 0.00123005 | L162: 1
A163: Run MPI Combined Run8 | B163: 64.5331 | C163: 0 | D163: 13.8123 | E163: 8.60669 | F163: 0 | G163: 64.5331 | H163: -nan | I163: 100 | J163: 2.7949 | K163: 0.00123005 | L163: 1
A164: Run MPI Combined Run9 | B164: 63.6763 | C164: 0 | D164: 13.7334 | E164: 8.30259 | F164: 0 | G164: 63.6763 | H164: -nan | I164: 100 | J164: 2.83251 | K164: 0.00123005 | L164: 1
A165: Run MPI Combined Run10 | B165: 61.5635 | C165: 0 | D165: 13.0489 | E165: 8.29229 | F165: 0 | G165: 61.5635 | H165: -nan | I165: 100 | J165: 2.92972 | K165: 0.00123005 | L165: 1
A166: Run MPI Combined Run11 | B166: 65.0254 | C166: 0 | D166: 14.1883 | E166: 8.07428 | F166: 0 | G166: 65.0254 | H166: -nan | I166: 100 | J166: 2.77374 | K166: 0.00123007 | L166: 1
... A204: Run MPI Combined Run49 | B204: 72.7566 | C204: 0 | D204: 15.4178 | E204: 8.36402 | F204: 0 | G204: 72.7566 | H204: -nan | I204: 100 | J204: 2.479 | K204: 0.00123005 | L204: 1
A205: Device 0: Tesla V100-SXM2-16GB | B205: Max thread in blocks: 1024 Total Global Memory: 16151,1 MB GPU Global Memory Usage: 0,506428 MB GPU Global Memory Hash Table: 16 MB Max PARAMETR_SIZE in GPU Global Memory: 4013021 Shared memory per block: 49152 bytes (48 KB) Shared memory per multiprocessor: 98304 bytes (96 KB) Data size in Shared memory per block: 336 bytes (0,328125 KB) Constant Memory: 65536 bytes Parameter data size (in Constant Memory): 1680 bytes (1,64062 KB) Registers per Block: 65536 Warp Size: 32 Compute Capability: 7,0 Can Map Host Memory: Yes Clock Rate: 1530 MHz L2 Cache Size: 6291456 bytes Multiprocessor Count: 80 | C205: Max thread in blocks by axis: (1024, 1024, 64) | D205: Max blocks by axis: (2147483647, 65535, 65535) | E205: Device 1: Tesla V100-SXM2-16GB | F205: Max thread in blocks: 1024 Total Global Memory: 16151,1 MB GPU Global Memory Usage: 0,506428 MB GPU Global Memory Hash Table: 16 MB Max PARAMETR_SIZE in GPU Global Memory: 4013021 Shared memory per block: 49152 bytes (48 KB) Shared memory per multiprocessor: 98304 bytes (96 KB) Data size in Shared memory per block: 336 bytes (0,328125 KB) Constant Memory: 65536 bytes Parameter data size (in Constant Memory): 1680 bytes (1,64062 KB) Registers per Block: 65536 Warp Size: 32 Compute Capability: 7,0 Can Map Host Memory: Yes Clock Rate: 1530 MHz L2 Cache Size: 6291456 bytes Multiprocessor Count: 80 | G205: Max thread in blocks by axis: (1024, 1024, 64) | H205: Max blocks by axis: (2147483647, 65535, 65535) | I205: Device 2: Tesla V100-SXM2-16GB | J205: Max thread in blocks: 1024 Total Global Memory: 16151,1 MB GPU Global Memory Usage: 0,506428 MB GPU Global Memory Hash Table: 16 MB Max PARAMETR_SIZE in GPU Global Memory: 4013021 Shared memory per block: 49152 bytes (48 KB) Shared memory per multiprocessor: 98304 bytes (96 KB) Data size in Shared memory per block: 336 bytes (0,328125 KB) Constant Memory: 65536 bytes Parameter data size (in Constant Memory): 1680 bytes (1,64062 KB) Registers per Block: 65536 Warp Size: 32 Compute Capability: 7,0 Can Map Host Memory: Yes Clock Rate: 1530 MHz L2 Cache Size: 6291456 bytes Multiprocessor Count: 80 | K205: Max thread in blocks by axis: (1024, 1024, 64) | L205: Max blocks by axis: (2147483647, 65535, 65535) | M205: Device 3: Tesla V100-SXM2-16GB | N205: Max thread in blocks: 1024 Total Global Memory: 16151,1 MB GPU Global Memory Usage: 0,506428 MB GPU Global Memory Hash Table: 16 MB Max PARAMETR_SIZE in GPU Global Memory: 4013021 Shared memory per block: 49152 bytes (48 KB) Shared memory per multiprocessor: 98304 bytes (96 KB) Data size in Shared memory per block: 336 bytes (0,328125 KB) Constant Memory: 65536 bytes Parameter data size (in Constant Memory): 1680 bytes (1,64062 KB) Registers per Block: 65536 Warp Size: 32 Compute Capability: 7,0 Can Map Host Memory: Yes Clock Rate: 1530 MHz L2 Cache Size: 6291456 bytes Multiprocessor Count: 80 | O205: Max thread in blocks by axis: (1024, 1024, 64) | P205: Max blocks by axis: (2147483647, 65535, 65535) | Q205: PARAMETR_SIZE: 42 | R205: MAX_VALUE_SIZE: 5 | S205: SET_PARAMETR_SIZE_ONE_X: 21 | T205: ANT_SIZE: 1024 | U205: MAX_THREAD_CUDA: 512 | V205: NAME_FILE_GRAPH: Parametr_Graph/test42,txt | W205: KOL_ITERATION: 500 | X205: KOL_PROGREV: 5 | Y205: KOL_PROGON_STATISTICS: 50 | Z205: PARAMETR_RO: 0,999 | AA205: PARAMETR_Q: 1 | AB205: PRINT_INFORMATION: 0 | AC205: MAX_PARAMETR_VALUE_TO_MIN_OPT: 1 | AD205: OPTIMIZE: OPTIMIZE_MIN_1 | AE205: FUNCTION: SHAFFERA GO_HASH: 0 | AF205: HASH_TABLE_SIZE: 1048576 | AG205: ZERO_HASH_RESULT: -1 | AH205: ZERO_HASH: 18446744073709551615 | AI205: MAX_PROBES: 10000 | AJ205: MAX_CONST: 8192 | AK205: MAX_SHARED: 49152 | AL205: BLOCK_SIZE: 64 | AM205: BIN_SEARCH: 0 | AN205: NON_WHILE_ANT: 1 | AO205: USE CONST MEMORY | AP205: USE SHARED MEMORY
A206: Run MPI Combined Run0 | B206: 71.8829 | C206: 0 | D206: 14.1659 | E206: 14.2623 | F206: 0 | G206: 71.8829 | H206: -nan | I206: 100 | J206: 4.84414 | K206: 0.00123005 | L206: 1
A207: Run MPI Combined Run1 | B207: 72.2154 | C207: 0 | D207: 14.3582 | E207: 13.9315 | F207: 0 | G207: 72.2154 | H207: -nan | I207: 100 | J207: 4.82183 | K207: 0.00123005 | L207: 1
A208: Run MPI Combined Run2 | B208: 72.1464 | C208: 0 | D208: 14.0451 | E208: 14.1527 | F208: 0 | G208: 72.1464 | H208: -nan | I208: 100 | J208: 4.82644 | K208: 0.00123005 | L208: 1
A209: Run MPI Combined Run3 | B209: 72.3283 | C209: 0 | D209: 14.1517 | E209: 13.8885 | F209: 0 | G209: 72.3283 | H209: -nan | I209: 100 | J209: 4.8143 | K209: 0.00123005 | L209: 1
A210: Run MPI Combined Run4 | B210: 71.7137 | C210: 0 | D210: 14.162 | E210: 13.9592 | F210: 0 | G210: 71.7137 | H210: -nan | I210: 100 | J210: 4.85556 | K210: 0.00123005 | L210: 1
A211: Run MPI Combined Run5 | B211: 71.874 | C211: 0 | D211: 14.3711 | E211: 13.8025 | F211: 0 | G211: 71.874 | H211: -nan | I211: 100 | J211: 4.84474 | K211: 0.00123005 | L211: 1
A212: Run MPI Combined Run6 | B212: 71.0663 | C212: 0 | D212: 13.6422 | E212: 14.0155 | F212: 0 | G212: 71.0663 | H212: -nan | I212: 100 | J212: 4.89979 | K212: 0.00123005 | L212: 1
A213: Run MPI Combined Run7 | B213: 71.636 | C213: 0 | D213: 14.4275 | E213: 13.7851 | F213: 0 | G213: 71.636 | H213: -nan | I213: 100 | J213: 4.86083 | K213: 0.00123005 | L213: 1
A214: Run MPI Combined Run8 | B214: 79.7896 | C214: 0 | D214: 15.3951 | E214: 14.0995 | F214: 0 | G214: 79.7896 | H214: -nan | I214: 100 | J214: 4.3641 | K214: 0.00123005 | L214: 1
A215: Run MPI Combined Run9 | B215: 81.0473 | C215: 0 | D215: 15.7747 | E215: 14.2961 | F215: 0 | G215: 81.0473 | H215: -nan | I215: 100 | J215: 4.29638 | K215: 0.00123005 | L215: 1
A216: Run MPI Combined Run10 | B216: 79.1376 | C216: 0 | D216: 15.3089 | E216: 14.3954 | F216: 0 | G216: 79.1376 | H216: -nan | I216: 100 | J216: 4.40006 | K216: 0.00123005 | L216: 1
A217: Run MPI Combined Run11 | B217: 76.0277 | C217: 0 | D217: 14.8596 | E217: 13.9715 | F217: 0 | G217: 76.0277 | H217: -nan | I217: 100 | J217: 4.58005 | K217: 0.00123005 | L217: 1
... A255: Run MPI Combined Run49 | B255: 70.8379 | C255: 0 | D255: 13.7838 | E255: 13.4564 | F255: 0 | G255: 70.8379 | H255: -nan | I255: 100 | J255: 4.91559 | K255: 0.00123005 | L255: 1
A256: Device 0: Tesla V100-SXM2-16GB | B256: Max thread in blocks: 1024 Total Global Memory: 16151,1 MB GPU Global Memory Usage: 1,00643 MB GPU Global Memory Hash Table: 16 MB Max PARAMETR_SIZE in GPU Global Memory: 2035477 Shared memory per block: 49152 bytes (48 KB) Shared memory per multiprocessor: 98304 bytes (96 KB) Data size in Shared memory per block: 336 bytes (0,328125 KB) Constant Memory: 65536 bytes Parameter data size (in Constant Memory): 1680 bytes (1,64062 KB) Registers per Block: 65536 Warp Size: 32 Compute Capability: 7,0 Can Map Host Memory: Yes Clock Rate: 1530 MHz L2 Cache Size: 6291456 bytes Multiprocessor Count: 80 | C256: Max thread in blocks by axis: (1024, 1024, 64) | D256: Max blocks by axis: (2147483647, 65535, 65535) | E256: Device 1: Tesla V100-SXM2-16GB | F256: Max thread in blocks: 1024 Total Global Memory: 16151,1 MB GPU Global Memory Usage: 1,00643 MB GPU Global Memory Hash Table: 16 MB Max PARAMETR_SIZE in GPU Global Memory: 2035477 Shared memory per block: 49152 bytes (48 KB) Shared memory per multiprocessor: 98304 bytes (96 KB) Data size in Shared memory per block: 336 bytes (0,328125 KB) Constant Memory: 65536 bytes Parameter data size (in Constant Memory): 1680 bytes (1,64062 KB) Registers per Block: 65536 Warp Size: 32 Compute Capability: 7,0 Can Map Host Memory: Yes Clock Rate: 1530 MHz L2 Cache Size: 6291456 bytes Multiprocessor Count: 80 | G256: Max thread in blocks by axis: (1024, 1024, 64) | H256: Max blocks by axis: (2147483647, 65535, 65535) | I256: Device 2: Tesla V100-SXM2-16GB | J256: Max thread in blocks: 1024 Total Global Memory: 16151,1 MB GPU Global Memory Usage: 1,00643 MB GPU Global Memory Hash Table: 16 MB Max PARAMETR_SIZE in GPU Global Memory: 2035477 Shared memory per block: 49152 bytes (48 KB) Shared memory per multiprocessor: 98304 bytes (96 KB) Data size in Shared memory per block: 336 bytes (0,328125 KB) Constant Memory: 65536 bytes Parameter data size (in Constant Memory): 1680 bytes (1,64062 KB) Registers per Block: 65536 Warp Size: 32 Compute Capability: 7,0 Can Map Host Memory: Yes Clock Rate: 1530 MHz L2 Cache Size: 6291456 bytes Multiprocessor Count: 80 | K256: Max thread in blocks by axis: (1024, 1024, 64) | L256: Max blocks by axis: (2147483647, 65535, 65535) | M256: Device 3: Tesla V100-SXM2-16GB | N256: Max thread in blocks: 1024 Total Global Memory: 16151,1 MB GPU Global Memory Usage: 1,00643 MB GPU Global Memory Hash Table: 16 MB Max PARAMETR_SIZE in GPU Global Memory: 2035477 Shared memory per block: 49152 bytes (48 KB) Shared memory per multiprocessor: 98304 bytes (96 KB) Data size in Shared memory per block: 336 bytes (0,328125 KB) Constant Memory: 65536 bytes Parameter data size (in Constant Memory): 1680 bytes (1,64062 KB) Registers per Block: 65536 Warp Size: 32 Compute Capability: 7,0 Can Map Host Memory: Yes Clock Rate: 1530 MHz L2 Cache Size: 6291456 bytes Multiprocessor Count: 80 | O256: Max thread in blocks by axis: (1024, 1024, 64) | P256: Max blocks by axis: (2147483647, 65535, 65535) | Q256: PARAMETR_SIZE: 42 | R256: MAX_VALUE_SIZE: 5 | S256: SET_PARAMETR_SIZE_ONE_X: 21 | T256: ANT_SIZE: 2048 | U256: MAX_THREAD_CUDA: 512 | V256: NAME_FILE_GRAPH: Parametr_Graph/test42,txt | W256: KOL_ITERATION: 500 | X256: KOL_PROGREV: 5 | Y256: KOL_PROGON_STATISTICS: 50 | Z256: PARAMETR_RO: 0,999 | AA256: PARAMETR_Q: 1 | AB256: PRINT_INFORMATION: 0 | AC256: MAX_PARAMETR_VALUE_TO_MIN_OPT: 1 | AD256: OPTIMIZE: OPTIMIZE_MIN_1 | AE256: FUNCTION: SHAFFERA GO_HASH: 0 | AF256: HASH_TABLE_SIZE: 1048576 | AG256: ZERO_HASH_RESULT: -1 | AH256: ZERO_HASH: 18446744073709551615 | AI256: MAX_PROBES: 10000 | AJ256: MAX_CONST: 8192 | AK256: MAX_SHARED: 49152 | AL256: BLOCK_SIZE: 64 | AM256: BIN_SEARCH: 0 | AN256: NON_WHILE_ANT: 1 | AO256: USE CONST MEMORY | AP256: USE SHARED MEMORY
A257: Run MPI Combined Run0 | B257: 81.4986 | C257: 0 | D257: 13.7292 | E257: 23.4813 | F257: 0 | G257: 81.4986 | H257: -nan | I257: 100 | J257: 8.3916 | K257: 0.00123005 | L257: 1
A258: Run MPI Combined Run1 | B258: 79.5268 | C258: 0 | D258: 13.396 | E258: 23.0993 | F258: 0 | G258: 79.5268 | H258: -nan | I258: 100 | J258: 8.59967 | K258: 0.00123005 | L258: 1
A259: Run MPI Combined Run2 | B259: 83.7903 | C259: 0 | D259: 14.0811 | E259: 23.1762 | F259: 0 | G259: 83.7903 | H259: -nan | I259: 100 | J259: 8.16209 | K259: 0.00123005 | L259: 1
A260: Run MPI Combined Run3 | B260: 90.2668 | C260: 0 | D260: 15.4081 | E260: 23.552 | F260: 0 | G260: 90.2668 | H260: -nan | I260: 100 | J260: 7.57647 | K260: 0.00123005 | L260: 1
A261: Run MPI Combined Run4 | B261: 91.1983 | C261: 0 | D261: 15.5831 | E261: 23.639 | F261: 0 | G261: 91.1983 | H261: -nan | I261: 100 | J261: 7.49909 | K261: 0.00123005 | L261: 1
A262: Run MPI Combined Run5 | B262: 87.7719 | C262: 0 | D262: 14.9295 | E262: 23.34 | F262: 0 | G262: 87.7719 | H262: -nan | I262: 100 | J262: 7.79183 | K262: 0.00123005 | L262: 1
A263: Run MPI Combined Run6 | B263: 74.3925 | C263: 0 | D263: 12.2978 | E263: 22.9037 | F263: 0 | G263: 74.3925 | H263: -nan | I263: 100 | J263: 9.19318 | K263: 0.00123005 | L263: 1
A264: Run MPI Combined Run7 | B264: 76.1477 | C264: 0 | D264: 12.9629 | E264: 22.8659 | F264: 0 | G264: 76.1477 | H264: -nan | I264: 100 | J264: 8.98128 | K264: 0.00123005 | L264: 1
A265: Run MPI Combined Run8 | B265: 80.8049 | C265: 0 | D265: 13.8209 | E265: 23.4434 | F265: 0 | G265: 80.8049 | H265: -nan | I265: 100 | J265: 8.46364 | K265: 0.00123005 | L265: 1
A266: Run MPI Combined Run9 | B266: 81.9673 | C266: 0 | D266: 14.0864 | E266: 23.3615 | F266: 0 | G266: 81.9673 | H266: -nan | I266: 100 | J266: 8.34362 | K266: 0.00123005 | L266: 1
A267: Run MPI Combined Run10 | B267: 81.6818 | C267: 0 | D267: 14.1098 | E267: 23.4076 | F267: 0 | G267: 81.6818 | H267: -nan | I267: 100 | J267: 8.37278 | K267: 0.00123005 | L267: 1
A268: Run MPI Combined Run11 | B268: 81.7281 | C268: 0 | D268: 14.1507 | E268: 23.3779 | F268: 0 | G268: 81.7281 | H268: -nan | I268: 100 | J268: 8.36803 | K268: 0.00123005 | L268: 1
... A306: Run MPI Combined Run49 | B306: 77.9797 | C306: 0 | D306: 13.1638 | E306: 23.1761 | F306: 0 | G306: 77.9797 | H306: -nan | I306: 100 | J306: 8.77027 | K306: 0.00123005 | L306: 1
A307: Device 0: Tesla V100-SXM2-16GB | B307: Max thread in blocks: 1024 Total Global Memory: 16151,1 MB GPU Global Memory Usage: 2,00643 MB GPU Global Memory Hash Table: 16 MB Max PARAMETR_SIZE in GPU Global Memory: 1025137 Shared memory per block: 49152 bytes (48 KB) Shared memory per multiprocessor: 98304 bytes (96 KB) Data size in Shared memory per block: 336 bytes (0,328125 KB) Constant Memory: 65536 bytes Parameter data size (in Constant Memory): 1680 bytes (1,64062 KB) Registers per Block: 65536 Warp Size: 32 Compute Capability: 7,0 Can Map Host Memory: Yes Clock Rate: 1530 MHz L2 Cache Size: 6291456 bytes Multiprocessor Count: 80 | C307: Max thread in blocks by axis: (1024, 1024, 64) | D307: Max blocks by axis: (2147483647, 65535, 65535) | E307: Device 1: Tesla V100-SXM2-16GB | F307: Max thread in blocks: 1024 Total Global Memory: 16151,1 MB GPU Global Memory Usage: 2,00643 MB GPU Global Memory Hash Table: 16 MB Max PARAMETR_SIZE in GPU Global Memory: 1025137 Shared memory per block: 49152 bytes (48 KB) Shared memory per multiprocessor: 98304 bytes (96 KB) Data size in Shared memory per block: 336 bytes (0,328125 KB) Constant Memory: 65536 bytes Parameter data size (in Constant Memory): 1680 bytes (1,64062 KB) Registers per Block: 65536 Warp Size: 32 Compute Capability: 7,0 Can Map Host Memory: Yes Clock Rate: 1530 MHz L2 Cache Size: 6291456 bytes Multiprocessor Count: 80 | G307: Max thread in blocks by axis: (1024, 1024, 64) | H307: Max blocks by axis: (2147483647, 65535, 65535) | I307: Device 2: Tesla V100-SXM2-16GB | J307: Max thread in blocks: 1024 Total Global Memory: 16151,1 MB GPU Global Memory Usage: 2,00643 MB GPU Global Memory Hash Table: 16 MB Max PARAMETR_SIZE in GPU Global Memory: 1025137 Shared memory per block: 49152 bytes (48 KB) Shared memory per multiprocessor: 98304 bytes (96 KB) Data size in Shared memory per block: 336 bytes (0,328125 KB) Constant Memory: 65536 bytes Parameter data size (in Constant Memory): 1680 bytes (1,64062 KB) Registers per Block: 65536 Warp Size: 32 Compute Capability: 7,0 Can Map Host Memory: Yes Clock Rate: 1530 MHz L2 Cache Size: 6291456 bytes Multiprocessor Count: 80 | K307: Max thread in blocks by axis: (1024, 1024, 64) | L307: Max blocks by axis: (2147483647, 65535, 65535) | M307: Device 3: Tesla V100-SXM2-16GB | N307: Max thread in blocks: 1024 Total Global Memory: 16151,1 MB GPU Global Memory Usage: 2,00643 MB GPU Global Memory Hash Table: 16 MB Max PARAMETR_SIZE in GPU Global Memory: 1025137 Shared memory per block: 49152 bytes (48 KB) Shared memory per multiprocessor: 98304 bytes (96 KB) Data size in Shared memory per block: 336 bytes (0,328125 KB) Constant Memory: 65536 bytes Parameter data size (in Constant Memory): 1680 bytes (1,64062 KB) Registers per Block: 65536 Warp Size: 32 Compute Capability: 7,0 Can Map Host Memory: Yes Clock Rate: 1530 MHz L2 Cache Size: 6291456 bytes Multiprocessor Count: 80 | O307: Max thread in blocks by axis: (1024, 1024, 64) | P307: Max blocks by axis: (2147483647, 65535, 65535) | Q307: PARAMETR_SIZE: 42 | R307: MAX_VALUE_SIZE: 5 | S307: SET_PARAMETR_SIZE_ONE_X: 21 | T307: ANT_SIZE: 4096 | U307: MAX_THREAD_CUDA: 512 | V307: NAME_FILE_GRAPH: Parametr_Graph/test42,txt | W307: KOL_ITERATION: 500 | X307: KOL_PROGREV: 5 | Y307: KOL_PROGON_STATISTICS: 50 | Z307: PARAMETR_RO: 0,999 | AA307: PARAMETR_Q: 1 | AB307: PRINT_INFORMATION: 0 | AC307: MAX_PARAMETR_VALUE_TO_MIN_OPT: 1 | AD307: OPTIMIZE: OPTIMIZE_MIN_1 | AE307: FUNCTION: SHAFFERA GO_HASH: 0 | AF307: HASH_TABLE_SIZE: 1048576 | AG307: ZERO_HASH_RESULT: -1 | AH307: ZERO_HASH: 18446744073709551615 | AI307: MAX_PROBES: 10000 | AJ307: MAX_CONST: 8192 | AK307: MAX_SHARED: 49152 | AL307: BLOCK_SIZE: 64 | AM307: BIN_SEARCH: 0 | AN307: NON_WHILE_ANT: 1 | AO307: USE CONST MEMORY | AP307: USE SHARED MEMORY
A308: Run MPI Combined Run0 | B308: 101.857 | C308: 0 | D308: 13.917 | E308: 42.3977 | F308: 0 | G308: 101.857 | H308: -nan | I308: 100 | J308: 13.3059 | K308: 0.00123005 | L308: 1
A309: Run MPI Combined Run1 | B309: 101.238 | C309: 0 | D309: 14.1078 | E309: 43.3469 | F309: 0 | G309: 101.238 | H309: -nan | I309: 100 | J309: 13.3871 | K309: 0.00123005 | L309: 1
A310: Run MPI Combined Run2 | B310: 100.832 | C310: 0 | D310: 13.7157 | E310: 42.3353 | F310: 0 | G310: 100.832 | H310: -nan | I310: 100 | J310: 13.4411 | K310: 0.00123005 | L310: 1
A311: Run MPI Combined Run3 | B311: 99.1749 | C311: 0 | D311: 13.3638 | E311: 43.0254 | F311: 0 | G311: 99.1749 | H311: -nan | I311: 100 | J311: 13.6657 | K311: 0.00123005 | L311: 1
A312: Run MPI Combined Run4 | B312: 98.2732 | C312: 0 | D312: 13.3397 | E312: 42.1765 | F312: 0 | G312: 98.2732 | H312: -nan | I312: 100 | J312: 13.7911 | K312: 0.00123005 | L312: 1
A313: Run MPI Combined Run5 | B313: 97.3875 | C313: 0 | D313: 13.2171 | E313: 43.1104 | F313: 0 | G313: 97.3875 | H313: -nan | I313: 100 | J313: 13.9165 | K313: 0.00123005 | L313: 1
A314: Run MPI Combined Run6 | B314: 102.297 | C314: 0 | D314: 13.8772 | E314: 42.2554 | F314: 0 | G314: 102.297 | H314: -nan | I314: 100 | J314: 13.2486 | K314: 0.00123005 | L314: 1
A315: Run MPI Combined Run7 | B315: 109.28 | C315: 0 | D315: 15.5563 | E315: 43.5262 | F315: 0 | G315: 109.28 | H315: -nan | I315: 100 | J315: 12.402 | K315: 0.00123005 | L315: 1
A316: Run MPI Combined Run8 | B316: 109.645 | C316: 0 | D316: 15.7877 | E316: 42.6445 | F316: 0 | G316: 109.645 | H316: -nan | I316: 100 | J316: 12.3607 | K316: 0.00123005 | L316: 1
A317: Run MPI Combined Run9 | B317: 96.9179 | C317: 0 | D317: 13.0011 | E317: 42.9916 | F317: 0 | G317: 96.9179 | H317: -nan | I317: 100 | J317: 13.9839 | K317: 0.00123005 | L317: 1
A318: Run MPI Combined Run10 | B318: 94.2934 | C318: 0 | D318: 12.309 | E318: 41.9758 | F318: 0 | G318: 94.2934 | H318: -nan | I318: 100 | J318: 14.3731 | K318: 0.00123005 | L318: 1
A319: Run MPI Combined Run11 | B319: 99.3259 | C319: 0 | D319: 13.6298 | E319: 43.3562 | F319: 0 | G319: 99.3259 | H319: -nan | I319: 100 | J319: 13.6449 | K319: 0.00123005 | L319: 1
... A357: Run MPI Combined Run49 | B357: 99.5492 | C357: 0 | D357: 13.8897 | E357: 43.4278 | F357: 0 | G357: 99.5492 | H357: -nan | I357: 100 | J357: 13.6143 | K357: 0.00123005 | L357: 1
A358: Device 0: Tesla V100-SXM2-16GB | B358: Max thread in blocks: 1024 Total Global Memory: 16151,1 MB GPU Global Memory Usage: 4,00643 MB GPU Global Memory Hash Table: 16 MB Max PARAMETR_SIZE in GPU Global Memory: 514438 Shared memory per block: 49152 bytes (48 KB) Shared memory per multiprocessor: 98304 bytes (96 KB) Data size in Shared memory per block: 336 bytes (0,328125 KB) Constant Memory: 65536 bytes Parameter data size (in Constant Memory): 1680 bytes (1,64062 KB) Registers per Block: 65536 Warp Size: 32 Compute Capability: 7,0 Can Map Host Memory: Yes Clock Rate: 1530 MHz L2 Cache Size: 6291456 bytes Multiprocessor Count: 80 | C358: Max thread in blocks by axis: (1024, 1024, 64) | D358: Max blocks by axis: (2147483647, 65535, 65535) | E358: Device 1: Tesla V100-SXM2-16GB | F358: Max thread in blocks: 1024 Total Global Memory: 16151,1 MB GPU Global Memory Usage: 4,00643 MB GPU Global Memory Hash Table: 16 MB Max PARAMETR_SIZE in GPU Global Memory: 514438 Shared memory per block: 49152 bytes (48 KB) Shared memory per multiprocessor: 98304 bytes (96 KB) Data size in Shared memory per block: 336 bytes (0,328125 KB) Constant Memory: 65536 bytes Parameter data size (in Constant Memory): 1680 bytes (1,64062 KB) Registers per Block: 65536 Warp Size: 32 Compute Capability: 7,0 Can Map Host Memory: Yes Clock Rate: 1530 MHz L2 Cache Size: 6291456 bytes Multiprocessor Count: 80 | G358: Max thread in blocks by axis: (1024, 1024, 64) | H358: Max blocks by axis: (2147483647, 65535, 65535) | I358: Device 2: Tesla V100-SXM2-16GB | J358: Max thread in blocks: 1024 Total Global Memory: 16151,1 MB GPU Global Memory Usage: 4,00643 MB GPU Global Memory Hash Table: 16 MB Max PARAMETR_SIZE in GPU Global Memory: 514438 Shared memory per block: 49152 bytes (48 KB) Shared memory per multiprocessor: 98304 bytes (96 KB) Data size in Shared memory per block: 336 bytes (0,328125 KB) Constant Memory: 65536 bytes Parameter data size (in Constant Memory): 1680 bytes (1,64062 KB) Registers per Block: 65536 Warp Size: 32 Compute Capability: 7,0 Can Map Host Memory: Yes Clock Rate: 1530 MHz L2 Cache Size: 6291456 bytes Multiprocessor Count: 80 | K358: Max thread in blocks by axis: (1024, 1024, 64) | L358: Max blocks by axis: (2147483647, 65535, 65535) | M358: Device 3: Tesla V100-SXM2-16GB | N358: Max thread in blocks: 1024 Total Global Memory: 16151,1 MB GPU Global Memory Usage: 4,00643 MB GPU Global Memory Hash Table: 16 MB Max PARAMETR_SIZE in GPU Global Memory: 514438 Shared memory per block: 49152 bytes (48 KB) Shared memory per multiprocessor: 98304 bytes (96 KB) Data size in Shared memory per block: 336 bytes (0,328125 KB) Constant Memory: 65536 bytes Parameter data size (in Constant Memory): 1680 bytes (1,64062 KB) Registers per Block: 65536 Warp Size: 32 Compute Capability: 7,0 Can Map Host Memory: Yes Clock Rate: 1530 MHz L2 Cache Size: 6291456 bytes Multiprocessor Count: 80 | O358: Max thread in blocks by axis: (1024, 1024, 64) | P358: Max blocks by axis: (2147483647, 65535, 65535) | Q358: PARAMETR_SIZE: 42 | R358: MAX_VALUE_SIZE: 5 | S358: SET_PARAMETR_SIZE_ONE_X: 21 | T358: ANT_SIZE: 8192 | U358: MAX_THREAD_CUDA: 512 | V358: NAME_FILE_GRAPH: Parametr_Graph/test42,txt | W358: KOL_ITERATION: 500 | X358: KOL_PROGREV: 5 | Y358: KOL_PROGON_STATISTICS: 50 | Z358: PARAMETR_RO: 0,999 | AA358: PARAMETR_Q: 1 | AB358: PRINT_INFORMATION: 0 | AC358: MAX_PARAMETR_VALUE_TO_MIN_OPT: 1 | AD358: OPTIMIZE: OPTIMIZE_MIN_1 | AE358: FUNCTION: SHAFFERA GO_HASH: 0 | AF358: HASH_TABLE_SIZE: 1048576 | AG358: ZERO_HASH_RESULT: -1 | AH358: ZERO_HASH: 18446744073709551615 | AI358: MAX_PROBES: 10000 | AJ358: MAX_CONST: 8192 | AK358: MAX_SHARED: 49152 | AL358: BLOCK_SIZE: 64 | AM358: BIN_SEARCH: 0 | AN358: NON_WHILE_ANT: 1 | AO358: USE CONST MEMORY | AP358: USE SHARED MEMORY
A359: Run MPI Combined Run0 | B359: 156.175 | C359: 0 | D359: 16.6184 | E359: 85.7538 | F359: 0 | G359: 156.175 | H359: -nan | I359: 100 | J359: 17.2759 | K359: 0.00123005 | L359: 1
...

Sheet t84
A1: Device 0: Tesla V100-SXM2-16GB | B1: Max thread in blocks: 1024 Total Global Memory: 16151,1 MB GPU Global Memory Usage: 0,0748482 MB GPU Global Memory Hash Table: 16 MB Max PARAMETR_SIZE in GPU Global Memory: 44997085 Shared memory per block: 49152 bytes (48 KB) Shared memory per multiprocessor: 98304 bytes (96 KB) Data size in Shared memory per block: 672 bytes (0,65625 KB) Constant Memory: 65536 bytes Parameter data size (in Constant Memory): 3360 bytes (3,28125 KB) Registers per Block: 65536 Warp Size: 32 Compute Capability: 7,0 Can Map Host Memory: Yes Clock Rate: 1530 MHz L2 Cache Size: 6291456 bytes Multiprocessor Count: 80 | C1: Max thread in blocks by axis: (1024, 1024, 64) | D1: Max blocks by axis: (2147483647, 65535, 65535) | E1: Device 1: Tesla V100-SXM2-16GB | F1: Max thread in blocks: 1024 Total Global Memory: 16151,1 MB GPU Global Memory Usage: 0,0748482 MB GPU Global Memory Hash Table: 16 MB Max PARAMETR_SIZE in GPU Global Memory: 44997085 Shared memory per block: 49152 bytes (48 KB) Shared memory per multiprocessor: 98304 bytes (96 KB) Data size in Shared memory per block: 672 bytes (0,65625 KB) Constant Memory: 65536 bytes Parameter data size (in Constant Memory): 3360 bytes (3,28125 KB) Registers per Block: 65536 Warp Size: 32 Compute Capability: 7,0 Can Map Host Memory: Yes Clock Rate: 1530 MHz L2 Cache Size: 6291456 bytes Multiprocessor Count: 80 | G1: Max thread in blocks by axis: (1024, 1024, 64) | H1: Max blocks by axis: (2147483647, 65535, 65535) | I1: Device 2: Tesla V100-SXM2-16GB | J1: Max thread in blocks: 1024 Total Global Memory: 16151,1 MB GPU Global Memory Usage: 0,0748482 MB GPU Global Memory Hash Table: 16 MB Max PARAMETR_SIZE in GPU Global Memory: 44997085 Shared memory per block: 49152 bytes (48 KB) Shared memory per multiprocessor: 98304 bytes (96 KB) Data size in Shared memory per block: 672 bytes (0,65625 KB) Constant Memory: 65536 bytes Parameter data size (in Constant Memory): 3360 bytes (3,28125 KB) Registers per Block: 65536 Warp Size: 32 Compute Capability: 7,0 Can Map Host Memory: Yes Clock Rate: 1530 MHz L2 Cache Size: 6291456 bytes Multiprocessor Count: 80 | K1: Max thread in blocks by axis: (1024, 1024, 64) | L1: Max blocks by axis: (2147483647, 65535, 65535) | M1: Device 3: Tesla V100-SXM2-16GB | N1: Max thread in blocks: 1024 Total Global Memory: 16151,1 MB GPU Global Memory Usage: 0,0748482 MB GPU Global Memory Hash Table: 16 MB Max PARAMETR_SIZE in GPU Global Memory: 44997085 Shared memory per block: 49152 bytes (48 KB) Shared memory per multiprocessor: 98304 bytes (96 KB) Data size in Shared memory per block: 672 bytes (0,65625 KB) Constant Memory: 65536 bytes Parameter data size (in Constant Memory): 3360 bytes (3,28125 KB) Registers per Block: 65536 Warp Size: 32 Compute Capability: 7,0 Can Map Host Memory: Yes Clock Rate: 1530 MHz L2 Cache Size: 6291456 bytes Multiprocessor Count: 80 | O1: Max thread in blocks by axis: (1024, 1024, 64) | P1: Max blocks by axis: (2147483647, 65535, 65535) | Q1: PARAMETR_SIZE: 84 | R1: MAX_VALUE_SIZE: 5 | S1: SET_PARAMETR_SIZE_ONE_X: 21 | T1: ANT_SIZE: 64 | U1: MAX_THREAD_CUDA: 512 | V1: NAME_FILE_GRAPH: Parametr_Graph/test84,txt | W1: KOL_ITERATION: 500 | X1: KOL_PROGREV: 5 | Y1: KOL_PROGON_STATISTICS: 50 | Z1: PARAMETR_RO: 0,999 | AA1: PARAMETR_Q: 1 | AB1: PRINT_INFORMATION: 0 | AC1: MAX_PARAMETR_VALUE_TO_MIN_OPT: 1 | AD1: OPTIMIZE: OPTIMIZE_MIN_1 | AE1: FUNCTION: SHAFFERA GO_HASH: 0 | AF1: HASH_TABLE_SIZE: 1048576 | AG1: ZERO_HASH_RESULT: -1 | AH1: ZERO_HASH: 18446744073709551615 | AI1: MAX_PROBES: 10000 | AJ1: MAX_CONST: 8192 | AK1: MAX_SHARED: 49152 | AL1: BLOCK_SIZE: 64 | AM1: BIN_SEARCH: 0 | AN1: NON_WHILE_ANT: 1 | AO1: USE CONST MEMORY | AP1: USE SHARED MEMORY
A2: Run MPI Combined Run0 | B2: 79.2155 | C2: 0 | D2: 17.5076 | E2: 5.52442 | F2: 0 | G2: 79.2155 | H2: -nan | I2: 100 | J2: 0.8337 | K2: 0.00123005 | L2: 1
A3: Run MPI Combined Run1 | B3: 74.9587 | C3: 0 | D3: 17.185 | E3: 5.36375 | F3: 0 | G3: 74.9587 | H3: -nan | I3: 100 | J3: 0.881044 | K3: 0.00123021 | L3: 1
A4: Run MPI Combined Run2 | B4: 62.9416 | C4: 0 | D4: 16.5854 | E4: 4.76567 | F4: 0 | G4: 62.9416 | H4: -nan | I4: 100 | J4: 1.04926 | K4: 0.00123006 | L4: 1
A5: Run MPI Combined Run3 | B5: 62.3004 | C5: 0 | D5: 16.2816 | E5: 4.79645 | F5: 0 | G5: 62.3004 | H5: -nan | I5: 100 | J5: 1.06006 | K5: 0.00123006 | L5: 1
A6: Run MPI Combined Run4 | B6: 67.5856 | C6: 0 | D6: 16.8118 | E6: 5.06881 | F6: 0 | G6: 67.5856 | H6: -nan | I6: 100 | J6: 0.97716 | K6: 0.00123006 | L6: 1
A7: Run MPI Combined Run5 | B7: 68.791 | C7: 0 | D7: 16.7502 | E7: 5.22855 | F7: 0 | G7: 68.791 | H7: -nan | I7: 100 | J7: 0.960037 | K7: 0.00123091 | L7: 1
A8: Run MPI Combined Run6 | B8: 67.7284 | C8: 0 | D8: 15.1988 | E8: 5.27566 | F8: 0 | G8: 67.7284 | H8: -nan | I8: 100 | J8: 0.9751 | K8: 0.00123035 | L8: 1
A9: Run MPI Combined Run7 | B9: 68.9486 | C9: 0 | D9: 16.5604 | E9: 5.38929 | F9: 0 | G9: 68.9486 | H9: -nan | I9: 100 | J9: 0.957844 | K9: 0.00123011 | L9: 1
A10: Run MPI Combined Run8 | B10: 68.4069 | C10: 0 | D10: 16.3105 | E10: 5.24903 | F10: 0 | G10: 68.4069 | H10: -nan | I10: 100 | J10: 0.965428 | K10: 0.00123015 | L10: 1
A11: Run MPI Combined Run9 | B11: 68.5954 | C11: 0 | D11: 16.3612 | E11: 5.30334 | F11: 0 | G11: 68.5954 | H11: -nan | I11: 100 | J11: 0.962775 | K11: 0.00123014 | L11: 1
A12: Run MPI Combined Run10 | B12: 66.6489 | C12: 0 | D12: 14.912 | E12: 5.23268 | F12: 0 | G12: 66.6489 | H12: -nan | I12: 100 | J12: 0.990894 | K12: 0.00123005 | L12: 1
A13: Run MPI Combined Run11 | B13: 68.1382 | C13: 0 | D13: 16.2344 | E13: 5.29399 | F13: 0 | G13: 68.1382 | H13: -nan | I13: 100 | J13: 0.969235 | K13: 0.00123005 | L13: 1
... A51: Run MPI Combined Run49 | B51: 78.8656 | C51: 0 | D51: 17.0073 | E51: 5.53572 | F51: 0 | G51: 78.8656 | H51: -nan | I51: 100 | J51: 0.837399 | K51: 0.00123048 | L51: 1
A52: Device 0: Tesla V100-SXM2-16GB | B52: Max thread in blocks: 1024 Total Global Memory: 16151,1 MB GPU Global Memory Usage: 0,13686 MB GPU Global Memory Hash Table: 16 MB Max PARAMETR_SIZE in GPU Global Memory: 26770417 Shared memory per block: 49152 bytes (48 KB) Shared memory per multiprocessor: 98304 bytes (96 KB) Data size in Shared memory per block: 672 bytes (0,65625 KB) Constant Memory: 65536 bytes Parameter data size (in Constant Memory): 3360 bytes (3,28125 KB) Registers per Block: 65536 Warp Size: 32 Compute Capability: 7,0 Can Map Host Memory: Yes Clock Rate: 1530 MHz L2 Cache Size: 6291456 bytes Multiprocessor Count: 80 | C52: Max thread in blocks by axis: (1024, 1024, 64) | D52: Max blocks by axis: (2147483647, 65535, 65535) | E52: Device 1: Tesla V100-SXM2-16GB | F52: Max thread in blocks: 1024 Total Global Memory: 16151,1 MB GPU Global Memory Usage: 0,13686 MB GPU Global Memory Hash Table: 16 MB Max PARAMETR_SIZE in GPU Global Memory: 26770417 Shared memory per block: 49152 bytes (48 KB) Shared memory per multiprocessor: 98304 bytes (96 KB) Data size in Shared memory per block: 672 bytes (0,65625 KB) Constant Memory: 65536 bytes Parameter data size (in Constant Memory): 3360 bytes (3,28125 KB) Registers per Block: 65536 Warp Size: 32 Compute Capability: 7,0 Can Map Host Memory: Yes Clock Rate: 1530 MHz L2 Cache Size: 6291456 bytes Multiprocessor Count: 80 | G52: Max thread in blocks by axis: (1024, 1024, 64) | H52: Max blocks by axis: (2147483647, 65535, 65535) | I52: Device 2: Tesla V100-SXM2-16GB | J52: Max thread in blocks: 1024 Total Global Memory: 16151,1 MB GPU Global Memory Usage: 0,13686 MB GPU Global Memory Hash Table: 16 MB Max PARAMETR_SIZE in GPU Global Memory: 26770417 Shared memory per block: 49152 bytes (48 KB) Shared memory per multiprocessor: 98304 bytes (96 KB) Data size in Shared memory per block: 672 bytes (0,65625 KB) Constant Memory: 65536 bytes Parameter data size (in Constant Memory): 3360 bytes (3,28125 KB) Registers per Block: 65536 Warp Size: 32 Compute Capability: 7,0 Can Map Host Memory: Yes Clock Rate: 1530 MHz L2 Cache Size: 6291456 bytes Multiprocessor Count: 80 | K52: Max thread in blocks by axis: (1024, 1024, 64) | L52: Max blocks by axis: (2147483647, 65535, 65535) | M52: Device 3: Tesla V100-SXM2-16GB | N52: Max thread in blocks: 1024 Total Global Memory: 16151,1 MB GPU Global Memory Usage: 0,13686 MB GPU Global Memory Hash Table: 16 MB Max PARAMETR_SIZE in GPU Global Memory: 26770417 Shared memory per block: 49152 bytes (48 KB) Shared memory per multiprocessor: 98304 bytes (96 KB) Data size in Shared memory per block: 672 bytes (0,65625 KB) Constant Memory: 65536 bytes Parameter data size (in Constant Memory): 3360 bytes (3,28125 KB) Registers per Block: 65536 Warp Size: 32 Compute Capability: 7,0 Can Map Host Memory: Yes Clock Rate: 1530 MHz L2 Cache Size: 6291456 bytes Multiprocessor Count: 80 | O52: Max thread in blocks by axis: (1024, 1024, 64) | P52: Max blocks by axis: (2147483647, 65535, 65535) | Q52: PARAMETR_SIZE: 84 | R52: MAX_VALUE_SIZE: 5 | S52: SET_PARAMETR_SIZE_ONE_X: 21 | T52: ANT_SIZE: 128 | U52: MAX_THREAD_CUDA: 512 | V52: NAME_FILE_GRAPH: Parametr_Graph/test84,txt | W52: KOL_ITERATION: 500 | X52: KOL_PROGREV: 5 | Y52: KOL_PROGON_STATISTICS: 50 | Z52: PARAMETR_RO: 0,999 | AA52: PARAMETR_Q: 1 | AB52: PRINT_INFORMATION: 0 | AC52: MAX_PARAMETR_VALUE_TO_MIN_OPT: 1 | AD52: OPTIMIZE: OPTIMIZE_MIN_1 | AE52: FUNCTION: SHAFFERA GO_HASH: 0 | AF52: HASH_TABLE_SIZE: 1048576 | AG52: ZERO_HASH_RESULT: -1 | AH52: ZERO_HASH: 18446744073709551615 | AI52: MAX_PROBES: 10000 | AJ52: MAX_CONST: 8192 | AK52: MAX_SHARED: 49152 | AL52: BLOCK_SIZE: 64 | AM52: BIN_SEARCH: 0 | AN52: NON_WHILE_ANT: 1 | AO52: USE CONST MEMORY | AP52: USE SHARED MEMORY
A53: Run MPI Combined Run0 | B53: 70.3355 | C53: 0 | D53: 17.0073 | E53: 5.7713 | F53: 0 | G53: 70.3355 | H53: -nan | I53: 100 | J53: 1.52199 | K53: 0.00123005 | L53: 1
A54: Run MPI Combined Run1 | B54: 69.983 | C54: 0 | D54: 16.5459 | E54: 5.8368 | F54: 0 | G54: 69.983 | H54: -nan | I54: 100 | J54: 1.52966 | K54: 0.00123006 | L54: 1
A55: Run MPI Combined Run2 | B55: 69.0687 | C55: 0 | D55: 15.4945 | E55: 5.82148 | F55: 0 | G55: 69.0687 | H55: -nan | I55: 100 | J55: 1.54991 | K55: 0.00123017 | L55: 1
A56: Run MPI Combined Run3 | B56: 69.4954 | C56: 0 | D56: 16.4313 | E56: 5.77031 | F56: 0 | G56: 69.4954 | H56: -nan | I56: 100 | J56: 1.54039 | K56: 0.00123022 | L56: 1
A57: Run MPI Combined Run4 | B57: 69.5118 | C57: 0 | D57: 16.6106 | E57: 5.7784 | F57: 0 | G57: 69.5118 | H57: -nan | I57: 100 | J57: 1.54003 | K57: 0.00123005 | L57: 1
A58: Run MPI Combined Run5 | B58: 69.4039 | C58: 0 | D58: 16.3136 | E58: 5.80919 | F58: 0 | G58: 69.4039 | H58: -nan | I58: 100 | J58: 1.54242 | K58: 0.00123005 | L58: 1
A59: Run MPI Combined Run6 | B59: 68.5299 | C59: 0 | D59: 15.4766 | E59: 5.82861 | F59: 0 | G59: 68.5299 | H59: -nan | I59: 100 | J59: 1.56209 | K59: 0.00123005 | L59: 1
A60: Run MPI Combined Run7 | B60: 69.3793 | C60: 0 | D60: 16.3782 | E60: 5.76308 | F60: 0 | G60: 69.3793 | H60: -nan | I60: 100 | J60: 1.54297 | K60: 0.00123074 | L60: 1
A61: Run MPI Combined Run8 | B61: 67.6523 | C61: 0 | D61: 16.7113 | E61: 5.56241 | F61: 0 | G61: 67.6523 | H61: -nan | I61: 100 | J61: 1.58236 | K61: 0.00123007 | L61: 1
A62: Run MPI Combined Run9 | B62: 78.5727 | C62: 0 | D62: 16.979 | E62: 5.88903 | F62: 0 | G62: 78.5727 | H62: -nan | I62: 100 | J62: 1.36243 | K62: 0.00123007 | L62: 1
A63: Run MPI Combined Run10 | B63: 79.0933 | C63: 0 | D63: 16.5498 | E63: 6.00171 | F63: 0 | G63: 79.0933 | H63: -nan | I63: 100 | J63: 1.35346 | K63: 0.00123009 | L63: 1
A64: Run MPI Combined Run11 | B64: 79.6179 | C64: 0 | D64: 16.866 | E64: 6.09485 | F64: 0 | G64: 79.6179 | H64: -nan | I64: 100 | J64: 1.34455 | K64: 0.00123005 | L64: 1
... A102: Run MPI Combined Run49 | B102: 68.6968 | C102: 0 | D102: 16.1197 | E102: 5.86446 | F102: 0 | G102: 68.6968 | H102: -nan | I102: 100 | J102: 1.5583 | K102: 0.00123005 | L102: 1
A103: Device 0: Tesla V100-SXM2-16GB | B103: Max thread in blocks: 1024 Total Global Memory: 16151,1 MB GPU Global Memory Usage: 0,260883 MB GPU Global Memory Hash Table: 16 MB Max PARAMETR_SIZE in GPU Global Memory: 14789250 Shared memory per block: 49152 bytes (48 KB) Shared memory per multiprocessor: 98304 bytes (96 KB) Data size in Shared memory per block: 672 bytes (0,65625 KB) Constant Memory: 65536 bytes Parameter data size (in Constant Memory): 3360 bytes (3,28125 KB) Registers per Block: 65536 Warp Size: 32 Compute Capability: 7,0 Can Map Host Memory: Yes Clock Rate: 1530 MHz L2 Cache Size: 6291456 bytes Multiprocessor Count: 80 | C103: Max thread in blocks by axis: (1024, 1024, 64) | D103: Max blocks by axis: (2147483647, 65535, 65535) | E103: Device 1: Tesla V100-SXM2-16GB | F103: Max thread in blocks: 1024 Total Global Memory: 16151,1 MB GPU Global Memory Usage: 0,260883 MB GPU Global Memory Hash Table: 16 MB Max PARAMETR_SIZE in GPU Global Memory: 14789250 Shared memory per block: 49152 bytes (48 KB) Shared memory per multiprocessor: 98304 bytes (96 KB) Data size in Shared memory per block: 672 bytes (0,65625 KB) Constant Memory: 65536 bytes Parameter data size (in Constant Memory): 3360 bytes (3,28125 KB) Registers per Block: 65536 Warp Size: 32 Compute Capability: 7,0 Can Map Host Memory: Yes Clock Rate: 1530 MHz L2 Cache Size: 6291456 bytes Multiprocessor Count: 80 | G103: Max thread in blocks by axis: (1024, 1024, 64) | H103: Max blocks by axis: (2147483647, 65535, 65535) | I103: Device 2: Tesla V100-SXM2-16GB | J103: Max thread in blocks: 1024 Total Global Memory: 16151,1 MB GPU Global Memory Usage: 0,260883 MB GPU Global Memory Hash Table: 16 MB Max PARAMETR_SIZE in GPU Global Memory: 14789250 Shared memory per block: 49152 bytes (48 KB) Shared memory per multiprocessor: 98304 bytes (96 KB) Data size in Shared memory per block: 672 bytes (0,65625 KB) Constant Memory: 65536 bytes Parameter data size (in Constant Memory): 3360 bytes (3,28125 KB) Registers per Block: 65536 Warp Size: 32 Compute Capability: 7,0 Can Map Host Memory: Yes Clock Rate: 1530 MHz L2 Cache Size: 6291456 bytes Multiprocessor Count: 80 | K103: Max thread in blocks by axis: (1024, 1024, 64) | L103: Max blocks by axis: (2147483647, 65535, 65535) | M103: Device 3: Tesla V100-SXM2-16GB | N103: Max thread in blocks: 1024 Total Global Memory: 16151,1 MB GPU Global Memory Usage: 0,260883 MB GPU Global Memory Hash Table: 16 MB Max PARAMETR_SIZE in GPU Global Memory: 14789250 Shared memory per block: 49152 bytes (48 KB) Shared memory per multiprocessor: 98304 bytes (96 KB) Data size in Shared memory per block: 672 bytes (0,65625 KB) Constant Memory: 65536 bytes Parameter data size (in Constant Memory): 3360 bytes (3,28125 KB) Registers per Block: 65536 Warp Size: 32 Compute Capability: 7,0 Can Map Host Memory: Yes Clock Rate: 1530 MHz L2 Cache Size: 6291456 bytes Multiprocessor Count: 80 | O103: Max thread in blocks by axis: (1024, 1024, 64) | P103: Max blocks by axis: (2147483647, 65535, 65535) | Q103: PARAMETR_SIZE: 84 | R103: MAX_VALUE_SIZE: 5 | S103: SET_PARAMETR_SIZE_ONE_X: 21 | T103: ANT_SIZE: 256 | U103: MAX_THREAD_CUDA: 512 | V103: NAME_FILE_GRAPH: Parametr_Graph/test84,txt | W103: KOL_ITERATION: 500 | X103: KOL_PROGREV: 5 | Y103: KOL_PROGON_STATISTICS: 50 | Z103: PARAMETR_RO: 0,999 | AA103: PARAMETR_Q: 1 | AB103: PRINT_INFORMATION: 0 | AC103: MAX_PARAMETR_VALUE_TO_MIN_OPT: 1 | AD103: OPTIMIZE: OPTIMIZE_MIN_1 | AE103: FUNCTION: SHAFFERA GO_HASH: 0 | AF103: HASH_TABLE_SIZE: 1048576 | AG103: ZERO_HASH_RESULT: -1 | AH103: ZERO_HASH: 18446744073709551615 | AI103: MAX_PROBES: 10000 | AJ103: MAX_CONST: 8192 | AK103: MAX_SHARED: 49152 | AL103: BLOCK_SIZE: 64 | AM103: BIN_SEARCH: 0 | AN103: NON_WHILE_ANT: 1 | AO103: USE CONST MEMORY | AP103: USE SHARED MEMORY
A104: Run MPI Combined Run0 | B104: 76.2976 | C104: 0 | D104: 16.6245 | E104: 6.98263 | F104: 0 | G104: 76.2976 | H104: -nan | I104: 100 | J104: 2.47801 | K104: 0.0012301 | L104: 1
A105: Run MPI Combined Run1 | B105: 76.0458 | C105: 0 | D105: 16.5616 | E105: 7.042 | F105: 0 | G105: 76.0458 | H105: -nan | I105: 100 | J105: 2.48621 | K105: 0.00123015 | L105: 1
A106: Run MPI Combined Run2 | B106: 74.6147 | C106: 0 | D106: 15.4701 | E106: 6.97975 | F106: 0 | G106: 74.6147 | H106: -nan | I106: 100 | J106: 2.5339 | K106: 0.00123005 | L106: 1
A107: Run MPI Combined Run3 | B107: 74.8782 | C107: 0 | D107: 16.2806 | E107: 7.01131 | F107: 0 | G107: 74.8782 | H107: -nan | I107: 100 | J107: 2.52498 | K107: 0.00123007 | L107: 1
A108: Run MPI Combined Run4 | B108: 71.6513 | C108: 0 | D108: 16.718 | E108: 6.60688 | F108: 0 | G108: 71.6513 | H108: -nan | I108: 100 | J108: 2.63869 | K108: 0.00123006 | L108: 1
A109: Run MPI Combined Run5 | B109: 85.3233 | C109: 0 | D109: 16.8944 | E109: 6.84958 | F109: 0 | G109: 85.3233 | H109: -nan | I109: 100 | J109: 2.21588 | K109: 0.00123035 | L109: 1
A110: Run MPI Combined Run6 | B110: 91.2865 | C110: 0 | D110: 16.7886 | E110: 7.09633 | F110: 0 | G110: 91.2865 | H110: -nan | I110: 100 | J110: 2.07113 | K110: 0.00123007 | L110: 1
A111: Run MPI Combined Run7 | B111: 92.0645 | C111: 0 | D111: 17.3201 | E111: 7.24382 | F111: 0 | G111: 92.0645 | H111: -nan | I111: 100 | J111: 2.05363 | K111: 0.00123064 | L111: 1
A112: Run MPI Combined Run8 | B112: 86.3018 | C112: 0 | D112: 17.1216 | E112: 6.92839 | F112: 0 | G112: 86.3018 | H112: -nan | I112: 100 | J112: 2.19075 | K112: 0.00123006 | L112: 1
A113: Run MPI Combined Run9 | B113: 67.8471 | C113: 0 | D113: 16.4259 | E113: 6.57101 | F113: 0 | G113: 67.8471 | H113: -nan | I113: 100 | J113: 2.78665 | K113: 0.00123005 | L113: 1
A114: Run MPI Combined Run10 | B114: 67.1188 | C114: 0 | D114: 16.2749 | E114: 6.571 | F114: 0 | G114: 67.1188 | H114: -nan | I114: 100 | J114: 2.81688 | K114: 0.00123006 | L114: 1
A115: Run MPI Combined Run11 | B115: 73.8683 | C115: 0 | D115: 16.4524 | E115: 6.91822 | F115: 0 | G115: 73.8683 | H115: -nan | I115: 100 | J115: 2.5595 | K115: 0.00123019 | L115: 1
... A153: Run MPI Combined Run49 | B153: 70.9913 | C153: 0 | D153: 16.6912 | E153: 6.97553 | F153: 0 | G153: 70.9913 | H153: -nan | I153: 100 | J153: 2.66323 | K153: 0.00123009 | L153: 1
A154: Device 0: Tesla V100-SXM2-16GB | B154: Max thread in blocks: 1024 Total Global Memory: 16151,1 MB GPU Global Memory Usage: 0,50893 MB GPU Global Memory Hash Table: 16 MB Max PARAMETR_SIZE in GPU Global Memory: 7803920 Shared memory per block: 49152 bytes (48 KB) Shared memory per multiprocessor: 98304 bytes (96 KB) Data size in Shared memory per block: 672 bytes (0,65625 KB) Constant Memory: 65536 bytes Parameter data size (in Constant Memory): 3360 bytes (3,28125 KB) Registers per Block: 65536 Warp Size: 32 Compute Capability: 7,0 Can Map Host Memory: Yes Clock Rate: 1530 MHz L2 Cache Size: 6291456 bytes Multiprocessor Count: 80 | C154: Max thread in blocks by axis: (1024, 1024, 64) | D154: Max blocks by axis: (2147483647, 65535, 65535) | E154: Device 1: Tesla V100-SXM2-16GB | F154: Max thread in blocks: 1024 Total Global Memory: 16151,1 MB GPU Global Memory Usage: 0,50893 MB GPU Global Memory Hash Table: 16 MB Max PARAMETR_SIZE in GPU Global Memory: 7803920 Shared memory per block: 49152 bytes (48 KB) Shared memory per multiprocessor: 98304 bytes (96 KB) Data size in Shared memory per block: 672 bytes (0,65625 KB) Constant Memory: 65536 bytes Parameter data size (in Constant Memory): 3360 bytes (3,28125 KB) Registers per Block: 65536 Warp Size: 32 Compute Capability: 7,0 Can Map Host Memory: Yes Clock Rate: 1530 MHz L2 Cache Size: 6291456 bytes Multiprocessor Count: 80 | G154: Max thread in blocks by axis: (1024, 1024, 64) | H154: Max blocks by axis: (2147483647, 65535, 65535) | I154: Device 2: Tesla V100-SXM2-16GB | J154: Max thread in blocks: 1024 Total Global Memory: 16151,1 MB GPU Global Memory Usage: 0,50893 MB GPU Global Memory Hash Table: 16 MB Max PARAMETR_SIZE in GPU Global Memory: 7803920 Shared memory per block: 49152 bytes (48 KB) Shared memory per multiprocessor: 98304 bytes (96 KB) Data size in Shared memory per block: 672 bytes (0,65625 KB) Constant Memory: 65536 bytes Parameter data size (in Constant Memory): 3360 bytes (3,28125 KB) Registers per Block: 65536 Warp Size: 32 Compute Capability: 7,0 Can Map Host Memory: Yes Clock Rate: 1530 MHz L2 Cache Size: 6291456 bytes Multiprocessor Count: 80 | K154: Max thread in blocks by axis: (1024, 1024, 64) | L154: Max blocks by axis: (2147483647, 65535, 65535) | M154: Device 3: Tesla V100-SXM2-16GB | N154: Max thread in blocks: 1024 Total Global Memory: 16151,1 MB GPU Global Memory Usage: 0,50893 MB GPU Global Memory Hash Table: 16 MB Max PARAMETR_SIZE in GPU Global Memory: 7803920 Shared memory per block: 49152 bytes (48 KB) Shared memory per multiprocessor: 98304 bytes (96 KB) Data size in Shared memory per block: 672 bytes (0,65625 KB) Constant Memory: 65536 bytes Parameter data size (in Constant Memory): 3360 bytes (3,28125 KB) Registers per Block: 65536 Warp Size: 32 Compute Capability: 7,0 Can Map Host Memory: Yes Clock Rate: 1530 MHz L2 Cache Size: 6291456 bytes Multiprocessor Count: 80 | O154: Max thread in blocks by axis: (1024, 1024, 64) | P154: Max blocks by axis: (2147483647, 65535, 65535) | Q154: PARAMETR_SIZE: 84 | R154: MAX_VALUE_SIZE: 5 | S154: SET_PARAMETR_SIZE_ONE_X: 21 | T154: ANT_SIZE: 512 | U154: MAX_THREAD_CUDA: 512 | V154: NAME_FILE_GRAPH: Parametr_Graph/test84,txt | W154: KOL_ITERATION: 500 | X154: KOL_PROGREV: 5 | Y154: KOL_PROGON_STATISTICS: 50 | Z154: PARAMETR_RO: 0,999 | AA154: PARAMETR_Q: 1 | AB154: PRINT_INFORMATION: 0 | AC154: MAX_PARAMETR_VALUE_TO_MIN_OPT: 1 | AD154: OPTIMIZE: OPTIMIZE_MIN_1 | AE154: FUNCTION: SHAFFERA GO_HASH: 0 | AF154: HASH_TABLE_SIZE: 1048576 | AG154: ZERO_HASH_RESULT: -1 | AH154: ZERO_HASH: 18446744073709551615 | AI154: MAX_PROBES: 10000 | AJ154: MAX_CONST: 8192 | AK154: MAX_SHARED: 49152 | AL154: BLOCK_SIZE: 64 | AM154: BIN_SEARCH: 0 | AN154: NON_WHILE_ANT: 1 | AO154: USE CONST MEMORY | AP154: USE SHARED MEMORY
A155: Run MPI Combined Run0 | B155: 68.9595 | C155: 0 | D155: 16.6008 | E155: 10.922 | F155: 0 | G155: 68.9595 | H155: -nan | I155: 100 | J155: 5.12037 | K155: 0.00123005 | L155: 1
A156: Run MPI Combined Run1 | B156: 69.2564 | C156: 0 | D156: 16.5283 | E156: 11.5354 | F156: 0 | G156: 69.2564 | H156: -nan | I156: 100 | J156: 5.09841 | K156: 0.00123008 | L156: 1
A157: Run MPI Combined Run2 | B157: 67.8925 | C157: 0 | D157: 15.2036 | E157: 10.8596 | F157: 0 | G157: 67.8925 | H157: -nan | I157: 100 | J157: 5.20084 | K157: 0.00123005 | L157: 1
A158: Run MPI Combined Run3 | B158: 69.3104 | C158: 0 | D158: 16.4551 | E158: 11.4165 | F158: 0 | G158: 69.3104 | H158: -nan | I158: 100 | J158: 5.09445 | K158: 0.00123005 | L158: 1
A159: Run MPI Combined Run4 | B159: 68.7825 | C159: 0 | D159: 16.3374 | E159: 11.0121 | F159: 0 | G159: 68.7825 | H159: -nan | I159: 100 | J159: 5.13354 | K159: 0.00123005 | L159: 1
A160: Run MPI Combined Run5 | B160: 69.3596 | C160: 0 | D160: 16.5171 | E160: 11.3336 | F160: 0 | G160: 69.3596 | H160: -nan | I160: 100 | J160: 5.09083 | K160: 0.00123005 | L160: 1
A161: Run MPI Combined Run6 | B161: 69.2673 | C161: 0 | D161: 16.5734 | E161: 10.9374 | F161: 0 | G161: 69.2673 | H161: -nan | I161: 100 | J161: 5.09761 | K161: 0.00123005 | L161: 1
A162: Run MPI Combined Run7 | B162: 69.6915 | C162: 0 | D162: 16.6465 | E162: 11.3766 | F162: 0 | G162: 69.6915 | H162: -nan | I162: 100 | J162: 5.06659 | K162: 0.0012301 | L162: 1
A163: Run MPI Combined Run8 | B163: 69.0225 | C163: 0 | D163: 16.5432 | E163: 11.0561 | F163: 0 | G163: 69.0225 | H163: -nan | I163: 100 | J163: 5.11569 | K163: 0.00123005 | L163: 1
A164: Run MPI Combined Run9 | B164: 69.4071 | C164: 0 | D164: 16.4437 | E164: 11.3828 | F164: 0 | G164: 69.4071 | H164: -nan | I164: 100 | J164: 5.08735 | K164: 0.00123005 | L164: 1
A165: Run MPI Combined Run10 | B165: 69.0637 | C165: 0 | D165: 16.6384 | E165: 10.8841 | F165: 0 | G165: 69.0637 | H165: -nan | I165: 100 | J165: 5.11264 | K165: 0.00123005 | L165: 1
A166: Run MPI Combined Run11 | B166: 69.4427 | C166: 0 | D166: 16.5755 | E166: 11.4145 | F166: 0 | G166: 69.4427 | H166: -nan | I166: 100 | J166: 5.08474 | K166: 0.0012301 | L166: 1
... A204: Run MPI Combined Run49 | B204: 75.4006 | C204: 0 | D204: 16.2987 | E204: 11.6715 | F204: 0 | G204: 75.4006 | H204: -nan | I204: 100 | J204: 4.68296 | K204: 0.00123005 | L204: 1
A205: Device 0: Tesla V100-SXM2-16GB | B205: Max thread in blocks: 1024 Total Global Memory: 16151,1 MB GPU Global Memory Usage: 1,00502 MB GPU Global Memory Hash Table: 16 MB Max PARAMETR_SIZE in GPU Global Memory: 4013021 Shared memory per block: 49152 bytes (48 KB) Shared memory per multiprocessor: 98304 bytes (96 KB) Data size in Shared memory per block: 672 bytes (0,65625 KB) Constant Memory: 65536 bytes Parameter data size (in Constant Memory): 3360 bytes (3,28125 KB) Registers per Block: 65536 Warp Size: 32 Compute Capability: 7,0 Can Map Host Memory: Yes Clock Rate: 1530 MHz L2 Cache Size: 6291456 bytes Multiprocessor Count: 80 | C205: Max thread in blocks by axis: (1024, 1024, 64) | D205: Max blocks by axis: (2147483647, 65535, 65535) | E205: Device 1: Tesla V100-SXM2-16GB | F205: Max thread in blocks: 1024 Total Global Memory: 16151,1 MB GPU Global Memory Usage: 1,00502 MB GPU Global Memory Hash Table: 16 MB Max PARAMETR_SIZE in GPU Global Memory: 4013021 Shared memory per block: 49152 bytes (48 KB) Shared memory per multiprocessor: 98304 bytes (96 KB) Data size in Shared memory per block: 672 bytes (0,65625 KB) Constant Memory: 65536 bytes Parameter data size (in Constant Memory): 3360 bytes (3,28125 KB) Registers per Block: 65536 Warp Size: 32 Compute Capability: 7,0 Can Map Host Memory: Yes Clock Rate: 1530 MHz L2 Cache Size: 6291456 bytes Multiprocessor Count: 80 | G205: Max thread in blocks by axis: (1024, 1024, 64) | H205: Max blocks by axis: (2147483647, 65535, 65535) | I205: Device 2: Tesla V100-SXM2-16GB | J205: Max thread in blocks: 1024 Total Global Memory: 16151,1 MB GPU Global Memory Usage: 1,00502 MB GPU Global Memory Hash Table: 16 MB Max PARAMETR_SIZE in GPU Global Memory: 4013021 Shared memory per block: 49152 bytes (48 KB) Shared memory per multiprocessor: 98304 bytes (96 KB) Data size in Shared memory per block: 672 bytes (0,65625 KB) Constant Memory: 65536 bytes Parameter data size (in Constant Memory): 3360 bytes (3,28125 KB) Registers per Block: 65536 Warp Size: 32 Compute Capability: 7,0 Can Map Host Memory: Yes Clock Rate: 1530 MHz L2 Cache Size: 6291456 bytes Multiprocessor Count: 80 | K205: Max thread in blocks by axis: (1024, 1024, 64) | L205: Max blocks by axis: (2147483647, 65535, 65535) | M205: Device 3: Tesla V100-SXM2-16GB | N205: Max thread in blocks: 1024 Total Global Memory: 16151,1 MB GPU Global Memory Usage: 1,00502 MB GPU Global Memory Hash Table: 16 MB Max PARAMETR_SIZE in GPU Global Memory: 4013021 Shared memory per block: 49152 bytes (48 KB) Shared memory per multiprocessor: 98304 bytes (96 KB) Data size in Shared memory per block: 672 bytes (0,65625 KB) Constant Memory: 65536 bytes Parameter data size (in Constant Memory): 3360 bytes (3,28125 KB) Registers per Block: 65536 Warp Size: 32 Compute Capability: 7,0 Can Map Host Memory: Yes Clock Rate: 1530 MHz L2 Cache Size: 6291456 bytes Multiprocessor Count: 80 | O205: Max thread in blocks by axis: (1024, 1024, 64) | P205: Max blocks by axis: (2147483647, 65535, 65535) | Q205: PARAMETR_SIZE: 84 | R205: MAX_VALUE_SIZE: 5 | S205: SET_PARAMETR_SIZE_ONE_X: 21 | T205: ANT_SIZE: 1024 | U205: MAX_THREAD_CUDA: 512 | V205: NAME_FILE_GRAPH: Parametr_Graph/test84,txt | W205: KOL_ITERATION: 500 | X205: KOL_PROGREV: 5 | Y205: KOL_PROGON_STATISTICS: 50 | Z205: PARAMETR_RO: 0,999 | AA205: PARAMETR_Q: 1 | AB205: PRINT_INFORMATION: 0 | AC205: MAX_PARAMETR_VALUE_TO_MIN_OPT: 1 | AD205: OPTIMIZE: OPTIMIZE_MIN_1 | AE205: FUNCTION: SHAFFERA GO_HASH: 0 | AF205: HASH_TABLE_SIZE: 1048576 | AG205: ZERO_HASH_RESULT: -1 | AH205: ZERO_HASH: 18446744073709551615 | AI205: MAX_PROBES: 10000 | AJ205: MAX_CONST: 8192 | AK205: MAX_SHARED: 49152 | AL205: BLOCK_SIZE: 64 | AM205: BIN_SEARCH: 0 | AN205: NON_WHILE_ANT: 1 | AO205: USE CONST MEMORY | AP205: USE SHARED MEMORY
A206: Run MPI Combined Run0 | B206: 94.9399 | C206: 0 | D206: 17.4414 | E206: 17.4171 | F206: 0 | G206: 94.9399 | H206: -nan | I206: 100 | J206: 7.17466 | K206: 0.00123005 | L206: 1
A207: Run MPI Combined Run1 | B207: 77.447 | C207: 0 | D207: 16.6429 | E207: 16.7833 | F207: 0 | G207: 77.447 | H207: -nan | I207: 100 | J207: 8.7952 | K207: 0.00123005 | L207: 1
A208: Run MPI Combined Run2 | B208: 75.0579 | C208: 0 | D208: 15.4449 | E208: 16.7158 | F208: 0 | G208: 75.0579 | H208: -nan | I208: 100 | J208: 9.07516 | K208: 0.00123005 | L208: 1
A209: Run MPI Combined Run3 | B209: 80.164 | C209: 0 | D209: 15.9745 | E209: 17.1459 | F209: 0 | G209: 80.164 | H209: -nan | I209: 100 | J209: 8.4971 | K209: 0.00123008 | L209: 1
A210: Run MPI Combined Run4 | B210: 82.5589 | C210: 0 | D210: 16.2448 | E210: 17.4837 | F210: 0 | G210: 82.5589 | H210: -nan | I210: 100 | J210: 8.25061 | K210: 0.00123005 | L210: 1
A211: Run MPI Combined Run5 | B211: 83.1582 | C211: 0 | D211: 16.4594 | E211: 17.326 | F211: 0 | G211: 83.1582 | H211: -nan | I211: 100 | J211: 8.19116 | K211: 0.00123005 | L211: 1
A212: Run MPI Combined Run6 | B212: 82.0483 | C212: 0 | D212: 16.0291 | E212: 17.4837 | F212: 0 | G212: 82.0483 | H212: -nan | I212: 100 | J212: 8.30196 | K212: 0.00123005 | L212: 1
A213: Run MPI Combined Run7 | B213: 82.144 | C213: 0 | D213: 16.3012 | E213: 17.3188 | F213: 0 | G213: 82.144 | H213: -nan | I213: 100 | J213: 8.29229 | K213: 0.00123006 | L213: 1
A214: Run MPI Combined Run8 | B214: 82.427 | C214: 0 | D214: 16.3933 | E214: 17.3619 | F214: 0 | G214: 82.427 | H214: -nan | I214: 100 | J214: 8.26382 | K214: 0.00123005 | L214: 1
A215: Run MPI Combined Run9 | B215: 82.3811 | C215: 0 | D215: 16.1442 | E215: 17.323 | F215: 0 | G215: 82.3811 | H215: -nan | I215: 100 | J215: 8.26843 | K215: 0.00123005 | L215: 1
A216: Run MPI Combined Run10 | B216: 80.7939 | C216: 0 | D216: 15.5656 | E216: 17.2145 | F216: 0 | G216: 80.7939 | H216: -nan | I216: 100 | J216: 8.43086 | K216: 0.00123005 | L216: 1
A217: Run MPI Combined Run11 | B217: 76.4872 | C217: 0 | D217: 16.1434 | E217: 16.9154 | F217: 0 | G217: 76.4872 | H217: -nan | I217: 100 | J217: 8.90556 | K217: 0.00123007 | L217: 1
... A255: Run MPI Combined Run49 | B255: 80.7542 | C255: 0 | D255: 15.3027 | E255: 16.4669 | F255: 0 | G255: 80.7542 | H255: -nan | I255: 100 | J255: 8.435 | K255: 0.00123005 | L255: 1
A256: Device 0: Tesla V100-SXM2-16GB | B256: Max thread in blocks: 1024 Total Global Memory: 16151,1 MB GPU Global Memory Usage: 1,99721 MB GPU Global Memory Hash Table: 16 MB Max PARAMETR_SIZE in GPU Global Memory: 2035477 Shared memory per block: 49152 bytes (48 KB) Shared memory per multiprocessor: 98304 bytes (96 KB) Data size in Shared memory per block: 672 bytes (0,65625 KB) Constant Memory: 65536 bytes Parameter data size (in Constant Memory): 3360 bytes (3,28125 KB) Registers per Block: 65536 Warp Size: 32 Compute Capability: 7,0 Can Map Host Memory: Yes Clock Rate: 1530 MHz L2 Cache Size: 6291456 bytes Multiprocessor Count: 80 | C256: Max thread in blocks by axis: (1024, 1024, 64) | D256: Max blocks by axis: (2147483647, 65535, 65535) | E256: Device 1: Tesla V100-SXM2-16GB | F256: Max thread in blocks: 1024 Total Global Memory: 16151,1 MB GPU Global Memory Usage: 1,99721 MB GPU Global Memory Hash Table: 16 MB Max PARAMETR_SIZE in GPU Global Memory: 2035477 Shared memory per block: 49152 bytes (48 KB) Shared memory per multiprocessor: 98304 bytes (96 KB) Data size in Shared memory per block: 672 bytes (0,65625 KB) Constant Memory: 65536 bytes Parameter data size (in Constant Memory): 3360 bytes (3,28125 KB) Registers per Block: 65536 Warp Size: 32 Compute Capability: 7,0 Can Map Host Memory: Yes Clock Rate: 1530 MHz L2 Cache Size: 6291456 bytes Multiprocessor Count: 80 | G256: Max thread in blocks by axis: (1024, 1024, 64) | H256: Max blocks by axis: (2147483647, 65535, 65535) | I256: Device 2: Tesla V100-SXM2-16GB | J256: Max thread in blocks: 1024 Total Global Memory: 16151,1 MB GPU Global Memory Usage: 1,99721 MB GPU Global Memory Hash Table: 16 MB Max PARAMETR_SIZE in GPU Global Memory: 2035477 Shared memory per block: 49152 bytes (48 KB) Shared memory per multiprocessor: 98304 bytes (96 KB) Data size in Shared memory per block: 672 bytes (0,65625 KB) Constant Memory: 65536 bytes Parameter data size (in Constant Memory): 3360 bytes (3,28125 KB) Registers per Block: 65536 Warp Size: 32 Compute Capability: 7,0 Can Map Host Memory: Yes Clock Rate: 1530 MHz L2 Cache Size: 6291456 bytes Multiprocessor Count: 80 | K256: Max thread in blocks by axis: (1024, 1024, 64) | L256: Max blocks by axis: (2147483647, 65535, 65535) | M256: Device 3: Tesla V100-SXM2-16GB | N256: Max thread in blocks: 1024 Total Global Memory: 16151,1 MB GPU Global Memory Usage: 1,99721 MB GPU Global Memory Hash Table: 16 MB Max PARAMETR_SIZE in GPU Global Memory: 2035477 Shared memory per block: 49152 bytes (48 KB) Shared memory per multiprocessor: 98304 bytes (96 KB) Data size in Shared memory per block: 672 bytes (0,65625 KB) Constant Memory: 65536 bytes Parameter data size (in Constant Memory): 3360 bytes (3,28125 KB) Registers per Block: 65536 Warp Size: 32 Compute Capability: 7,0 Can Map Host Memory: Yes Clock Rate: 1530 MHz L2 Cache Size: 6291456 bytes Multiprocessor Count: 80 | O256: Max thread in blocks by axis: (1024, 1024, 64) | P256: Max blocks by axis: (2147483647, 65535, 65535) | Q256: PARAMETR_SIZE: 84 | R256: MAX_VALUE_SIZE: 5 | S256: SET_PARAMETR_SIZE_ONE_X: 21 | T256: ANT_SIZE: 2048 | U256: MAX_THREAD_CUDA: 512 | V256: NAME_FILE_GRAPH: Parametr_Graph/test84,txt | W256: KOL_ITERATION: 500 | X256: KOL_PROGREV: 5 | Y256: KOL_PROGON_STATISTICS: 50 | Z256: PARAMETR_RO: 0,999 | AA256: PARAMETR_Q: 1 | AB256: PRINT_INFORMATION: 0 | AC256: MAX_PARAMETR_VALUE_TO_MIN_OPT: 1 | AD256: OPTIMIZE: OPTIMIZE_MIN_1 | AE256: FUNCTION: SHAFFERA GO_HASH: 0 | AF256: HASH_TABLE_SIZE: 1048576 | AG256: ZERO_HASH_RESULT: -1 | AH256: ZERO_HASH: 18446744073709551615 | AI256: MAX_PROBES: 10000 | AJ256: MAX_CONST: 8192 | AK256: MAX_SHARED: 49152 | AL256: BLOCK_SIZE: 64 | AM256: BIN_SEARCH: 0 | AN256: NON_WHILE_ANT: 1 | AO256: USE CONST MEMORY | AP256: USE SHARED MEMORY
A257: Run MPI Combined Run0 | B257: 95.0196 | C257: 0 | D257: 15.3041 | E257: 30.5777 | F257: 0 | G257: 95.0196 | H257: -nan | I257: 100 | J257: 14.0738 | K257: 0.00123005 | L257: 1
A258: Run MPI Combined Run1 | B258: 94.7457 | C258: 0 | D258: 15.2806 | E258: 31.1572 | F258: 0 | G258: 94.7457 | H258: -nan | I258: 100 | J258: 14.1145 | K258: 0.00123005 | L258: 1
A259: Run MPI Combined Run2 | B259: 94.5618 | C259: 0 | D259: 15.0654 | E259: 30.5173 | F259: 0 | G259: 94.5618 | H259: -nan | I259: 100 | J259: 14.142 | K259: 0.00123005 | L259: 1
A260: Run MPI Combined Run3 | B260: 94.8075 | C260: 0 | D260: 15.1937 | E260: 31.0794 | F260: 0 | G260: 94.8075 | H260: -nan | I260: 100 | J260: 14.1053 | K260: 0.00123005 | L260: 1
A261: Run MPI Combined Run4 | B261: 94.9491 | C261: 0 | D261: 15.0891 | E261: 30.0176 | F261: 0 | G261: 94.9491 | H261: -nan | I261: 100 | J261: 14.0843 | K261: 0.00123005 | L261: 1
A262: Run MPI Combined Run5 | B262: 104.781 | C262: 0 | D262: 15.94 | E262: 31.0794 | F262: 0 | G262: 104.781 | H262: -nan | I262: 100 | J262: 12.7627 | K262: 0.00123005 | L262: 1
A263: Run MPI Combined Run6 | B263: 105.39 | C263: 0 | D263: 16.0564 | E263: 30.4712 | F263: 0 | G263: 105.39 | H263: -nan | I263: 100 | J263: 12.689 | K263: 0.00123005 | L263: 1
A264: Run MPI Combined Run7 | B264: 100.148 | C264: 0 | D264: 16.0772 | E264: 31.0497 | F264: 0 | G264: 100.148 | H264: -nan | I264: 100 | J264: 13.3531 | K264: 0.00123005 | L264: 1
A265: Run MPI Combined Run8 | B265: 86.8379 | C265: 0 | D265: 14.3621 | E265: 30.0411 | F265: 0 | G265: 86.8379 | H265: -nan | I265: 100 | J265: 15.3998 | K265: 0.00123005 | L265: 1
A266: Run MPI Combined Run9 | B266: 91.6444 | C266: 0 | D266: 14.6487 | E266: 30.8081 | F266: 0 | G266: 91.6444 | H266: -nan | I266: 100 | J266: 14.5922 | K266: 0.00123005 | L266: 1
A267: Run MPI Combined Run10 | B267: 92.5803 | C267: 0 | D267: 14.4207 | E267: 30.3534 | F267: 0 | G267: 92.5803 | H267: -nan | I267: 100 | J267: 14.4446 | K267: 0.00123005 | L267: 1
A268: Run MPI Combined Run11 | B268: 93.941 | C268: 0 | D268: 14.944 | E268: 31.3528 | F268: 0 | G268: 93.941 | H268: -nan | I268: 100 | J268: 14.2354 | K268: 0.00123005 | L268: 1
... A306: Run MPI Combined Run49 | B306: 94.5809 | C306: 0 | D306: 15.2538 | E306: 31.1941 | F306: 0 | G306: 94.5809 | H306: -nan | I306: 100 | J306: 14.1391 | K306: 0.00123005 | L306: 1
A307: Device 0: Tesla V100-SXM2-16GB | B307: Max thread in blocks: 1024 Total Global Memory: 16151,1 MB GPU Global Memory Usage: 3,98159 MB GPU Global Memory Hash Table: 16 MB Max PARAMETR_SIZE in GPU Global Memory: 1025137 Shared memory per block: 49152 bytes (48 KB) Shared memory per multiprocessor: 98304 bytes (96 KB) Data size in Shared memory per block: 672 bytes (0,65625 KB) Constant Memory: 65536 bytes Parameter data size (in Constant Memory): 3360 bytes (3,28125 KB) Registers per Block: 65536 Warp Size: 32 Compute Capability: 7,0 Can Map Host Memory: Yes Clock Rate: 1530 MHz L2 Cache Size: 6291456 bytes Multiprocessor Count: 80 | C307: Max thread in blocks by axis: (1024, 1024, 64) | D307: Max blocks by axis: (2147483647, 65535, 65535) | E307: Device 1: Tesla V100-SXM2-16GB | F307: Max thread in blocks: 1024 Total Global Memory: 16151,1 MB GPU Global Memory Usage: 3,98159 MB GPU Global Memory Hash Table: 16 MB Max PARAMETR_SIZE in GPU Global Memory: 1025137 Shared memory per block: 49152 bytes (48 KB) Shared memory per multiprocessor: 98304 bytes (96 KB) Data size in Shared memory per block: 672 bytes (0,65625 KB) Constant Memory: 65536 bytes Parameter data size (in Constant Memory): 3360 bytes (3,28125 KB) Registers per Block: 65536 Warp Size: 32 Compute Capability: 7,0 Can Map Host Memory: Yes Clock Rate: 1530 MHz L2 Cache Size: 6291456 bytes Multiprocessor Count: 80 | G307: Max thread in blocks by axis: (1024, 1024, 64) | H307: Max blocks by axis: (2147483647, 65535, 65535) | I307: Device 2: Tesla V100-SXM2-16GB | J307: Max thread in blocks: 1024 Total Global Memory: 16151,1 MB GPU Global Memory Usage: 3,98159 MB GPU Global Memory Hash Table: 16 MB Max PARAMETR_SIZE in GPU Global Memory: 1025137 Shared memory per block: 49152 bytes (48 KB) Shared memory per multiprocessor: 98304 bytes (96 KB) Data size in Shared memory per block: 672 bytes (0,65625 KB) Constant Memory: 65536 bytes Parameter data size (in Constant Memory): 3360 bytes (3,28125 KB) Registers per Block: 65536 Warp Size: 32 Compute Capability: 7,0 Can Map Host Memory: Yes Clock Rate: 1530 MHz L2 Cache Size: 6291456 bytes Multiprocessor Count: 80 | K307: Max thread in blocks by axis: (1024, 1024, 64) | L307: Max blocks by axis: (2147483647, 65535, 65535) | M307: Device 3: Tesla V100-SXM2-16GB | N307: Max thread in blocks: 1024 Total Global Memory: 16151,1 MB GPU Global Memory Usage: 3,98159 MB GPU Global Memory Hash Table: 16 MB Max PARAMETR_SIZE in GPU Global Memory: 1025137 Shared memory per block: 49152 bytes (48 KB) Shared memory per multiprocessor: 98304 bytes (96 KB) Data size in Shared memory per block: 672 bytes (0,65625 KB) Constant Memory: 65536 bytes Parameter data size (in Constant Memory): 3360 bytes (3,28125 KB) Registers per Block: 65536 Warp Size: 32 Compute Capability: 7,0 Can Map Host Memory: Yes Clock Rate: 1530 MHz L2 Cache Size: 6291456 bytes Multiprocessor Count: 80 | O307: Max thread in blocks by axis: (1024, 1024, 64) | P307: Max blocks by axis: (2147483647, 65535, 65535) | Q307: PARAMETR_SIZE: 84 | R307: MAX_VALUE_SIZE: 5 | S307: SET_PARAMETR_SIZE_ONE_X: 21 | T307: ANT_SIZE: 4096 | U307: MAX_THREAD_CUDA: 512 | V307: NAME_FILE_GRAPH: Parametr_Graph/test84,txt | W307: KOL_ITERATION: 500 | X307: KOL_PROGREV: 5 | Y307: KOL_PROGON_STATISTICS: 50 | Z307: PARAMETR_RO: 0,999 | AA307: PARAMETR_Q: 1 | AB307: PRINT_INFORMATION: 0 | AC307: MAX_PARAMETR_VALUE_TO_MIN_OPT: 1 | AD307: OPTIMIZE: OPTIMIZE_MIN_1 | AE307: FUNCTION: SHAFFERA GO_HASH: 0 | AF307: HASH_TABLE_SIZE: 1048576 | AG307: ZERO_HASH_RESULT: -1 | AH307: ZERO_HASH: 18446744073709551615 | AI307: MAX_PROBES: 10000 | AJ307: MAX_CONST: 8192 | AK307: MAX_SHARED: 49152 | AL307: BLOCK_SIZE: 64 | AM307: BIN_SEARCH: 0 | AN307: NON_WHILE_ANT: 1 | AO307: USE CONST MEMORY | AP307: USE SHARED MEMORY
A308: Run MPI Combined Run0 | B308: 125.877 | C308: 0 | D308: 15.2874 | E308: 60.8052 | F308: 0 | G308: 125.877 | H308: -nan | I308: 100 | J308: 21.0486 | K308: 0.00123005 | L308: 1
A309: Run MPI Combined Run1 | B309: 125.434 | C309: 0 | D309: 15.152 | E309: 60.1099 | F309: 0 | G309: 125.434 | H309: -nan | I309: 100 | J309: 21.123 | K309: 0.00123005 | L309: 1
A310: Run MPI Combined Run2 | B310: 125.18 | C310: 0 | D310: 14.8127 | E310: 60.6219 | F310: 0 | G310: 125.18 | H310: -nan | I310: 100 | J310: 21.1658 | K310: 0.00123005 | L310: 1
A311: Run MPI Combined Run3 | B311: 124.963 | C311: 0 | D311: 15.0137 | E311: 60.0771 | F311: 0 | G311: 124.963 | H311: -nan | I311: 100 | J311: 21.2027 | K311: 0.00123005 | L311: 1
A312: Run MPI Combined Run4 | B312: 124.849 | C312: 0 | D312: 14.8314 | E312: 60.456 | F312: 0 | G312: 124.849 | H312: -nan | I312: 100 | J312: 21.222 | K312: 0.00123005 | L312: 1
A313: Run MPI Combined Run5 | B313: 117.922 | C313: 0 | D313: 14.4339 | E313: 59.3183 | F313: 0 | G313: 117.922 | H313: -nan | I313: 100 | J313: 22.4686 | K313: 0.00123005 | L313: 1
A314: Run MPI Combined Run6 | B314: 117.251 | C314: 0 | D314: 14.171 | E314: 60.1621 | F314: 0 | G314: 117.251 | H314: -nan | I314: 100 | J314: 22.5973 | K314: 0.00123005 | L314: 1
A315: Run MPI Combined Run7 | B315: 117.596 | C315: 0 | D315: 14.4481 | E315: 59.6552 | F315: 0 | G315: 117.596 | H315: -nan | I315: 100 | J315: 22.5309 | K315: 0.00123005 | L315: 1
A316: Run MPI Combined Run8 | B316: 135.123 | C316: 0 | D316: 16.1059 | E316: 60.671 | F316: 0 | G316: 135.123 | H316: -nan | I316: 100 | J316: 19.6083 | K316: 0.00123005 | L316: 1
A317: Run MPI Combined Run9 | B317: 138.106 | C317: 0 | D317: 16.7955 | E317: 60.4959 | F317: 0 | G317: 138.106 | H317: -nan | I317: 100 | J317: 19.1849 | K317: 0.00123005 | L317: 1
A318: Run MPI Combined Run10 | B318: 122.42 | C318: 0 | D318: 14.5863 | E318: 60.3699 | F318: 0 | G318: 122.42 | H318: -nan | I318: 100 | J318: 21.643 | K318: 0.00123005 | L318: 1
A319: Run MPI Combined Run11 | B319: 120.307 | C319: 0 | D319: 14.5868 | E319: 59.7627 | F319: 0 | G319: 120.307 | H319: -nan | I319: 100 | J319: 22.0231 | K319: 0.00123005 | L319: 1
... A357: Run MPI Combined Run49 | B357: 124.502 | C357: 0 | D357: 14.9732 | E357: 60.0044 | F357: 0 | G357: 124.502 | H357: -nan | I357: 100 | J357: 21.2811 | K357: 0.00123006 | L357: 1
A358: Device 0: Tesla V100-SXM2-16GB | B358: Max thread in blocks: 1024 Total Global Memory: 16151,1 MB GPU Global Memory Usage: 7,95034 MB GPU Global Memory Hash Table: 16 MB Max PARAMETR_SIZE in GPU Global Memory: 514438 Shared memory per block: 49152 bytes (48 KB) Shared memory per multiprocessor: 98304 bytes (96 KB) Data size in Shared memory per block: 672 bytes (0,65625 KB) Constant Memory: 65536 bytes Parameter data size (in Constant Memory): 3360 bytes (3,28125 KB) Registers per Block: 65536 Warp Size: 32 Compute Capability: 7,0 Can Map Host Memory: Yes Clock Rate: 1530 MHz L2 Cache Size: 6291456 bytes Multiprocessor Count: 80 | C358: Max thread in blocks by axis: (1024, 1024, 64) | D358: Max blocks by axis: (2147483647, 65535, 65535) | E358: Device 1: Tesla V100-SXM2-16GB | F358: Max thread in blocks: 1024 Total Global Memory: 16151,1 MB GPU Global Memory Usage: 7,95034 MB GPU Global Memory Hash Table: 16 MB Max PARAMETR_SIZE in GPU Global Memory: 514438 Shared memory per block: 49152 bytes (48 KB) Shared memory per multiprocessor: 98304 bytes (96 KB) Data size in Shared memory per block: 672 bytes (0,65625 KB) Constant Memory: 65536 bytes Parameter data size (in Constant Memory): 3360 bytes (3,28125 KB) Registers per Block: 65536 Warp Size: 32 Compute Capability: 7,0 Can Map Host Memory: Yes Clock Rate: 1530 MHz L2 Cache Size: 6291456 bytes Multiprocessor Count: 80 | G358: Max thread in blocks by axis: (1024, 1024, 64) | H358: Max blocks by axis: (2147483647, 65535, 65535) | I358: Device 2: Tesla V100-SXM2-16GB | J358: Max thread in blocks: 1024 Total Global Memory: 16151,1 MB GPU Global Memory Usage: 7,95034 MB GPU Global Memory Hash Table: 16 MB Max PARAMETR_SIZE in GPU Global Memory: 514438 Shared memory per block: 49152 bytes (48 KB) Shared memory per multiprocessor: 98304 bytes (96 KB) Data size in Shared memory per block: 672 bytes (0,65625 KB) Constant Memory: 65536 bytes Parameter data size (in Constant Memory): 3360 bytes (3,28125 KB) Registers per Block: 65536 Warp Size: 32 Compute Capability: 7,0 Can Map Host Memory: Yes Clock Rate: 1530 MHz L2 Cache Size: 6291456 bytes Multiprocessor Count: 80 | K358: Max thread in blocks by axis: (1024, 1024, 64) | L358: Max blocks by axis: (2147483647, 65535, 65535) | M358: Device 3: Tesla V100-SXM2-16GB | N358: Max thread in blocks: 1024 Total Global Memory: 16151,1 MB GPU Global Memory Usage: 7,95034 MB GPU Global Memory Hash Table: 16 MB Max PARAMETR_SIZE in GPU Global Memory: 514438 Shared memory per block: 49152 bytes (48 KB) Shared memory per multiprocessor: 98304 bytes (96 KB) Data size in Shared memory per block: 672 bytes (0,65625 KB) Constant Memory: 65536 bytes Parameter data size (in Constant Memory): 3360 bytes (3,28125 KB) Registers per Block: 65536 Warp Size: 32 Compute Capability: 7,0 Can Map Host Memory: Yes Clock Rate: 1530 MHz L2 Cache Size: 6291456 bytes Multiprocessor Count: 80 | O358: Max thread in blocks by axis: (1024, 1024, 64) | P358: Max blocks by axis: (2147483647, 65535, 65535) | Q358: PARAMETR_SIZE: 84 | R358: MAX_VALUE_SIZE: 5 | S358: SET_PARAMETR_SIZE_ONE_X: 21 | T358: ANT_SIZE: 8192 | U358: MAX_THREAD_CUDA: 512 | V358: NAME_FILE_GRAPH: Parametr_Graph/test84,txt | W358: KOL_ITERATION: 500 | X358: KOL_PROGREV: 5 | Y358: KOL_PROGON_STATISTICS: 50 | Z358: PARAMETR_RO: 0,999 | AA358: PARAMETR_Q: 1 | AB358: PRINT_INFORMATION: 0 | AC358: MAX_PARAMETR_VALUE_TO_MIN_OPT: 1 | AD358: OPTIMIZE: OPTIMIZE_MIN_1 | AE358: FUNCTION: SHAFFERA GO_HASH: 0 | AF358: HASH_TABLE_SIZE: 1048576 | AG358: ZERO_HASH_RESULT: -1 | AH358: ZERO_HASH: 18446744073709551615 | AI358: MAX_PROBES: 10000 | AJ358: MAX_CONST: 8192 | AK358: MAX_SHARED: 49152 | AL358: BLOCK_SIZE: 64 | AM358: BIN_SEARCH: 0 | AN358: NON_WHILE_ANT: 1 | AO358: USE CONST MEMORY | AP358: USE SHARED MEMORY
A359: Run MPI Combined Run0 | B359: 189.306 | C359: 0 | D359: 15.9 | E359: 120.438 | F359: 0 | G359: 189.306 | H359: -nan | I359: 100 | J359: 27.86 | K359: 0.00123005 | L359: 1
...

Sheet t168
A1: Device 0: Tesla V100-SXM2-16GB | B1: Max thread in blocks: 1024 Total Global Memory: 16151,1 MB GPU Global Memory Usage: 0,149189 MB GPU Global Memory Hash Table: 16 MB Max PARAMETR_SIZE in GPU Global Memory: 44997085 Shared memory per block: 49152 bytes (48 KB) Shared memory per multiprocessor: 98304 bytes (96 KB) Data size in Shared memory per block: 1344 bytes (1,3125 KB) Constant Memory: 65536 bytes Parameter data size (in Constant Memory): 6720 bytes (6,5625 KB) Registers per Block: 65536 Warp Size: 32 Compute Capability: 7,0 Can Map Host Memory: Yes Clock Rate: 1530 MHz L2 Cache Size: 6291456 bytes Multiprocessor Count: 80 | C1: Max thread in blocks by axis: (1024, 1024, 64) | D1: Max blocks by axis: (2147483647, 65535, 65535) | E1: Device 1: Tesla V100-SXM2-16GB | F1: Max thread in blocks: 1024 Total Global Memory: 16151,1 MB GPU Global Memory Usage: 0,149189 MB GPU Global Memory Hash Table: 16 MB Max PARAMETR_SIZE in GPU Global Memory: 44997085 Shared memory per block: 49152 bytes (48 KB) Shared memory per multiprocessor: 98304 bytes (96 KB) Data size in Shared memory per block: 1344 bytes (1,3125 KB) Constant Memory: 65536 bytes Parameter data size (in Constant Memory): 6720 bytes (6,5625 KB) Registers per Block: 65536 Warp Size: 32 Compute Capability: 7,0 Can Map Host Memory: Yes Clock Rate: 1530 MHz L2 Cache Size: 6291456 bytes Multiprocessor Count: 80 | G1: Max thread in blocks by axis: (1024, 1024, 64) | H1: Max blocks by axis: (2147483647, 65535, 65535) | I1: Device 2: Tesla V100-SXM2-16GB | J1: Max thread in blocks: 1024 Total Global Memory: 16151,1 MB GPU Global Memory Usage: 0,149189 MB GPU Global Memory Hash Table: 16 MB Max PARAMETR_SIZE in GPU Global Memory: 44997085 Shared memory per block: 49152 bytes (48 KB) Shared memory per multiprocessor: 98304 bytes (96 KB) Data size in Shared memory per block: 1344 bytes (1,3125 KB) Constant Memory: 65536 bytes Parameter data size (in Constant Memory): 6720 bytes (6,5625 KB) Registers per Block: 65536 Warp Size: 32 Compute Capability: 7,0 Can Map Host Memory: Yes Clock Rate: 1530 MHz L2 Cache Size: 6291456 bytes Multiprocessor Count: 80 | K1: Max thread in blocks by axis: (1024, 1024, 64) | L1: Max blocks by axis: (2147483647, 65535, 65535) | M1: Device 3: Tesla V100-SXM2-16GB | N1: Max thread in blocks: 1024 Total Global Memory: 16151,1 MB GPU Global Memory Usage: 0,149189 MB GPU Global Memory Hash Table: 16 MB Max PARAMETR_SIZE in GPU Global Memory: 44997085 Shared memory per block: 49152 bytes (48 KB) Shared memory per multiprocessor: 98304 bytes (96 KB) Data size in Shared memory per block: 1344 bytes (1,3125 KB) Constant Memory: 65536 bytes Parameter data size (in Constant Memory): 6720 bytes (6,5625 KB) Registers per Block: 65536 Warp Size: 32 Compute Capability: 7,0 Can Map Host Memory: Yes Clock Rate: 1530 MHz L2 Cache Size: 6291456 bytes Multiprocessor Count: 80 | O1: Max thread in blocks by axis: (1024, 1024, 64) | P1: Max blocks by axis: (2147483647, 65535, 65535) | Q1: PARAMETR_SIZE: 168 | R1: MAX_VALUE_SIZE: 5 | S1: SET_PARAMETR_SIZE_ONE_X: 21 | T1: ANT_SIZE: 64 | U1: MAX_THREAD_CUDA: 512 | V1: NAME_FILE_GRAPH: Parametr_Graph/test168,txt | W1: KOL_ITERATION: 500 | X1: KOL_PROGREV: 5 | Y1: KOL_PROGON_STATISTICS: 50 | Z1: PARAMETR_RO: 0,999 | AA1: PARAMETR_Q: 1 | AB1: PRINT_INFORMATION: 0 | AC1: MAX_PARAMETR_VALUE_TO_MIN_OPT: 1 | AD1: OPTIMIZE: OPTIMIZE_MIN_1 | AE1: FUNCTION: SHAFFERA GO_HASH: 0 | AF1: HASH_TABLE_SIZE: 1048576 | AG1: ZERO_HASH_RESULT: -1 | AH1: ZERO_HASH: 18446744073709551615 | AI1: MAX_PROBES: 10000 | AJ1: MAX_CONST: 8192 | AK1: MAX_SHARED: 49152 | AL1: BLOCK_SIZE: 64 | AM1: BIN_SEARCH: 0 | AN1: NON_WHILE_ANT: 1 | AO1: USE CONST MEMORY | AP1: USE SHARED MEMORY
A2: Run MPI Combined Run0 | B2: 76.1449 | C2: 0 | D2: 17.623 | E2: 5.90337 | F2: 0 | G2: 76.1449 | H2: -nan | I2: 100 | J2: 1.72211 | K2: 0.00123146 | L2: 1
A3: Run MPI Combined Run1 | B3: 81.6157 | C3: 0 | D3: 18.3404 | E3: 6.4266 | F3: 0 | G3: 81.6157 | H3: -nan | I3: 100 | J3: 1.60668 | K3: 0.00123007 | L3: 1
A4: Run MPI Combined Run2 | B4: 83.7573 | C4: 0 | D4: 19.28 | E4: 6.42667 | F4: 0 | G4: 83.7573 | H4: -nan | I4: 100 | J4: 1.5656 | K4: 0.00123055 | L4: 1
A5: Run MPI Combined Run3 | B5: 85.0639 | C5: 0 | D5: 19.7454 | E5: 6.50241 | F5: 0 | G5: 85.0639 | H5: -nan | I5: 100 | J5: 1.54155 | K5: 0.00123164 | L5: 1
A6: Run MPI Combined Run4 | B6: 84.6882 | C6: 0 | D6: 19.623 | E6: 6.46132 | F6: 0 | G6: 84.6882 | H6: -nan | I6: 100 | J6: 1.54839 | K6: 0.00123146 | L6: 1
A7: Run MPI Combined Run5 | B7: 84.8334 | C7: 0 | D7: 19.6166 | E7: 6.48398 | F7: 0 | G7: 84.8334 | H7: -nan | I7: 100 | J7: 1.54574 | K7: 0.00123368 | L7: 1
A8: Run MPI Combined Run6 | B8: 84.1231 | C8: 0 | D8: 19.194 | E8: 6.50545 | F8: 0 | G8: 84.1231 | H8: -nan | I8: 100 | J8: 1.55879 | K8: 0.00123278 | L8: 1
A9: Run MPI Combined Run7 | B9: 84.1606 | C9: 0 | D9: 19.4267 | E9: 6.50858 | F9: 0 | G9: 84.1606 | H9: -nan | I9: 100 | J9: 1.5581 | K9: 0.00123069 | L9: 1
A10: Run MPI Combined Run8 | B10: 83.8355 | C10: 0 | D10: 19.3621 | E10: 6.43176 | F10: 0 | G10: 83.8355 | H10: -nan | I10: 100 | J10: 1.56414 | K10: 0.0012313 | L10: 1
A11: Run MPI Combined Run9 | B11: 87.6165 | C11: 0 | D11: 19.3517 | E11: 6.14197 | F11: 0 | G11: 87.6165 | H11: -nan | I11: 100 | J11: 1.49664 | K11: 0.00123134 | L11: 1
A12: Run MPI Combined Run10 | B12: 99.9164 | C12: 0 | D12: 20.3055 | E12: 6.58225 | F12: 0 | G12: 99.9164 | H12: -nan | I12: 100 | J12: 1.3124 | K12: 0.00123034 | L12: 1
A13: Run MPI Combined Run11 | B13: 101.144 | C13: 0 | D13: 20.9562 | E13: 6.62119 | F13: 0 | G13: 101.144 | H13: -nan | I13: 100 | J13: 1.29647 | K13: 0.00123005 | L13: 1
... A51: Run MPI Combined Run49 | B51: 99.4878 | C51: 0 | D51: 21.0143 | E51: 6.47681 | F51: 0 | G51: 99.4878 | H51: -nan | I51: 100 | J51: 1.31805 | K51: 0.00123008 | L51: 1
A52: Device 0: Tesla V100-SXM2-16GB | B52: Max thread in blocks: 1024 Total Global Memory: 16151,1 MB GPU Global Memory Usage: 0,272724 MB GPU Global Memory Hash Table: 16 MB Max PARAMETR_SIZE in GPU Global Memory: 26770417 Shared memory per block: 49152 bytes (48 KB) Shared memory per multiprocessor: 98304 bytes (96 KB) Data size in Shared memory per block: 1344 bytes (1,3125 KB) Constant Memory: 65536 bytes Parameter data size (in Constant Memory): 6720 bytes (6,5625 KB) Registers per Block: 65536 Warp Size: 32 Compute Capability: 7,0 Can Map Host Memory: Yes Clock Rate: 1530 MHz L2 Cache Size: 6291456 bytes Multiprocessor Count: 80 | C52: Max thread in blocks by axis: (1024, 1024, 64) | D52: Max blocks by axis: (2147483647, 65535, 65535) | E52: Device 1: Tesla V100-SXM2-16GB | F52: Max thread in blocks: 1024 Total Global Memory: 16151,1 MB GPU Global Memory Usage: 0,272724 MB GPU Global Memory Hash Table: 16 MB Max PARAMETR_SIZE in GPU Global Memory: 26770417 Shared memory per block: 49152 bytes (48 KB) Shared memory per multiprocessor: 98304 bytes (96 KB) Data size in Shared memory per block: 1344 bytes (1,3125 KB) Constant Memory: 65536 bytes Parameter data size (in Constant Memory): 6720 bytes (6,5625 KB) Registers per Block: 65536 Warp Size: 32 Compute Capability: 7,0 Can Map Host Memory: Yes Clock Rate: 1530 MHz L2 Cache Size: 6291456 bytes Multiprocessor Count: 80 | G52: Max thread in blocks by axis: (1024, 1024, 64) | H52: Max blocks by axis: (2147483647, 65535, 65535) | I52: Device 2: Tesla V100-SXM2-16GB | J52: Max thread in blocks: 1024 Total Global Memory: 16151,1 MB GPU Global Memory Usage: 0,272724 MB GPU Global Memory Hash Table: 16 MB Max PARAMETR_SIZE in GPU Global Memory: 26770417 Shared memory per block: 49152 bytes (48 KB) Shared memory per multiprocessor: 98304 bytes (96 KB) Data size in Shared memory per block: 1344 bytes (1,3125 KB) Constant Memory: 65536 bytes Parameter data size (in Constant Memory): 6720 bytes (6,5625 KB) Registers per Block: 65536 Warp Size: 32 Compute Capability: 7,0 Can Map Host Memory: Yes Clock Rate: 1530 MHz L2 Cache Size: 6291456 bytes Multiprocessor Count: 80 | K52: Max thread in blocks by axis: (1024, 1024, 64) | L52: Max blocks by axis: (2147483647, 65535, 65535) | M52: Device 3: Tesla V100-SXM2-16GB | N52: Max thread in blocks: 1024 Total Global Memory: 16151,1 MB GPU Global Memory Usage: 0,272724 MB GPU Global Memory Hash Table: 16 MB Max PARAMETR_SIZE in GPU Global Memory: 26770417 Shared memory per block: 49152 bytes (48 KB) Shared memory per multiprocessor: 98304 bytes (96 KB) Data size in Shared memory per block: 1344 bytes (1,3125 KB) Constant Memory: 65536 bytes Parameter data size (in Constant Memory): 6720 bytes (6,5625 KB) Registers per Block: 65536 Warp Size: 32 Compute Capability: 7,0 Can Map Host Memory: Yes Clock Rate: 1530 MHz L2 Cache Size: 6291456 bytes Multiprocessor Count: 80 | O52: Max thread in blocks by axis: (1024, 1024, 64) | P52: Max blocks by axis: (2147483647, 65535, 65535) | Q52: PARAMETR_SIZE: 168 | R52: MAX_VALUE_SIZE: 5 | S52: SET_PARAMETR_SIZE_ONE_X: 21 | T52: ANT_SIZE: 128 | U52: MAX_THREAD_CUDA: 512 | V52: NAME_FILE_GRAPH: Parametr_Graph/test168,txt | W52: KOL_ITERATION: 500 | X52: KOL_PROGREV: 5 | Y52: KOL_PROGON_STATISTICS: 50 | Z52: PARAMETR_RO: 0,999 | AA52: PARAMETR_Q: 1 | AB52: PRINT_INFORMATION: 0 | AC52: MAX_PARAMETR_VALUE_TO_MIN_OPT: 1 | AD52: OPTIMIZE: OPTIMIZE_MIN_1 | AE52: FUNCTION: SHAFFERA GO_HASH: 0 | AF52: HASH_TABLE_SIZE: 1048576 | AG52: ZERO_HASH_RESULT: -1 | AH52: ZERO_HASH: 18446744073709551615 | AI52: MAX_PROBES: 10000 | AJ52: MAX_CONST: 8192 | AK52: MAX_SHARED: 49152 | AL52: BLOCK_SIZE: 64 | AM52: BIN_SEARCH: 0 | AN52: NON_WHILE_ANT: 1 | AO52: USE CONST MEMORY | AP52: USE SHARED MEMORY
A53: Run MPI Combined Run0 | B53: 76.1855 | C53: 0 | D53: 17.6456 | E53: 6.99288 | F53: 0 | G53: 76.1855 | H53: -nan | I53: 100 | J53: 2.78521 | K53: 0.00123072 | L53: 1
A54: Run MPI Combined Run1 | B54: 86.196 | C54: 0 | D54: 19.9332 | E54: 7.42302 | F54: 0 | G54: 86.196 | H54: -nan | I54: 100 | J54: 2.46174 | K54: 0.00123054 | L54: 1
A55: Run MPI Combined Run2 | B55: 85.1765 | C55: 0 | D55: 19.3583 | E55: 7.62061 | F55: 0 | G55: 85.1765 | H55: -nan | I55: 100 | J55: 2.49121 | K55: 0.00123162 | L55: 1
A56: Run MPI Combined Run3 | B56: 85.3221 | C56: 0 | D56: 19.6066 | E56: 7.57246 | F56: 0 | G56: 85.3221 | H56: -nan | I56: 100 | J56: 2.48696 | K56: 0.00123293 | L56: 1
A57: Run MPI Combined Run4 | B57: 84.8005 | C57: 0 | D57: 19.5351 | E57: 7.62977 | F57: 0 | G57: 84.8005 | H57: -nan | I57: 100 | J57: 2.50226 | K57: 0.00123013 | L57: 1
A58: Run MPI Combined Run5 | B58: 84.4288 | C58: 0 | D58: 19.5173 | E58: 7.55818 | F58: 0 | G58: 84.4288 | H58: -nan | I58: 100 | J58: 2.51327 | K58: 0.00123262 | L58: 1
A59: Run MPI Combined Run6 | B59: 84.2074 | C59: 0 | D59: 19.2861 | E59: 7.60116 | F59: 0 | G59: 84.2074 | H59: -nan | I59: 100 | J59: 2.51988 | K59: 0.00123401 | L59: 1
A60: Run MPI Combined Run7 | B60: 84.4495 | C60: 0 | D60: 19.5844 | E60: 7.56634 | F60: 0 | G60: 84.4495 | H60: -nan | I60: 100 | J60: 2.51266 | K60: 0.00123063 | L60: 1
A61: Run MPI Combined Run8 | B61: 84.6859 | C61: 0 | D61: 19.1232 | E61: 7.3083 | F61: 0 | G61: 84.6859 | H61: -nan | I61: 100 | J61: 2.50564 | K61: 0.00123008 | L61: 1
A62: Run MPI Combined Run9 | B62: 100.722 | C62: 0 | D62: 20.6579 | E62: 7.60625 | F62: 0 | G62: 100.722 | H62: -nan | I62: 100 | J62: 2.10672 | K62: 0.00123008 | L62: 1
A63: Run MPI Combined Run10 | B63: 101.352 | C63: 0 | D63: 20.3987 | E63: 7.78141 | F63: 0 | G63: 101.352 | H63: -nan | I63: 100 | J63: 2.09361 | K63: 0.00123219 | L63: 1
A64: Run MPI Combined Run11 | B64: 97.9584 | C64: 0 | D64: 20.5665 | E64: 7.65434 | F64: 0 | G64: 97.9584 | H64: -nan | I64: 100 | J64: 2.16615 | K64: 0.00123055 | L64: 1
... A102: Run MPI Combined Run49 | B102: 102.443 | C102: 0 | D102: 21.2174 | E102: 7.70346 | F102: 0 | G102: 102.443 | H102: -nan | I102: 100 | J102: 2.07133 | K102: 0.00123041 | L102: 1
A103: Device 0: Tesla V100-SXM2-16GB | B103: Max thread in blocks: 1024 Total Global Memory: 16151,1 MB GPU Global Memory Usage: 0,519794 MB GPU Global Memory Hash Table: 16 MB Max PARAMETR_SIZE in GPU Global Memory: 14789250 Shared memory per block: 49152 bytes (48 KB) Shared memory per multiprocessor: 98304 bytes (96 KB) Data size in Shared memory per block: 1344 bytes (1,3125 KB) Constant Memory: 65536 bytes Parameter data size (in Constant Memory): 6720 bytes (6,5625 KB) Registers per Block: 65536 Warp Size: 32 Compute Capability: 7,0 Can Map Host Memory: Yes Clock Rate: 1530 MHz L2 Cache Size: 6291456 bytes Multiprocessor Count: 80 | C103: Max thread in blocks by axis: (1024, 1024, 64) | D103: Max blocks by axis: (2147483647, 65535, 65535) | E103: Device 1: Tesla V100-SXM2-16GB | F103: Max thread in blocks: 1024 Total Global Memory: 16151,1 MB GPU Global Memory Usage: 0,519794 MB GPU Global Memory Hash Table: 16 MB Max PARAMETR_SIZE in GPU Global Memory: 14789250 Shared memory per block: 49152 bytes (48 KB) Shared memory per multiprocessor: 98304 bytes (96 KB) Data size in Shared memory per block: 1344 bytes (1,3125 KB) Constant Memory: 65536 bytes Parameter data size (in Constant Memory): 6720 bytes (6,5625 KB) Registers per Block: 65536 Warp Size: 32 Compute Capability: 7,0 Can Map Host Memory: Yes Clock Rate: 1530 MHz L2 Cache Size: 6291456 bytes Multiprocessor Count: 80 | G103: Max thread in blocks by axis: (1024, 1024, 64) | H103: Max blocks by axis: (2147483647, 65535, 65535) | I103: Device 2: Tesla V100-SXM2-16GB | J103: Max thread in blocks: 1024 Total Global Memory: 16151,1 MB GPU Global Memory Usage: 0,519794 MB GPU Global Memory Hash Table: 16 MB Max PARAMETR_SIZE in GPU Global Memory: 14789250 Shared memory per block: 49152 bytes (48 KB) Shared memory per multiprocessor: 98304 bytes (96 KB) Data size in Shared memory per block: 1344 bytes (1,3125 KB) Constant Memory: 65536 bytes Parameter data size (in Constant Memory): 6720 bytes (6,5625 KB) Registers per Block: 65536 Warp Size: 32 Compute Capability: 7,0 Can Map Host Memory: Yes Clock Rate: 1530 MHz L2 Cache Size: 6291456 bytes Multiprocessor Count: 80 | K103: Max thread in blocks by axis: (1024, 1024, 64) | L103: Max blocks by axis: (2147483647, 65535, 65535) | M103: Device 3: Tesla V100-SXM2-16GB | N103: Max thread in blocks: 1024 Total Global Memory: 16151,1 MB GPU Global Memory Usage: 0,519794 MB GPU Global Memory Hash Table: 16 MB Max PARAMETR_SIZE in GPU Global Memory: 14789250 Shared memory per block: 49152 bytes (48 KB) Shared memory per multiprocessor: 98304 bytes (96 KB) Data size in Shared memory per block: 1344 bytes (1,3125 KB) Constant Memory: 65536 bytes Parameter data size (in Constant Memory): 6720 bytes (6,5625 KB) Registers per Block: 65536 Warp Size: 32 Compute Capability: 7,0 Can Map Host Memory: Yes Clock Rate: 1530 MHz L2 Cache Size: 6291456 bytes Multiprocessor Count: 80 | O103: Max thread in blocks by axis: (1024, 1024, 64) | P103: Max blocks by axis: (2147483647, 65535, 65535) | Q103: PARAMETR_SIZE: 168 | R103: MAX_VALUE_SIZE: 5 | S103: SET_PARAMETR_SIZE_ONE_X: 21 | T103: ANT_SIZE: 256 | U103: MAX_THREAD_CUDA: 512 | V103: NAME_FILE_GRAPH: Parametr_Graph/test168,txt | W103: KOL_ITERATION: 500 | X103: KOL_PROGREV: 5 | Y103: KOL_PROGON_STATISTICS: 50 | Z103: PARAMETR_RO: 0,999 | AA103: PARAMETR_Q: 1 | AB103: PRINT_INFORMATION: 0 | AC103: MAX_PARAMETR_VALUE_TO_MIN_OPT: 1 | AD103: OPTIMIZE: OPTIMIZE_MIN_1 | AE103: FUNCTION: SHAFFERA GO_HASH: 0 | AF103: HASH_TABLE_SIZE: 1048576 | AG103: ZERO_HASH_RESULT: -1 | AH103: ZERO_HASH: 18446744073709551615 | AI103: MAX_PROBES: 10000 | AJ103: MAX_CONST: 8192 | AK103: MAX_SHARED: 49152 | AL103: BLOCK_SIZE: 64 | AM103: BIN_SEARCH: 0 | AN103: NON_WHILE_ANT: 1 | AO103: USE CONST MEMORY | AP103: USE SHARED MEMORY
A104: Run MPI Combined Run0 | B104: 87.2876 | C104: 0 | D104: 19.4814 | E104: 9.65215 | F104: 0 | G104: 87.2876 | H104: -nan | I104: 100 | J104: 4.28832 | K104: 0.0012303 | L104: 1
A105: Run MPI Combined Run1 | B105: 86.3418 | C105: 0 | D105: 19.3294 | E105: 9.6051 | F105: 0 | G105: 86.3418 | H105: -nan | I105: 100 | J105: 4.3353 | K105: 0.0012301 | L105: 1
A106: Run MPI Combined Run2 | B106: 96.1858 | C106: 0 | D106: 19.7276 | E106: 9.6317 | F106: 0 | G106: 96.1858 | H106: -nan | I106: 100 | J106: 3.89161 | K106: 0.00123005 | L106: 1
A107: Run MPI Combined Run3 | B107: 101.901 | C107: 0 | D107: 20.417 | E107: 10.0035 | F107: 0 | G107: 101.901 | H107: -nan | I107: 100 | J107: 3.67333 | K107: 0.00123005 | L107: 1
A108: Run MPI Combined Run4 | B108: 102.074 | C108: 0 | D108: 20.669 | E108: 9.98707 | F108: 0 | G108: 102.074 | H108: -nan | I108: 100 | J108: 3.66712 | K108: 0.00123005 | L108: 1
A109: Run MPI Combined Run5 | B109: 84.5109 | C109: 0 | D109: 18.4021 | E109: 9.31225 | F109: 0 | G109: 84.5109 | H109: -nan | I109: 100 | J109: 4.42922 | K109: 0.00123006 | L109: 1
A110: Run MPI Combined Run6 | B110: 77.7288 | C110: 0 | D110: 17.6007 | E110: 9.13306 | F110: 0 | G110: 77.7288 | H110: -nan | I110: 100 | J110: 4.81568 | K110: 0.00123029 | L110: 1
A111: Run MPI Combined Run7 | B111: 84.2855 | C111: 0 | D111: 19.0693 | E111: 9.54162 | F111: 0 | G111: 84.2855 | H111: -nan | I111: 100 | J111: 4.44106 | K111: 0.00123022 | L111: 1
A112: Run MPI Combined Run8 | B112: 86.783 | C112: 0 | D112: 19.569 | E112: 9.8007 | F112: 0 | G112: 86.783 | H112: -nan | I112: 100 | J112: 4.31326 | K112: 0.00123022 | L112: 1
A113: Run MPI Combined Run9 | B113: 86.9861 | C113: 0 | D113: 19.5436 | E113: 9.79663 | F113: 0 | G113: 86.9861 | H113: -nan | I113: 100 | J113: 4.30318 | K113: 0.0012302 | L113: 1
A114: Run MPI Combined Run10 | B114: 86.156 | C114: 0 | D114: 19.1281 | E114: 9.68706 | F114: 0 | G114: 86.156 | H114: -nan | I114: 100 | J114: 4.34464 | K114: 0.00123006 | L114: 1
A115: Run MPI Combined Run11 | B115: 86.5961 | C115: 0 | D115: 19.5525 | E115: 9.73007 | F115: 0 | G115: 86.5961 | H115: -nan | I115: 100 | J115: 4.32257 | K115: 0.00123028 | L115: 1
... A153: Run MPI Combined Run49 | B153: 87.1043 | C153: 0 | D153: 19.4768 | E153: 9.726 | F153: 0 | G153: 87.1043 | H153: -nan | I153: 100 | J153: 4.29734 | K153: 0.00123007 | L153: 1
A154: Device 0: Tesla V100-SXM2-16GB | B154: Max thread in blocks: 1024 Total Global Memory: 16151,1 MB GPU Global Memory Usage: 1,01394 MB GPU Global Memory Hash Table: 16 MB Max PARAMETR_SIZE in GPU Global Memory: 7803920 Shared memory per block: 49152 bytes (48 KB) Shared memory per multiprocessor: 98304 bytes (96 KB) Data size in Shared memory per block: 1344 bytes (1,3125 KB) Constant Memory: 65536 bytes Parameter data size (in Constant Memory): 6720 bytes (6,5625 KB) Registers per Block: 65536 Warp Size: 32 Compute Capability: 7,0 Can Map Host Memory: Yes Clock Rate: 1530 MHz L2 Cache Size: 6291456 bytes Multiprocessor Count: 80 | C154: Max thread in blocks by axis: (1024, 1024, 64) | D154: Max blocks by axis: (2147483647, 65535, 65535) | E154: Device 1: Tesla V100-SXM2-16GB | F154: Max thread in blocks: 1024 Total Global Memory: 16151,1 MB GPU Global Memory Usage: 1,01394 MB GPU Global Memory Hash Table: 16 MB Max PARAMETR_SIZE in GPU Global Memory: 7803920 Shared memory per block: 49152 bytes (48 KB) Shared memory per multiprocessor: 98304 bytes (96 KB) Data size in Shared memory per block: 1344 bytes (1,3125 KB) Constant Memory: 65536 bytes Parameter data size (in Constant Memory): 6720 bytes (6,5625 KB) Registers per Block: 65536 Warp Size: 32 Compute Capability: 7,0 Can Map Host Memory: Yes Clock Rate: 1530 MHz L2 Cache Size: 6291456 bytes Multiprocessor Count: 80 | G154: Max thread in blocks by axis: (1024, 1024, 64) | H154: Max blocks by axis: (2147483647, 65535, 65535) | I154: Device 2: Tesla V100-SXM2-16GB | J154: Max thread in blocks: 1024 Total Global Memory: 16151,1 MB GPU Global Memory Usage: 1,01394 MB GPU Global Memory Hash Table: 16 MB Max PARAMETR_SIZE in GPU Global Memory: 7803920 Shared memory per block: 49152 bytes (48 KB) Shared memory per multiprocessor: 98304 bytes (96 KB) Data size in Shared memory per block: 1344 bytes (1,3125 KB) Constant Memory: 65536 bytes Parameter data size (in Constant Memory): 6720 bytes (6,5625 KB) Registers per Block: 65536 Warp Size: 32 Compute Capability: 7,0 Can Map Host Memory: Yes Clock Rate: 1530 MHz L2 Cache Size: 6291456 bytes Multiprocessor Count: 80 | K154: Max thread in blocks by axis: (1024, 1024, 64) | L154: Max blocks by axis: (2147483647, 65535, 65535) | M154: Device 3: Tesla V100-SXM2-16GB | N154: Max thread in blocks: 1024 Total Global Memory: 16151,1 MB GPU Global Memory Usage: 1,01394 MB GPU Global Memory Hash Table: 16 MB Max PARAMETR_SIZE in GPU Global Memory: 7803920 Shared memory per block: 49152 bytes (48 KB) Shared memory per multiprocessor: 98304 bytes (96 KB) Data size in Shared memory per block: 1344 bytes (1,3125 KB) Constant Memory: 65536 bytes Parameter data size (in Constant Memory): 6720 bytes (6,5625 KB) Registers per Block: 65536 Warp Size: 32 Compute Capability: 7,0 Can Map Host Memory: Yes Clock Rate: 1530 MHz L2 Cache Size: 6291456 bytes Multiprocessor Count: 80 | O154: Max thread in blocks by axis: (1024, 1024, 64) | P154: Max blocks by axis: (2147483647, 65535, 65535) | Q154: PARAMETR_SIZE: 168 | R154: MAX_VALUE_SIZE: 5 | S154: SET_PARAMETR_SIZE_ONE_X: 21 | T154: ANT_SIZE: 512 | U154: MAX_THREAD_CUDA: 512 | V154: NAME_FILE_GRAPH: Parametr_Graph/test168,txt | W154: KOL_ITERATION: 500 | X154: KOL_PROGREV: 5 | Y154: KOL_PROGON_STATISTICS: 50 | Z154: PARAMETR_RO: 0,999 | AA154: PARAMETR_Q: 1 | AB154: PRINT_INFORMATION: 0 | AC154: MAX_PARAMETR_VALUE_TO_MIN_OPT: 1 | AD154: OPTIMIZE: OPTIMIZE_MIN_1 | AE154: FUNCTION: SHAFFERA GO_HASH: 0 | AF154: HASH_TABLE_SIZE: 1048576 | AG154: ZERO_HASH_RESULT: -1 | AH154: ZERO_HASH: 18446744073709551615 | AI154: MAX_PROBES: 10000 | AJ154: MAX_CONST: 8192 | AK154: MAX_SHARED: 49152 | AL154: BLOCK_SIZE: 64 | AM154: BIN_SEARCH: 0 | AN154: NON_WHILE_ANT: 1 | AO154: USE CONST MEMORY | AP154: USE SHARED MEMORY
A155: Run MPI Combined Run0 | B155: 111.893 | C155: 0 | D155: 21.0228 | E155: 12.5584 | F155: 0 | G155: 111.893 | H155: -nan | I155: 100 | J155: 6.24316 | K155: 0.00123006 | L155: 1
A156: Run MPI Combined Run1 | B156: 84.0877 | C156: 0 | D156: 17.9481 | E156: 11.5702 | F156: 0 | G156: 84.0877 | H156: -nan | I156: 100 | J156: 8.30759 | K156: 0.00123009 | L156: 1
A157: Run MPI Combined Run2 | B157: 82.6945 | C157: 0 | D157: 18.061 | E157: 11.7811 | F157: 0 | G157: 82.6945 | H157: -nan | I157: 100 | J157: 8.44755 | K157: 0.00123006 | L157: 1
A158: Run MPI Combined Run3 | B158: 88.41 | C158: 0 | D158: 19.4106 | E158: 12.0064 | F158: 0 | G158: 88.41 | H158: -nan | I158: 100 | J158: 7.90144 | K158: 0.00123005 | L158: 1
A159: Run MPI Combined Run4 | B159: 90.5508 | C159: 0 | D159: 19.6964 | E159: 12.3464 | F159: 0 | G159: 90.5508 | H159: -nan | I159: 100 | J159: 7.71464 | K159: 0.00123021 | L159: 1
A160: Run MPI Combined Run5 | B160: 90.6202 | C160: 0 | D160: 19.6762 | E160: 12.2092 | F160: 0 | G160: 90.6202 | H160: -nan | I160: 100 | J160: 7.70873 | K160: 0.00123005 | L160: 1
A161: Run MPI Combined Run6 | B161: 90.0117 | C161: 0 | D161: 19.0347 | E161: 12.37 | F161: 0 | G161: 90.0117 | H161: -nan | I161: 100 | J161: 7.76084 | K161: 0.00123006 | L161: 1
A162: Run MPI Combined Run7 | B162: 90.0394 | C162: 0 | D162: 19.5524 | E162: 12.1294 | F162: 0 | G162: 90.0394 | H162: -nan | I162: 100 | J162: 7.75846 | K162: 0.0012301 | L162: 1
A163: Run MPI Combined Run8 | B163: 90.2532 | C163: 0 | D163: 19.5258 | E163: 12.3034 | F163: 0 | G163: 90.2532 | H163: -nan | I163: 100 | J163: 7.74008 | K163: 0.0012301 | L163: 1
A164: Run MPI Combined Run9 | B164: 88.1708 | C164: 0 | D164: 19.0113 | E164: 11.8937 | F164: 0 | G164: 88.1708 | H164: -nan | I164: 100 | J164: 7.92288 | K164: 0.00123005 | L164: 1
A165: Run MPI Combined Run10 | B165: 87.6698 | C165: 0 | D165: 18.3956 | E165: 11.8375 | F165: 0 | G165: 87.6698 | H165: -nan | I165: 100 | J165: 7.96815 | K165: 0.00123016 | L165: 1
A166: Run MPI Combined Run11 | B166: 105.045 | C166: 0 | D166: 20.8235 | E166: 12.2276 | F166: 0 | G166: 105.045 | H166: -nan | I166: 100 | J166: 6.6502 | K166: 0.00123006 | L166: 1
... A204: Run MPI Combined Run49 | B204: 105.704 | C204: 0 | D204: 20.7381 | E204: 12.2532 | F204: 0 | G204: 105.704 | H204: -nan | I204: 100 | J204: 6.60868 | K204: 0.00123005 | L204: 1
A205: Device 0: Tesla V100-SXM2-16GB | B205: Max thread in blocks: 1024 Total Global Memory: 16151,1 MB GPU Global Memory Usage: 2,00222 MB GPU Global Memory Hash Table: 16 MB Max PARAMETR_SIZE in GPU Global Memory: 4013021 Shared memory per block: 49152 bytes (48 KB) Shared memory per multiprocessor: 98304 bytes (96 KB) Data size in Shared memory per block: 1344 bytes (1,3125 KB) Constant Memory: 65536 bytes Parameter data size (in Constant Memory): 6720 bytes (6,5625 KB) Registers per Block: 65536 Warp Size: 32 Compute Capability: 7,0 Can Map Host Memory: Yes Clock Rate: 1530 MHz L2 Cache Size: 6291456 bytes Multiprocessor Count: 80 | C205: Max thread in blocks by axis: (1024, 1024, 64) | D205: Max blocks by axis: (2147483647, 65535, 65535) | E205: Device 1: Tesla V100-SXM2-16GB | F205: Max thread in blocks: 1024 Total Global Memory: 16151,1 MB GPU Global Memory Usage: 2,00222 MB GPU Global Memory Hash Table: 16 MB Max PARAMETR_SIZE in GPU Global Memory: 4013021 Shared memory per block: 49152 bytes (48 KB) Shared memory per multiprocessor: 98304 bytes (96 KB) Data size in Shared memory per block: 1344 bytes (1,3125 KB) Constant Memory: 65536 bytes Parameter data size (in Constant Memory): 6720 bytes (6,5625 KB) Registers per Block: 65536 Warp Size: 32 Compute Capability: 7,0 Can Map Host Memory: Yes Clock Rate: 1530 MHz L2 Cache Size: 6291456 bytes Multiprocessor Count: 80 | G205: Max thread in blocks by axis: (1024, 1024, 64) | H205: Max blocks by axis: (2147483647, 65535, 65535) | I205: Device 2: Tesla V100-SXM2-16GB | J205: Max thread in blocks: 1024 Total Global Memory: 16151,1 MB GPU Global Memory Usage: 2,00222 MB GPU Global Memory Hash Table: 16 MB Max PARAMETR_SIZE in GPU Global Memory: 4013021 Shared memory per block: 49152 bytes (48 KB) Shared memory per multiprocessor: 98304 bytes (96 KB) Data size in Shared memory per block: 1344 bytes (1,3125 KB) Constant Memory: 65536 bytes Parameter data size (in Constant Memory): 6720 bytes (6,5625 KB) Registers per Block: 65536 Warp Size: 32 Compute Capability: 7,0 Can Map Host Memory: Yes Clock Rate: 1530 MHz L2 Cache Size: 6291456 bytes Multiprocessor Count: 80 | K205: Max thread in blocks by axis: (1024, 1024, 64) | L205: Max blocks by axis: (2147483647, 65535, 65535) | M205: Device 3: Tesla V100-SXM2-16GB | N205: Max thread in blocks: 1024 Total Global Memory: 16151,1 MB GPU Global Memory Usage: 2,00222 MB GPU Global Memory Hash Table: 16 MB Max PARAMETR_SIZE in GPU Global Memory: 4013021 Shared memory per block: 49152 bytes (48 KB) Shared memory per multiprocessor: 98304 bytes (96 KB) Data size in Shared memory per block: 1344 bytes (1,3125 KB) Constant Memory: 65536 bytes Parameter data size (in Constant Memory): 6720 bytes (6,5625 KB) Registers per Block: 65536 Warp Size: 32 Compute Capability: 7,0 Can Map Host Memory: Yes Clock Rate: 1530 MHz L2 Cache Size: 6291456 bytes Multiprocessor Count: 80 | O205: Max thread in blocks by axis: (1024, 1024, 64) | P205: Max blocks by axis: (2147483647, 65535, 65535) | Q205: PARAMETR_SIZE: 168 | R205: MAX_VALUE_SIZE: 5 | S205: SET_PARAMETR_SIZE_ONE_X: 21 | T205: ANT_SIZE: 1024 | U205: MAX_THREAD_CUDA: 512 | V205: NAME_FILE_GRAPH: Parametr_Graph/test168,txt | W205: KOL_ITERATION: 500 | X205: KOL_PROGREV: 5 | Y205: KOL_PROGON_STATISTICS: 50 | Z205: PARAMETR_RO: 0,999 | AA205: PARAMETR_Q: 1 | AB205: PRINT_INFORMATION: 0 | AC205: MAX_PARAMETR_VALUE_TO_MIN_OPT: 1 | AD205: OPTIMIZE: OPTIMIZE_MIN_1 | AE205: FUNCTION: SHAFFERA GO_HASH: 0 | AF205: HASH_TABLE_SIZE: 1048576 | AG205: ZERO_HASH_RESULT: -1 | AH205: ZERO_HASH: 18446744073709551615 | AI205: MAX_PROBES: 10000 | AJ205: MAX_CONST: 8192 | AK205: MAX_SHARED: 49152 | AL205: BLOCK_SIZE: 64 | AM205: BIN_SEARCH: 0 | AN205: NON_WHILE_ANT: 1 | AO205: USE CONST MEMORY | AP205: USE SHARED MEMORY
A206: Run MPI Combined Run0 | B206: 104.544 | C206: 0 | D206: 20.1469 | E206: 21.7446 | F206: 0 | G206: 104.544 | H206: -nan | I206: 100 | J206: 12.8851 | K206: 0.00123005 | L206: 1
A207: Run MPI Combined Run1 | B207: 98.981 | C207: 0 | D207: 19.354 | E207: 21.2337 | F207: 0 | G207: 98.981 | H207: -nan | I207: 100 | J207: 13.6093 | K207: 0.00123005 | L207: 1
A208: Run MPI Combined Run2 | B208: 98.7333 | C208: 0 | D208: 18.7645 | E208: 21.4539 | F208: 0 | G208: 98.7333 | H208: -nan | I208: 100 | J208: 13.6435 | K208: 0.00123005 | L208: 1
A209: Run MPI Combined Run3 | B209: 97.7512 | C209: 0 | D209: 19.0091 | E209: 21.1733 | F209: 0 | G209: 97.7512 | H209: -nan | I209: 100 | J209: 13.7805 | K209: 0.00123011 | L209: 1
A210: Run MPI Combined Run4 | B210: 97.176 | C210: 0 | D210: 19.1312 | E210: 21.3627 | F210: 0 | G210: 97.176 | H210: -nan | I210: 100 | J210: 13.8621 | K210: 0.00123005 | L210: 1
A211: Run MPI Combined Run5 | B211: 107.9 | C211: 0 | D211: 19.9166 | E211: 21.1139 | F211: 0 | G211: 107.9 | H211: -nan | I211: 100 | J211: 12.4844 | K211: 0.00123005 | L211: 1
A212: Run MPI Combined Run6 | B212: 114.225 | C212: 0 | D212: 20.1574 | E212: 21.5972 | F212: 0 | G212: 114.225 | H212: -nan | I212: 100 | J212: 11.793 | K212: 0.00123005 | L212: 1
A213: Run MPI Combined Run7 | B213: 114.32 | C213: 0 | D213: 20.5139 | E213: 21.3535 | F213: 0 | G213: 114.32 | H213: -nan | I213: 100 | J213: 11.7833 | K213: 0.00123005 | L213: 1
A214: Run MPI Combined Run8 | B214: 90.9991 | C214: 0 | D214: 18.0939 | E214: 20.8589 | F214: 0 | G214: 90.9991 | H214: -nan | I214: 100 | J214: 14.8031 | K214: 0.00123005 | L214: 1
A215: Run MPI Combined Run9 | B215: 92.3171 | C215: 0 | D215: 18.2927 | E215: 20.7913 | F215: 0 | G215: 92.3171 | H215: -nan | I215: 100 | J215: 14.5917 | K215: 0.00123005 | L215: 1
A216: Run MPI Combined Run10 | B216: 97.2838 | C216: 0 | D216: 18.2451 | E216: 21.4692 | F216: 0 | G216: 97.2838 | H216: -nan | I216: 100 | J216: 13.8468 | K216: 0.00123005 | L216: 1
A217: Run MPI Combined Run11 | B217: 98.772 | C217: 0 | D217: 19.0379 | E217: 21.4569 | F217: 0 | G217: 98.772 | H217: -nan | I217: 100 | J217: 13.6381 | K217: 0.00123006 | L217: 1
... A255: Run MPI Combined Run49 | B255: 98.1954 | C255: 0 | D255: 19.0477 | E255: 20.4974 | F255: 0 | G255: 98.1954 | H255: -nan | I255: 100 | J255: 13.7182 | K255: 0.00123005 | L255: 1
A256: Device 0: Tesla V100-SXM2-16GB | B256: Max thread in blocks: 1024 Total Global Memory: 16151,1 MB GPU Global Memory Usage: 3,97878 MB GPU Global Memory Hash Table: 16 MB Max PARAMETR_SIZE in GPU Global Memory: 2035477 Shared memory per block: 49152 bytes (48 KB) Shared memory per multiprocessor: 98304 bytes (96 KB) Data size in Shared memory per block: 1344 bytes (1,3125 KB) Constant Memory: 65536 bytes Parameter data size (in Constant Memory): 6720 bytes (6,5625 KB) Registers per Block: 65536 Warp Size: 32 Compute Capability: 7,0 Can Map Host Memory: Yes Clock Rate: 1530 MHz L2 Cache Size: 6291456 bytes Multiprocessor Count: 80 | C256: Max thread in blocks by axis: (1024, 1024, 64) | D256: Max blocks by axis: (2147483647, 65535, 65535) | E256: Device 1: Tesla V100-SXM2-16GB | F256: Max thread in blocks: 1024 Total Global Memory: 16151,1 MB GPU Global Memory Usage: 3,97878 MB GPU Global Memory Hash Table: 16 MB Max PARAMETR_SIZE in GPU Global Memory: 2035477 Shared memory per block: 49152 bytes (48 KB) Shared memory per multiprocessor: 98304 bytes (96 KB) Data size in Shared memory per block: 1344 bytes (1,3125 KB) Constant Memory: 65536 bytes Parameter data size (in Constant Memory): 6720 bytes (6,5625 KB) Registers per Block: 65536 Warp Size: 32 Compute Capability: 7,0 Can Map Host Memory: Yes Clock Rate: 1530 MHz L2 Cache Size: 6291456 bytes Multiprocessor Count: 80 | G256: Max thread in blocks by axis: (1024, 1024, 64) | H256: Max blocks by axis: (2147483647, 65535, 65535) | I256: Device 2: Tesla V100-SXM2-16GB | J256: Max thread in blocks: 1024 Total Global Memory: 16151,1 MB GPU Global Memory Usage: 3,97878 MB GPU Global Memory Hash Table: 16 MB Max PARAMETR_SIZE in GPU Global Memory: 2035477 Shared memory per block: 49152 bytes (48 KB) Shared memory per multiprocessor: 98304 bytes (96 KB) Data size in Shared memory per block: 1344 bytes (1,3125 KB) Constant Memory: 65536 bytes Parameter data size (in Constant Memory): 6720 bytes (6,5625 KB) Registers per Block: 65536 Warp Size: 32 Compute Capability: 7,0 Can Map Host Memory: Yes Clock Rate: 1530 MHz L2 Cache Size: 6291456 bytes Multiprocessor Count: 80 | K256: Max thread in blocks by axis: (1024, 1024, 64) | L256: Max blocks by axis: (2147483647, 65535, 65535) | M256: Device 3: Tesla V100-SXM2-16GB | N256: Max thread in blocks: 1024 Total Global Memory: 16151,1 MB GPU Global Memory Usage: 3,97878 MB GPU Global Memory Hash Table: 16 MB Max PARAMETR_SIZE in GPU Global Memory: 2035477 Shared memory per block: 49152 bytes (48 KB) Shared memory per multiprocessor: 98304 bytes (96 KB) Data size in Shared memory per block: 1344 bytes (1,3125 KB) Constant Memory: 65536 bytes Parameter data size (in Constant Memory): 6720 bytes (6,5625 KB) Registers per Block: 65536 Warp Size: 32 Compute Capability: 7,0 Can Map Host Memory: Yes Clock Rate: 1530 MHz L2 Cache Size: 6291456 bytes Multiprocessor Count: 80 | O256: Max thread in blocks by axis: (1024, 1024, 64) | P256: Max blocks by axis: (2147483647, 65535, 65535) | Q256: PARAMETR_SIZE: 168 | R256: MAX_VALUE_SIZE: 5 | S256: SET_PARAMETR_SIZE_ONE_X: 21 | T256: ANT_SIZE: 2048 | U256: MAX_THREAD_CUDA: 512 | V256: NAME_FILE_GRAPH: Parametr_Graph/test168,txt | W256: KOL_ITERATION: 500 | X256: KOL_PROGREV: 5 | Y256: KOL_PROGON_STATISTICS: 50 | Z256: PARAMETR_RO: 0,999 | AA256: PARAMETR_Q: 1 | AB256: PRINT_INFORMATION: 0 | AC256: MAX_PARAMETR_VALUE_TO_MIN_OPT: 1 | AD256: OPTIMIZE: OPTIMIZE_MIN_1 | AE256: FUNCTION: SHAFFERA GO_HASH: 0 | AF256: HASH_TABLE_SIZE: 1048576 | AG256: ZERO_HASH_RESULT: -1 | AH256: ZERO_HASH: 18446744073709551615 | AI256: MAX_PROBES: 10000 | AJ256: MAX_CONST: 8192 | AK256: MAX_SHARED: 49152 | AL256: BLOCK_SIZE: 64 | AM256: BIN_SEARCH: 0 | AN256: NON_WHILE_ANT: 1 | AO256: USE CONST MEMORY | AP256: USE SHARED MEMORY
A257: Run MPI Combined Run0 | B257: 113.136 | C257: 0 | D257: 17.5269 | E257: 34.1237 | F257: 0 | G257: 113.136 | H257: -nan | I257: 100 | J257: 23.3706 | K257: 0.00123005 | L257: 1
A258: Run MPI Combined Run1 | B258: 112.164 | C258: 0 | D258: 17.3258 | E258: 33.6189 | F258: 0 | G258: 112.164 | H258: -nan | I258: 100 | J258: 23.5731 | K258: 0.00123005 | L258: 1
A259: Run MPI Combined Run2 | B259: 112.381 | C259: 0 | D259: 17.164 | E259: 34.1043 | F259: 0 | G259: 112.381 | H259: -nan | I259: 100 | J259: 23.5276 | K259: 0.00123005 | L259: 1
A260: Run MPI Combined Run3 | B260: 110.029 | C260: 0 | D260: 17.2984 | E260: 33.4735 | F260: 0 | G260: 110.029 | H260: -nan | I260: 100 | J260: 24.0307 | K260: 0.00123005 | L260: 1
A261: Run MPI Combined Run4 | B261: 118.819 | C261: 0 | D261: 18.2593 | E261: 33.8605 | F261: 0 | G261: 118.819 | H261: -nan | I261: 100 | J261: 22.2528 | K261: 0.00123005 | L261: 1
A262: Run MPI Combined Run5 | B262: 128.03 | C262: 0 | D262: 19.1205 | E262: 33.709 | F262: 0 | G262: 128.03 | H262: -nan | I262: 100 | J262: 20.6519 | K262: 0.00123005 | L262: 1
A263: Run MPI Combined Run6 | B263: 123.431 | C263: 0 | D263: 18.3156 | E263: 34.2261 | F263: 0 | G263: 123.431 | H263: -nan | I263: 100 | J263: 21.4213 | K263: 0.00123005 | L263: 1
A264: Run MPI Combined Run7 | B264: 104.64 | C264: 0 | D264: 17.4902 | E264: 33.0281 | F264: 0 | G264: 104.64 | H264: -nan | I264: 100 | J264: 25.2681 | K264: 0.00123005 | L264: 1
A265: Run MPI Combined Run8 | B265: 108.813 | C265: 0 | D265: 17.3313 | E265: 33.8739 | F265: 0 | G265: 108.813 | H265: -nan | I265: 100 | J265: 24.2992 | K265: 0.00123005 | L265: 1
A266: Run MPI Combined Run9 | B266: 111.504 | C266: 0 | D266: 17.3092 | E266: 33.5964 | F266: 0 | G266: 111.504 | H266: -nan | I266: 100 | J266: 23.7127 | K266: 0.00123007 | L266: 1
A267: Run MPI Combined Run10 | B267: 110.553 | C267: 0 | D267: 16.856 | E267: 33.9578 | F267: 0 | G267: 110.553 | H267: -nan | I267: 100 | J267: 23.9166 | K267: 0.00123006 | L267: 1
A268: Run MPI Combined Run11 | B268: 110.303 | C268: 0 | D268: 17.2225 | E268: 33.5124 | F268: 0 | G268: 110.303 | H268: -nan | I268: 100 | J268: 23.971 | K268: 0.00123005 | L268: 1
... A306: Run MPI Combined Run49 | B306: 110.856 | C306: 0 | D306: 17.3552 | E306: 33.6465 | F306: 0 | G306: 110.856 | H306: -nan | I306: 100 | J306: 23.8514 | K306: 0.00123005 | L306: 1
A307: Device 0: Tesla V100-SXM2-16GB | B307: Max thread in blocks: 1024 Total Global Memory: 16151,1 MB GPU Global Memory Usage: 7,9319 MB GPU Global Memory Hash Table: 16 MB Max PARAMETR_SIZE in GPU Global Memory: 1025137 Shared memory per block: 49152 bytes (48 KB) Shared memory per multiprocessor: 98304 bytes (96 KB) Data size in Shared memory per block: 1344 bytes (1,3125 KB) Constant Memory: 65536 bytes Parameter data size (in Constant Memory): 6720 bytes (6,5625 KB) Registers per Block: 65536 Warp Size: 32 Compute Capability: 7,0 Can Map Host Memory: Yes Clock Rate: 1530 MHz L2 Cache Size: 6291456 bytes Multiprocessor Count: 80 | C307: Max thread in blocks by axis: (1024, 1024, 64) | D307: Max blocks by axis: (2147483647, 65535, 65535) | E307: Device 1: Tesla V100-SXM2-16GB | F307: Max thread in blocks: 1024 Total Global Memory: 16151,1 MB GPU Global Memory Usage: 7,9319 MB GPU Global Memory Hash Table: 16 MB Max PARAMETR_SIZE in GPU Global Memory: 1025137 Shared memory per block: 49152 bytes (48 KB) Shared memory per multiprocessor: 98304 bytes (96 KB) Data size in Shared memory per block: 1344 bytes (1,3125 KB) Constant Memory: 65536 bytes Parameter data size (in Constant Memory): 6720 bytes (6,5625 KB) Registers per Block: 65536 Warp Size: 32 Compute Capability: 7,0 Can Map Host Memory: Yes Clock Rate: 1530 MHz L2 Cache Size: 6291456 bytes Multiprocessor Count: 80 | G307: Max thread in blocks by axis: (1024, 1024, 64) | H307: Max blocks by axis: (2147483647, 65535, 65535) | I307: Device 2: Tesla V100-SXM2-16GB | J307: Max thread in blocks: 1024 Total Global Memory: 16151,1 MB GPU Global Memory Usage: 7,9319 MB GPU Global Memory Hash Table: 16 MB Max PARAMETR_SIZE in GPU Global Memory: 1025137 Shared memory per block: 49152 bytes (48 KB) Shared memory per multiprocessor: 98304 bytes (96 KB) Data size in Shared memory per block: 1344 bytes (1,3125 KB) Constant Memory: 65536 bytes Parameter data size (in Constant Memory): 6720 bytes (6,5625 KB) Registers per Block: 65536 Warp Size: 32 Compute Capability: 7,0 Can Map Host Memory: Yes Clock Rate: 1530 MHz L2 Cache Size: 6291456 bytes Multiprocessor Count: 80 | K307: Max thread in blocks by axis: (1024, 1024, 64) | L307: Max blocks by axis: (2147483647, 65535, 65535) | M307: Device 3: Tesla V100-SXM2-16GB | N307: Max thread in blocks: 1024 Total Global Memory: 16151,1 MB GPU Global Memory Usage: 7,9319 MB GPU Global Memory Hash Table: 16 MB Max PARAMETR_SIZE in GPU Global Memory: 1025137 Shared memory per block: 49152 bytes (48 KB) Shared memory per multiprocessor: 98304 bytes (96 KB) Data size in Shared memory per block: 1344 bytes (1,3125 KB) Constant Memory: 65536 bytes Parameter data size (in Constant Memory): 6720 bytes (6,5625 KB) Registers per Block: 65536 Warp Size: 32 Compute Capability: 7,0 Can Map Host Memory: Yes Clock Rate: 1530 MHz L2 Cache Size: 6291456 bytes Multiprocessor Count: 80 | O307: Max thread in blocks by axis: (1024, 1024, 64) | P307: Max blocks by axis: (2147483647, 65535, 65535) | Q307: PARAMETR_SIZE: 168 | R307: MAX_VALUE_SIZE: 5 | S307: SET_PARAMETR_SIZE_ONE_X: 21 | T307: ANT_SIZE: 4096 | U307: MAX_THREAD_CUDA: 512 | V307: NAME_FILE_GRAPH: Parametr_Graph/test168,txt | W307: KOL_ITERATION: 500 | X307: KOL_PROGREV: 5 | Y307: KOL_PROGON_STATISTICS: 50 | Z307: PARAMETR_RO: 0,999 | AA307: PARAMETR_Q: 1 | AB307: PRINT_INFORMATION: 0 | AC307: MAX_PARAMETR_VALUE_TO_MIN_OPT: 1 | AD307: OPTIMIZE: OPTIMIZE_MIN_1 | AE307: FUNCTION: SHAFFERA GO_HASH: 0 | AF307: HASH_TABLE_SIZE: 1048576 | AG307: ZERO_HASH_RESULT: -1 | AH307: ZERO_HASH: 18446744073709551615 | AI307: MAX_PROBES: 10000 | AJ307: MAX_CONST: 8192 | AK307: MAX_SHARED: 49152 | AL307: BLOCK_SIZE: 64 | AM307: BIN_SEARCH: 0 | AN307: NON_WHILE_ANT: 1 | AO307: USE CONST MEMORY | AP307: USE SHARED MEMORY
A308: Run MPI Combined Run0 | B308: 132.558 | C308: 0 | D308: 17.9226 | E308: 55.9575 | F308: 0 | G308: 132.558 | H308: -nan | I308: 100 | J308: 39.5153 | K308: 0.00123005 | L308: 1
A309: Run MPI Combined Run1 | B309: 131.186 | C309: 0 | D309: 17.6224 | E309: 56.4254 | F309: 0 | G309: 131.186 | H309: -nan | I309: 100 | J309: 39.9285 | K309: 0.00123005 | L309: 1
A310: Run MPI Combined Run2 | B310: 144.545 | C310: 0 | D310: 18.4571 | E310: 56.0046 | F310: 0 | G310: 144.545 | H310: -nan | I310: 100 | J310: 36.2383 | K310: 0.00123005 | L310: 1
A311: Run MPI Combined Run3 | B311: 149.324 | C311: 0 | D311: 19.2016 | E311: 56.6507 | F311: 0 | G311: 149.324 | H311: -nan | I311: 100 | J311: 35.0785 | K311: 0.00123005 | L311: 1
A312: Run MPI Combined Run4 | B312: 129.486 | C312: 0 | D312: 17.7377 | E312: 55.4045 | F312: 0 | G312: 129.486 | H312: -nan | I312: 100 | J312: 40.4527 | K312: 0.00123005 | L312: 1
A313: Run MPI Combined Run5 | B313: 128.289 | C313: 0 | D313: 17.447 | E313: 56.1572 | F313: 0 | G313: 128.289 | H313: -nan | I313: 100 | J313: 40.8302 | K313: 0.00123005 | L313: 1
A314: Run MPI Combined Run6 | B314: 132.404 | C314: 0 | D314: 17.1535 | E314: 56.023 | F314: 0 | G314: 132.404 | H314: -nan | I314: 100 | J314: 39.5612 | K314: 0.00123005 | L314: 1
A315: Run MPI Combined Run7 | B315: 132.698 | C315: 0 | D315: 17.6148 | E315: 56.4981 | F315: 0 | G315: 132.698 | H315: -nan | I315: 100 | J315: 39.4735 | K315: 0.00123005 | L315: 1
A316: Run MPI Combined Run8 | B316: 131.67 | C316: 0 | D316: 17.5476 | E316: 56.0036 | F316: 0 | G316: 131.67 | H316: -nan | I316: 100 | J316: 39.7817 | K316: 0.00123005 | L316: 1
A317: Run MPI Combined Run9 | B317: 132.028 | C317: 0 | D317: 17.4323 | E317: 56.4684 | F317: 0 | G317: 132.028 | H317: -nan | I317: 100 | J317: 39.6738 | K317: 0.00123005 | L317: 1
A318: Run MPI Combined Run10 | B318: 135.254 | C318: 0 | D318: 17.3141 | E318: 55.6707 | F318: 0 | G318: 135.254 | H318: -nan | I318: 100 | J318: 38.7275 | K318: 0.00123005 | L318: 1
A319: Run MPI Combined Run11 | B319: 148.934 | C319: 0 | D319: 18.9814 | E319: 56.7398 | F319: 0 | G319: 148.934 | H319: -nan | I319: 100 | J319: 35.1704 | K319: 0.00123005 | L319: 1
... A357: Run MPI Combined Run49 | B357: 133.778 | C357: 0 | D357: 17.3876 | E357: 56.5944 | F357: 0 | G357: 133.778 | H357: -nan | I357: 100 | J357: 39.1547 | K357: 0.00123005 | L357: 1
