Workbook

Sheet Itog
A1: 109 | O1: =OFFSET('1050LAPTOP'!$C$1,A4-1,0) -> CUDA opt ant par Const | Y1: 3
E2: 2 | F2: 4 | G2: 8 | H2: 16 | I2: 32 | J2: 64 | K2: 128 | Q2: 2 | R2: 4 | S2: 8 | T2: 16 | U2: 32 | V2: 64 | W2: 128 | Y2: 32
E3: 42 | F3: 84 | G3: 168 | H3: 336 | I3: 672 | J3: 1344 | K3: 2688 | Q3: 42 | R3: 84 | S3: 168 | T3: 336 | U3: 672 | V3: 1344 | W3: 2688 | Y3: 65
A4: 47 | B4: =OFFSET('1050LAPTOP'!$C$1,A4-1,0) -> CUDA opt ant par Const | C4: Classic ACO | D4: МО | E4: =OFFSET('1050LAPTOP'!D$1,$A5-1,0) -> 14722.332 | F4: =OFFSET('1050LAPTOP'!E$1,$A5-1,0) -> 27364.668 | G4: =OFFSET('1050LAPTOP'!F$1,$A5-1,0) -> 52186.786 | H4: =OFFSET('1050LAPTOP'!G$1,$A5-1,0) -> 103402.44 | I4: =OFFSET('1050LAPTOP'!H$1,$A5-1,0) -> 207103.36 | J4: =OFFSET('1050LAPTOP'!I$1,$A5-1,0) -> 410463.68 | K4: =OFFSET('1050LAPTOP'!J$1,$A5-1,0) -> 835652.72 | N4: 768 | O4: i5-8300H + 1050 Ti | P4: МО | Q4: =OFFSET('1050LAPTOP'!D$1,$A$4-1,0) -> 26.173686 | R4: =OFFSET('1050LAPTOP'!E$1,$A$4-1,0) -> 18.161883 | S4: =OFFSET('1050LAPTOP'!F$1,$A$4-1,0) -> 14.080918 | T4: =OFFSET('1050LAPTOP'!G$1,$A$4-1,0) -> 12.342671 | U4: =OFFSET('1050LAPTOP'!H$1,$A$4-1,0) -> 11.374037 | V4: =OFFSET('1050LAPTOP'!I$1,$A$4-1,0) -> 10.799607 | W4: =OFFSET('1050LAPTOP'!J$1,$A$4-1,0) -> 0
A5: 3 | B5: =OFFSET('1050LAPTOP'!$C$1,A5-1,0) -> Classic ACO | D5: ДИ | E5: =OFFSET('1050LAPTOP'!D$1,$A5-1+$A$1,0) -> 1653.828 | F5: =OFFSET('1050LAPTOP'!E$1,$A5-1+$A$1,0) -> 1627.9611 | G5: =OFFSET('1050LAPTOP'!F$1,$A5-1+$A$1,0) -> 455.93194 | H5: =OFFSET('1050LAPTOP'!G$1,$A5-1+$A$1,0) -> 504.89508 | I5: =OFFSET('1050LAPTOP'!H$1,$A5-1+$A$1,0) -> 448.41431 | J5: =OFFSET('1050LAPTOP'!I$1,$A5-1+$A$1,0) -> 922.85496 | K5: =OFFSET('1050LAPTOP'!J$1,$A5-1+$A$1,0) -> 15568.28 | P5: ДИ | Q5: =OFFSET('1050LAPTOP'!D$1,$A$4-1+$A$1,0) -> 0 | R5: =OFFSET('1050LAPTOP'!E$1,$A$4-1+$A$1,0) -> 0 | S5: =OFFSET('1050LAPTOP'!F$1,$A$4-1+$A$1,0) -> 0 | T5: =OFFSET('1050LAPTOP'!G$1,$A$4-1+$A$1,0) -> 0 | U5: =OFFSET('1050LAPTOP'!H$1,$A$4-1+$A$1,0) -> 0 | V5: =OFFSET('1050LAPTOP'!I$1,$A$4-1+$A$1,0) -> 0 | W5: =OFFSET('1050LAPTOP'!J$1,$A$4-1+$A$1,0) -> 0 | AA5: =Q5/Q$3 -> 0 | AB5: =R5/R$3 -> 0 | AC5: =S5/S$3 -> 0 | AD5: =T5/T$3 -> 0 | AE5: =U5/U$3 -> 0 | AF5: =V5/V$3 -> 0 | AG5: =W5/W$3 -> 0
A6: 4 | B6: =OFFSET('1050LAPTOP'!$C$1,A6-1,0) -> CUDA Time | C6: Matrix ACO | D6: МО | E6: =OFFSET('1050LAPTOP'!D$1,$A6-1,0) -> 3230.6196 | F6: =OFFSET('1050LAPTOP'!E$1,$A6-1,0) -> 8165.289 | G6: =OFFSET('1050LAPTOP'!F$1,$A6-1,0) -> 30570.496 | H6: =OFFSET('1050LAPTOP'!G$1,$A6-1,0) -> 118797.04 | I6: =OFFSET('1050LAPTOP'!H$1,$A6-1,0) -> 0 | J6: =OFFSET('1050LAPTOP'!I$1,$A6-1,0) -> 0 | K6: =OFFSET('1050LAPTOP'!J$1,$A6-1,0) -> 0 | N6: 768 | O6: i5-9400F + 1050 Ti | P6: МО | Q6: =OFFSET('1050COMP'!D$1,$A$4-1,0) -> 28.121576 | R6: =OFFSET('1050COMP'!E$1,$A$4-1,0) -> 20.16201 | S6: =OFFSET('1050COMP'!F$1,$A$4-1,0) -> 15.655456 | T6: =OFFSET('1050COMP'!G$1,$A$4-1,0) -> 11.975468 | U6: =OFFSET('1050COMP'!H$1,$A$4-1,0) -> 14.06894 | V6: =OFFSET('1050COMP'!I$1,$A$4-1,0) -> 12.370853 | W6: =OFFSET('1050COMP'!J$1,$A$4-1,0) -> #DIV/0!
D7: ДИ | E7: =OFFSET('1050LAPTOP'!D$1,$A6-1+$A$1,0) -> 1125.084 | F7: =OFFSET('1050LAPTOP'!E$1,$A6-1+$A$1,0) -> 136.09953 | G7: =OFFSET('1050LAPTOP'!F$1,$A6-1+$A$1,0) -> 572.23754 | H7: =OFFSET('1050LAPTOP'!G$1,$A6-1+$A$1,0) -> 274.45102 | I7: =OFFSET('1050LAPTOP'!H$1,$A6-1+$A$1,0) -> 296.30706 | J7: =OFFSET('1050LAPTOP'!I$1,$A6-1+$A$1,0) -> 2317.0873 | K7: =OFFSET('1050LAPTOP'!J$1,$A6-1+$A$1,0) -> 0 | P7: ДИ | Q7: =OFFSET('1050COMP'!D$1,$A$4-1+$A$1,0) -> 0 | R7: =OFFSET('1050COMP'!E$1,$A$4-1+$A$1,0) -> 0 | S7: =OFFSET('1050COMP'!F$1,$A$4-1+$A$1,0) -> 0 | T7: =OFFSET('1050COMP'!G$1,$A$4-1+$A$1,0) -> 0 | U7: =OFFSET('1050COMP'!H$1,$A$4-1+$A$1,0) -> 0 | V7: =OFFSET('1050COMP'!I$1,$A$4-1+$A$1,0) -> 0 | W7: =OFFSET('1050COMP'!J$1,$A$4-1+$A$1,0) -> 0 | AA7: =Q7/Q$3 -> 0 | AB7: =R7/R$3 -> 0 | AC7: =S7/S$3 -> 0 | AD7: =T7/T$3 -> 0 | AE7: =U7/U$3 -> 0 | AF7: =V7/V$3 -> 0 | AG7: =W7/W$3 -> 0
A8: 5 | B8: =OFFSET('1050LAPTOP'!$C$1,A8-1,0) -> CUDA ant | C8: Matrix ACO + OMP | D8: МО | E8: =OFFSET('1050LAPTOP'!D$1,$A8-1,0) -> 1112.299 | F8: =OFFSET('1050LAPTOP'!E$1,$A8-1,0) -> 1566.9034 | G8: =OFFSET('1050LAPTOP'!F$1,$A8-1,0) -> 2500.6766 | H8: =OFFSET('1050LAPTOP'!G$1,$A8-1,0) -> 5049.3438 | I8: =OFFSET('1050LAPTOP'!H$1,$A8-1,0) -> 9900.7614 | J8: =OFFSET('1050LAPTOP'!I$1,$A8-1,0) -> 19017.788 | K8: =OFFSET('1050LAPTOP'!J$1,$A8-1,0) -> 38230.252 | N8: 3840 | O8: i5-12450H + 3060 Laptop | P8: МО | Q8: =OFFSET('3060LAPTOP'!D$1,$A$4-1,0) -> 16.463778 | R8: =OFFSET('3060LAPTOP'!E$1,$A$4-1,0) -> 10.364808 | S8: =OFFSET('3060LAPTOP'!F$1,$A$4-1,0) -> 7.5058357 | T8: =OFFSET('3060LAPTOP'!G$1,$A$4-1,0) -> 6.0141119 | U8: =OFFSET('3060LAPTOP'!H$1,$A$4-1,0) -> 5.444361 | V8: =OFFSET('3060LAPTOP'!I$1,$A$4-1,0) -> 5.0426147 | W8: =OFFSET('3060LAPTOP'!J$1,$A$4-1,0) -> 0
D9: ДИ | E9: =OFFSET('1050LAPTOP'!D$1,$A8-1+$A$1,0) -> 1160.0956 | F9: =OFFSET('1050LAPTOP'!E$1,$A8-1+$A$1,0) -> 1544.2069 | G9: =OFFSET('1050LAPTOP'!F$1,$A8-1+$A$1,0) -> 336.66432 | H9: =OFFSET('1050LAPTOP'!G$1,$A8-1+$A$1,0) -> 419.13916 | I9: =OFFSET('1050LAPTOP'!H$1,$A8-1+$A$1,0) -> 602.74156 | J9: =OFFSET('1050LAPTOP'!I$1,$A8-1+$A$1,0) -> 2990.9431 | K9: =OFFSET('1050LAPTOP'!J$1,$A8-1+$A$1,0) -> 20096.162 | P9: ДИ | Q9: =OFFSET('3060LAPTOP'!D$1,$A$4-1+$A$1,0) -> 0 | R9: =OFFSET('3060LAPTOP'!E$1,$A$4-1+$A$1,0) -> 108.8113 | S9: =OFFSET('3060LAPTOP'!F$1,$A$4-1+$A$1,0) -> 317.37808 | T9: =OFFSET('3060LAPTOP'!G$1,$A$4-1+$A$1,0) -> 730.1457 | U9: =OFFSET('3060LAPTOP'!H$1,$A$4-1+$A$1,0) -> 124595.32 | V9: =OFFSET('3060LAPTOP'!I$1,$A$4-1+$A$1,0) -> 18364.408 | W9: =OFFSET('3060LAPTOP'!J$1,$A$4-1+$A$1,0) -> 36667.405 | AA9: =Q9/Q$3 -> 0 | AB9: =R9/R$3 -> 1.2953726 | AC9: =S9/S$3 -> 1.8891552 | AD9: =T9/T$3 -> 2.1730527 | AE9: =U9/U$3 -> 185.40971 | AF9: =V9/V$3 -> 13.663994 | AG9: =W9/W$3 -> 13.641148
A10: 6 | B10: =OFFSET('1050LAPTOP'!$C$1,A10-1,0) -> CUDA ant par | C10: Transp Matrix ACO | D10: МО | E10: =OFFSET('1050LAPTOP'!D$1,$A10-1,0) -> 1105.3332 | F10: =OFFSET('1050LAPTOP'!E$1,$A10-1,0) -> 1534.082 | G10: =OFFSET('1050LAPTOP'!F$1,$A10-1,0) -> 2406.023 | H10: =OFFSET('1050LAPTOP'!G$1,$A10-1,0) -> 4137.362 | I10: =OFFSET('1050LAPTOP'!H$1,$A10-1,0) -> 7671.3552 | J10: =OFFSET('1050LAPTOP'!I$1,$A10-1,0) -> 14430.712 | K10: =OFFSET('1050LAPTOP'!J$1,$A10-1,0) -> 28317.03 | N10: 3584 | O10: i5-13600K + 3060 | P10: МО | Q10: =OFFSET('3060COMP Kaf'!D$1,$A$4-1,0) -> 17.550789 | R10: =OFFSET('3060COMP Kaf'!E$1,$A$4-1,0) -> 11.310579 | S10: =OFFSET('3060COMP Kaf'!F$1,$A$4-1,0) -> 7.7968905 | T10: =OFFSET('3060COMP Kaf'!G$1,$A$4-1,0) -> 6.2520815 | U10: =OFFSET('3060COMP Kaf'!H$1,$A$4-1,0) -> 5.9163143 | V10: =OFFSET('3060COMP Kaf'!I$1,$A$4-1,0) -> 5.2853024 | W10: =OFFSET('3060COMP Kaf'!J$1,$A$4-1,0) -> #DIV/0!
D11: ДИ | E11: =OFFSET('1050LAPTOP'!D$1,$A10-1+$A$1,0) -> #DIV/0! | F11: =OFFSET('1050LAPTOP'!E$1,$A10-1+$A$1,0) -> 633.42138 | G11: =OFFSET('1050LAPTOP'!F$1,$A10-1+$A$1,0) -> 330.30755 | H11: =OFFSET('1050LAPTOP'!G$1,$A10-1+$A$1,0) -> 301.94667 | I11: =OFFSET('1050LAPTOP'!H$1,$A10-1+$A$1,0) -> 4014.3246 | J11: =OFFSET('1050LAPTOP'!I$1,$A10-1+$A$1,0) -> 5734.0441 | K11: =OFFSET('1050LAPTOP'!J$1,$A10-1+$A$1,0) -> 1545.8799 | P11: ДИ | Q11: =OFFSET('3060COMP Kaf'!D$1,$A$4-1+$A$1,0) -> 0 | R11: =OFFSET('3060COMP Kaf'!E$1,$A$4-1+$A$1,0) -> 39.598018 | S11: =OFFSET('3060COMP Kaf'!F$1,$A$4-1+$A$1,0) -> 39.503278 | T11: =OFFSET('3060COMP Kaf'!G$1,$A$4-1+$A$1,0) -> 71.002016 | U11: =OFFSET('3060COMP Kaf'!H$1,$A$4-1+$A$1,0) -> 202.09293 | V11: =OFFSET('3060COMP Kaf'!I$1,$A$4-1+$A$1,0) -> 499.80582 | W11: =OFFSET('3060COMP Kaf'!J$1,$A$4-1+$A$1,0) -> 727.92469 | AA11: =Q11/Q$3 -> 0 | AB11: =R11/R$3 -> 0.47140498 | AC11: =S11/S$3 -> 0.23513856 | AD11: =T11/T$3 -> 0.21131552 | AE11: =U11/U$3 -> 0.30073353 | AF11: =V11/V$3 -> 0.37187933 | AG11: =W11/W$3 -> 0.27080531
A12: 7 | B12: =OFFSET('1050LAPTOP'!$C$1,A12-1,0) -> CUDA opt | C12: Transp Matrix ACO + AVX | D12: МО | E12: =OFFSET('1050LAPTOP'!D$1,$A12-1,0) -> 3244.532 | F12: =OFFSET('1050LAPTOP'!E$1,$A12-1,0) -> 8200.7432 | G12: =OFFSET('1050LAPTOP'!F$1,$A12-1,0) -> 30655.228 | H12: =OFFSET('1050LAPTOP'!G$1,$A12-1,0) -> 119025.24 | I12: =OFFSET('1050LAPTOP'!H$1,$A12-1,0) -> 0 | J12: =OFFSET('1050LAPTOP'!I$1,$A12-1,0) -> 0 | K12: =OFFSET('1050LAPTOP'!J$1,$A12-1,0) -> 0 | N12: 4352 | O12: AMD Ryzen 5 7500F 6 + 4060TI | P12: МО | Q12: =OFFSET('4060COMP'!D$1,$A$4-1,0) -> 12.092298 | R12: =OFFSET('4060COMP'!E$1,$A$4-1,0) -> 7.5542731 | S12: =OFFSET('4060COMP'!F$1,$A$4-1,0) -> 5.3284601 | T12: =OFFSET('4060COMP'!G$1,$A$4-1,0) -> 4.2659202 | U12: =OFFSET('4060COMP'!H$1,$A$4-1,0) -> 3.7373798 | V12: =OFFSET('4060COMP'!I$1,$A$4-1,0) -> 3.4747632 | W12: =OFFSET('4060COMP'!J$1,$A$4-1,0) -> 0
D13: ДИ | E13: =OFFSET('1050LAPTOP'!D$1,$A12-1+$A$1,0) -> 322.78392 | F13: =OFFSET('1050LAPTOP'!E$1,$A12-1+$A$1,0) -> 239.33621 | G13: =OFFSET('1050LAPTOP'!F$1,$A12-1+$A$1,0) -> 363.12767 | H13: =OFFSET('1050LAPTOP'!G$1,$A12-1+$A$1,0) -> 682.78439 | I13: =OFFSET('1050LAPTOP'!H$1,$A12-1+$A$1,0) -> 1087793.1 | J13: =OFFSET('1050LAPTOP'!I$1,$A12-1+$A$1,0) -> 626616.7 | K13: =OFFSET('1050LAPTOP'!J$1,$A12-1+$A$1,0) -> 20370.716 | P13: ДИ | Q13: =OFFSET('4060COMP'!D$1,$A$4-1+$A$1,0) -> 0 | R13: =OFFSET('4060COMP'!E$1,$A$4-1+$A$1,0) -> 259.53063 | S13: =OFFSET('4060COMP'!F$1,$A$4-1+$A$1,0) -> 616.71731 | T13: =OFFSET('4060COMP'!G$1,$A$4-1+$A$1,0) -> 3560.7066 | U13: =OFFSET('4060COMP'!H$1,$A$4-1+$A$1,0) -> 57100.636 | V13: =OFFSET('4060COMP'!I$1,$A$4-1+$A$1,0) -> 13831.197 | W13: =OFFSET('4060COMP'!J$1,$A$4-1+$A$1,0) -> 19720658 | AA13: =Q13/Q$3 -> 0 | AB13: =R13/R$3 -> 3.0896503 | AC13: =S13/S$3 -> 3.6709364 | AD13: =T13/T$3 -> 10.597341 | AE13: =U13/U$3 -> 84.971184 | AF13: =V13/V$3 -> 10.291069 | AG13: =W13/W$3 -> 7336.5544
A14: 8 | B14: =OFFSET('1050LAPTOP'!$C$1,A14-1,0) -> CUDA opt ant | C14: Transp Matrix ACO + AVX + OPM | D14: МО | E14: =OFFSET('1050LAPTOP'!D$1,$A14-1,0) -> 1111.0204 | F14: =OFFSET('1050LAPTOP'!E$1,$A14-1,0) -> 1562.7406 | G14: =OFFSET('1050LAPTOP'!F$1,$A14-1,0) -> 2477.3718 | H14: =OFFSET('1050LAPTOP'!G$1,$A14-1,0) -> 5021.7652 | I14: =OFFSET('1050LAPTOP'!H$1,$A14-1,0) -> 9885.4504 | J14: =OFFSET('1050LAPTOP'!I$1,$A14-1,0) -> 19083.762 | K14: =OFFSET('1050LAPTOP'!J$1,$A14-1,0) -> 38204.806 | N14: 1024 | O14: Jetson Orin | P14: МО | Q14: =OFFSET(JETSON!D$1,$A$4-1,0) -> 10.506158 | R14: =OFFSET(JETSON!E$1,$A$4-1,0) -> 6.8151676 | S14: =OFFSET(JETSON!F$1,$A$4-1,0) -> 4.9888018 | T14: =OFFSET(JETSON!G$1,$A$4-1,0) -> 4.2645345 | U14: =OFFSET(JETSON!H$1,$A$4-1,0) -> 4.205383 | V14: =OFFSET(JETSON!I$1,$A$4-1,0) -> 3.8692 | W14: =OFFSET(JETSON!J$1,$A$4-1,0) -> 0
D15: ДИ | E15: =OFFSET('1050LAPTOP'!D$1,$A14-1+$A$1,0) -> 263.99015 | F15: =OFFSET('1050LAPTOP'!E$1,$A14-1+$A$1,0) -> 131.70371 | G15: =OFFSET('1050LAPTOP'!F$1,$A14-1+$A$1,0) -> 346.02492 | H15: =OFFSET('1050LAPTOP'!G$1,$A14-1+$A$1,0) -> 1621.1023 | I15: =OFFSET('1050LAPTOP'!H$1,$A14-1+$A$1,0) -> 530.49904 | J15: =OFFSET('1050LAPTOP'!I$1,$A14-1+$A$1,0) -> 664.23416 | K15: =OFFSET('1050LAPTOP'!J$1,$A14-1+$A$1,0) -> 753568.69 | P15: ДИ | Q15: =OFFSET(JETSON!D$1,$A$4-1+$A$1,0) -> 0 | R15: =OFFSET(JETSON!E$1,$A$4-1+$A$1,0) -> 259.53063 | S15: =OFFSET(JETSON!F$1,$A$4-1+$A$1,0) -> 616.71731 | T15: =OFFSET(JETSON!G$1,$A$4-1+$A$1,0) -> 3560.7066 | U15: =OFFSET(JETSON!H$1,$A$4-1+$A$1,0) -> 57100.636 | V15: =OFFSET(JETSON!I$1,$A$4-1+$A$1,0) -> 13831.197 | W15: =OFFSET(JETSON!J$1,$A$4-1+$A$1,0) -> 19720658
A16: 12 | B16: =OFFSET('1050LAPTOP'!$C$1,A16-1,0) -> CUDA opt_one_GPU ant local | D16: МО | E16: =OFFSET('1050LAPTOP'!D$1,$A16-1,0) -> 1469.1822 | F16: =OFFSET('1050LAPTOP'!E$1,$A16-1,0) -> 2883.3024 | G16: =OFFSET('1050LAPTOP'!F$1,$A16-1,0) -> 5688.8598 | H16: =OFFSET('1050LAPTOP'!G$1,$A16-1,0) -> 11485.506 | I16: =OFFSET('1050LAPTOP'!H$1,$A16-1,0) -> 23062.244 | J16: =OFFSET('1050LAPTOP'!I$1,$A16-1,0) -> 46032.586 | K16: =OFFSET('1050LAPTOP'!J$1,$A16-1,0) -> 92249.118 | N16: 5120 | O16: Tesla V100 | P16: МО | Q16: =OFFSET(REA!D$1,$A$4-1,0) -> 3.3409729 | R16: =OFFSET(REA!E$1,$A$4-1,0) -> 2.118965 | S16: =OFFSET(REA!F$1,$A$4-1,0) -> 1.5079782 | T16: =OFFSET(REA!G$1,$A$4-1,0) -> 1.2961796 | U16: =OFFSET(REA!H$1,$A$4-1,0) -> 1.3406399 | V16: =OFFSET(REA!I$1,$A$4-1,0) -> 1.2379494 | W16: =OFFSET(REA!J$1,$A$4-1,0) -> 0
D17: ДИ | E17: =OFFSET('1050LAPTOP'!D$1,$A16-1+$A$1,0) -> 2 | F17: =OFFSET('1050LAPTOP'!E$1,$A16-1+$A$1,0) -> 4 | G17: =OFFSET('1050LAPTOP'!F$1,$A16-1+$A$1,0) -> 8 | H17: =OFFSET('1050LAPTOP'!G$1,$A16-1+$A$1,0) -> 16 | I17: =OFFSET('1050LAPTOP'!H$1,$A16-1+$A$1,0) -> 32 | J17: =OFFSET('1050LAPTOP'!I$1,$A16-1+$A$1,0) -> 64 | K17: =OFFSET('1050LAPTOP'!J$1,$A16-1+$A$1,0) -> 128 | P17: ДИ | Q17: =OFFSET(REA!D$1,$A$4-1+$A$1,0) -> 0 | R17: =OFFSET(REA!E$1,$A$4-1+$A$1,0) -> 113.63023 | S17: =OFFSET(REA!F$1,$A$4-1+$A$1,0) -> 1100.334 | T17: =OFFSET(REA!G$1,$A$4-1+$A$1,0) -> 975.64003 | U17: =OFFSET(REA!H$1,$A$4-1+$A$1,0) -> 64976.078 | V17: =OFFSET(REA!I$1,$A$4-1+$A$1,0) -> 12178.92 | W17: =OFFSET(REA!J$1,$A$4-1+$A$1,0) -> 19055708
A18: 13 | B18: =OFFSET('1050LAPTOP'!$C$1,A18-1,0) -> CUDA Const | D18: МО | E18: =OFFSET('1050LAPTOP'!D$1,$A18-1,0) -> 3190.673 | F18: =OFFSET('1050LAPTOP'!E$1,$A18-1,0) -> 8273.887 | G18: =OFFSET('1050LAPTOP'!F$1,$A18-1,0) -> 30350.504 | H18: =OFFSET('1050LAPTOP'!G$1,$A18-1,0) -> 119486.92 | I18: =OFFSET('1050LAPTOP'!H$1,$A18-1,0) -> 0 | J18: =OFFSET('1050LAPTOP'!I$1,$A18-1,0) -> 0 | K18: =OFFSET('1050LAPTOP'!J$1,$A18-1,0) -> 0
D19: ДИ | E19: =OFFSET('1050LAPTOP'!D$1,$A18-1+$A$1,0) -> 42 | F19: =OFFSET('1050LAPTOP'!E$1,$A18-1+$A$1,0) -> 84 | G19: =OFFSET('1050LAPTOP'!F$1,$A18-1+$A$1,0) -> 168 | H19: =OFFSET('1050LAPTOP'!G$1,$A18-1+$A$1,0) -> 336 | I19: =OFFSET('1050LAPTOP'!H$1,$A18-1+$A$1,0) -> 672 | J19: =OFFSET('1050LAPTOP'!I$1,$A18-1+$A$1,0) -> 1344 | K19: =OFFSET('1050LAPTOP'!J$1,$A18-1+$A$1,0) -> 2688
A20: 3 | B20: =OFFSET('1050LAPTOP'!$C$1,A20-1,0) -> Classic ACO | C20: Classic ACO | D20: МО | E20: =OFFSET('1050COMP'!D$1,$A20-1,0) -> 13775.68 | F20: =OFFSET('1050COMP'!E$1,$A20-1,0) -> 24819.016 | G20: =OFFSET('1050COMP'!F$1,$A20-1,0) -> 47399.626 | H20: =OFFSET('1050COMP'!G$1,$A20-1,0) -> 96405.03 | I20: =OFFSET('1050COMP'!H$1,$A20-1,0) -> 197567.46 | J20: =OFFSET('1050COMP'!I$1,$A20-1,0) -> 376437.82 | K20: =OFFSET('1050COMP'!J$1,$A20-1,0) -> 762594.84
D21: ДИ | E21: =OFFSET('1050COMP'!D$1,$A20-1+$A$1,0) -> 167.51601 | F21: =OFFSET('1050COMP'!E$1,$A20-1+$A$1,0) -> 558.86906 | G21: =OFFSET('1050COMP'!F$1,$A20-1+$A$1,0) -> 333.57509 | H21: =OFFSET('1050COMP'!G$1,$A20-1+$A$1,0) -> 2851.7375 | I21: =OFFSET('1050COMP'!H$1,$A20-1+$A$1,0) -> 42269.478 | J21: =OFFSET('1050COMP'!I$1,$A20-1+$A$1,0) -> 133384.94 | K21: =OFFSET('1050COMP'!J$1,$A20-1+$A$1,0) -> 120448.13
A22: 4 | B22: =OFFSET('1050LAPTOP'!$C$1,A22-1,0) -> CUDA Time | C22: Matrix ACO | D22: МО | E22: =OFFSET('1050COMP'!D$1,$A22-1,0) -> 3659.4322 | F22: =OFFSET('1050COMP'!E$1,$A22-1,0) -> 9339.9226 | G22: =OFFSET('1050COMP'!F$1,$A22-1,0) -> 35373.252 | H22: =OFFSET('1050COMP'!G$1,$A22-1,0) -> 133771.86 | I22: =OFFSET('1050COMP'!H$1,$A22-1,0) -> 0 | J22: =OFFSET('1050COMP'!I$1,$A22-1,0) -> 0 | K22: =OFFSET('1050COMP'!J$1,$A22-1,0) -> 0
D23: ДИ | E23: =OFFSET('1050COMP'!D$1,$A22-1+$A$1,0) -> 175.77523 | F23: =OFFSET('1050COMP'!E$1,$A22-1+$A$1,0) -> 1101.8355 | G23: =OFFSET('1050COMP'!F$1,$A22-1+$A$1,0) -> 358.98442 | H23: =OFFSET('1050COMP'!G$1,$A22-1+$A$1,0) -> 2861.326 | I23: =OFFSET('1050COMP'!H$1,$A22-1+$A$1,0) -> 10029.955 | J23: =OFFSET('1050COMP'!I$1,$A22-1+$A$1,0) -> 60318.787 | K23: =OFFSET('1050COMP'!J$1,$A22-1+$A$1,0) -> 0
A24: 5 | B24: =OFFSET('1050LAPTOP'!$C$1,A24-1,0) -> CUDA ant | C24: Matrix ACO + OMP | D24: МО | E24: =OFFSET('1050COMP'!D$1,$A24-1,0) -> 1205.171 | F24: =OFFSET('1050COMP'!E$1,$A24-1,0) -> 1720.4454 | G24: =OFFSET('1050COMP'!F$1,$A24-1,0) -> 2777.4122 | H24: =OFFSET('1050COMP'!G$1,$A24-1,0) -> 5562.0442 | I24: =OFFSET('1050COMP'!H$1,$A24-1,0) -> 9529.4334 | J24: =OFFSET('1050COMP'!I$1,$A24-1,0) -> 22207.712 | K24: =OFFSET('1050COMP'!J$1,$A24-1,0) -> 38945.372
D25: ДИ | E25: =OFFSET('1050COMP'!D$1,$A24-1+$A$1,0) -> 495.63241 | F25: =OFFSET('1050COMP'!E$1,$A24-1+$A$1,0) -> 96.572213 | G25: =OFFSET('1050COMP'!F$1,$A24-1+$A$1,0) -> 714.41987 | H25: =OFFSET('1050COMP'!G$1,$A24-1+$A$1,0) -> 3748.9964 | I25: =OFFSET('1050COMP'!H$1,$A24-1+$A$1,0) -> 20129.773 | J25: =OFFSET('1050COMP'!I$1,$A24-1+$A$1,0) -> 2800422.8 | K25: =OFFSET('1050COMP'!J$1,$A24-1+$A$1,0) -> 220418.78
A26: 6 | B26: =OFFSET('1050LAPTOP'!$C$1,A26-1,0) -> CUDA ant par | C26: Transp Matrix ACO | D26: МО | E26: =OFFSET('1050COMP'!D$1,$A26-1,0) -> 1193.4462 | F26: =OFFSET('1050COMP'!E$1,$A26-1,0) -> 1718.7074 | G26: =OFFSET('1050COMP'!F$1,$A26-1,0) -> 2621.5022 | H26: =OFFSET('1050COMP'!G$1,$A26-1,0) -> 4581.1512 | I26: =OFFSET('1050COMP'!H$1,$A26-1,0) -> 7371.8842 | J26: =OFFSET('1050COMP'!I$1,$A26-1,0) -> 15329.056 | K26: =OFFSET('1050COMP'!J$1,$A26-1,0) -> 29967.086
D27: ДИ | E27: =OFFSET('1050COMP'!D$1,$A26-1+$A$1,0) -> #DIV/0! | F27: =OFFSET('1050COMP'!E$1,$A26-1+$A$1,0) -> 440.22115 | G27: =OFFSET('1050COMP'!F$1,$A26-1+$A$1,0) -> 1116.0679 | H27: =OFFSET('1050COMP'!G$1,$A26-1+$A$1,0) -> 7097.6774 | I27: =OFFSET('1050COMP'!H$1,$A26-1+$A$1,0) -> 6993.6841 | J27: =OFFSET('1050COMP'!I$1,$A26-1+$A$1,0) -> 52919.376 | K27: =OFFSET('1050COMP'!J$1,$A26-1+$A$1,0) -> 7423274.5
A28: 7 | B28: =OFFSET('1050LAPTOP'!$C$1,A28-1,0) -> CUDA opt | C28: Transp Matrix ACO + AVX | D28: МО | E28: =OFFSET('1050COMP'!D$1,$A28-1,0) -> 3604.9408 | F28: =OFFSET('1050COMP'!E$1,$A28-1,0) -> 9478.3754 | G28: =OFFSET('1050COMP'!F$1,$A28-1,0) -> 35015.916 | H28: =OFFSET('1050COMP'!G$1,$A28-1,0) -> 133849.2 | I28: =OFFSET('1050COMP'!H$1,$A28-1,0) -> 0 | J28: =OFFSET('1050COMP'!I$1,$A28-1,0) -> 0 | K28: =OFFSET('1050COMP'!J$1,$A28-1,0) -> 0
D29: ДИ | E29: =OFFSET('1050COMP'!D$1,$A28-1+$A$1,0) -> 919.66779 | F29: =OFFSET('1050COMP'!E$1,$A28-1+$A$1,0) -> 1645.8781 | G29: =OFFSET('1050COMP'!F$1,$A28-1+$A$1,0) -> 20295.817 | H29: =OFFSET('1050COMP'!G$1,$A28-1+$A$1,0) -> 7997.4668 | I29: =OFFSET('1050COMP'!H$1,$A28-1+$A$1,0) -> 4124999.4 | J29: =OFFSET('1050COMP'!I$1,$A28-1+$A$1,0) -> 2418842.9 | K29: =OFFSET('1050COMP'!J$1,$A28-1+$A$1,0) -> 3236315.9
A30: 8 | B30: =OFFSET('1050LAPTOP'!$C$1,A30-1,0) -> CUDA opt ant | C30: Transp Matrix ACO + AVX + OPM | D30: МО | E30: =OFFSET('1050COMP'!D$1,$A30-1,0) -> 1181.9466 | F30: =OFFSET('1050COMP'!E$1,$A30-1,0) -> 1592.6038 | G30: =OFFSET('1050COMP'!F$1,$A30-1,0) -> 2740.828 | H30: =OFFSET('1050COMP'!G$1,$A30-1,0) -> 5504.5884 | I30: =OFFSET('1050COMP'!H$1,$A30-1,0) -> 11476.146 | J30: =OFFSET('1050COMP'!I$1,$A30-1,0) -> 21936.874 | K30: =OFFSET('1050COMP'!J$1,$A30-1,0) -> 42614.86
D31: ДИ | E31: =OFFSET('1050COMP'!D$1,$A30-1+$A$1,0) -> 273.95643 | F31: =OFFSET('1050COMP'!E$1,$A30-1+$A$1,0) -> 118.83993 | G31: =OFFSET('1050COMP'!F$1,$A30-1+$A$1,0) -> 391.80991 | H31: =OFFSET('1050COMP'!G$1,$A30-1+$A$1,0) -> 484.12666 | I31: =OFFSET('1050COMP'!H$1,$A30-1+$A$1,0) -> 55338.3 | J31: =OFFSET('1050COMP'!I$1,$A30-1+$A$1,0) -> 124228.53 | K31: =OFFSET('1050COMP'!J$1,$A30-1+$A$1,0) -> 225953.76
A32: 12 | B32: =OFFSET('1050LAPTOP'!$C$1,A32-1,0) -> CUDA opt_one_GPU ant local | D32: МО | E32: =OFFSET('1050COMP'!D$1,$A32-1,0) -> 1703.0858 | F32: =OFFSET('1050COMP'!E$1,$A32-1,0) -> 3238.8466 | G32: =OFFSET('1050COMP'!F$1,$A32-1,0) -> 6387.8326 | H32: =OFFSET('1050COMP'!G$1,$A32-1,0) -> 11126.67 | I32: =OFFSET('1050COMP'!H$1,$A32-1,0) -> 24205.906 | J32: =OFFSET('1050COMP'!I$1,$A32-1,0) -> 51402.416 | K32: =OFFSET('1050COMP'!J$1,$A32-1,0) -> 189955.16
D33: ДИ | E33: =OFFSET('1050COMP'!D$1,$A32-1+$A$1,0) -> 2 | F33: =OFFSET('1050COMP'!E$1,$A32-1+$A$1,0) -> 4 | G33: =OFFSET('1050COMP'!F$1,$A32-1+$A$1,0) -> 8 | H33: =OFFSET('1050COMP'!G$1,$A32-1+$A$1,0) -> 16 | I33: =OFFSET('1050COMP'!H$1,$A32-1+$A$1,0) -> 32 | J33: =OFFSET('1050COMP'!I$1,$A32-1+$A$1,0) -> 64 | K33: =OFFSET('1050COMP'!J$1,$A32-1+$A$1,0) -> 128
A34: 13 | B34: =OFFSET('1050LAPTOP'!$C$1,A34-1,0) -> CUDA Const | D34: МО | E34: =OFFSET('1050COMP'!D$1,$A34-1,0) -> 3582.0978 | F34: =OFFSET('1050COMP'!E$1,$A34-1,0) -> 9321.176 | G34: =OFFSET('1050COMP'!F$1,$A34-1,0) -> 35222.21 | H34: =OFFSET('1050COMP'!G$1,$A34-1,0) -> 140931.94 | I34: =OFFSET('1050COMP'!H$1,$A34-1,0) -> 0 | J34: =OFFSET('1050COMP'!I$1,$A34-1,0) -> 0 | K34: =OFFSET('1050COMP'!J$1,$A34-1,0) -> #DIV/0!
D35: ДИ | E35: =OFFSET('1050COMP'!D$1,$A34-1+$A$1,0) -> 42 | F35: =OFFSET('1050COMP'!E$1,$A34-1+$A$1,0) -> 84 | G35: =OFFSET('1050COMP'!F$1,$A34-1+$A$1,0) -> 168 | H35: =OFFSET('1050COMP'!G$1,$A34-1+$A$1,0) -> 336 | I35: =OFFSET('1050COMP'!H$1,$A34-1+$A$1,0) -> 672 | J35: =OFFSET('1050COMP'!I$1,$A34-1+$A$1,0) -> 1344 | K35: =OFFSET('1050COMP'!J$1,$A34-1+$A$1,0) -> 2688
A36: 3 | B36: =OFFSET('1050LAPTOP'!$C$1,A36-1,0) -> Classic ACO | C36: Classic ACO | D36: МО | E36: =OFFSET('3060LAPTOP'!D$1,$A36-1,0) -> 6732.0454 | F36: =OFFSET('3060LAPTOP'!E$1,$A36-1,0) -> 12795.57 | G36: =OFFSET('3060LAPTOP'!F$1,$A36-1,0) -> 24112.532 | H36: =OFFSET('3060LAPTOP'!G$1,$A36-1,0) -> 46059.344 | I36: =OFFSET('3060LAPTOP'!H$1,$A36-1,0) -> 91907.946 | J36: =OFFSET('3060LAPTOP'!I$1,$A36-1,0) -> 184408.08 | K36: =OFFSET('3060LAPTOP'!J$1,$A36-1,0) -> 367570.34
D37: ДИ | E37: =OFFSET('3060LAPTOP'!D$1,$A36-1+$A$1,0) -> 654.08437 | F37: =OFFSET('3060LAPTOP'!E$1,$A36-1+$A$1,0) -> 189.00614 | G37: =OFFSET('3060LAPTOP'!F$1,$A36-1+$A$1,0) -> 410.69644 | H37: =OFFSET('3060LAPTOP'!G$1,$A36-1+$A$1,0) -> 192.55158 | I37: =OFFSET('3060LAPTOP'!H$1,$A36-1+$A$1,0) -> 1097.4957 | J37: =OFFSET('3060LAPTOP'!I$1,$A36-1+$A$1,0) -> 1697.1609 | K37: =OFFSET('3060LAPTOP'!J$1,$A36-1+$A$1,0) -> 2883.1276
A38: 4 | B38: =OFFSET('1050LAPTOP'!$C$1,A38-1,0) -> CUDA Time | C38: Matrix ACO | D38: МО | E38: =OFFSET('3060LAPTOP'!D$1,$A38-1,0) -> 602.02756 | F38: =OFFSET('3060LAPTOP'!E$1,$A38-1,0) -> 916.12924 | G38: =OFFSET('3060LAPTOP'!F$1,$A38-1,0) -> 2494.2466 | H38: =OFFSET('3060LAPTOP'!G$1,$A38-1,0) -> 7974.9374 | I38: =OFFSET('3060LAPTOP'!H$1,$A38-1,0) -> 0 | J38: =OFFSET('3060LAPTOP'!I$1,$A38-1,0) -> 0 | K38: =OFFSET('3060LAPTOP'!J$1,$A38-1,0) -> 0
D39: ДИ | E39: =OFFSET('3060LAPTOP'!D$1,$A38-1+$A$1,0) -> 335.21385 | F39: =OFFSET('3060LAPTOP'!E$1,$A38-1+$A$1,0) -> 217.73231 | G39: =OFFSET('3060LAPTOP'!F$1,$A38-1+$A$1,0) -> 420.80216 | H39: =OFFSET('3060LAPTOP'!G$1,$A38-1+$A$1,0) -> 620.64085 | I39: =OFFSET('3060LAPTOP'!H$1,$A38-1+$A$1,0) -> 1051.4756 | J39: =OFFSET('3060LAPTOP'!I$1,$A38-1+$A$1,0) -> 954.60624 | K39: =OFFSET('3060LAPTOP'!J$1,$A38-1+$A$1,0) -> 6787.9659
A40: 5 | B40: =OFFSET('1050LAPTOP'!$C$1,A40-1,0) -> CUDA ant | C40: Matrix ACO + OMP | D40: МО | E40: =OFFSET('3060LAPTOP'!D$1,$A40-1,0) -> 682.94254 | F40: =OFFSET('3060LAPTOP'!E$1,$A40-1,0) -> 883.29402 | G40: =OFFSET('3060LAPTOP'!F$1,$A40-1,0) -> 1272.4982 | H40: =OFFSET('3060LAPTOP'!G$1,$A40-1,0) -> 2115.9988 | I40: =OFFSET('3060LAPTOP'!H$1,$A40-1,0) -> 4199.7956 | J40: =OFFSET('3060LAPTOP'!I$1,$A40-1,0) -> 8039.9226 | K40: =OFFSET('3060LAPTOP'!J$1,$A40-1,0) -> 15961.626
D41: ДИ | E41: =OFFSET('3060LAPTOP'!D$1,$A40-1+$A$1,0) -> 335.21385 | F41: =OFFSET('3060LAPTOP'!E$1,$A40-1+$A$1,0) -> 217.73231 | G41: =OFFSET('3060LAPTOP'!F$1,$A40-1+$A$1,0) -> 420.80216 | H41: =OFFSET('3060LAPTOP'!G$1,$A40-1+$A$1,0) -> 620.64085 | I41: =OFFSET('3060LAPTOP'!H$1,$A40-1+$A$1,0) -> 1051.4756 | J41: =OFFSET('3060LAPTOP'!I$1,$A40-1+$A$1,0) -> 954.60624 | K41: =OFFSET('3060LAPTOP'!J$1,$A40-1+$A$1,0) -> 6787.9659
A42: 6 | B42: =OFFSET('1050LAPTOP'!$C$1,A42-1,0) -> CUDA ant par | C42: Transp Matrix ACO | D42: МО | E42: =OFFSET('3060LAPTOP'!D$1,$A42-1,0) -> 701.2333 | F42: =OFFSET('3060LAPTOP'!E$1,$A42-1,0) -> 891.2481 | G42: =OFFSET('3060LAPTOP'!F$1,$A42-1,0) -> 1267.7214 | H42: =OFFSET('3060LAPTOP'!G$1,$A42-1,0) -> 2061.9694 | I42: =OFFSET('3060LAPTOP'!H$1,$A42-1,0) -> 3765.8012 | J42: =OFFSET('3060LAPTOP'!I$1,$A42-1,0) -> 7191.5302 | K42: =OFFSET('3060LAPTOP'!J$1,$A42-1,0) -> 13626.968
D43: ДИ | E43: =OFFSET('3060LAPTOP'!D$1,$A42-1+$A$1,0) -> #DIV/0! | F43: =OFFSET('3060LAPTOP'!E$1,$A42-1+$A$1,0) -> 281.01496 | G43: =OFFSET('3060LAPTOP'!F$1,$A42-1+$A$1,0) -> 15147.563 | H43: =OFFSET('3060LAPTOP'!G$1,$A42-1+$A$1,0) -> 669.41195 | I43: =OFFSET('3060LAPTOP'!H$1,$A42-1+$A$1,0) -> 4131.6213 | J43: =OFFSET('3060LAPTOP'!I$1,$A42-1+$A$1,0) -> 2477.8523 | K43: =OFFSET('3060LAPTOP'!J$1,$A42-1+$A$1,0) -> 4256.3711
A44: 7 | B44: =OFFSET('1050LAPTOP'!$C$1,A44-1,0) -> CUDA opt | C44: Transp Matrix ACO + AVX | D44: МО | E44: =OFFSET('3060LAPTOP'!D$1,$A44-1,0) -> 616.45874 | F44: =OFFSET('3060LAPTOP'!E$1,$A44-1,0) -> 926.26502 | G44: =OFFSET('3060LAPTOP'!F$1,$A44-1,0) -> 2512.3228 | H44: =OFFSET('3060LAPTOP'!G$1,$A44-1,0) -> 7989.6568 | I44: =OFFSET('3060LAPTOP'!H$1,$A44-1,0) -> 0 | J44: =OFFSET('3060LAPTOP'!I$1,$A44-1,0) -> 0 | K44: =OFFSET('3060LAPTOP'!J$1,$A44-1,0) -> 0
D45: ДИ | E45: =OFFSET('3060LAPTOP'!D$1,$A44-1+$A$1,0) -> 333.48113 | F45: =OFFSET('3060LAPTOP'!E$1,$A44-1+$A$1,0) -> 2664.0403 | G45: =OFFSET('3060LAPTOP'!F$1,$A44-1+$A$1,0) -> 2431.1663 | H45: =OFFSET('3060LAPTOP'!G$1,$A44-1+$A$1,0) -> 14033.3 | I45: =OFFSET('3060LAPTOP'!H$1,$A44-1+$A$1,0) -> 95439.467 | J45: =OFFSET('3060LAPTOP'!I$1,$A44-1+$A$1,0) -> 54156.066 | K45: =OFFSET('3060LAPTOP'!J$1,$A44-1+$A$1,0) -> 9659.8502
A46: 8 | B46: =OFFSET('1050LAPTOP'!$C$1,A46-1,0) -> CUDA opt ant | C46: Transp Matrix ACO + AVX + OPM | D46: МО | E46: =OFFSET('3060LAPTOP'!D$1,$A46-1,0) -> 702.30982 | F46: =OFFSET('3060LAPTOP'!E$1,$A46-1,0) -> 884.50074 | G46: =OFFSET('3060LAPTOP'!F$1,$A46-1,0) -> 1275.471 | H46: =OFFSET('3060LAPTOP'!G$1,$A46-1,0) -> 2112.4066 | I46: =OFFSET('3060LAPTOP'!H$1,$A46-1,0) -> 4260.4548 | J46: =OFFSET('3060LAPTOP'!I$1,$A46-1,0) -> 8042.1618 | K46: =OFFSET('3060LAPTOP'!J$1,$A46-1,0) -> 15982.66
D47: ДИ | E47: =OFFSET('3060LAPTOP'!D$1,$A46-1+$A$1,0) -> 418.08816 | F47: =OFFSET('3060LAPTOP'!E$1,$A46-1+$A$1,0) -> 763.21304 | G47: =OFFSET('3060LAPTOP'!F$1,$A46-1+$A$1,0) -> 441.33222 | H47: =OFFSET('3060LAPTOP'!G$1,$A46-1+$A$1,0) -> 9171.0757 | I47: =OFFSET('3060LAPTOP'!H$1,$A46-1+$A$1,0) -> 7798.8305 | J47: =OFFSET('3060LAPTOP'!I$1,$A46-1+$A$1,0) -> 18213.271 | K47: =OFFSET('3060LAPTOP'!J$1,$A46-1+$A$1,0) -> 45893.656
A48: 12 | B48: =OFFSET('1050LAPTOP'!$C$1,A48-1,0) -> CUDA opt_one_GPU ant local | D48: МО | E48: =OFFSET('3060LAPTOP'!D$1,$A48-1,0) -> 1052.6186 | F48: =OFFSET('3060LAPTOP'!E$1,$A48-1,0) -> 2068.7274 | G48: =OFFSET('3060LAPTOP'!F$1,$A48-1,0) -> 4224.1412 | H48: =OFFSET('3060LAPTOP'!G$1,$A48-1,0) -> 8412.2148 | I48: =OFFSET('3060LAPTOP'!H$1,$A48-1,0) -> 17360.922 | J48: =OFFSET('3060LAPTOP'!I$1,$A48-1,0) -> 34022.14 | K48: =OFFSET('3060LAPTOP'!J$1,$A48-1,0) -> 91296.23
D49: ДИ | E49: =OFFSET('3060LAPTOP'!D$1,$A48-1+$A$1,0) -> 2 | F49: =OFFSET('3060LAPTOP'!E$1,$A48-1+$A$1,0) -> 4 | G49: =OFFSET('3060LAPTOP'!F$1,$A48-1+$A$1,0) -> 8 | H49: =OFFSET('3060LAPTOP'!G$1,$A48-1+$A$1,0) -> 16 | I49: =OFFSET('3060LAPTOP'!H$1,$A48-1+$A$1,0) -> 32 | J49: =OFFSET('3060LAPTOP'!I$1,$A48-1+$A$1,0) -> 64 | K49: =OFFSET('3060LAPTOP'!J$1,$A48-1+$A$1,0) -> 128
A50: 13 | B50: =OFFSET('1050LAPTOP'!$C$1,A50-1,0) -> CUDA Const | D50: МО | E50: =OFFSET('3060LAPTOP'!D$1,$A50-1,0) -> 597.6633 | F50: =OFFSET('3060LAPTOP'!E$1,$A50-1,0) -> 905.70018 | G50: =OFFSET('3060LAPTOP'!F$1,$A50-1,0) -> 2478.1706 | H50: =OFFSET('3060LAPTOP'!G$1,$A50-1,0) -> 7898.8652 | I50: =OFFSET('3060LAPTOP'!H$1,$A50-1,0) -> 0 | J50: =OFFSET('3060LAPTOP'!I$1,$A50-1,0) -> 0 | K50: =OFFSET('3060LAPTOP'!J$1,$A50-1,0) -> 0
D51: ДИ | E51: =OFFSET('3060LAPTOP'!D$1,$A50-1+$A$1,0) -> 42 | F51: =OFFSET('3060LAPTOP'!E$1,$A50-1+$A$1,0) -> 84 | G51: =OFFSET('3060LAPTOP'!F$1,$A50-1+$A$1,0) -> 168 | H51: =OFFSET('3060LAPTOP'!G$1,$A50-1+$A$1,0) -> 336 | I51: =OFFSET('3060LAPTOP'!H$1,$A50-1+$A$1,0) -> 672 | J51: =OFFSET('3060LAPTOP'!I$1,$A50-1+$A$1,0) -> 1344 | K51: =OFFSET('3060LAPTOP'!J$1,$A50-1+$A$1,0) -> 2688
A52: 3 | B52: =OFFSET('1050LAPTOP'!$C$1,A52-1,0) -> Classic ACO | C52: Classic ACO | D52: МО | E52: =OFFSET('3060COMP Kaf'!D$1,$A52-1,0) -> 5875.1582 | F52: =OFFSET('3060COMP Kaf'!E$1,$A52-1,0) -> 10771.412 | G52: =OFFSET('3060COMP Kaf'!F$1,$A52-1,0) -> 26160.066 | H52: =OFFSET('3060COMP Kaf'!G$1,$A52-1,0) -> 39471.228 | I52: =OFFSET('3060COMP Kaf'!H$1,$A52-1,0) -> 77695.884 | J52: =OFFSET('3060COMP Kaf'!I$1,$A52-1,0) -> 153183.06 | K52: =OFFSET('3060COMP Kaf'!J$1,$A52-1,0) -> 307026.62
D53: ДИ | E53: =OFFSET('3060COMP Kaf'!D$1,$A52-1+$A$1,0) -> 3.1259739 | F53: =OFFSET('3060COMP Kaf'!E$1,$A52-1+$A$1,0) -> 47.551818 | G53: =OFFSET('3060COMP Kaf'!F$1,$A52-1+$A$1,0) -> 348.99937 | H53: =OFFSET('3060COMP Kaf'!G$1,$A52-1+$A$1,0) -> 147.77679 | I53: =OFFSET('3060COMP Kaf'!H$1,$A52-1+$A$1,0) -> 525.77814 | J53: =OFFSET('3060COMP Kaf'!I$1,$A52-1+$A$1,0) -> 1970.1636 | K53: =OFFSET('3060COMP Kaf'!J$1,$A52-1+$A$1,0) -> 25516.546
A54: 4 | B54: =OFFSET('1050LAPTOP'!$C$1,A54-1,0) -> CUDA Time | C54: Matrix ACO | D54: МО | E54: =OFFSET('3060COMP Kaf'!D$1,$A54-1,0) -> 659.45638 | F54: =OFFSET('3060COMP Kaf'!E$1,$A54-1,0) -> 974.61908 | G54: =OFFSET('3060COMP Kaf'!F$1,$A54-1,0) -> 2602.1698 | H54: =OFFSET('3060COMP Kaf'!G$1,$A54-1,0) -> 8768.361 | I54: =OFFSET('3060COMP Kaf'!H$1,$A54-1,0) -> 0 | J54: =OFFSET('3060COMP Kaf'!I$1,$A54-1,0) -> 0 | K54: =OFFSET('3060COMP Kaf'!J$1,$A54-1,0) -> 0
D55: ДИ | E55: =OFFSET('3060COMP Kaf'!D$1,$A54-1+$A$1,0) -> 3.30709 | F55: =OFFSET('3060COMP Kaf'!E$1,$A54-1+$A$1,0) -> 29904.545 | G55: =OFFSET('3060COMP Kaf'!F$1,$A54-1+$A$1,0) -> 37.734039 | H55: =OFFSET('3060COMP Kaf'!G$1,$A54-1+$A$1,0) -> 121.97035 | I55: =OFFSET('3060COMP Kaf'!H$1,$A54-1+$A$1,0) -> 60.71359 | J55: =OFFSET('3060COMP Kaf'!I$1,$A54-1+$A$1,0) -> 2387.148 | K55: =OFFSET('3060COMP Kaf'!J$1,$A54-1+$A$1,0) -> 0
A56: 5 | B56: =OFFSET('1050LAPTOP'!$C$1,A56-1,0) -> CUDA ant | C56: Matrix ACO + OMP | D56: МО | E56: =OFFSET('3060COMP Kaf'!D$1,$A56-1,0) -> 736.79894 | F56: =OFFSET('3060COMP Kaf'!E$1,$A56-1,0) -> 951.97772 | G56: =OFFSET('3060COMP Kaf'!F$1,$A56-1,0) -> 1349.0594 | H56: =OFFSET('3060COMP Kaf'!G$1,$A56-1,0) -> 2210.5108 | I56: =OFFSET('3060COMP Kaf'!H$1,$A56-1,0) -> 4436.7684 | J56: =OFFSET('3060COMP Kaf'!I$1,$A56-1,0) -> 8167.5768 | K56: =OFFSET('3060COMP Kaf'!J$1,$A56-1,0) -> 16175.518
D57: ДИ | E57: =OFFSET('3060COMP Kaf'!D$1,$A56-1+$A$1,0) -> 0 | F57: =OFFSET('3060COMP Kaf'!E$1,$A56-1+$A$1,0) -> 0 | G57: =OFFSET('3060COMP Kaf'!F$1,$A56-1+$A$1,0) -> 0 | H57: =OFFSET('3060COMP Kaf'!G$1,$A56-1+$A$1,0) -> 0 | I57: =OFFSET('3060COMP Kaf'!H$1,$A56-1+$A$1,0) -> 0 | J57: =OFFSET('3060COMP Kaf'!I$1,$A56-1+$A$1,0) -> 0 | K57: =OFFSET('3060COMP Kaf'!J$1,$A56-1+$A$1,0) -> 0
A58: 6 | B58: =OFFSET('1050LAPTOP'!$C$1,A58-1,0) -> CUDA ant par | C58: Transp Matrix ACO | D58: МО | E58: =OFFSET('3060COMP Kaf'!D$1,$A58-1,0) -> 739.67078 | F58: =OFFSET('3060COMP Kaf'!E$1,$A58-1,0) -> 953.97314 | G58: =OFFSET('3060COMP Kaf'!F$1,$A58-1,0) -> 1339.2326 | H58: =OFFSET('3060COMP Kaf'!G$1,$A58-1,0) -> 2207.6092 | I58: =OFFSET('3060COMP Kaf'!H$1,$A58-1,0) -> 3974.5822 | J58: =OFFSET('3060COMP Kaf'!I$1,$A58-1,0) -> 7162.1168 | K58: =OFFSET('3060COMP Kaf'!J$1,$A58-1,0) -> 13610.748
D59: ДИ | E59: =OFFSET('3060COMP Kaf'!D$1,$A58-1+$A$1,0) -> #DIV/0! | F59: =OFFSET('3060COMP Kaf'!E$1,$A58-1+$A$1,0) -> 8.8991868 | G59: =OFFSET('3060COMP Kaf'!F$1,$A58-1+$A$1,0) -> 43.71785 | H59: =OFFSET('3060COMP Kaf'!G$1,$A58-1+$A$1,0) -> 156.0825 | I59: =OFFSET('3060COMP Kaf'!H$1,$A58-1+$A$1,0) -> 1158.4631 | J59: =OFFSET('3060COMP Kaf'!I$1,$A58-1+$A$1,0) -> 2542.2348 | K59: =OFFSET('3060COMP Kaf'!J$1,$A58-1+$A$1,0) -> 38701.171
A60: 7 | B60: =OFFSET('1050LAPTOP'!$C$1,A60-1,0) -> CUDA opt | C60: Transp Matrix ACO + AVX | D60: МО | E60: =OFFSET('3060COMP Kaf'!D$1,$A60-1,0) -> 660.26748 | F60: =OFFSET('3060COMP Kaf'!E$1,$A60-1,0) -> 975.45584 | G60: =OFFSET('3060COMP Kaf'!F$1,$A60-1,0) -> 2598.6858 | H60: =OFFSET('3060COMP Kaf'!G$1,$A60-1,0) -> 8764.6256 | I60: =OFFSET('3060COMP Kaf'!H$1,$A60-1,0) -> 0 | J60: =OFFSET('3060COMP Kaf'!I$1,$A60-1,0) -> 0 | K60: =OFFSET('3060COMP Kaf'!J$1,$A60-1,0) -> 0
D61: ДИ | E61: =OFFSET('3060COMP Kaf'!D$1,$A60-1+$A$1,0) -> 40.263418 | F61: =OFFSET('3060COMP Kaf'!E$1,$A60-1+$A$1,0) -> 150.67748 | G61: =OFFSET('3060COMP Kaf'!F$1,$A60-1+$A$1,0) -> 10730.38 | H61: =OFFSET('3060COMP Kaf'!G$1,$A60-1+$A$1,0) -> 6123.9214 | I61: =OFFSET('3060COMP Kaf'!H$1,$A60-1+$A$1,0) -> 40603.021 | J61: =OFFSET('3060COMP Kaf'!I$1,$A60-1+$A$1,0) -> 5944.7664 | K61: =OFFSET('3060COMP Kaf'!J$1,$A60-1+$A$1,0) -> 2759231.1
A62: 8 | B62: =OFFSET('1050LAPTOP'!$C$1,A62-1,0) -> CUDA opt ant | C62: Transp Matrix ACO + AVX + OPM | D62: МО | E62: =OFFSET('3060COMP Kaf'!D$1,$A62-1,0) -> 737.98146 | F62: =OFFSET('3060COMP Kaf'!E$1,$A62-1,0) -> 940.65504 | G62: =OFFSET('3060COMP Kaf'!F$1,$A62-1,0) -> 1338.6938 | H62: =OFFSET('3060COMP Kaf'!G$1,$A62-1,0) -> 2208.9828 | I62: =OFFSET('3060COMP Kaf'!H$1,$A62-1,0) -> 4492.0946 | J62: =OFFSET('3060COMP Kaf'!I$1,$A62-1,0) -> 8202.1734 | K62: =OFFSET('3060COMP Kaf'!J$1,$A62-1,0) -> 16914.278
D63: ДИ | E63: =OFFSET('3060COMP Kaf'!D$1,$A62-1+$A$1,0) -> 354.86352 | F63: =OFFSET('3060COMP Kaf'!E$1,$A62-1+$A$1,0) -> 211.53418 | G63: =OFFSET('3060COMP Kaf'!F$1,$A62-1+$A$1,0) -> 131.42343 | H63: =OFFSET('3060COMP Kaf'!G$1,$A62-1+$A$1,0) -> 2265.3043 | I63: =OFFSET('3060COMP Kaf'!H$1,$A62-1+$A$1,0) -> 7514333.3 | J63: =OFFSET('3060COMP Kaf'!I$1,$A62-1+$A$1,0) -> 26625.248 | K63: =OFFSET('3060COMP Kaf'!J$1,$A62-1+$A$1,0) -> 115320.49
A64: 12 | B64: =OFFSET('1050LAPTOP'!$C$1,A64-1,0) -> CUDA opt_one_GPU ant local | D64: МО | E64: =OFFSET('3060COMP Kaf'!D$1,$A64-1,0) -> 1075.2234 | F64: =OFFSET('3060COMP Kaf'!E$1,$A64-1,0) -> 2212.56 | G64: =OFFSET('3060COMP Kaf'!F$1,$A64-1,0) -> 4386.9946 | H64: =OFFSET('3060COMP Kaf'!G$1,$A64-1,0) -> 8828.2146 | I64: =OFFSET('3060COMP Kaf'!H$1,$A64-1,0) -> 18276.95 | J64: =OFFSET('3060COMP Kaf'!I$1,$A64-1,0) -> #DIV/0! | K64: =OFFSET('3060COMP Kaf'!J$1,$A64-1,0) -> #DIV/0!
D65: ДИ | E65: =OFFSET('3060COMP Kaf'!D$1,$A64-1+$A$1,0) -> 2 | F65: =OFFSET('3060COMP Kaf'!E$1,$A64-1+$A$1,0) -> 4 | G65: =OFFSET('3060COMP Kaf'!F$1,$A64-1+$A$1,0) -> 8 | H65: =OFFSET('3060COMP Kaf'!G$1,$A64-1+$A$1,0) -> 16 | I65: =OFFSET('3060COMP Kaf'!H$1,$A64-1+$A$1,0) -> 32 | J65: =OFFSET('3060COMP Kaf'!I$1,$A64-1+$A$1,0) -> 64 | K65: =OFFSET('3060COMP Kaf'!J$1,$A64-1+$A$1,0) -> 128
A66: 13 | B66: =OFFSET('1050LAPTOP'!$C$1,A66-1,0) -> CUDA Const | D66: МО | E66: =OFFSET('3060COMP Kaf'!D$1,$A66-1,0) -> 657.61942 | F66: =OFFSET('3060COMP Kaf'!E$1,$A66-1,0) -> 995.75938 | G66: =OFFSET('3060COMP Kaf'!F$1,$A66-1,0) -> 2552.9068 | H66: =OFFSET('3060COMP Kaf'!G$1,$A66-1,0) -> 8528.4406 | I66: =OFFSET('3060COMP Kaf'!H$1,$A66-1,0) -> 0 | J66: =OFFSET('3060COMP Kaf'!I$1,$A66-1,0) -> 0 | K66: =OFFSET('3060COMP Kaf'!J$1,$A66-1,0) -> #DIV/0!
D67: ДИ | E67: =OFFSET('3060COMP Kaf'!D$1,$A66-1+$A$1,0) -> 42 | F67: =OFFSET('3060COMP Kaf'!E$1,$A66-1+$A$1,0) -> 84 | G67: =OFFSET('3060COMP Kaf'!F$1,$A66-1+$A$1,0) -> 168 | H67: =OFFSET('3060COMP Kaf'!G$1,$A66-1+$A$1,0) -> 336 | I67: =OFFSET('3060COMP Kaf'!H$1,$A66-1+$A$1,0) -> 672 | J67: =OFFSET('3060COMP Kaf'!I$1,$A66-1+$A$1,0) -> 1344 | K67: =OFFSET('3060COMP Kaf'!J$1,$A66-1+$A$1,0) -> 2688
A68: 3 | B68: =OFFSET('1050LAPTOP'!$C$1,A68-1,0) -> Classic ACO | C68: Classic ACO | D68: МО | E68: =OFFSET('4060COMP'!D$1,$A68-1,0) -> 6288.5222 | F68: =OFFSET('4060COMP'!E$1,$A68-1,0) -> 11441.452 | G68: =OFFSET('4060COMP'!F$1,$A68-1,0) -> 21547.928 | H68: =OFFSET('4060COMP'!G$1,$A68-1,0) -> 42583.176 | I68: =OFFSET('4060COMP'!H$1,$A68-1,0) -> 98333.398 | J68: =OFFSET('4060COMP'!I$1,$A68-1,0) -> 171610.78 | K68: =OFFSET('4060COMP'!J$1,$A68-1,0) -> 334035.68
D69: ДИ | E69: =OFFSET('4060COMP'!D$1,$A68-1+$A$1,0) -> 4.5769001 | F69: =OFFSET('4060COMP'!E$1,$A68-1+$A$1,0) -> 1.5527213 | G69: =OFFSET('4060COMP'!F$1,$A68-1+$A$1,0) -> 15.30086 | H69: =OFFSET('4060COMP'!G$1,$A68-1+$A$1,0) -> 62.983885 | I69: =OFFSET('4060COMP'!H$1,$A68-1+$A$1,0) -> 21917.836 | J69: =OFFSET('4060COMP'!I$1,$A68-1+$A$1,0) -> 2119.2561 | K69: =OFFSET('4060COMP'!J$1,$A68-1+$A$1,0) -> 2202.9987
A70: 4 | B70: =OFFSET('1050LAPTOP'!$C$1,A70-1,0) -> CUDA Time | C70: Matrix ACO | D70: МО | E70: =OFFSET('4060COMP'!D$1,$A70-1,0) -> 365.04472 | F70: =OFFSET('4060COMP'!E$1,$A70-1,0) -> 531.33446 | G70: =OFFSET('4060COMP'!F$1,$A70-1,0) -> 1487.1846 | H70: =OFFSET('4060COMP'!G$1,$A70-1,0) -> 5115.2082 | I70: =OFFSET('4060COMP'!H$1,$A70-1,0) -> 0 | J70: =OFFSET('4060COMP'!I$1,$A70-1,0) -> 0 | K70: =OFFSET('4060COMP'!J$1,$A70-1,0) -> 0
D71: ДИ | E71: =OFFSET('4060COMP'!D$1,$A70-1+$A$1,0) -> 1.9037857 | F71: =OFFSET('4060COMP'!E$1,$A70-1+$A$1,0) -> 36.129505 | G71: =OFFSET('4060COMP'!F$1,$A70-1+$A$1,0) -> 5.0340254 | H71: =OFFSET('4060COMP'!G$1,$A70-1+$A$1,0) -> 91.038635 | I71: =OFFSET('4060COMP'!H$1,$A70-1+$A$1,0) -> 3074.0298 | J71: =OFFSET('4060COMP'!I$1,$A70-1+$A$1,0) -> 1761.7435 | K71: =OFFSET('4060COMP'!J$1,$A70-1+$A$1,0) -> 0
A72: 5 | B72: =OFFSET('1050LAPTOP'!$C$1,A72-1,0) -> CUDA ant | C72: Matrix ACO + OMP | D72: МО | E72: =OFFSET('4060COMP'!D$1,$A72-1,0) -> 514.10838 | F72: =OFFSET('4060COMP'!E$1,$A72-1,0) -> 647.01342 | G72: =OFFSET('4060COMP'!F$1,$A72-1,0) -> 910.9233 | H72: =OFFSET('4060COMP'!G$1,$A72-1,0) -> 1488.7644 | I72: =OFFSET('4060COMP'!H$1,$A72-1,0) -> 2595.8094 | J72: =OFFSET('4060COMP'!I$1,$A72-1,0) -> 5079.9592 | K72: =OFFSET('4060COMP'!J$1,$A72-1,0) -> 10000.744
D73: ДИ | E73: =OFFSET('4060COMP'!D$1,$A72-1+$A$1,0) -> 6.0404452 | F73: =OFFSET('4060COMP'!E$1,$A72-1+$A$1,0) -> 6.5895812 | G73: =OFFSET('4060COMP'!F$1,$A72-1+$A$1,0) -> 27.433093 | H73: =OFFSET('4060COMP'!G$1,$A72-1+$A$1,0) -> 41.676763 | I73: =OFFSET('4060COMP'!H$1,$A72-1+$A$1,0) -> 20640.838 | J73: =OFFSET('4060COMP'!I$1,$A72-1+$A$1,0) -> 839.69333 | K73: =OFFSET('4060COMP'!J$1,$A72-1+$A$1,0) -> 1105.5039
A74: 6 | B74: =OFFSET('1050LAPTOP'!$C$1,A74-1,0) -> CUDA ant par | C74: Transp Matrix ACO | D74: МО | E74: =OFFSET('4060COMP'!D$1,$A74-1,0) -> 514.10036 | F74: =OFFSET('4060COMP'!E$1,$A74-1,0) -> 641.41456 | G74: =OFFSET('4060COMP'!F$1,$A74-1,0) -> 905.8285 | H74: =OFFSET('4060COMP'!G$1,$A74-1,0) -> 1457.0966 | I74: =OFFSET('4060COMP'!H$1,$A74-1,0) -> 2584.2836 | J74: =OFFSET('4060COMP'!I$1,$A74-1,0) -> 4653.558 | K74: =OFFSET('4060COMP'!J$1,$A74-1,0) -> 8917.1584
D75: ДИ | E75: =OFFSET('4060COMP'!D$1,$A74-1+$A$1,0) -> 0 | F75: =OFFSET('4060COMP'!E$1,$A74-1+$A$1,0) -> 0 | G75: =OFFSET('4060COMP'!F$1,$A74-1+$A$1,0) -> 0 | H75: =OFFSET('4060COMP'!G$1,$A74-1+$A$1,0) -> 0 | I75: =OFFSET('4060COMP'!H$1,$A74-1+$A$1,0) -> 0 | J75: =OFFSET('4060COMP'!I$1,$A74-1+$A$1,0) -> 0 | K75: =OFFSET('4060COMP'!J$1,$A74-1+$A$1,0) -> 0
A76: 7 | B76: =OFFSET('1050LAPTOP'!$C$1,A76-1,0) -> CUDA opt | C76: Transp Matrix ACO + AVX | D76: МО | E76: =OFFSET('4060COMP'!D$1,$A76-1,0) -> 366.20182 | F76: =OFFSET('4060COMP'!E$1,$A76-1,0) -> 517.0911 | G76: =OFFSET('4060COMP'!F$1,$A76-1,0) -> 1455.445 | H76: =OFFSET('4060COMP'!G$1,$A76-1,0) -> 4970.9754 | I76: =OFFSET('4060COMP'!H$1,$A76-1,0) -> 0 | J76: =OFFSET('4060COMP'!I$1,$A76-1,0) -> 0 | K76: =OFFSET('4060COMP'!J$1,$A76-1,0) -> 0
D77: ДИ | E77: =OFFSET('4060COMP'!D$1,$A76-1+$A$1,0) -> 133.46353 | F77: =OFFSET('4060COMP'!E$1,$A76-1+$A$1,0) -> 990.26488 | G77: =OFFSET('4060COMP'!F$1,$A76-1+$A$1,0) -> 8316.7247 | H77: =OFFSET('4060COMP'!G$1,$A76-1+$A$1,0) -> 0 | I77: =OFFSET('4060COMP'!H$1,$A76-1+$A$1,0) -> 0 | J77: =OFFSET('4060COMP'!I$1,$A76-1+$A$1,0) -> 0 | K77: =OFFSET('4060COMP'!J$1,$A76-1+$A$1,0) -> 0
A78: 8 | B78: =OFFSET('1050LAPTOP'!$C$1,A78-1,0) -> CUDA opt ant | C78: Transp Matrix ACO + AVX + OPM | D78: МО | E78: =OFFSET('4060COMP'!D$1,$A78-1,0) -> 503.17342 | F78: =OFFSET('4060COMP'!E$1,$A78-1,0) -> 633.53136 | G78: =OFFSET('4060COMP'!F$1,$A78-1,0) -> 898.00882 | H78: =OFFSET('4060COMP'!G$1,$A78-1,0) -> 1439.8032 | I78: =OFFSET('4060COMP'!H$1,$A78-1,0) -> 2628.605 | J78: =OFFSET('4060COMP'!I$1,$A78-1,0) -> 5035.9858 | K78: =OFFSET('4060COMP'!J$1,$A78-1,0) -> 9916.8382
D79: ДИ | E79: =OFFSET('4060COMP'!D$1,$A78-1+$A$1,0) -> 0 | F79: =OFFSET('4060COMP'!E$1,$A78-1+$A$1,0) -> 0 | G79: =OFFSET('4060COMP'!F$1,$A78-1+$A$1,0) -> 0 | H79: =OFFSET('4060COMP'!G$1,$A78-1+$A$1,0) -> 0 | I79: =OFFSET('4060COMP'!H$1,$A78-1+$A$1,0) -> 0 | J79: =OFFSET('4060COMP'!I$1,$A78-1+$A$1,0) -> 0 | K79: =OFFSET('4060COMP'!J$1,$A78-1+$A$1,0) -> 0
A80: 12 | B80: =OFFSET('1050LAPTOP'!$C$1,A80-1,0) -> CUDA opt_one_GPU ant local | D80: МО | E80: =OFFSET('4060COMP'!D$1,$A80-1,0) -> 766.14864 | F80: =OFFSET('4060COMP'!E$1,$A80-1,0) -> 1475.5376 | G80: =OFFSET('4060COMP'!F$1,$A80-1,0) -> 2918.2626 | H80: =OFFSET('4060COMP'!G$1,$A80-1,0) -> 5846.3364 | I80: =OFFSET('4060COMP'!H$1,$A80-1,0) -> 11758.978 | J80: =OFFSET('4060COMP'!I$1,$A80-1,0) -> 25339.914 | K80: =OFFSET('4060COMP'!J$1,$A80-1,0) -> 65515.316
D81: ДИ | E81: =OFFSET('4060COMP'!D$1,$A80-1+$A$1,0) -> 2 | F81: =OFFSET('4060COMP'!E$1,$A80-1+$A$1,0) -> 4 | G81: =OFFSET('4060COMP'!F$1,$A80-1+$A$1,0) -> 8 | H81: =OFFSET('4060COMP'!G$1,$A80-1+$A$1,0) -> 16 | I81: =OFFSET('4060COMP'!H$1,$A80-1+$A$1,0) -> 32 | J81: =OFFSET('4060COMP'!I$1,$A80-1+$A$1,0) -> 64 | K81: =OFFSET('4060COMP'!J$1,$A80-1+$A$1,0) -> 128
A82: 13 | B82: =OFFSET('1050LAPTOP'!$C$1,A82-1,0) -> CUDA Const | D82: МО | E82: =OFFSET('4060COMP'!D$1,$A82-1,0) -> 368.17468 | F82: =OFFSET('4060COMP'!E$1,$A82-1,0) -> 517.31966 | G82: =OFFSET('4060COMP'!F$1,$A82-1,0) -> 1460.7574 | H82: =OFFSET('4060COMP'!G$1,$A82-1,0) -> 4973.9278 | I82: =OFFSET('4060COMP'!H$1,$A82-1,0) -> 0 | J82: =OFFSET('4060COMP'!I$1,$A82-1,0) -> 0 | K82: =OFFSET('4060COMP'!J$1,$A82-1,0) -> 0
D83: ДИ | E83: =OFFSET('4060COMP'!D$1,$A82-1+$A$1,0) -> 42 | F83: =OFFSET('4060COMP'!E$1,$A82-1+$A$1,0) -> 84 | G83: =OFFSET('4060COMP'!F$1,$A82-1+$A$1,0) -> 168 | H83: =OFFSET('4060COMP'!G$1,$A82-1+$A$1,0) -> 336 | I83: =OFFSET('4060COMP'!H$1,$A82-1+$A$1,0) -> 672 | J83: =OFFSET('4060COMP'!I$1,$A82-1+$A$1,0) -> 1344 | K83: =OFFSET('4060COMP'!J$1,$A82-1+$A$1,0) -> 2688

Sheet Лист6
B1: Время на один слой
B2: Кол-во параметров | D2: 2 | E2: 4 | F2: 8 | G2: 16 | H2: 32 | I2: 64 | J2: 128
B3: Кол-во слоев | D3: 42 | E3: 84 | F3: 168 | G3: 336 | H3: 672 | I3: 1344 | J3: 2688
B4: №ПК | C4: Модификация | E4: 24819.016 | F4: 47399.626 | G4: 96405.03 | H4: 197567.46 | I4: 376437.82 | J4: 762594.84
B5: 1 | C5: Оптимальная модификация + константная память | D5: 3.2481948 | E5: 1.9694345 | F5: 1.3827494 | G5: 1.1119045 | H5: 1.0460879 | I5: 0.98114926
C6: Оптимальная модификация | D6: 3.4567848 | E6: 2.1487233 | F6: 1.5472823 | G6: 1.2777742 | H6: 1.1424396 | I6: 1.0914406 | J6: 1.0816226
B7: 2 | C7: Оптимальная модификация | D7: 11.320642 | E7: 7.2921748 | F7: 4.9514361 | G7: 4.2319589 | H7: 4.3339223 | I7: 4.0660653 | J7: 3.8898996
C8: Оптимальная модификация + константная память | D8: 10.506158 | E8: 6.8151676 | F8: 4.9888018 | G8: 4.2645345 | H8: 4.205383 | I8: 3.8692
B9: 3 | C9: AVX модификация на CPU для специального графа | D9: 6.1213733 | E9: 5.2558355 | F9: 4.8710343 | G9: 4.6119679 | H9: 4.6773801 | I9: 4.4763162 | J9: 4.4181778
C10: Оптимальная модификация | D10: 12.069419 | E10: 7.5693745 | F10: 5.3006436 | G10: 4.2725804 | H10: 3.9004244 | I10: 3.5251216 | J10: 3.3135952
B11: 4 | C11: Гетерогенная модификация с ускорением AVX для транспонированных матриц | E11: 6.6712202 | F11: 6.1012405 | G11: 6.0988774 | H11: 6.0148679 | I11: 5.7999379 | J11: 5.7420871
C12: Классическая модификация | D12: 17.611209 | E12: 11.356823 | F12: 7.9716226 | G12: 6.5702655 | H12: 5.9145568 | I12: 5.328956 | J12: 5.0635223
B13: 5 | C13: Гетерогенная модификация + глобальная память | D13: 7.5174395 | E13: 6.32883 | F13: 6.0188106 | G13: 5.8658863 | H13: 5.9742804 | I13: 5.9088244 | J13: 5.8770699
C14: Классическая модификация + глобальная память | D14: 16.56786 | E14: 10.577261 | F14: 7.5519631 | G14: 6.0176732 | H14: 5.4531393 | I14: 5.0731603 | J14: 4.8821615
B15: 6 | C15: AVX модификация на CPU для специального графа | D15: 13.942815 | E15: 13.027674 | F15: 12.621856 | G15: 12.463424 | H15: 14.070862 | I15: 14.205199 | J15: 14.514687
C16: Классическая модификация | D16: 28.415386 | E16: 20.460802 | F16: 15.60418 | G16: 13.634379 | H16: 10.970066 | I16: 11.405548 | J16: 11.148469
B17: 7 | C17: Гетерогенная модификация | D17: 14.710277 | E17: 13.397912 | F17: 12.94479 | G17: 12.804571 | H17: 12.803035 | I17: 12.692134 | J17: 12.803296
C18: Оптимальная модификация | D18: 26.263262 | E18: 18.236271 | F18: 14.151738 | G18: 12.300308 | H18: 11.403068 | I18: 10.804997 | J18: 10.535009
B22: Кол-во параметров | D22: 2 | E22: 4 | F22: 8 | G22: 16 | H22: 32 | I22: 64 | J22: 128
B23: Кол-во слоев | D23: 42 | E23: 84 | F23: 168 | G23: 336 | H23: 672 | I23: 1344 | J23: 2688
B24: №ПК | C24: Алгоритм | E24: 24819.016 | F24: 47399.626 | G24: 96405.03 | H24: 197567.46 | I24: 376437.82 | J24: 762594.84
B25: 1 | C25: CUDA opt ant Const | D25: 3.2481948 | E25: 1.9694345 | F25: 1.3827494 | G25: 1.1119045 | H25: 1.0460879 | I25: 0.98114926
C26: CUDA opt ant | D26: 3.4567848 | E26: 2.1487233 | F26: 1.5472823 | G26: 1.2777742 | H26: 1.1424396 | I26: 1.0914406 | J26: 1.0816226
B27: 2 | C27: CUDA opt ant par | D27: 11.320642 | E27: 7.2921748 | F27: 4.9514361 | G27: 4.2319589 | H27: 4.3339223 | I27: 4.0660653 | J27: 3.8898996
C28: CUDA opt ant par Const | D28: 10.506158 | E28: 6.8151676 | F28: 4.9888018 | G28: 4.2645345 | H28: 4.205383 | I28: 3.8692
B29: 3 | C29: Time non CUDA AVX add CPU time 4 | D29: 6.1213733 | E29: 5.2558355 | F29: 4.8710343 | G29: 4.6119679 | H29: 4.6773801 | I29: 4.4763162 | J29: 4.4181778
C30: CUDA opt ant par | D30: 12.069419 | E30: 7.5693745 | F30: 5.3006436 | G30: 4.2725804 | H30: 3.9004244 | I30: 3.5251216 | J30: 3.3135952
B31: 4 | C31: CUDA ant add CPU_AVX_transp | E31: 6.6712202 | F31: 6.1012405 | G31: 6.0988774 | H31: 6.0148679 | I31: 5.7999379 | J31: 5.7420871
C32: CUDA ant par | D32: 17.611209 | E32: 11.356823 | F32: 7.9716226 | G32: 6.5702655 | H32: 5.9145568 | I32: 5.328956 | J32: 5.0635223
B33: 5 | C33: CUDA ant add CPU Time global | D33: 7.5174395 | E33: 6.32883 | F33: 6.0188106 | G33: 5.8658863 | H33: 5.9742804 | I33: 5.9088244 | J33: 5.8770699
C34: CUDA ant par global | D34: 16.56786 | E34: 10.577261 | F34: 7.5519631 | G34: 6.0176732 | H34: 5.4531393 | I34: 5.0731603 | J34: 4.8821615
B35: 6 | C35: Time non CUDA AVX add CPU time 4 | D35: 13.942815 | E35: 13.027674 | F35: 12.621856 | G35: 12.463424 | H35: 14.070862 | I35: 14.205199 | J35: 14.514687
C36: CUDA ant par | D36: 28.415386 | E36: 20.460802 | F36: 15.60418 | G36: 13.634379 | H36: 10.970066 | I36: 11.405548 | J36: 11.148469
B37: 7 | C37: CUDA ant add CPU Time | D37: 14.710277 | E37: 13.397912 | F37: 12.94479 | G37: 12.804571 | H37: 12.803035 | I37: 12.692134 | J37: 12.803296
C38: CUDA opt ant par | D38: 26.263262 | E38: 18.236271 | F38: 14.151738 | G38: 12.300308 | H38: 11.403068 | I38: 10.804997 | J38: 10.535009

Sheet 1050LAPTOP
B1: 1.96 | C1: 50 | D1: 2 | E1: 4 | F1: 8 | G1: 16 | H1: 32 | I1: 64 | J1: 128 | K1: 256 | L1: 512 | M1: 8th Gen Intel Core i5-8300H 2.30 GHz (8Gb ОЗУ)
B2: МО | D2: 42 | E2: 84 | F2: 168 | G2: 336 | H2: 672 | I2: 1344 | J2: 2688 | K2: 5376 | L2: 10752
A3: 1 | C3: Classic ACO | D3: 14722.332 | E3: 27364.668 | F3: 52186.786 | G3: 103402.44 | H3: 207103.36 | I3: 410463.68 | J3: 835652.72
C4: CUDA Time | D4: 3230.6196 | E4: 8165.289 | F4: 30570.496 | G4: 118797.04
C5: CUDA ant | D5: 1112.299 | E5: 1566.9034 | F5: 2500.6766 | G5: 5049.3438 | H5: 9900.7614 | I5: 19017.788 | J5: 38230.252
C6: CUDA ant par | D6: 1105.3332 | E6: 1534.082 | F6: 2406.023 | G6: 4137.362 | H6: 7671.3552 | I6: 14430.712 | J6: 28317.03
C7: CUDA opt | D7: 3244.532 | E7: 8200.7432 | F7: 30655.228 | G7: 119025.24
C8: CUDA opt ant | D8: 1111.0204 | E8: 1562.7406 | F8: 2477.3718 | G8: 5021.7652 | H8: 9885.4504 | I8: 19083.762 | J8: 38204.806
C9: CUDA opt ant par | D9: 1103.057 | E9: 1531.8468 | F9: 2377.492 | G9: 4132.9034 | H9: 7662.8618 | I9: 14521.916 | J9: 28318.104
C10: CUDA opt_one_GPU | D10: 5423.7868 | E10: 10850.081 | F10: 22314.346 | G10: 168792.9
C11: CUDA opt_one_GPU ant | D11: 25581.912 | E11: 50984.616 | F11: 100711.2 | G11: 204126.84 | H11: 410280.3 | I11: 818514.44 | J11: 1641214.8
C12: CUDA opt_one_GPU ant local | D12: 1469.1822 | E12: 2883.3024 | F12: 5688.8598 | G12: 11485.506 | H12: 23062.244 | I12: 46032.586 | J12: 92249.118
C13: CUDA Const | D13: 3190.673 | E13: 8273.887 | F13: 30350.504 | G13: 119486.92
C14: CUDA ant Const | D14: 1105.2298 | E14: 1555.804 | F14: 2462.9948 | G14: 5043.8376 | H14: 9881.8038 | I14: 19149.42
C15: CUDA ant par Const | D15: 1098.4588 | E15: 1531.6032 | F15: 2369.2894 | G15: 4146.0518 | H15: 7643.7788 | I15: 14518.13
C16: CUDA opt Const | D16: 3214.2402 | E16: 8200.29 | F16: 30600.758 | G16: 119547.66
C17: CUDA opt ant Const | D17: 1101.6596 | E17: 1552.5856 | F17: 2461.925 | G17: 5022.8434 | H17: 9877.6114 | I17: 19134.142
C18: CUDA opt ant par Const | D18: 1099.2948 | E18: 1525.5982 | F18: 2365.5942 | G18: 4147.1374 | H18: 7643.353 | I18: 14514.672
C19: CUDA ant par global | D19: 1104.2956 | E19: 1545.4242 | F19: 2415.4076 | G19: 4158.5218 | H19: 7708.6514 | I19: 14499.326 | J19: 28467.788
C20: CUDA opt ant par global | D20: 1104.131 | E20: 1543.8896 | F20: 2386.4508 | G20: 4153.6434 | H20: 7707.5954 | I20: 14593.086 | J20: 28466.538
C21: CUDA ant add CPU Time | D21: 617.83162 | E21: 1125.4246 | F21: 2174.7248 | G21: 4302.336 | H21: 8603.6396 | I21: 17058.228 | J21: 34415.26
C22: CUDA ant add CPU Const | D22: 605.95326 | E22: 1100.7724 | F22: 2148.444 | G22: 4327.3866 | H22: 8631.0026 | I22: 17150.22
C23: CUDA ant add CPU Time global | D23: 614.67082 | E23: 1128.616 | F23: 2188.4864 | G23: 4322.1868 | H23: 8653.2058 | I23: 17085.644 | J23: 34593.732
C24: CUDA ant add CPU_AVX_transp Time | D24: 0 | E24: 1138.901 | F24: 2203.575 | G24: 4345.2346 | H24: 8611.4828 | I24: 17137.144 | J24: 34192.436
C25: CUDA ant add CPU12 | D25: 1512.212 | E25: 2659.6366 | F25: 5207.7542 | G25: 10304.526 | H25: 20485.6 | I25: 30668.098 | J25: 53579.62
C26: Time non CUDA AVX time 4 | D26: 1017.3776 | E26: 1889.2708 | F26: 3627.0554 | G26: 7084.2338 | H26: 14040.434 | I26: 27472.934 | J26: 52973.284
C27: Time non CUDA AVX add CPU time 4 | D27: 627.14738 | E27: 1153.4844 | F27: 2244.2572 | G27: 4419.377 | H27: 8817.8194 | I27: 17479.466 | J27: 35108.804
C30: 6 | D30: 2 | E30: 4 | F30: 8 | G30: 16 | H30: 32 | I30: 64 | J30: 128 | K30: 256 | L30: 512
D31: 42 | E31: 84 | F31: 168 | G31: 336 | H31: 672 | I31: 1344 | J31: 2688 | K31: 5376 | L31: 10752
C32: Classic ACO | D32: =D3/D$2 -> 350.53171 | E32: =E3/E$2 -> 325.76986 | F32: =F3/F$2 -> 310.63563 | G32: =G3/G$2 -> 307.74536 | H32: =H3/H$2 -> 308.18952 | I32: =I3/I$2 -> 305.40452 | J32: =J3/J$2 -> 310.88271 | K32: =K3/K$2 -> 0 | L32: =L3/L$2 -> 0
C33: CUDA Time | D33: =D4/D$2 -> 76.919514 | E33: =E4/E$2 -> 97.205821 | F33: =F4/F$2 -> 181.96724 | G33: =G4/G$2 -> 353.56262 | H33: =H4/H$2 -> 0 | I33: =I4/I$2 -> 0 | J33: =J4/J$2 -> 0 | K33: =K4/K$2 -> 0 | L33: =L4/L$2 -> 0
C34: CUDA ant | D34: =D5/D$2 -> 26.48331 | E34: =E5/E$2 -> 18.653612 | F34: =F5/F$2 -> 14.88498 | G34: =G5/G$2 -> 15.027809 | H34: =H5/H$2 -> 14.733276 | I34: =I5/I$2 -> 14.15014 | J34: =J5/J$2 -> 14.222564 | K34: =K5/K$2 -> 0 | L34: =L5/L$2 -> 0
C35: CUDA ant par | D35: =D6/D$2 -> 26.317457 | E35: =E6/E$2 -> 18.262881 | F35: =F6/F$2 -> 14.321565 | G35: =G6/G$2 -> 12.313577 | H35: =H6/H$2 -> 11.415707 | I35: =I6/I$2 -> 10.737137 | J35: =J6/J$2 -> 10.534609 | K35: =K6/K$2 -> 0 | L35: =L6/L$2 -> 0
C36: CUDA opt | D36: =D7/D$2 -> 77.250762 | E36: =E7/E$2 -> 97.627895 | F36: =F7/F$2 -> 182.4716 | G36: =G7/G$2 -> 354.24179 | H36: =H7/H$2 -> 0 | I36: =I7/I$2 -> 0 | J36: =J7/J$2 -> 0 | K36: =K7/K$2 -> 0 | L36: =L7/L$2 -> 0
C37: CUDA opt ant | D37: =D8/D$2 -> 26.452867 | E37: =E8/E$2 -> 18.604055 | F37: =F8/F$2 -> 14.746261 | G37: =G8/G$2 -> 14.94573 | H37: =H8/H$2 -> 14.710492 | I37: =I8/I$2 -> 14.199228 | J37: =J8/J$2 -> 14.213097 | K37: =K8/K$2 -> 0 | L37: =L8/L$2 -> 0
C38: CUDA opt ant par | D38: =D9/D$2 -> 26.263262 | E38: =E9/E$2 -> 18.236271 | F38: =F9/F$2 -> 14.151738 | G38: =G9/G$2 -> 12.300308 | H38: =H9/H$2 -> 11.403068 | I38: =I9/I$2 -> 10.804997 | J38: =J9/J$2 -> 10.535009 | K38: =K9/K$2 -> 0 | L38: =L9/L$2 -> 0
C39: CUDA opt_one_GPU | D39: =D10/D$2 -> 129.13778 | E39: =E10/E$2 -> 129.16764 | F39: =F10/F$2 -> 132.82349 | G39: =G10/G$2 -> 502.35982 | H39: =H10/H$2 -> 0 | I39: =I10/I$2 -> 0 | J39: =J10/J$2 -> 0 | K39: =K10/K$2 -> 0 | L39: =L10/L$2 -> 0
C40: CUDA opt_one_GPU ant | D40: =D11/D$2 -> 609.09314 | E40: =E11/E$2 -> 606.95971 | F40: =F11/F$2 -> 599.47143 | G40: =G11/G$2 -> 607.52036 | H40: =H11/H$2 -> 610.53616 | I40: =I11/I$2 -> 609.01372 | J40: =J11/J$2 -> 610.57098 | K40: =K11/K$2 -> 0 | L40: =L11/L$2 -> 0
C41: CUDA opt_one_GPU ant local | D41: =D12/D$2 -> 34.980529 | E41: =E12/E$2 -> 34.325029 | F41: =F12/F$2 -> 33.862261 | G41: =G12/G$2 -> 34.183054 | H41: =H12/H$2 -> 34.318815 | I41: =I12/I$2 -> 34.250436 | J41: =J12/J$2 -> 34.318868 | K41: =K12/K$2 -> 0 | L41: =L12/L$2 -> 0
C42: CUDA Const | D42: =D13/D$2 -> 75.968405 | E42: =E13/E$2 -> 98.498655 | F42: =F13/F$2 -> 180.65776 | G42: =G13/G$2 -> 355.61583 | H42: =H13/H$2 -> 0 | I42: =I13/I$2 -> 0 | J42: =J13/J$2 -> 0 | K42: =K13/K$2 -> 0 | L42: =L13/L$2 -> 0
C43: CUDA ant Const | D43: =D14/D$2 -> 26.314995 | E43: =E14/E$2 -> 18.521476 | F43: =F14/F$2 -> 14.660683 | G43: =G14/G$2 -> 15.011421 | H43: =H14/H$2 -> 14.705065 | I43: =I14/I$2 -> 14.24808 | J43: =J14/J$2 -> 0 | K43: =K14/K$2 -> 0 | L43: =L14/L$2 -> 0
... C56: Time non CUDA AVX add CPU time 4 | D56: =D27/D$2 -> 14.93208 | E56: =E27/E$2 -> 13.731957 | F56: =F27/F$2 -> 13.358674 | G56: =G27/G$2 -> 13.152908 | H56: =H27/H$2 -> 13.121755 | I56: =I27/I$2 -> 13.005555 | J56: =J27/J$2 -> 13.061311 | K56: =K27/K$2 -> 0 | L56: =L27/L$2 -> 0
C60: 50 | D60: 2 | E60: 4 | F60: 8 | G60: 16 | H60: 32 | I60: 64 | J60: 128 | K60: 256 | L60: 512
D61: 42 | E61: 84 | F61: 168 | G61: 336 | H61: 672 | I61: 1344 | J61: 2688 | K61: 5376 | L61: 10752
C62: Classic ACO | D62: =D$3/D3 -> 1 | E62: =E$3/E3 -> 1 | F62: =F$3/F3 -> 1 | G62: =G$3/G3 -> 1 | H62: =H$3/H3 -> 1 | I62: =I$3/I3 -> 1 | J62: =J$3/J3 -> 1 | K62: =K$3/K3 -> #DIV/0! | L62: =L$3/L3 -> #DIV/0!
C63: CUDA Time | D63: =D$3/D4 -> 4.5571233 | E63: =E$3/E4 -> 3.351341 | F63: =F$3/F4 -> 1.7070965 | G63: =G$3/G4 -> 0.8704126 | H63: =H$3/H4 -> #DIV/0! | I63: =I$3/I4 -> #DIV/0! | J63: =J$3/J4 -> #DIV/0! | K63: =K$3/K4 -> #DIV/0! | L63: =L$3/L4 -> #DIV/0!
C64: CUDA ant | D64: =D$3/D5 -> 13.235948 | E64: =E$3/E5 -> 17.46417 | F64: =F$3/F5 -> 20.869066 | G64: =G$3/G5 -> 20.478392 | H64: =H$3/H5 -> 20.917923 | I64: =I$3/I5 -> 21.583145 | J64: =J$3/J5 -> 21.858415 | K64: =K$3/K5 -> #DIV/0! | L64: =L$3/L5 -> #DIV/0!
C65: CUDA ant par | D65: =D$3/D6 -> 13.319361 | E65: =E$3/E6 -> 17.837813 | F65: =F$3/F6 -> 21.690061 | G65: =G$3/G6 -> 24.99236 | H65: =H$3/H6 -> 26.996972 | I65: =I$3/I6 -> 28.443758 | J65: =J$3/J6 -> 29.510606 | K65: =K$3/K6 -> #DIV/0! | L65: =L$3/L6 -> #DIV/0!
C66: CUDA opt | D66: =D$3/D7 -> 4.5375826 | E66: =E$3/E7 -> 3.3368522 | F66: =F$3/F7 -> 1.702378 | G66: =G$3/G7 -> 0.86874381 | H66: =H$3/H7 -> #DIV/0! | I66: =I$3/I7 -> #DIV/0! | J66: =J$3/J7 -> #DIV/0! | K66: =K$3/K7 -> #DIV/0! | L66: =L$3/L7 -> #DIV/0!
C67: CUDA opt ant | D67: =D$3/D8 -> 13.251181 | E67: =E$3/E8 -> 17.510691 | F67: =F$3/F8 -> 21.065383 | G67: =G$3/G8 -> 20.590855 | H67: =H$3/H8 -> 20.950321 | I67: =I$3/I8 -> 21.508531 | J67: =J$3/J8 -> 21.872974 | K67: =K$3/K8 -> #DIV/0! | L67: =L$3/L8 -> #DIV/0!
C68: CUDA opt ant par | D68: =D$3/D9 -> 13.346846 | E68: =E$3/E9 -> 17.863841 | F68: =F$3/F9 -> 21.950352 | G68: =G$3/G9 -> 25.019322 | H68: =H$3/H9 -> 27.026895 | I68: =I$3/I9 -> 28.265119 | J68: =J$3/J9 -> 29.509487 | K68: =K$3/K9 -> #DIV/0! | L68: =L$3/L9 -> #DIV/0!
C69: CUDA opt_one_GPU | D69: =D$3/D10 -> 2.7144009 | E69: =E$3/E10 -> 2.5220703 | F69: =F$3/F10 -> 2.3387101 | G69: =G$3/G10 -> 0.61259946 | H69: =H$3/H10 -> #DIV/0! | I69: =I$3/I10 -> #DIV/0! | J69: =J$3/J10 -> #DIV/0! | K69: =K$3/K10 -> #DIV/0! | L69: =L$3/L10 -> #DIV/0!
C70: CUDA opt_one_GPU ant | D70: =D$3/D11 -> 0.57549772 | E70: =E$3/E11 -> 0.53672402 | F70: =F$3/F11 -> 0.51818255 | G70: =G$3/G11 -> 0.50655974 | H70: =H$3/H11 -> 0.50478505 | I70: =I$3/I11 -> 0.50147396 | J70: =J$3/J11 -> 0.50916719 | K70: =K$3/K11 -> #DIV/0! | L70: =L$3/L11 -> #DIV/0!
C71: CUDA opt_one_GPU ant local | D71: =D$3/D12 -> 10.020767 | E71: =E$3/E12 -> 9.4907381 | F71: =F$3/F12 -> 9.1735054 | G71: =G$3/G12 -> 9.0028633 | H71: =H$3/H12 -> 8.9801912 | I71: =I$3/I12 -> 8.9168069 | J71: =J$3/J12 -> 9.0586527 | K71: =K$3/K12 -> #DIV/0! | L71: =L$3/L12 -> #DIV/0!
C72: CUDA Const | D72: =D$3/D13 -> 4.6141776 | E72: =E$3/E13 -> 3.3073534 | F72: =F$3/F13 -> 1.7194702 | G72: =G$3/G13 -> 0.86538711 | H72: =H$3/H13 -> #DIV/0! | I72: =I$3/I13 -> #DIV/0! | J72: =J$3/J13 -> #DIV/0! | K72: =K$3/K13 -> #DIV/0! | L72: =L$3/L13 -> #DIV/0!
C73: CUDA ant Const | D73: =D$3/D14 -> 13.320607 | E73: =E$3/E14 -> 17.588763 | F73: =F$3/F14 -> 21.188346 | G73: =G$3/G14 -> 20.500747 | H73: =H$3/H14 -> 20.958052 | I73: =I$3/I14 -> 21.434784 | J73: =J$3/J14 -> #DIV/0! | K73: =K$3/K14 -> #DIV/0! | L73: =L$3/L14 -> #DIV/0!
... C86: Time non CUDA AVX add CPU time 4 | D86: =D$3/D27 -> 23.475075 | E86: =E$3/E27 -> 23.723483 | F86: =F$3/F27 -> 23.253478 | G86: =G$3/G27 -> 23.397515 | H86: =H$3/H27 -> 23.486913 | I86: =I$3/I27 -> 23.482621 | J86: =J$3/J27 -> 23.8018 | K86: =K$3/K27 -> #DIV/0! | L86: =L$3/L27 -> #DIV/0!
C91: Дисперсия
C92: 50 | D92: 2 | E92: 4 | F92: 8 | G92: 16 | H92: 32 | I92: 64 | J92: 128 | K92: 256 | L92: 512
D93: 42 | E93: 84 | F93: 168 | G93: 336 | H93: 672 | I93: 1344 | J93: 2688 | K93: 5376 | L93: 10752
C94: Classic ACO | D94: 6802.0433 | E94: 33907.929 | F94: 75921.364 | G94: 343506.19 | H94: 1.7706179e+08 | I94: 4403729.1 | J94: 80012174
C95: CUDA Time | D95: 1204.4726 | E95: 218.331 | F95: 257247.52 | G95: 348390.2
C96: CUDA ant | D96: 223.96213 | E96: 97.412524 | F96: 19.196068 | G96: 1516.4671 | H96: 3379.0402 | I96: 1445.5509 | J96: 10.375172
C97: CUDA ant par | D97: 109.542 | E97: 40.138341 | F97: 92.500806 | G97: 56.711097 | H97: 232.46315 | I97: 13.788428 | J97: 12.57156
C98: CUDA opt | D98: 106.07499 | E98: 151.23885 | F98: 147158.71 | G98: 26.5024
C99: CUDA opt ant | D99: 289.36417 | E99: 92.056594 | F99: 273.10383 | G99: 700.00764 | H99: 2999.2652 | I99: 9108.4416 | J99: 7.077154
C100: CUDA opt ant par | D100: 178.36049 | E100: 46.820633 | F100: 154.13996 | G100: 38.356706 | H100: 165.54121 | I100: 135.27088 | J100: 43.721664
C101: CUDA opt_one_GPU | D101: 1257391.9 | E101: 5648987 | F101: 558185.32 | G101: 1694.89
C102: CUDA opt_one_GPU ant | D102: 9.271456 | E102: 72072.412 | F102: 7135.48 | G102: 158.1744 | H102: 329.21 | I102: 9520.8064 | J102: 1127537
C103: CUDA opt_one_GPU ant local | D103: 0.47096116 | E103: 6.6359222 | F103: 29.211378 | G103: 37.677764 | H103: 585.18246 | I103: 4848.3692 | J103: 10737.815
C104: CUDA Const | D104: 412.62693 | E104: 212.99271 | F104: 437018.94 | G104: 1695.8976
C105: CUDA ant Const | D105: 90.546412 | E105: 198.90722 | F105: 89.381752 | G105: 37.103234 | H105: 33.167293 | I105: 15.506873
C106: CUDA ant par Const | D106: 11.160348 | E106: 239.00931 | F106: 119.00382 | G106: 44.753103 | H106: 51.436713 | I106: 29.930643
C107: CUDA opt Const | D107: 148.25462 | E107: 192.22049 | F107: 693540.52 | G107: 398.1651
C108: CUDA opt ant Const | D108: 17.738323 | E108: 82.303957 | F108: 118.37353 | G108: 48.992691 | H108: 24.791589 | I108: 21.135352
C109: CUDA opt ant par Const | D109: 138.83203 | E109: 1246.5238 | F109: 632.43053 | G109: 48.628829 | H109: 147024.39 | I109: 72003.223
C110: CUDA ant par global | D110: 41.557099 | E110: 211.48204 | F110: 17.61328 | G110: 59.634767 | H110: 188.44352 | I110: 22.131183 | J110: 5.369809
C111: CUDA opt ant par global | D111: 119.27719 | E111: 243.68145 | F111: 73.998341 | G111: 49.360394 | H111: 169.64304 | I111: 57.833076 | J111: 374.71247
C112: CUDA ant add CPU Time | D112: 1653.828 | E112: 1627.9611 | F112: 455.93194 | G112: 504.89508 | H112: 448.41431 | I112: 922.85496 | J112: 15568.28
C113: CUDA ant add CPU Const | D113: 1125.084 | E113: 136.09953 | F113: 572.23754 | G113: 274.45102 | H113: 296.30706 | I113: 2317.0873
C114: CUDA ant add CPU Time global | D114: 1160.0956 | E114: 1544.2069 | F114: 336.66432 | G114: 419.13916 | H114: 602.74156 | I114: 2990.9431 | J114: 20096.162
C115: CUDA ant add CPU_AVX_transp Time | D115: #DIV/0! | E115: 633.42138 | F115: 330.30755 | G115: 301.94667 | H115: 4014.3246 | I115: 5734.0441 | J115: 1545.8799
C116: CUDA ant add CPU12 | D116: 322.78392 | E116: 239.33621 | F116: 363.12767 | G116: 682.78439 | H116: 1087793.1 | I116: 626616.7 | J116: 20370.716
C117: Time non CUDA AVX time 4 | D117: 263.99015 | E117: 131.70371 | F117: 346.02492 | G117: 1621.1023 | H117: 530.49904 | I117: 664.23416 | J117: 753568.69
C118: Time non CUDA AVX add CPU time 4 | D118: 220.43461 | E118: 169.77125 | F118: 517.86843 | G118: 129.36777 | H118: 3307.3776 | I118: 15144.173 | J118: 55007.06
C120: Доверительный интервал | D120: 1.96 | E120: 50
C121: 50 | D121: 2 | E121: 4 | F121: 8 | G121: 16 | H121: 32 | I121: 64 | J121: 128 | K121: 256 | L121: 512
D122: 42 | E122: 84 | F122: 168 | G122: 336 | H122: 672 | I122: 1344 | J122: 2688 | K122: 5376 | L122: 10752
C123: Classic ACO | D123: =$D$120*SQRT(D94)/SQRT($E$120) -> 22.860765 | E123: =$D$120*SQRT(E94)/SQRT($E$120) -> 51.041297 | F123: =$D$120*SQRT(F94)/SQRT($E$120) -> 76.375325 | G123: =$D$120*SQRT(G94)/SQRT($E$120) -> 162.45697 | H123: =$D$120*SQRT(H94)/SQRT($E$120) -> 3688.3616 | I123: =$D$120*SQRT(I94)/SQRT($E$120) -> 581.6763 | J123: =$D$120*SQRT(J94)/SQRT($E$120) -> 2479.4143 | K123: =$D$120*SQRT(K94)/SQRT($E$120) -> 0 | L123: =$D$120*SQRT(L94)/SQRT($E$120) -> 0
C124: CUDA Time | D124: =$D$120*SQRT(D95)/SQRT($E$120) -> 9.6198773 | E124: =$D$120*SQRT(E95)/SQRT($E$120) -> 4.095706 | F124: =$D$120*SQRT(F95)/SQRT($E$120) -> 140.58749 | G124: =$D$120*SQRT(G95)/SQRT($E$120) -> 163.60781 | H124: =$D$120*SQRT(H95)/SQRT($E$120) -> 0 | I124: =$D$120*SQRT(I95)/SQRT($E$120) -> 0 | J124: =$D$120*SQRT(J95)/SQRT($E$120) -> 0 | K124: =$D$120*SQRT(K95)/SQRT($E$120) -> 0 | L124: =$D$120*SQRT(L95)/SQRT($E$120) -> 0
C125: CUDA ant | D125: =$D$120*SQRT(D96)/SQRT($E$120) -> 4.1481873 | E125: =$D$120*SQRT(E96)/SQRT($E$120) -> 2.735763 | F125: =$D$120*SQRT(F96)/SQRT($E$120) -> 1.2144432 | G125: =$D$120*SQRT(G96)/SQRT($E$120) -> 10.794128 | H125: =$D$120*SQRT(H96)/SQRT($E$120) -> 16.112679 | I125: =$D$120*SQRT(I96)/SQRT($E$120) -> 10.538717 | J125: =$D$120*SQRT(J96)/SQRT($E$120) -> 0.89282989 | K125: =$D$120*SQRT(K96)/SQRT($E$120) -> 0 | L125: =$D$120*SQRT(L96)/SQRT($E$120) -> 0
C126: CUDA ant par | D126: =$D$120*SQRT(D97)/SQRT($E$120) -> 2.9010914 | E126: =$D$120*SQRT(E97)/SQRT($E$120) -> 1.7561062 | F126: =$D$120*SQRT(F97)/SQRT($E$120) -> 2.6658998 | G126: =$D$120*SQRT(G97)/SQRT($E$120) -> 2.0873972 | H126: =$D$120*SQRT(H97)/SQRT($E$120) -> 4.2261813 | I126: =$D$120*SQRT(I97)/SQRT($E$120) -> 1.0292679 | J126: =$D$120*SQRT(J97)/SQRT($E$120) -> 0.98280115 | K126: =$D$120*SQRT(K97)/SQRT($E$120) -> 0 | L126: =$D$120*SQRT(L97)/SQRT($E$120) -> 0
C127: CUDA opt | D127: =$D$120*SQRT(D98)/SQRT($E$120) -> 2.8548123 | E127: =$D$120*SQRT(E98)/SQRT($E$120) -> 3.4088097 | F127: =$D$120*SQRT(F98)/SQRT($E$120) -> 106.33202 | G127: =$D$120*SQRT(G98)/SQRT($E$120) -> 1.4269662 | H127: =$D$120*SQRT(H98)/SQRT($E$120) -> 0 | I127: =$D$120*SQRT(I98)/SQRT($E$120) -> 0 | J127: =$D$120*SQRT(J98)/SQRT($E$120) -> 0 | K127: =$D$120*SQRT(K98)/SQRT($E$120) -> 0 | L127: =$D$120*SQRT(L98)/SQRT($E$120) -> 0
C128: CUDA opt ant | D128: =$D$120*SQRT(D99)/SQRT($E$120) -> 4.7151276 | E128: =$D$120*SQRT(E99)/SQRT($E$120) -> 2.659491 | F128: =$D$120*SQRT(F99)/SQRT($E$120) -> 4.5807329 | G128: =$D$120*SQRT(G99)/SQRT($E$120) -> 7.3336885 | H128: =$D$120*SQRT(H99)/SQRT($E$120) -> 15.180235 | I128: =$D$120*SQRT(I99)/SQRT($E$120) -> 26.454107 | J128: =$D$120*SQRT(J99)/SQRT($E$120) -> 0.73739535 | K128: =$D$120*SQRT(K99)/SQRT($E$120) -> 0 | L128: =$D$120*SQRT(L99)/SQRT($E$120) -> 0
C129: CUDA opt ant par | D129: =$D$120*SQRT(D100)/SQRT($E$120) -> 3.7018634 | E129: =$D$120*SQRT(E100)/SQRT($E$120) -> 1.896661 | F129: =$D$120*SQRT(F100)/SQRT($E$120) -> 3.4413488 | G129: =$D$120*SQRT(G100)/SQRT($E$120) -> 1.7166894 | H129: =$D$120*SQRT(H100)/SQRT($E$120) -> 3.5663513 | I129: =$D$120*SQRT(I100)/SQRT($E$120) -> 3.2238381 | J129: =$D$120*SQRT(J100)/SQRT($E$120) -> 1.8328183 | K129: =$D$120*SQRT(K100)/SQRT($E$120) -> 0 | L129: =$D$120*SQRT(L100)/SQRT($E$120) -> 0
C130: CUDA opt_one_GPU | D130: =$D$120*SQRT(D101)/SQRT($E$120) -> 310.81818 | E130: =$D$120*SQRT(E101)/SQRT($E$120) -> 658.8042 | F130: =$D$120*SQRT(F101)/SQRT($E$120) -> 207.09055 | G130: =$D$120*SQRT(G101)/SQRT($E$120) -> 11.411476 | H130: =$D$120*SQRT(H101)/SQRT($E$120) -> 0 | I130: =$D$120*SQRT(I101)/SQRT($E$120) -> 0 | J130: =$D$120*SQRT(J101)/SQRT($E$120) -> 0 | K130: =$D$120*SQRT(K101)/SQRT($E$120) -> 0 | L130: =$D$120*SQRT(L101)/SQRT($E$120) -> 0
C131: CUDA opt_one_GPU ant | D131: =$D$120*SQRT(D102)/SQRT($E$120) -> 0.84400504 | E131: =$D$120*SQRT(E102)/SQRT($E$120) -> 74.414162 | F131: =$D$120*SQRT(F102)/SQRT($E$120) -> 23.41438 | G131: =$D$120*SQRT(G102)/SQRT($E$120) -> 3.4860946 | H131: =$D$120*SQRT(H102)/SQRT($E$120) -> 5.0293004 | I131: =$D$120*SQRT(I102)/SQRT($E$120) -> 27.046305 | J131: =$D$120*SQRT(J102)/SQRT($E$120) -> 294.33131 | K131: =$D$120*SQRT(K102)/SQRT($E$120) -> 0 | L131: =$D$120*SQRT(L102)/SQRT($E$120) -> 0
C132: CUDA opt_one_GPU ant local | D132: =$D$120*SQRT(D103)/SQRT($E$120) -> 0.19022326 | E132: =$D$120*SQRT(E103)/SQRT($E$120) -> 0.71403864 | F132: =$D$120*SQRT(F103)/SQRT($E$120) -> 1.4981217 | G132: =$D$120*SQRT(G103)/SQRT($E$120) -> 1.7014282 | H132: =$D$120*SQRT(H103)/SQRT($E$120) -> 6.705277 | I132: =$D$120*SQRT(I103)/SQRT($E$120) -> 19.300516 | J132: =$D$120*SQRT(J103)/SQRT($E$120) -> 28.722949 | K132: =$D$120*SQRT(K103)/SQRT($E$120) -> 0 | L132: =$D$120*SQRT(L103)/SQRT($E$120) -> 0
C133: CUDA Const | D133: =$D$120*SQRT(D104)/SQRT($E$120) -> 5.6305374 | E133: =$D$120*SQRT(E104)/SQRT($E$120) -> 4.0453252 | F133: =$D$120*SQRT(F104)/SQRT($E$120) -> 183.24039 | G133: =$D$120*SQRT(G104)/SQRT($E$120) -> 11.414868 | H133: =$D$120*SQRT(H104)/SQRT($E$120) -> 0 | I133: =$D$120*SQRT(I104)/SQRT($E$120) -> 0 | J133: =$D$120*SQRT(J104)/SQRT($E$120) -> 0 | K133: =$D$120*SQRT(K104)/SQRT($E$120) -> 0 | L133: =$D$120*SQRT(L104)/SQRT($E$120) -> 0
C134: CUDA ant Const | D134: =$D$120*SQRT(D105)/SQRT($E$120) -> 2.6375864 | E134: =$D$120*SQRT(E105)/SQRT($E$120) -> 3.9092761 | F134: =$D$120*SQRT(F105)/SQRT($E$120) -> 2.6205684 | G134: =$D$120*SQRT(G105)/SQRT($E$120) -> 1.6884063 | H134: =$D$120*SQRT(H105)/SQRT($E$120) -> 1.5963425 | I134: =$D$120*SQRT(I105)/SQRT($E$120) -> 1.0915237 | J134: =$D$120*SQRT(J105)/SQRT($E$120) -> 0 | K134: =$D$120*SQRT(K105)/SQRT($E$120) -> 0 | L134: =$D$120*SQRT(L105)/SQRT($E$120) -> 0
...

Sheet 1050COMP
B1: 1.96 | C1: 50 | D1: 2 | E1: 4 | F1: 8 | G1: 16 | H1: 32 | I1: 64 | J1: 128 | K1: 256 | L1: 512 | M1: 9th Gen Intel Core i5-9400F 2.90 GHz (16Gb ОЗУ),
B2: МО | D2: 42 | E2: 84 | F2: 168 | G2: 336 | H2: 672 | I2: 1344 | J2: 2688 | K2: 5376 | L2: 10752
A3: 1 | C3: Classic ACO | D3: 13775.68 | E3: 24819.016 | F3: 47399.626 | G3: 96405.03 | H3: 197567.46 | I3: 376437.82 | J3: 762594.84
C4: CUDA Time | D4: 3659.4322 | E4: 9339.9226 | F4: 35373.252 | G4: 133771.86
C5: CUDA ant | D5: 1205.171 | E5: 1720.4454 | F5: 2777.4122 | G5: 5562.0442 | H5: 9529.4334 | I5: 22207.712 | J5: 38945.372
C6: CUDA ant par | D6: 1193.4462 | E6: 1718.7074 | F6: 2621.5022 | G6: 4581.1512 | H6: 7371.8842 | I6: 15329.056 | J6: 29967.086
C7: CUDA opt | D7: 3604.9408 | E7: 9478.3754 | F7: 35015.916 | G7: 133849.2
C8: CUDA opt ant | D8: 1181.9466 | E8: 1592.6038 | F8: 2740.828 | G8: 5504.5884 | H8: 11476.146 | I8: 21936.874 | J8: 42614.86
C9: CUDA opt ant par | D9: 1188.5088 | E9: 1564.9252 | F9: 2627.7358 | G9: 4576.1182 | H9: 9043.0616 | I9: 17174.572 | J9: 32164.586
C10: CUDA opt_one_GPU | D10: 5996.6822 | E10: 10388.759 | F10: 25658.662 | G10: 191956.08
C11: CUDA opt_one_GPU ant | D11: 29850.118 | E11: 56742.516 | F11: 114161.2 | G11: 231832.44 | H11: 433399.84 | I11: 921568.96 | J11: 1752741.2
C12: CUDA opt_one_GPU ant local | D12: 1703.0858 | E12: 3238.8466 | F12: 6387.8326 | G12: 11126.67 | H12: 24205.906 | I12: 51402.416 | J12: 189955.16
C13: CUDA Const | D13: 3582.0978 | E13: 9321.176 | F13: 35222.21 | G13: 140931.94 | J13: #DIV/0!
C14: CUDA ant Const | D14: 1198.7844 | E14: 1685.7338 | F14: 2736.6656 | G14: 5809.5368 | H14: 11665.926 | I14: 22066.966 | J14: #DIV/0!
C15: CUDA ant par Const | D15: 1201.7132 | E15: 1666.8358 | F15: 2658.8206 | G15: 4790.7862 | H15: 9009.8438 | I15: 16641.204 | J15: #DIV/0!
C16: CUDA opt Const | D16: 3561.421 | E16: 9327.857 | F16: 35469.58 | G16: 116863.72 | J16: #DIV/0!
C17: CUDA opt ant Const | D17: 1196.1116 | E17: 1724.5872 | F17: 2729.0976 | G17: 4861.7164 | H17: 11861.754 | I17: 22054.342 | J17: #DIV/0!
C18: CUDA opt ant par Const | D18: 1181.1062 | E18: 1693.6088 | F18: 2630.1166 | G18: 4023.7572 | H18: 9454.3274 | I18: 16626.426 | J18: #DIV/0!
C19: CUDA ant par global | D19: 1205.47 | E19: 1686.3086 | F19: 2651.783 | G19: 4571.1628 | H19: 8694.7538 | I19: 16569.436 | J19: 30830.606
C20: CUDA opt ant par global | D20: 1188.4956 | E20: 1654.3996 | F20: 2652.3568 | G20: 4619.6548 | H20: 8539.7484 | I20: 17284.052 | J20: 31651.7
C21: CUDA ant add CPU Time | D21: 621.49762 | E21: 1148.686 | F21: 2232.367 | G21: 4529.7836 | H21: 9484.4038 | I21: 19648.39 | J21: 36474.402
C22: CUDA ant add CPU Const | D22: 620.47406 | E22: 1149.12 | F22: 2235.8514 | G22: 4777.7546 | H22: 9736.995 | I22: 18839.554 | J22: #DIV/0!
C23: CUDA ant add CPU Time global | D23: 628.01006 | E23: 1159.1122 | F23: 2251.028 | G23: 4546.8504 | H23: 9397.42 | I23: 18911.85 | J23: 36767.928
C24: CUDA ant add CPU_AVX_transp Time | D24: #DIV/0! | E24: 1191.7366 | F24: 2306.617 | G24: 4894.3002 | H24: 9785.159 | I24: 18785.994 | J24: 57289.882
C25: CUDA ant add CPU12 | D25: 1858.168 | E25: 2420.109 | F25: 4527.1802 | G25: 8310.85 | H25: 15832.002 | I25: 27962.48 | J25: 51638.59
C26: Time non CUDA AVX time 4 | D26: 980.75398 | E26: 1822.0432 | F26: 3521.0432 | G26: 6913.7884 | H26: 14600.704 | I26: 27769.686 | J26: 53720.156
C27: Time non CUDA AVX add CPU time 4 | D27: 585.59822 | E27: 1094.3246 | F27: 2120.4718 | G27: 4187.7104 | H27: 9455.6194 | I27: 19091.788 | J27: 39015.478
C30: 6 | D30: 2 | E30: 4 | F30: 8 | G30: 16 | H30: 32 | I30: 64 | J30: 128 | K30: 256 | L30: 512
D31: 42 | E31: 84 | F31: 168 | G31: 336 | H31: 672 | I31: 1344 | J31: 2688 | K31: 5376 | L31: 10752
C32: Classic ACO | D32: =D3/D$2 -> 327.99238 | E32: =E3/E$2 -> 295.46448 | F32: =F3/F$2 -> 282.14063 | G32: =G3/G$2 -> 286.91973 | H32: =H3/H$2 -> 293.9992 | I32: =I3/I$2 -> 280.08766 | J32: =J3/J$2 -> 283.70344 | K32: =K3/K$2 -> 0 | L32: =L3/L$2 -> 0
C33: CUDA Time | D33: =D4/D$2 -> 87.129338 | E33: =E4/E$2 -> 111.18955 | F33: =F4/F$2 -> 210.55507 | G33: =G4/G$2 -> 398.13054 | H33: =H4/H$2 -> 0 | I33: =I4/I$2 -> 0 | J33: =J4/J$2 -> 0 | K33: =K4/K$2 -> 0 | L33: =L4/L$2 -> 0
C34: CUDA ant | D34: =D5/D$2 -> 28.694548 | E34: =E5/E$2 -> 20.481493 | F34: =F5/F$2 -> 16.532215 | G34: =G5/G$2 -> 16.553703 | H34: =H5/H$2 -> 14.180704 | I34: =I5/I$2 -> 16.523595 | J34: =J5/J$2 -> 14.488606 | K34: =K5/K$2 -> 0 | L34: =L5/L$2 -> 0
C35: CUDA ant par | D35: =D6/D$2 -> 28.415386 | E35: =E6/E$2 -> 20.460802 | F35: =F6/F$2 -> 15.60418 | G35: =G6/G$2 -> 13.634379 | H35: =H6/H$2 -> 10.970066 | I35: =I6/I$2 -> 11.405548 | J35: =J6/J$2 -> 11.148469 | K35: =K6/K$2 -> 0 | L35: =L6/L$2 -> 0
C36: CUDA opt Time | D36: =D7/D$2 -> 85.831924 | E36: =E7/E$2 -> 112.8378 | F36: =F7/F$2 -> 208.42807 | G36: =G7/G$2 -> 398.36071 | H36: =H7/H$2 -> 0 | I36: =I7/I$2 -> 0 | J36: =J7/J$2 -> 0 | K36: =K7/K$2 -> 0 | L36: =L7/L$2 -> 0
C37: CUDA opt ant | D37: =D8/D$2 -> 28.141586 | E37: =E8/E$2 -> 18.959569 | F37: =F8/F$2 -> 16.314452 | G37: =G8/G$2 -> 16.382704 | H37: =H8/H$2 -> 17.077599 | I37: =I8/I$2 -> 16.322079 | J37: =J8/J$2 -> 15.853743 | K37: =K8/K$2 -> 0 | L37: =L8/L$2 -> 0
C38: CUDA opt ant par | D38: =D9/D$2 -> 28.297829 | E38: =E9/E$2 -> 18.630062 | F38: =F9/F$2 -> 15.641285 | G38: =G9/G$2 -> 13.619399 | H38: =H9/H$2 -> 13.456937 | I38: =I9/I$2 -> 12.778699 | J38: =J9/J$2 -> 11.965992 | K38: =K9/K$2 -> 0 | L38: =L9/L$2 -> 0
C39: CUDA opt_one_GPU | D39: =D10/D$2 -> 142.77815 | E39: =E10/E$2 -> 123.6757 | F39: =F10/F$2 -> 152.73013 | G39: =G10/G$2 -> 571.29786 | H39: =H10/H$2 -> 0 | I39: =I10/I$2 -> 0 | J39: =J10/J$2 -> 0 | K39: =K10/K$2 -> 0 | L39: =L10/L$2 -> 0
C40: CUDA opt_one_GPU ant | D40: =D11/D$2 -> 710.7171 | E40: =E11/E$2 -> 675.50614 | F40: =F11/F$2 -> 679.53095 | G40: =G11/G$2 -> 689.9775 | H40: =H11/H$2 -> 644.94024 | I40: =I11/I$2 -> 685.69119 | J40: =J11/J$2 -> 652.06146 | K40: =K11/K$2 -> 0 | L40: =L11/L$2 -> 0
C41: CUDA opt_one_GPU ant local | D41: =D12/D$2 -> 40.549662 | E41: =E12/E$2 -> 38.557698 | F41: =F12/F$2 -> 38.022813 | G41: =G12/G$2 -> 33.115089 | H41: =H12/H$2 -> 36.020693 | I41: =I12/I$2 -> 38.245845 | J41: =J12/J$2 -> 70.667842 | K41: =K12/K$2 -> 0 | L41: =L12/L$2 -> 0
C42: CUDA Const | D42: =D13/D$2 -> 85.288043 | E42: =E13/E$2 -> 110.96638 | F42: =F13/F$2 -> 209.65601 | G42: =G13/G$2 -> 419.4403 | H42: =H13/H$2 -> 0 | I42: =I13/I$2 -> 0 | J42: =J13/J$2 -> #DIV/0! | K42: =K13/K$2 -> 0 | L42: =L13/L$2 -> 0
C43: CUDA ant Const | D43: =D14/D$2 -> 28.542486 | E43: =E14/E$2 -> 20.06826 | F43: =F14/F$2 -> 16.289676 | G43: =G14/G$2 -> 17.290288 | H43: =H14/H$2 -> 17.360009 | I43: =I14/I$2 -> 16.418874 | J43: =J14/J$2 -> #DIV/0! | K43: =K14/K$2 -> 0 | L43: =L14/L$2 -> 0
... C56: Time non CUDA AVX add CPU time 4 | D56: =D27/D$2 -> 13.942815 | E56: =E27/E$2 -> 13.027674 | F56: =F27/F$2 -> 12.621856 | G56: =G27/G$2 -> 12.463424 | H56: =H27/H$2 -> 14.070862 | I56: =I27/I$2 -> 14.205199 | J56: =J27/J$2 -> 14.514687 | K56: =K27/K$2 -> 0 | L56: =L27/L$2 -> 0
C60: 50 | D60: 2 | E60: 4 | F60: 8 | G60: 16 | H60: 32 | I60: 64 | J60: 128 | K60: 256 | L60: 512
D61: 42 | E61: 84 | F61: 168 | G61: 336 | H61: 672 | I61: 1344 | J61: 2688 | K61: 5376 | L61: 10752
C62: Classic ACO | D62: =D$3/D3 -> 1 | E62: =E$3/E3 -> 1 | F62: =F$3/F3 -> 1 | G62: =G$3/G3 -> 1 | H62: =H$3/H3 -> 1 | I62: =I$3/I3 -> 1 | J62: =J$3/J3 -> 1 | K62: =K$3/K3 -> #DIV/0! | L62: =L$3/L3 -> #DIV/0!
C63: CUDA Time | D63: =D$3/D4 -> 3.764431 | E63: =E$3/E4 -> 2.6573042 | F63: =F$3/F4 -> 1.339985 | G63: =G$3/G4 -> 0.72066749 | H63: =H$3/H4 -> #DIV/0! | I63: =I$3/I4 -> #DIV/0! | J63: =J$3/J4 -> #DIV/0! | K63: =K$3/K4 -> #DIV/0! | L63: =L$3/L4 -> #DIV/0!
C64: CUDA ant | D64: =D$3/D5 -> 11.430478 | E64: =E$3/E5 -> 14.425925 | F64: =F$3/F5 -> 17.066111 | G64: =G$3/G5 -> 17.332662 | H64: =H$3/H5 -> 20.732341 | I64: =I$3/I5 -> 16.95077 | J64: =J$3/J5 -> 19.581142 | K64: =K$3/K5 -> #DIV/0! | L64: =L$3/L5 -> #DIV/0!
C65: CUDA ant par | D65: =D$3/D6 -> 11.542774 | E65: =E$3/E6 -> 14.440513 | F65: =F$3/F6 -> 18.081093 | G65: =G$3/G6 -> 21.043844 | H65: =H$3/H6 -> 26.800131 | I65: =I$3/I6 -> 24.557143 | J65: =J$3/J6 -> 25.447748 | K65: =K$3/K6 -> #DIV/0! | L65: =L$3/L6 -> #DIV/0!
C66: CUDA opt Time | D66: =D$3/D7 -> 3.8213332 | E66: =E$3/E7 -> 2.6184884 | F66: =F$3/F7 -> 1.3536595 | G66: =G$3/G7 -> 0.72025107 | H66: =H$3/H7 -> #DIV/0! | I66: =I$3/I7 -> #DIV/0! | J66: =J$3/J7 -> #DIV/0! | K66: =K$3/K7 -> #DIV/0! | L66: =L$3/L7 -> #DIV/0!
C67: CUDA opt ant | D67: =D$3/D8 -> 11.655078 | E67: =E$3/E8 -> 15.583924 | F67: =F$3/F8 -> 17.293908 | G67: =G$3/G8 -> 17.513576 | H67: =H$3/H8 -> 17.215488 | I67: =I$3/I8 -> 17.160048 | J67: =J$3/J8 -> 17.895045 | K67: =K$3/K8 -> #DIV/0! | L67: =L$3/L8 -> #DIV/0!
C68: CUDA opt ant par | D68: =D$3/D9 -> 11.590726 | E68: =E$3/E9 -> 15.859554 | F68: =F$3/F9 -> 18.038201 | G68: =G$3/G9 -> 21.066989 | H68: =H$3/H9 -> 21.847408 | I68: =I$3/I9 -> 21.918323 | J68: =J$3/J9 -> 23.709145 | K68: =K$3/K9 -> #DIV/0! | L68: =L$3/L9 -> #DIV/0!
C69: CUDA opt_one_GPU | D69: =D$3/D10 -> 2.297217 | E69: =E$3/E10 -> 2.3890261 | F69: =F$3/F10 -> 1.8473148 | G69: =G$3/G10 -> 0.50222442 | H69: =H$3/H10 -> #DIV/0! | I69: =I$3/I10 -> #DIV/0! | J69: =J$3/J10 -> #DIV/0! | K69: =K$3/K10 -> #DIV/0! | L69: =L$3/L10 -> #DIV/0!
C70: CUDA opt_one_GPU ant | D70: =D$3/D11 -> 0.46149499 | E70: =E$3/E11 -> 0.43739717 | F70: =F$3/F11 -> 0.41519909 | G70: =G$3/G11 -> 0.41583926 | H70: =H$3/H11 -> 0.45585494 | I70: =I$3/I11 -> 0.40847493 | J70: =J$3/J11 -> 0.43508696 | K70: =K$3/K11 -> #DIV/0! | L70: =L$3/L11 -> #DIV/0!
C71: CUDA opt_one_GPU ant local | D71: =D$3/D12 -> 8.0886588 | E71: =E$3/E12 -> 7.662918 | F71: =F$3/F12 -> 7.4202987 | G71: =G$3/G12 -> 8.6643201 | H71: =H$3/H12 -> 8.1619527 | I71: =I$3/I12 -> 7.3233488 | J71: =J$3/J12 -> 4.0146045 | K71: =K$3/K12 -> #DIV/0! | L71: =L$3/L12 -> #DIV/0!
C72: CUDA Const | D72: =D$3/D13 -> 3.8457018 | E72: =E$3/E13 -> 2.6626486 | F72: =F$3/F13 -> 1.3457312 | G72: =G$3/G13 -> 0.68405381 | H72: =H$3/H13 -> #DIV/0! | I72: =I$3/I13 -> #DIV/0! | J72: =J$3/J13 -> #DIV/0! | K72: =K$3/K13 -> #DIV/0! | L72: =L$3/L13 -> #DIV/0!
C73: CUDA ant Const | D73: =D$3/D14 -> 11.491374 | E73: =E$3/E14 -> 14.722975 | F73: =F$3/F14 -> 17.320211 | G73: =G$3/G14 -> 16.594271 | H73: =H$3/H14 -> 16.935429 | I73: =I$3/I14 -> 17.058884 | J73: =J$3/J14 -> #DIV/0! | K73: =K$3/K14 -> #DIV/0! | L73: =L$3/L14 -> #DIV/0!
... C86: Time non CUDA AVX add CPU time 4 | D86: =D$3/D27 -> 23.524115 | E86: =E$3/E27 -> 22.679757 | F86: =F$3/F27 -> 22.353339 | G86: =G$3/G27 -> 23.02094 | H86: =H$3/H27 -> 20.894185 | I86: =I$3/I27 -> 19.717264 | J86: =J$3/J27 -> 19.545957 | K86: =K$3/K27 -> #DIV/0! | L86: =L$3/L27 -> #DIV/0!
C91: Дисперсия
C92: 50 | D92: 2 | E92: 4 | F92: 8 | G92: 16 | H92: 32 | I92: 64 | J92: 128 | K92: 256 | L92: 512
D93: 42 | E93: 84 | F93: 168 | G93: 336 | H93: 672 | I93: 1344 | J93: 2688 | K93: 5376 | L93: 10752
C94: Classic ACO | D94: 30555.841 | E94: 27529.521 | F94: 70267.974 | G94: 190319.36 | H94: 2.3822154e+08 | I94: 2819514.8 | J94: 1.3056553e+09
C95: CUDA Time | D95: 783.99755 | E95: 119107.91 | F95: 930030.14 | G95: 5739634.3
C96: CUDA ant | D96: 327.71556 | E96: 346.13786 | F96: 1357.3059 | G96: 17312.357 | H96: 3101.7705 | I96: 13288500 | J96: 2577973.3
C97: CUDA ant par | D97: 1792.0025 | E97: 1516.3723 | F97: 2795.8945 | G97: 9936.8768 | H97: 308.07597 | I97: 10585852 | J97: 4245397.1
C98: CUDA opt | D98: 3657.0706 | E98: 16787.437 | F98: 461861.81 | G98: 440758.64
C99: CUDA opt ant | D99: 63.832176 | E99: 2832.0547 | F99: 2907.8736 | G99: 6126.7194 | H99: 281569.41 | I99: 884562.16 | J99: 8714088.4
C100: CUDA opt ant par | D100: 175.93944 | E100: 2657.9956 | F100: 3330.0577 | G100: 5666.8875 | H100: 399743.43 | I100: 104641.27 | J100: 361657.17
C101: CUDA opt_one_GPU | D101: 1970367.9 | E101: 12223749 | F101: 888472.97 | G101: 714856.51
C102: CUDA opt_one_GPU ant | D102: 255856.61 | E102: 387532.89 | F102: 301114.16 | G102: 1.1619439e+08 | H102: 1190422.3 | I102: 1.7702001e+08 | J102: 1.3695406e+10
C103: CUDA opt_one_GPU ant local | D103: 589.44087 | E103: 1293.7147 | F103: 3734.0809 | G103: 2249.5537 | H103: 1719.5474 | I103: 135629.31 | J103: 6542602.7
C104: CUDA Const | D104: 6654.722 | E104: 35487.341 | F104: 837256.38 | G104: 1440946.5
C105: CUDA ant Const | D105: 291.87573 | E105: 1425.8599 | F105: 2517.9616 | G105: 7533.1542 | H105: 51122.539 | I105: 113196.53
C106: CUDA ant par Const | D106: 231.51645 | E106: 985.17319 | F106: 2799.0519 | G106: 6626.4053 | H106: 15370.16 | I106: 63516.012
C107: CUDA opt Const | D107: 2065.2903 | E107: 79659.213 | F107: 1582915.4 | G107: 1616562.1
C108: CUDA opt ant Const | D108: 547.70798 | E108: 355.59916 | F108: 2880.5779 | G108: 1137.1194 | H108: 371751.65 | I108: 95810.62
C109: CUDA opt ant par Const | D109: 138.83203 | E109: 1246.5238 | F109: 632.43053 | G109: 48.628829 | H109: 147024.39 | I109: 72003.223
C110: CUDA ant par global | D110: 251.41023 | E110: 335.09878 | F110: 1166.8806 | G110: 4525.677 | H110: 155676.43 | I110: 6183470.6 | J110: 552030.22
C111: CUDA opt ant par global | D111: 251.41023 | E111: 335.09878 | F111: 1166.8806 | G111: 4525.677 | H111: 155676.43 | I111: 6183470.6 | J111: 552030.22
C112: CUDA ant add CPU Time | D112: 167.51601 | E112: 558.86906 | F112: 333.57509 | G112: 2851.7375 | H112: 42269.478 | I112: 133384.94 | J112: 120448.13
C113: CUDA ant add CPU Const | D113: 175.77523 | E113: 1101.8355 | F113: 358.98442 | G113: 2861.326 | H113: 10029.955 | I113: 60318.787
C114: CUDA ant add CPU Time global | D114: 495.63241 | E114: 96.572213 | F114: 714.41987 | G114: 3748.9964 | H114: 20129.773 | I114: 2800422.8 | J114: 220418.78
C115: CUDA ant add CPU_AVX_transp Time | D115: #DIV/0! | E115: 440.22115 | F115: 1116.0679 | G115: 7097.6774 | H115: 6993.6841 | I115: 52919.376 | J115: 7423274.5
C116: CUDA ant add CPU12 | D116: 919.66779 | E116: 1645.8781 | F116: 20295.817 | G116: 7997.4668 | H116: 4124999.4 | I116: 2418842.9 | J116: 3236315.9
C117: Time non CUDA AVX time 4 | D117: 273.95643 | E117: 118.83993 | F117: 391.80991 | G117: 484.12666 | H117: 55338.3 | I117: 124228.53 | J117: 225953.76
C118: Time non CUDA AVX add CPU time 4 | D118: 14.040797 | E118: 50.267365 | F118: 215.92482 | G118: 43.77913 | H118: 36739.174 | I118: 38723.259 | J118: 123386.6
C120: Доверительный интервал | D120: 1.96 | E120: 50
C121: 50 | D121: 2 | E121: 4 | F121: 8 | G121: 16 | H121: 32 | I121: 64 | J121: 128 | K121: 256 | L121: 512
D122: 42 | E122: 84 | F122: 168 | G122: 336 | H122: 672 | I122: 1344 | J122: 2688 | K122: 5376 | L122: 10752
C123: Classic ACO | D123: =$D$120*SQRT(D94)/SQRT($E$120) -> 48.452723 | E123: =$D$120*SQRT(E94)/SQRT($E$120) -> 45.99074 | F123: =$D$120*SQRT(F94)/SQRT($E$120) -> 73.476724 | G123: =$D$120*SQRT(G94)/SQRT($E$120) -> 120.92401 | H123: =$D$120*SQRT(H94)/SQRT($E$120) -> 4278.2049 | I123: =$D$120*SQRT(I94)/SQRT($E$120) -> 465.43416 | J123: =$D$120*SQRT(J94)/SQRT($E$120) -> 10015.793 | K123: =$D$120*SQRT(K94)/SQRT($E$120) -> 0 | L123: =$D$120*SQRT(L94)/SQRT($E$120) -> 0
C124: CUDA Time | D124: =$D$120*SQRT(D95)/SQRT($E$120) -> 7.7611919 | E124: =$D$120*SQRT(E95)/SQRT($E$120) -> 95.662422 | F124: =$D$120*SQRT(F95)/SQRT($E$120) -> 267.31269 | G124: =$D$120*SQRT(G95)/SQRT($E$120) -> 664.06896 | H124: =$D$120*SQRT(H95)/SQRT($E$120) -> 0 | I124: =$D$120*SQRT(I95)/SQRT($E$120) -> 0 | J124: =$D$120*SQRT(J95)/SQRT($E$120) -> 0 | K124: =$D$120*SQRT(K95)/SQRT($E$120) -> 0 | L124: =$D$120*SQRT(L95)/SQRT($E$120) -> 0
C125: CUDA ant | D125: =$D$120*SQRT(D96)/SQRT($E$120) -> 5.0178722 | E125: =$D$120*SQRT(E96)/SQRT($E$120) -> 5.156982 | F125: =$D$120*SQRT(F96)/SQRT($E$120) -> 10.21198 | G125: =$D$120*SQRT(G96)/SQRT($E$120) -> 36.471125 | H125: =$D$120*SQRT(H96)/SQRT($E$120) -> 15.437462 | I125: =$D$120*SQRT(I96)/SQRT($E$120) -> 1010.4365 | J125: =$D$120*SQRT(J96)/SQRT($E$120) -> 445.05151 | K125: =$D$120*SQRT(K96)/SQRT($E$120) -> 0 | L125: =$D$120*SQRT(L96)/SQRT($E$120) -> 0
C126: CUDA ant par | D126: =$D$120*SQRT(D97)/SQRT($E$120) -> 11.733846 | E126: =$D$120*SQRT(E97)/SQRT($E$120) -> 10.793791 | F126: =$D$120*SQRT(F97)/SQRT($E$120) -> 14.65654 | G126: =$D$120*SQRT(G97)/SQRT($E$120) -> 27.630963 | H126: =$D$120*SQRT(H97)/SQRT($E$120) -> 4.865192 | I126: =$D$120*SQRT(I97)/SQRT($E$120) -> 901.84931 | J126: =$D$120*SQRT(J97)/SQRT($E$120) -> 571.12376 | K126: =$D$120*SQRT(K97)/SQRT($E$120) -> 0 | L126: =$D$120*SQRT(L97)/SQRT($E$120) -> 0
C127: CUDA opt | D127: =$D$120*SQRT(D98)/SQRT($E$120) -> 16.762459 | E127: =$D$120*SQRT(E98)/SQRT($E$120) -> 35.913958 | F127: =$D$120*SQRT(F98)/SQRT($E$120) -> 188.37666 | G127: =$D$120*SQRT(G98)/SQRT($E$120) -> 184.02274 | H127: =$D$120*SQRT(H98)/SQRT($E$120) -> 0 | I127: =$D$120*SQRT(I98)/SQRT($E$120) -> 0 | J127: =$D$120*SQRT(J98)/SQRT($E$120) -> 0 | K127: =$D$120*SQRT(K98)/SQRT($E$120) -> 0 | L127: =$D$120*SQRT(L98)/SQRT($E$120) -> 0
C128: CUDA opt ant | D128: =$D$120*SQRT(D99)/SQRT($E$120) -> 2.2145776 | E128: =$D$120*SQRT(E99)/SQRT($E$120) -> 14.751014 | F128: =$D$120*SQRT(F99)/SQRT($E$120) -> 14.947165 | G128: =$D$120*SQRT(G99)/SQRT($E$120) -> 21.696269 | H128: =$D$120*SQRT(H99)/SQRT($E$120) -> 147.08345 | I128: =$D$120*SQRT(I99)/SQRT($E$120) -> 260.69653 | J128: =$D$120*SQRT(J99)/SQRT($E$120) -> 818.24253 | K128: =$D$120*SQRT(K99)/SQRT($E$120) -> 0 | L128: =$D$120*SQRT(L99)/SQRT($E$120) -> 0
C129: CUDA opt ant par | D129: =$D$120*SQRT(D100)/SQRT($E$120) -> 3.6766533 | E129: =$D$120*SQRT(E100)/SQRT($E$120) -> 14.290525 | F129: =$D$120*SQRT(F100)/SQRT($E$120) -> 15.995468 | G129: =$D$120*SQRT(G100)/SQRT($E$120) -> 20.8662 | H129: =$D$120*SQRT(H100)/SQRT($E$120) -> 175.2515 | I129: =$D$120*SQRT(I100)/SQRT($E$120) -> 89.664921 | J129: =$D$120*SQRT(J100)/SQRT($E$120) -> 166.69386 | K129: =$D$120*SQRT(K100)/SQRT($E$120) -> 0 | L129: =$D$120*SQRT(L100)/SQRT($E$120) -> 0
C130: CUDA opt_one_GPU | D130: =$D$120*SQRT(D101)/SQRT($E$120) -> 389.08521 | E130: =$D$120*SQRT(E101)/SQRT($E$120) -> 969.11045 | F130: =$D$120*SQRT(F101)/SQRT($E$120) -> 261.27219 | G130: =$D$120*SQRT(G101)/SQRT($E$120) -> 234.35839 | H130: =$D$120*SQRT(H101)/SQRT($E$120) -> 0 | I130: =$D$120*SQRT(I101)/SQRT($E$120) -> 0 | J130: =$D$120*SQRT(J101)/SQRT($E$120) -> 0 | K130: =$D$120*SQRT(K101)/SQRT($E$120) -> 0 | L130: =$D$120*SQRT(L101)/SQRT($E$120) -> 0
C131: CUDA opt_one_GPU ant | D131: =$D$120*SQRT(D102)/SQRT($E$120) -> 140.2069 | E131: =$D$120*SQRT(E102)/SQRT($E$120) -> 172.55413 | F131: =$D$120*SQRT(F102)/SQRT($E$120) -> 152.10261 | G131: =$D$120*SQRT(G102)/SQRT($E$120) -> 2987.8834 | H131: =$D$120*SQRT(H102)/SQRT($E$120) -> 302.42771 | I131: =$D$120*SQRT(I102)/SQRT($E$120) -> 3687.9265 | J131: =$D$120*SQRT(J102)/SQRT($E$120) -> 32438.333 | K131: =$D$120*SQRT(K102)/SQRT($E$120) -> 0 | L131: =$D$120*SQRT(L102)/SQRT($E$120) -> 0
C132: CUDA opt_one_GPU ant local | D132: =$D$120*SQRT(D103)/SQRT($E$120) -> 6.7296301 | E132: =$D$120*SQRT(E103)/SQRT($E$120) -> 9.9698891 | F132: =$D$120*SQRT(F103)/SQRT($E$120) -> 16.938031 | G132: =$D$120*SQRT(G103)/SQRT($E$120) -> 13.146776 | H132: =$D$120*SQRT(H103)/SQRT($E$120) -> 11.494184 | I132: =$D$120*SQRT(I103)/SQRT($E$120) -> 102.08169 | J132: =$D$120*SQRT(J103)/SQRT($E$120) -> 709.00018 | K132: =$D$120*SQRT(K103)/SQRT($E$120) -> 0 | L132: =$D$120*SQRT(L103)/SQRT($E$120) -> 0
C133: CUDA Const | D133: =$D$120*SQRT(D104)/SQRT($E$120) -> 22.611846 | E133: =$D$120*SQRT(E104)/SQRT($E$120) -> 52.216505 | F133: =$D$120*SQRT(F104)/SQRT($E$120) -> 253.62981 | G133: =$D$120*SQRT(G104)/SQRT($E$120) -> 332.73233 | H133: =$D$120*SQRT(H104)/SQRT($E$120) -> 0 | I133: =$D$120*SQRT(I104)/SQRT($E$120) -> 0 | J133: =$D$120*SQRT(J104)/SQRT($E$120) -> 0 | K133: =$D$120*SQRT(K104)/SQRT($E$120) -> 0 | L133: =$D$120*SQRT(L104)/SQRT($E$120) -> 0
C134: CUDA ant Const | D134: =$D$120*SQRT(D105)/SQRT($E$120) -> 4.7355461 | E134: =$D$120*SQRT(E105)/SQRT($E$120) -> 10.466693 | F134: =$D$120*SQRT(F105)/SQRT($E$120) -> 13.908991 | G134: =$D$120*SQRT(G105)/SQRT($E$120) -> 24.057999 | H134: =$D$120*SQRT(H105)/SQRT($E$120) -> 62.672537 | I134: =$D$120*SQRT(I105)/SQRT($E$120) -> 93.258327 | J134: =$D$120*SQRT(J105)/SQRT($E$120) -> 0 | K134: =$D$120*SQRT(K105)/SQRT($E$120) -> 0 | L134: =$D$120*SQRT(L105)/SQRT($E$120) -> 0
...

Sheet 3060COMP Kaf
B1: 1.96 | C1: 50 | D1: 2 | E1: 4 | F1: 8 | G1: 16 | H1: 32 | I1: 64 | J1: 128 | K1: 256 | L1: 512
B2: МО | D2: 42 | E2: 84 | F2: 168 | G2: 336 | H2: 672 | I2: 1344 | J2: 2688 | K2: 5376 | L2: 10752
A3: 1 | C3: Classic ACO | D3: 5875.1582 | E3: 10771.412 | F3: 26160.066 | G3: 39471.228 | H3: 77695.884 | I3: 153183.06 | J3: 307026.62
C4: CUDA Time | D4: 659.45638 | E4: 974.61908 | F4: 2602.1698 | G4: 8768.361
C5: CUDA ant | D5: 736.79894 | E5: 951.97772 | F5: 1349.0594 | G5: 2210.5108 | H5: 4436.7684 | I5: 8167.5768 | J5: 16175.518
C6: CUDA ant par | D6: 739.67078 | E6: 953.97314 | F6: 1339.2326 | G6: 2207.6092 | H6: 3974.5822 | I6: 7162.1168 | J6: 13610.748
C7: CUDA opt Time | D7: 660.26748 | E7: 975.45584 | F7: 2598.6858 | G7: 8764.6256
C8: CUDA opt ant | D8: 737.98146 | E8: 940.65504 | F8: 1338.6938 | G8: 2208.9828 | H8: 4492.0946 | I8: 8202.1734 | J8: 16914.278
C9: CUDA opt ant par | D9: 736.75002 | E9: 940.7367 | F9: 1327.4454 | G9: 2199.6678 | H9: 4003.4428 | I9: 7153.5668 | J9: 13618.982
C10: CUDA opt_one_GPU | D10: 1812.1012 | E10: 2665.7836 | F10: 18683.677 | G10: 16337.164 | I10: #DIV/0! | J10: #DIV/0!
C11: CUDA opt_one_GPU ant | D11: 20501.294 | E11: 41987.94 | F11: 83325.52 | G11: 167914.96 | H11: 345659.38 | I11: #DIV/0! | J11: #DIV/0!
C12: CUDA opt_one_GPU ant local | D12: 1075.2234 | E12: 2212.56 | F12: 4386.9946 | G12: 8828.2146 | H12: 18276.95 | I12: #DIV/0! | J12: #DIV/0!
C13: CUDA Const | D13: 657.61942 | E13: 995.75938 | F13: 2552.9068 | G13: 8528.4406 | J13: #DIV/0!
C14: CUDA ant Const | D14: 735.1442 | E14: 963.16294 | F14: 1324.481 | G14: 2133.4768 | H14: 4478.8074 | I14: 8118.0616 | J14: #DIV/0!
C15: CUDA ant par Const | D15: 735.1329 | E15: 965.74456 | F15: 1312.1178 | G15: 2104.2544 | H15: 3984.552 | I15: 7103.4708 | J15: #DIV/0!
C16: CUDA opt Const | D16: 658.24748 | E16: 986.70974 | F16: 2551.6206 | G16: 8539.2294 | J16: #DIV/0!
C17: CUDA opt ant Const | D17: 730.80316 | E17: 956.3684 | F17: 1323.8334 | G17: 2122.5644 | H17: 4471.84 | I17: 8145.9328 | J17: #DIV/0!
C18: CUDA opt ant par Const | D18: 737.13314 | E18: 950.0886 | F18: 1309.8776 | G18: 2100.6994 | H18: 3975.7632 | I18: 7103.4464 | J18: #DIV/0!
C19: CUDA ant par global
C20: CUDA opt ant par global
C21: CUDA ant add CPU | D21: 322.68932 | E21: 566.05552 | F21: 1058.8452 | G21: 2135.684 | H21: 4303.4986 | I21: 8174.5442 | J21: 16018.514
C22: CUDA ant add CPU Const | D22: 360.00486 | E22: 743.0137 | F22: 1037.3918 | G22: 1992.259 | H22: 4173.8776 | I22: 8166.725 | J22: #DIV/0!
C23: CUDA ant add CPU Time global
C24: CUDA ant add CPU_AVX_transp | D24: #DIV/0! | E24: 560.3825 | F24: 1025.0084 | G24: 2049.2228 | H24: 4041.9912 | I24: 7795.1166 | J24: 15434.73
C25: CUDA ant add CPU12 | D25: 939.67486 | E25: 1388.7272 | F25: 2797.8444 | G25: 5044.6312 | H25: 9471.6298 | I25: 18078.732 | J25: 27833.844
C26: Time non CUDA AVX time 4 | D26: 496.9724 | E26: 864.94588 | F26: 1599.1574 | G26: 3061.0534 | H26: 6094.9754 | I26: 12117.154 | J26: #DIV/0!
C27: Time non CUDA AVX add CPU time 4 | D27: 369.48456 | E27: 602.6023 | F27: 1072.0266 | G27: 2077.2694 | H27: 4173.0254 | I27: 8534.347 | J27: #DIV/0!
C30: 6 | D30: 2 | E30: 4 | F30: 8 | G30: 16 | H30: 32 | I30: 64 | J30: 128 | K30: 256 | L30: 512
D31: 42 | E31: 84 | F31: 168 | G31: 336 | H31: 672 | I31: 1344 | J31: 2688 | K31: 5376 | L31: 10752
C32: Classic ACO | D32: =D3/D$2 -> 139.88472 | E32: =E3/E$2 -> 128.2311 | F32: =F3/F$2 -> 155.71468 | G32: =G3/G$2 -> 117.47389 | H32: =H3/H$2 -> 115.61888 | I32: =I3/I$2 -> 113.97549 | J32: =J3/J$2 -> 114.22121 | K32: =K3/K$2 -> 0 | L32: =L3/L$2 -> 0
C33: CUDA Time | D33: =D4/D$2 -> 15.701342 | E33: =E4/E$2 -> 11.602608 | F33: =F4/F$2 -> 15.489106 | G33: =G4/G$2 -> 26.096313 | H33: =H4/H$2 -> 0 | I33: =I4/I$2 -> 0 | J33: =J4/J$2 -> 0 | K33: =K4/K$2 -> 0 | L33: =L4/L$2 -> 0
C34: CUDA ant | D34: =D5/D$2 -> 17.542832 | E34: =E5/E$2 -> 11.333068 | F34: =F5/F$2 -> 8.0301155 | G34: =G5/G$2 -> 6.5789012 | H34: =H5/H$2 -> 6.6023339 | I34: =I5/I$2 -> 6.0770661 | J34: =J5/J$2 -> 6.0176778 | K34: =K5/K$2 -> 0 | L34: =L5/L$2 -> 0
C35: CUDA ant par | D35: =D6/D$2 -> 17.611209 | E35: =E6/E$2 -> 11.356823 | F35: =F6/F$2 -> 7.9716226 | G35: =G6/G$2 -> 6.5702655 | H35: =H6/H$2 -> 5.9145568 | I35: =I6/I$2 -> 5.328956 | J35: =J6/J$2 -> 5.0635223 | K35: =K6/K$2 -> 0 | L35: =L6/L$2 -> 0
C36: CUDA opt Time | D36: =D7/D$2 -> 15.720654 | E36: =E7/E$2 -> 11.61257 | F36: =F7/F$2 -> 15.468368 | G36: =G7/G$2 -> 26.085195 | H36: =H7/H$2 -> 0 | I36: =I7/I$2 -> 0 | J36: =J7/J$2 -> 0 | K36: =K7/K$2 -> 0 | L36: =L7/L$2 -> 0
C37: CUDA opt ant | D37: =D8/D$2 -> 17.570987 | E37: =E8/E$2 -> 11.198274 | F37: =F8/F$2 -> 7.9684155 | G37: =G8/G$2 -> 6.5743536 | H37: =H8/H$2 -> 6.6846646 | I37: =I8/I$2 -> 6.1028076 | J37: =J8/J$2 -> 6.2925141 | K37: =K8/K$2 -> 0 | L37: =L8/L$2 -> 0
C38: CUDA opt ant par | D38: =D9/D$2 -> 17.541667 | E38: =E9/E$2 -> 11.199246 | F38: =F9/F$2 -> 7.9014607 | G38: =G9/G$2 -> 6.5466304 | H38: =H9/H$2 -> 5.9575042 | I38: =I9/I$2 -> 5.3225943 | J38: =J9/J$2 -> 5.0665856 | K38: =K9/K$2 -> 0 | L38: =L9/L$2 -> 0
C39: CUDA opt_one_GPU | D39: =D10/D$2 -> 43.145267 | E39: =E10/E$2 -> 31.735519 | F39: =F10/F$2 -> 111.21236 | G39: =G10/G$2 -> 48.622512 | H39: =H10/H$2 -> 0 | I39: =I10/I$2 -> #DIV/0! | J39: =J10/J$2 -> #DIV/0! | K39: =K10/K$2 -> 0 | L39: =L10/L$2 -> 0
C40: CUDA opt_one_GPU ant | D40: =D11/D$2 -> 488.12605 | E40: =E11/E$2 -> 499.85643 | F40: =F11/F$2 -> 495.98524 | G40: =G11/G$2 -> 499.7469 | H40: =H11/H$2 -> 514.37408 | I40: =I11/I$2 -> #DIV/0! | J40: =J11/J$2 -> #DIV/0! | K40: =K11/K$2 -> 0 | L40: =L11/L$2 -> 0
C41: CUDA opt_one_GPU ant local | D41: =D12/D$2 -> 25.600557 | E41: =E12/E$2 -> 26.34 | F41: =F12/F$2 -> 26.113063 | G41: =G12/G$2 -> 26.274448 | H41: =H12/H$2 -> 27.197842 | I41: =I12/I$2 -> #DIV/0! | J41: =J12/J$2 -> #DIV/0! | K41: =K12/K$2 -> 0 | L41: =L12/L$2 -> 0
C42: CUDA Const | D42: =D13/D$2 -> 15.657605 | E42: =E13/E$2 -> 11.854278 | F42: =F13/F$2 -> 15.195874 | G42: =G13/G$2 -> 25.382264 | H42: =H13/H$2 -> 0 | I42: =I13/I$2 -> 0 | J42: =J13/J$2 -> #DIV/0! | K42: =K13/K$2 -> 0 | L42: =L13/L$2 -> 0
C43: CUDA ant Const | D43: =D14/D$2 -> 17.503433 | E43: =E14/E$2 -> 11.466225 | F43: =F14/F$2 -> 7.8838155 | G43: =G14/G$2 -> 6.3496333 | H43: =H14/H$2 -> 6.664892 | I43: =I14/I$2 -> 6.0402244 | J43: =J14/J$2 -> #DIV/0! | K43: =K14/K$2 -> 0 | L43: =L14/L$2 -> 0
... C56: Time non CUDA AVX add CPU time 4 | D56: =D27/D$2 -> 8.7972514 | E56: =E27/E$2 -> 7.1738369 | F56: =F27/F$2 -> 6.3811107 | G56: =G27/G$2 -> 6.1823494 | H56: =H27/H$2 -> 6.2098592 | I56: =I27/I$2 -> 6.3499606 | J56: =J27/J$2 -> #DIV/0! | K56: =K27/K$2 -> 0 | L56: =L27/L$2 -> 0
C60: 50 | D60: 2 | E60: 4 | F60: 8 | G60: 16 | H60: 32 | I60: 64 | J60: 128 | K60: 256 | L60: 512
D61: 42 | E61: 84 | F61: 168 | G61: 336 | H61: 672 | I61: 1344 | J61: 2688 | K61: 5376 | L61: 10752
C62: Classic ACO | D62: =D$3/D3 -> 1 | E62: =E$3/E3 -> 1 | F62: =F$3/F3 -> 1 | G62: =G$3/G3 -> 1 | H62: =H$3/H3 -> 1 | I62: =I$3/I3 -> 1 | J62: =J$3/J3 -> 1 | K62: =K$3/K3 -> #DIV/0! | L62: =L$3/L3 -> #DIV/0!
C63: CUDA Time | D63: =D$3/D4 -> 8.909093 | E63: =E$3/E4 -> 11.05192 | F63: =F$3/F4 -> 10.053174 | G63: =G$3/G4 -> 4.5015514 | H63: =H$3/H4 -> #DIV/0! | I63: =I$3/I4 -> #DIV/0! | J63: =J$3/J4 -> #DIV/0! | K63: =K$3/K4 -> #DIV/0! | L63: =L$3/L4 -> #DIV/0!
C64: CUDA ant | D64: =D$3/D5 -> 7.9738961 | E64: =E$3/E5 -> 11.314773 | F64: =F$3/F5 -> 19.391337 | G64: =G$3/G5 -> 17.856157 | H64: =H$3/H5 -> 17.511819 | I64: =I$3/I5 -> 18.755019 | J64: =J$3/J5 -> 18.980945 | K64: =K$3/K5 -> #DIV/0! | L64: =L$3/L5 -> #DIV/0!
C65: CUDA ant par | D65: =D$3/D6 -> 7.9429367 | E65: =E$3/E6 -> 11.291106 | F65: =F$3/F6 -> 19.533624 | G65: =G$3/G6 -> 17.879627 | H65: =H$3/H6 -> 19.548189 | I65: =I$3/I6 -> 21.387959 | J65: =J$3/J6 -> 22.55766 | K65: =K$3/K6 -> #DIV/0! | L65: =L$3/L6 -> #DIV/0!
C66: CUDA opt Time | D66: =D$3/D7 -> 8.8981487 | E66: =E$3/E7 -> 11.042439 | F66: =F$3/F7 -> 10.066652 | G66: =G$3/G7 -> 4.5034699 | H66: =H$3/H7 -> #DIV/0! | I66: =I$3/I7 -> #DIV/0! | J66: =J$3/J7 -> #DIV/0! | K66: =K$3/K7 -> #DIV/0! | L66: =L$3/L7 -> #DIV/0!
C67: CUDA opt ant | D67: =D$3/D8 -> 7.961119 | E67: =E$3/E8 -> 11.450969 | F67: =F$3/F8 -> 19.541486 | G67: =G$3/G8 -> 17.868509 | H67: =H$3/H8 -> 17.296137 | I67: =I$3/I8 -> 18.675911 | J67: =J$3/J8 -> 18.15192 | K67: =K$3/K8 -> #DIV/0! | L67: =L$3/L8 -> #DIV/0!
C68: CUDA opt ant par | D68: =D$3/D9 -> 7.9744256 | E68: =E$3/E9 -> 11.449975 | F68: =F$3/F9 -> 19.707075 | G68: =G$3/G9 -> 17.944177 | H68: =H$3/H9 -> 19.407267 | I68: =I$3/I9 -> 21.413522 | J68: =J$3/J9 -> 22.544021 | K68: =K$3/K9 -> #DIV/0! | L68: =L$3/L9 -> #DIV/0!
C69: CUDA opt_one_GPU | D69: =D$3/D10 -> 3.24218 | E69: =E$3/E10 -> 4.0406176 | F69: =F$3/F10 -> 1.4001562 | G69: =G$3/G10 -> 2.4160392 | H69: =H$3/H10 -> #DIV/0! | I69: =I$3/I10 -> #DIV/0! | J69: =J$3/J10 -> #DIV/0! | K69: =K$3/K10 -> #DIV/0! | L69: =L$3/L10 -> #DIV/0!
C70: CUDA opt_one_GPU ant | D70: =D$3/D11 -> 0.28657499 | E70: =E$3/E11 -> 0.25653585 | F70: =F$3/F11 -> 0.31395023 | G70: =G$3/G11 -> 0.23506677 | H70: =H$3/H11 -> 0.22477586 | I70: =I$3/I11 -> #DIV/0! | J70: =J$3/J11 -> #DIV/0! | K70: =K$3/K11 -> #DIV/0! | L70: =L$3/L11 -> #DIV/0!
C71: CUDA opt_one_GPU ant local | D71: =D$3/D12 -> 5.4641279 | E71: =E$3/E12 -> 4.8683028 | F71: =F$3/F12 -> 5.9630951 | G71: =G$3/G12 -> 4.4710318 | H71: =H$3/H12 -> 4.2510312 | I71: =I$3/I12 -> #DIV/0! | J71: =J$3/J12 -> #DIV/0! | K71: =K$3/K12 -> #DIV/0! | L71: =L$3/L12 -> #DIV/0!
C72: CUDA Const | D72: =D$3/D13 -> 8.9339792 | E72: =E$3/E13 -> 10.817284 | F72: =F$3/F13 -> 10.247168 | G72: =G$3/G13 -> 4.6281882 | H72: =H$3/H13 -> #DIV/0! | I72: =I$3/I13 -> #DIV/0! | J72: =J$3/J13 -> #DIV/0! | K72: =K$3/K13 -> #DIV/0! | L72: =L$3/L13 -> #DIV/0!
C73: CUDA ant Const | D73: =D$3/D14 -> 7.9918446 | E73: =E$3/E14 -> 11.183375 | F73: =F$3/F14 -> 19.751183 | G73: =G$3/G14 -> 18.500894 | H73: =H$3/H14 -> 17.347449 | I73: =I$3/I14 -> 18.869413 | J73: =J$3/J14 -> #DIV/0! | K73: =K$3/K14 -> #DIV/0! | L73: =L$3/L14 -> #DIV/0!
... C86: Time non CUDA AVX add CPU time 4 | D86: =D$3/D27 -> 15.900957 | E86: =E$3/E27 -> 17.874827 | F86: =F$3/F27 -> 24.402441 | G86: =G$3/G27 -> 19.001497 | H86: =H$3/H27 -> 18.618598 | I86: =I$3/I27 -> 17.949008 | J86: =J$3/J27 -> #DIV/0! | K86: =K$3/K27 -> #DIV/0! | L86: =L$3/L27 -> #DIV/0!
C91: Дисперсия
C92: 50 | D92: 2 | E92: 4 | F92: 8 | G92: 16 | H92: 32 | I92: 64 | J92: 128 | K92: 256 | L92: 512
D93: 42 | E93: 84 | F93: 168 | G93: 336 | H93: 672 | I93: 1344 | J93: 2688 | K93: 5376 | L93: 10752
C94: Classic ACO | D94: 187.82211 | E94: 348.40793 | F94: 11994815 | G94: 280627.54 | H94: 9291.8559 | I94: 120647.68 | J94: 3194504
C95: CUDA Time | D95: 106.66041 | E95: 106.90178 | F95: 282.03952 | G95: 2686.6956 | H95: 201.15577
C96: CUDA ant | D96: 6.4636705 | E96: 368.80619 | F96: 72.457268 | G96: 241.89792 | H96: 703.25309 | I96: 3431.2449 | J96: 14218.422
C97: CUDA ant par | D97: 37.446529 | E97: 102.76476 | F97: 101.3128 | G97: 284.99011 | H97: 710.494 | I97: 2237.6902 | J97: 10342.381
C98: CUDA opt | D98: 1.235104 | E98: 7.4467157 | F98: 84.602631 | G98: 1081.6076
C99: CUDA opt ant | D99: 2.2139196 | E99: 12.312028 | F99: 86.530551 | G99: 293.49226 | H99: 744.15885 | I99: 1600.6807 | J99: 1049499
C100: CUDA opt ant par | D100: 5.8865229 | E100: 19.460514 | F100: 65.287492 | G100: 199.18713 | H100: 498.36374 | I100: 1499.6017 | J100: 44656.181
C101: CUDA opt_one_GPU | D101: 48.380415 | E101: 685.25646 | F101: 1.5731292e+08 | G101: 359.9195
C102: CUDA opt_one_GPU ant | D102: 3057.8962 | E102: 283597.1 | F102: 20138.744 | G102: 713734.52 | H102: 39347017 | I102: 75691651
C103: CUDA opt_one_GPU ant local | D103: 5.7923904 | E103: 780.23724 | F103: 213.2182 | G103: 4413.8421 | H103: 12264.077 | I103: #DIV/0!
C104: CUDA Const | D104: 8.7140536 | E104: 2323.1861 | F104: 147.37039 | G104: 12420.63
C105: CUDA ant Const | D105: 11.924941 | E105: 1855.8579 | F105: 54.869637 | G105: 16.747201 | H105: 3513.967 | I105: 3243.0471
C106: CUDA ant par Const | D106: 30.493353 | E106: 1401.2809 | F106: 47.933016 | G106: 134.03614 | H106: 304.76742 | I106: 2141.25
C107: CUDA opt Const | D107: 4.7878199 | E107: 1370.6031 | F107: 81.295344 | G107: 3372.66
C108: CUDA opt ant Const | D108: 19.868368 | E108: 2386.0216 | F108: 10.978858 | G108: 138.94215 | H108: 194.73064 | I108: 2354.6159
C109: CUDA opt ant par Const | D109: 4.7128803 | E109: 660.02669 | F109: 41.500802 | G109: 101.07654 | H109: 399.07518 | I109: 1879.4938
C110: CUDA ant par global
C111: CUDA opt ant par global
C112: CUDA ant add CPU Time | D112: 3.1259739 | E112: 47.551818 | F112: 348.99937 | G112: 147.77679 | H112: 525.77814 | I112: 1970.1636 | J112: 25516.546
C113: CUDA ant add CPU Const | D113: 3.30709 | E113: 29904.545 | F113: 37.734039 | G113: 121.97035 | H113: 60.71359 | I113: 2387.148
C114: CUDA ant add CPU Time global
C115: CUDA ant add CPU_AVX_transp Time | D115: #DIV/0! | E115: 8.8991868 | F115: 43.71785 | G115: 156.0825 | H115: 1158.4631 | I115: 2542.2348 | J115: 38701.171
C116: CUDA ant add CPU12 | D116: 40.263418 | E116: 150.67748 | F116: 10730.38 | G116: 6123.9214 | H116: 40603.021 | I116: 5944.7664 | J116: 2759231.1
C117: Time non CUDA AVX time 4 | D117: 354.86352 | E117: 211.53418 | F117: 131.42343 | G117: 2265.3043 | H117: 7514333.3 | I117: 26625.248 | J117: 115320.49
C118: Time non CUDA AVX add CPU time 4 | D118: 7.0095745 | E118: 11.439305 | F118: 35.070326 | G118: 132.93825 | H118: 60203.509 | I118: 1167.5654 | J118: 6209.7051
C120: Доверительный интервал | D120: 1.96 | E120: 50
C121: 50 | D121: 2 | E121: 4 | F121: 8 | G121: 16 | H121: 32 | I121: 64 | J121: 128 | K121: 256 | L121: 512
D122: 42 | E122: 84 | F122: 168 | G122: 336 | H122: 672 | I122: 1344 | J122: 2688 | K122: 5376 | L122: 10752
C123: Classic ACO | D123: =$D$120*SQRT(D94)/SQRT($E$120) -> 3.7987825 | E123: =$D$120*SQRT(E94)/SQRT($E$120) -> 5.1738649 | F123: =$D$120*SQRT(F94)/SQRT($E$120) -> 959.99251 | G123: =$D$120*SQRT(G94)/SQRT($E$120) -> 146.83724 | H123: =$D$120*SQRT(H94)/SQRT($E$120) -> 26.719129 | I123: =$D$120*SQRT(I94)/SQRT($E$120) -> 96.278777 | J123: =$D$120*SQRT(J94)/SQRT($E$120) -> 495.41915 | K123: =$D$120*SQRT(K94)/SQRT($E$120) -> 0 | L123: =$D$120*SQRT(L94)/SQRT($E$120) -> 0
C124: CUDA Time | D124: =$D$120*SQRT(D95)/SQRT($E$120) -> 2.8626793 | E124: =$D$120*SQRT(E95)/SQRT($E$120) -> 2.8659166 | F124: =$D$120*SQRT(F95)/SQRT($E$120) -> 4.6550682 | G124: =$D$120*SQRT(G95)/SQRT($E$120) -> 14.36747 | H124: =$D$120*SQRT(H95)/SQRT($E$120) -> 3.9313103 | I124: =$D$120*SQRT(I95)/SQRT($E$120) -> 0 | J124: =$D$120*SQRT(J95)/SQRT($E$120) -> 0 | K124: =$D$120*SQRT(K95)/SQRT($E$120) -> 0 | L124: =$D$120*SQRT(L95)/SQRT($E$120) -> 0
C125: CUDA ant | D125: =$D$120*SQRT(D96)/SQRT($E$120) -> 0.70471039 | E125: =$D$120*SQRT(E96)/SQRT($E$120) -> 5.323168 | F125: =$D$120*SQRT(F96)/SQRT($E$120) -> 2.3594569 | G125: =$D$120*SQRT(G96)/SQRT($E$120) -> 4.3110905 | H125: =$D$120*SQRT(H96)/SQRT($E$120) -> 7.3506694 | I125: =$D$120*SQRT(I96)/SQRT($E$120) -> 16.236669 | J125: =$D$120*SQRT(J96)/SQRT($E$120) -> 33.051926 | K125: =$D$120*SQRT(K96)/SQRT($E$120) -> 0 | L125: =$D$120*SQRT(L96)/SQRT($E$120) -> 0
C126: CUDA ant par | D126: =$D$120*SQRT(D97)/SQRT($E$120) -> 1.6961992 | E126: =$D$120*SQRT(E97)/SQRT($E$120) -> 2.809915 | F126: =$D$120*SQRT(F97)/SQRT($E$120) -> 2.7899937 | G126: =$D$120*SQRT(G97)/SQRT($E$120) -> 4.6793547 | H126: =$D$120*SQRT(H97)/SQRT($E$120) -> 7.3884149 | I126: =$D$120*SQRT(I97)/SQRT($E$120) -> 13.112064 | J126: =$D$120*SQRT(J97)/SQRT($E$120) -> 28.189108 | K126: =$D$120*SQRT(K97)/SQRT($E$120) -> 0 | L126: =$D$120*SQRT(L97)/SQRT($E$120) -> 0
C127: CUDA opt | D127: =$D$120*SQRT(D98)/SQRT($E$120) -> 0.30805115 | E127: =$D$120*SQRT(E98)/SQRT($E$120) -> 0.75640337 | F127: =$D$120*SQRT(F98)/SQRT($E$120) -> 2.5495469 | G127: =$D$120*SQRT(G98)/SQRT($E$120) -> 9.1160341 | H127: =$D$120*SQRT(H98)/SQRT($E$120) -> 0 | I127: =$D$120*SQRT(I98)/SQRT($E$120) -> 0 | J127: =$D$120*SQRT(J98)/SQRT($E$120) -> 0 | K127: =$D$120*SQRT(K98)/SQRT($E$120) -> 0 | L127: =$D$120*SQRT(L98)/SQRT($E$120) -> 0
C128: CUDA opt ant | D128: =$D$120*SQRT(D99)/SQRT($E$120) -> 0.41243166 | E128: =$D$120*SQRT(E99)/SQRT($E$120) -> 0.97260357 | F128: =$D$120*SQRT(F99)/SQRT($E$120) -> 2.5784327 | G128: =$D$120*SQRT(G99)/SQRT($E$120) -> 4.7486416 | H128: =$D$120*SQRT(H99)/SQRT($E$120) -> 7.5614293 | I128: =$D$120*SQRT(I99)/SQRT($E$120) -> 11.089792 | J128: =$D$120*SQRT(J99)/SQRT($E$120) -> 283.96321 | K128: =$D$120*SQRT(K99)/SQRT($E$120) -> 0 | L128: =$D$120*SQRT(L99)/SQRT($E$120) -> 0
C129: CUDA opt ant par | D129: =$D$120*SQRT(D100)/SQRT($E$120) -> 0.67251269 | E129: =$D$120*SQRT(E100)/SQRT($E$120) -> 1.2227797 | F129: =$D$120*SQRT(F100)/SQRT($E$120) -> 2.2396805 | G129: =$D$120*SQRT(G100)/SQRT($E$120) -> 3.9120258 | H129: =$D$120*SQRT(H100)/SQRT($E$120) -> 6.1879143 | I129: =$D$120*SQRT(I100)/SQRT($E$120) -> 10.733937 | J129: =$D$120*SQRT(J100)/SQRT($E$120) -> 58.574941 | K129: =$D$120*SQRT(K100)/SQRT($E$120) -> 0 | L129: =$D$120*SQRT(L100)/SQRT($E$120) -> 0
C130: CUDA opt_one_GPU | D130: =$D$120*SQRT(D101)/SQRT($E$120) -> 1.9279948 | E130: =$D$120*SQRT(E101)/SQRT($E$120) -> 7.2560061 | F130: =$D$120*SQRT(F101)/SQRT($E$120) -> 3476.5883 | G130: =$D$120*SQRT(G101)/SQRT($E$120) -> 5.2586439 | H130: =$D$120*SQRT(H101)/SQRT($E$120) -> 0 | I130: =$D$120*SQRT(I101)/SQRT($E$120) -> 0 | J130: =$D$120*SQRT(J101)/SQRT($E$120) -> 0 | K130: =$D$120*SQRT(K101)/SQRT($E$120) -> 0 | L130: =$D$120*SQRT(L101)/SQRT($E$120) -> 0
C131: CUDA opt_one_GPU ant | D131: =$D$120*SQRT(D102)/SQRT($E$120) -> 15.327892 | E131: =$D$120*SQRT(E102)/SQRT($E$120) -> 147.6121 | F131: =$D$120*SQRT(F102)/SQRT($E$120) -> 39.335735 | G131: =$D$120*SQRT(G102)/SQRT($E$120) -> 234.1744 | H131: =$D$120*SQRT(H102)/SQRT($E$120) -> 1738.7093 | I131: =$D$120*SQRT(I102)/SQRT($E$120) -> 2411.5433 | J131: =$D$120*SQRT(J102)/SQRT($E$120) -> 0 | K131: =$D$120*SQRT(K102)/SQRT($E$120) -> 0 | L131: =$D$120*SQRT(L102)/SQRT($E$120) -> 0
C132: CUDA opt_one_GPU ant local | D132: =$D$120*SQRT(D103)/SQRT($E$120) -> 0.66711389 | E132: =$D$120*SQRT(E103)/SQRT($E$120) -> 7.7425569 | F132: =$D$120*SQRT(F103)/SQRT($E$120) -> 4.047466 | G132: =$D$120*SQRT(G103)/SQRT($E$120) -> 18.415328 | H132: =$D$120*SQRT(H103)/SQRT($E$120) -> 30.696475 | I132: =$D$120*SQRT(I103)/SQRT($E$120) -> #DIV/0! | J132: =$D$120*SQRT(J103)/SQRT($E$120) -> 0 | K132: =$D$120*SQRT(K103)/SQRT($E$120) -> 0 | L132: =$D$120*SQRT(L103)/SQRT($E$120) -> 0
C133: CUDA Const | D133: =$D$120*SQRT(D104)/SQRT($E$120) -> 0.8182409 | E133: =$D$120*SQRT(E104)/SQRT($E$120) -> 13.360203 | F133: =$D$120*SQRT(F104)/SQRT($E$120) -> 3.3649312 | G133: =$D$120*SQRT(G104)/SQRT($E$120) -> 30.891776 | H133: =$D$120*SQRT(H104)/SQRT($E$120) -> 0 | I133: =$D$120*SQRT(I104)/SQRT($E$120) -> 0 | J133: =$D$120*SQRT(J104)/SQRT($E$120) -> 0 | K133: =$D$120*SQRT(K104)/SQRT($E$120) -> 0 | L133: =$D$120*SQRT(L104)/SQRT($E$120) -> 0
C134: CUDA ant Const | D134: =$D$120*SQRT(D105)/SQRT($E$120) -> 0.95719229 | E134: =$D$120*SQRT(E105)/SQRT($E$120) -> 11.941075 | F134: =$D$120*SQRT(F105)/SQRT($E$120) -> 2.0532277 | G134: =$D$120*SQRT(G105)/SQRT($E$120) -> 1.1343372 | H134: =$D$120*SQRT(H105)/SQRT($E$120) -> 16.431224 | I134: =$D$120*SQRT(I105)/SQRT($E$120) -> 15.785113 | J134: =$D$120*SQRT(J105)/SQRT($E$120) -> 0 | K134: =$D$120*SQRT(K105)/SQRT($E$120) -> 0 | L134: =$D$120*SQRT(L105)/SQRT($E$120) -> 0
...

Sheet 3060LAPTOP
B1: 1.96 | C1: 50 | D1: 2 | E1: 4 | F1: 8 | G1: 16 | H1: 32 | I1: 64 | J1: 128 | K1: 256 | L1: 512 | M1: 12th Gen Intel(R) Core(TM) i5-12450H 2.00 GHz
B2: МО | D2: 42 | E2: 84 | F2: 168 | G2: 336 | H2: 672 | I2: 1344 | J2: 2688 | K2: 5376 | L2: 10752 | M2: 16,0 ГБ (доступно: 15,7 ГБ)
A3: 1 | C3: Classic ACO | D3: 6732.0454 | E3: 12795.57 | F3: 24112.532 | G3: 46059.344 | H3: 91907.946 | I3: 184408.08 | J3: 367570.34
C4: CUDA Time | D4: 602.02756 | E4: 916.12924 | F4: 2494.2466 | G4: 7974.9374
C5: CUDA ant | D5: 682.94254 | E5: 883.29402 | F5: 1272.4982 | G5: 2115.9988 | H5: 4199.7956 | I5: 8039.9226 | J5: 15961.626
C6: CUDA ant par | D6: 701.2333 | E6: 891.2481 | F6: 1267.7214 | G6: 2061.9694 | H6: 3765.8012 | I6: 7191.5302 | J6: 13626.968
C7: CUDA opt Time | D7: 616.45874 | E7: 926.26502 | F7: 2512.3228 | G7: 7989.6568
C8: CUDA opt ant | D8: 702.30982 | E8: 884.50074 | F8: 1275.471 | G8: 2112.4066 | H8: 4260.4548 | I8: 8042.1618 | J8: 15982.66
C9: CUDA opt ant par | D9: 678.05698 | E9: 889.98908 | F9: 1277.9308 | G9: 2061.6282 | H9: 3775.5272 | I9: 7188.3614 | J9: 13638.666
C10: CUDA opt_one_GPU | D10: 1741.6024 | E10: 2556.7884 | F10: 13890.751 | G10: 14775.812
C11: CUDA opt_one_GPU ant | D11: 19848.524 | E11: 39737.916 | F11: 80165.326 | G11: 161035.52 | H11: 324793.52 | I11: 646981.78 | J11: 1288508.4
C12: CUDA opt_one_GPU ant local | D12: 1052.6186 | E12: 2068.7274 | F12: 4224.1412 | G12: 8412.2148 | H12: 17360.922 | I12: 34022.14 | J12: 91296.23
C13: CUDA Const | D13: 597.6633 | E13: 905.70018 | F13: 2478.1706 | G13: 7898.8652
C14: CUDA ant Const | D14: 676.94802 | E14: 871.44982 | F14: 1263.1996 | G14: 2061.6228 | H14: 4230.7204 | I14: 7728.6802
C15: CUDA ant par Const | D15: 683.7667 | E15: 879.88922 | F15: 1247.2268 | G15: 2046.3764 | H15: 3799.744 | I15: 6779.9826
C16: CUDA opt Const | D16: 607.84376 | E16: 914.01154 | F16: 2485.1992 | G16: 7915.297
C17: CUDA opt ant Const | D17: 685.26216 | E17: 869.14464 | F17: 1256.723 | G17: 2064.6824 | H17: 4139.9786 | I17: 7798.3312
C18: CUDA opt ant par Const | D18: 691.47868 | E18: 870.6439 | F18: 1260.9804 | G18: 2020.7416 | H18: 3658.6106 | I18: 6777.2742
C19: CUDA ant par global | D19: 695.85012 | E19: 888.4899 | F19: 1268.7298 | G19: 2021.9382 | H19: 3664.5096 | I19: 6818.3274 | J19: 13123.25
C20: CUDA opt ant par global | D20: 690.54556 | E20: 873.0558 | F20: 1256.7892 | G20: 2023.796 | H20: 3666.4728 | I20: 6814.1784 | J20: 13132.234
C21: CUDA ant add CPU | D21: 320.60224 | E21: 573.33996 | F21: 1089.6978 | G21: 2122.6612 | H21: 4315.1708 | I21: 8536.6304 | J21: 16876.298
C22: CUDA ant add CPU Const | D22: 300.95566 | E22: 525.43118 | F22: 971.50002 | G22: 2146.0228 | H22: 4249.0002 | I22: 7883.411
C23: CUDA ant add CPU Time global | D23: 315.73246 | E23: 531.62172 | F23: 1011.1602 | G23: 1970.9378 | H23: 4014.7164 | I23: 7941.46 | J23: 15797.564
C24: CUDA ant add CPU_AVX_transp | D24: #DIV/0! | E24: 573.73596 | F24: 1002.7777 | G24: 1954.2058 | H24: 3930.811 | I24: 7862.3826 | J24: 15532.908
C25: CUDA ant add CPU12 | D25: 1001.4925 | E25: 1662.8522 | F25: 3342.1846 | G25: 6069.6134 | H25: 11814.46 | I25: 21886.496 | J25: 36632.952
C26: Time non CUDA AVX time 4 | D26: 573.63522 | E26: 1033.2558 | F26: 1921.5246 | G26: 3649.9786 | H26: 7160.9678 | I26: 14267.314 | J26: 27570.592
C27: Time non CUDA AVX add CPU time 4 | D27: 312.6066 | E27: 548.42256 | F27: 1018.1729 | G27: 2016.2662 | H27: 4164.2594 | I27: 8335.7698 | J27: 16520.026
C30: 6 | D30: 2 | E30: 4 | F30: 8 | G30: 16 | H30: 32 | I30: 64 | J30: 128 | K30: 256 | L30: 512
D31: 42 | E31: 84 | F31: 168 | G31: 336 | H31: 672 | I31: 1344 | J31: 2688 | K31: 5376 | L31: 10752
C32: Classic ACO | D32: =D3/D$2 -> 160.2868 | E32: =E3/E$2 -> 152.32821 | F32: =F3/F$2 -> 143.52698 | G32: =G3/G$2 -> 137.08138 | H32: =H3/H$2 -> 136.76778 | I32: =I3/I$2 -> 137.20839 | J32: =J3/J$2 -> 136.74492 | K32: =K3/K$2 -> 0 | L32: =L3/L$2 -> 0
C33: CUDA Time | D33: =D4/D$2 -> 14.33399 | E33: =E4/E$2 -> 10.9063 | F33: =F4/F$2 -> 14.846706 | G33: =G4/G$2 -> 23.734933 | H33: =H4/H$2 -> 0 | I33: =I4/I$2 -> 0 | J33: =J4/J$2 -> 0 | K33: =K4/K$2 -> 0 | L33: =L4/L$2 -> 0
C34: CUDA ant | D34: =D5/D$2 -> 16.260537 | E34: =E5/E$2 -> 10.515405 | F34: =F5/F$2 -> 7.574394 | G34: =G5/G$2 -> 6.2976155 | H34: =H5/H$2 -> 6.2496958 | I34: =I5/I$2 -> 5.9820853 | J34: =J5/J$2 -> 5.9381049 | K34: =K5/K$2 -> 0 | L34: =L5/L$2 -> 0
C35: CUDA ant par | D35: =D6/D$2 -> 16.696031 | E35: =E6/E$2 -> 10.610096 | F35: =F6/F$2 -> 7.5459607 | G35: =G6/G$2 -> 6.1368137 | H35: =H6/H$2 -> 5.6038708 | I35: =I6/I$2 -> 5.3508409 | J35: =J6/J$2 -> 5.0695565 | K35: =K6/K$2 -> 0 | L35: =L6/L$2 -> 0
C36: CUDA opt Time | D36: =D7/D$2 -> 14.677589 | E36: =E7/E$2 -> 11.026965 | F36: =F7/F$2 -> 14.954302 | G36: =G7/G$2 -> 23.77874 | H36: =H7/H$2 -> 0 | I36: =I7/I$2 -> 0 | J36: =J7/J$2 -> 0 | K36: =K7/K$2 -> 0 | L36: =L7/L$2 -> 0
C37: CUDA opt ant | D37: =D8/D$2 -> 16.721662 | E37: =E8/E$2 -> 10.529771 | F37: =F8/F$2 -> 7.5920893 | G37: =G8/G$2 -> 6.2869244 | H37: =H8/H$2 -> 6.3399625 | I37: =I8/I$2 -> 5.9837513 | J37: =J8/J$2 -> 5.9459301 | K37: =K8/K$2 -> 0 | L37: =L8/L$2 -> 0
C38: CUDA opt ant par | D38: =D9/D$2 -> 16.144214 | E38: =E9/E$2 -> 10.595108 | F38: =F9/F$2 -> 7.606731 | G38: =G9/G$2 -> 6.1357982 | H38: =H9/H$2 -> 5.618344 | I38: =I9/I$2 -> 5.3484832 | J38: =J9/J$2 -> 5.0739085 | K38: =K9/K$2 -> 0 | L38: =L9/L$2 -> 0
C39: CUDA opt_one_GPU | D39: =D10/D$2 -> 41.466724 | E39: =E10/E$2 -> 30.437957 | F39: =F10/F$2 -> 82.683039 | G39: =G10/G$2 -> 43.975631 | H39: =H10/H$2 -> 0 | I39: =I10/I$2 -> 0 | J39: =J10/J$2 -> 0 | K39: =K10/K$2 -> 0 | L39: =L10/L$2 -> 0
C40: CUDA opt_one_GPU ant | D40: =D11/D$2 -> 472.5839 | E40: =E11/E$2 -> 473.07043 | F40: =F11/F$2 -> 477.17456 | G40: =G11/G$2 -> 479.27238 | H40: =H11/H$2 -> 483.32369 | I40: =I11/I$2 -> 481.38525 | J40: =J11/J$2 -> 479.3558 | K40: =K11/K$2 -> 0 | L40: =L11/L$2 -> 0
C41: CUDA opt_one_GPU ant local | D41: =D12/D$2 -> 25.062348 | E41: =E12/E$2 -> 24.627707 | F41: =F12/F$2 -> 25.143698 | G41: =G12/G$2 -> 25.036354 | H41: =H12/H$2 -> 25.834705 | I41: =I12/I$2 -> 25.314092 | J41: =J12/J$2 -> 33.964371 | K41: =K12/K$2 -> 0 | L41: =L12/L$2 -> 0
C42: CUDA Const | D42: =D13/D$2 -> 14.230079 | E42: =E13/E$2 -> 10.782145 | F42: =F13/F$2 -> 14.751015 | G42: =G13/G$2 -> 23.508527 | H42: =H13/H$2 -> 0 | I42: =I13/I$2 -> 0 | J42: =J13/J$2 -> 0 | K42: =K13/K$2 -> 0 | L42: =L13/L$2 -> 0
C43: CUDA ant Const | D43: =D14/D$2 -> 16.11781 | E43: =E14/E$2 -> 10.374403 | F43: =F14/F$2 -> 7.5190452 | G43: =G14/G$2 -> 6.1357821 | H43: =H14/H$2 -> 6.2957149 | I43: =I14/I$2 -> 5.7505061 | J43: =J14/J$2 -> 0 | K43: =K14/K$2 -> 0 | L43: =L14/L$2 -> 0
... C56: Time non CUDA AVX add CPU time 4 | D56: =D27/D$2 -> 7.4430143 | E56: =E27/E$2 -> 6.52884 | F56: =F27/F$2 -> 6.0605532 | G56: =G27/G$2 -> 6.0007923 | H56: =H27/H$2 -> 6.1968146 | I56: =I27/I$2 -> 6.2022097 | J56: =J27/J$2 -> 6.145843 | K56: =K27/K$2 -> 0 | L56: =L27/L$2 -> 0
C60: 50 | D60: 2 | E60: 4 | F60: 8 | G60: 16 | H60: 32 | I60: 64 | J60: 128 | K60: 256 | L60: 512
D61: 42 | E61: 84 | F61: 168 | G61: 336 | H61: 672 | I61: 1344 | J61: 2688 | K61: 5376 | L61: 10752
C62: Classic ACO | D62: =D$3/D3 -> 1 | E62: =E$3/E3 -> 1 | F62: =F$3/F3 -> 1 | G62: =G$3/G3 -> 1 | H62: =H$3/H3 -> 1 | I62: =I$3/I3 -> 1 | J62: =J$3/J3 -> 1 | K62: =K$3/K3 -> #DIV/0! | L62: =L$3/L3 -> #DIV/0!
C63: CUDA Time | D63: =D$3/D4 -> 11.182288 | E63: =E$3/E4 -> 13.966992 | F63: =F$3/F4 -> 9.6672606 | G63: =G$3/G4 -> 5.7755117 | H63: =H$3/H4 -> #DIV/0! | I63: =I$3/I4 -> #DIV/0! | J63: =J$3/J4 -> #DIV/0! | K63: =K$3/K4 -> #DIV/0! | L63: =L$3/L4 -> #DIV/0!
C64: CUDA ant | D64: =D$3/D5 -> 9.8574111 | E64: =E$3/E5 -> 14.486196 | F64: =F$3/F5 -> 18.948971 | G64: =G$3/G5 -> 21.767188 | H64: =H$3/H5 -> 21.883909 | I64: =I$3/I5 -> 22.936549 | J64: =J$3/J5 -> 23.028377 | K64: =K$3/K5 -> #DIV/0! | L64: =L$3/L5 -> #DIV/0!
C65: CUDA ant par | D65: =D$3/D6 -> 9.6002934 | E65: =E$3/E6 -> 14.356911 | F65: =F$3/F6 -> 19.020372 | G65: =G$3/G6 -> 22.33755 | H65: =H$3/H6 -> 24.405947 | I65: =I$3/I6 -> 25.642398 | J65: =J$3/J6 -> 26.973744 | K65: =K$3/K6 -> #DIV/0! | L65: =L$3/L6 -> #DIV/0!
C66: CUDA opt Time | D66: =D$3/D7 -> 10.920513 | E66: =E$3/E7 -> 13.814157 | F66: =F$3/F7 -> 9.5977046 | G66: =G$3/G7 -> 5.7648714 | H66: =H$3/H7 -> #DIV/0! | I66: =I$3/I7 -> #DIV/0! | J66: =J$3/J7 -> #DIV/0! | K66: =K$3/K7 -> #DIV/0! | L66: =L$3/L7 -> #DIV/0!
C67: CUDA opt ant | D67: =D$3/D8 -> 9.5855778 | E67: =E$3/E8 -> 14.466432 | F67: =F$3/F8 -> 18.904806 | G67: =G$3/G8 -> 21.804204 | H67: =H$3/H8 -> 21.572332 | I67: =I$3/I8 -> 22.930163 | J67: =J$3/J8 -> 22.99807 | K67: =K$3/K8 -> #DIV/0! | L67: =L$3/L8 -> #DIV/0!
C68: CUDA opt ant par | D68: =D$3/D9 -> 9.9284361 | E68: =E$3/E9 -> 14.377221 | F68: =F$3/F9 -> 18.868418 | G68: =G$3/G9 -> 22.341247 | H68: =H$3/H9 -> 24.343076 | I68: =I$3/I9 -> 25.653702 | J68: =J$3/J9 -> 26.950608 | K68: =K$3/K9 -> #DIV/0! | L68: =L$3/L9 -> #DIV/0!
C69: CUDA opt_one_GPU | D69: =D$3/D10 -> 3.8654319 | E69: =E$3/E10 -> 5.0045479 | F69: =F$3/F10 -> 1.7358696 | G69: =G$3/G10 -> 3.1172124 | H69: =H$3/H10 -> #DIV/0! | I69: =I$3/I10 -> #DIV/0! | J69: =J$3/J10 -> #DIV/0! | K69: =K$3/K10 -> #DIV/0! | L69: =L$3/L10 -> #DIV/0!
C70: CUDA opt_one_GPU ant | D70: =D$3/D11 -> 0.33917108 | E70: =E$3/E11 -> 0.32199902 | F70: =F$3/F11 -> 0.30078506 | G70: =G$3/G11 -> 0.28601978 | H70: =H$3/H11 -> 0.28297346 | I70: =I$3/I11 -> 0.28502824 | J70: =J$3/J11 -> 0.2852681 | K70: =K$3/K11 -> #DIV/0! | L70: =L$3/L11 -> #DIV/0!
C71: CUDA opt_one_GPU ant local | D71: =D$3/D12 -> 6.395522 | E71: =E$3/E12 -> 6.1852374 | F71: =F$3/F12 -> 5.7082685 | G71: =G$3/G12 -> 5.4752934 | H71: =H$3/H12 -> 5.2939554 | I71: =I$3/I12 -> 5.4202375 | J71: =J$3/J12 -> 4.0261284 | K71: =K$3/K12 -> #DIV/0! | L71: =L$3/L12 -> #DIV/0!
C72: CUDA Const | D72: =D$3/D13 -> 11.263943 | E72: =E$3/E13 -> 14.127821 | F72: =F$3/F13 -> 9.7299726 | G72: =G$3/G13 -> 5.8311343 | H72: =H$3/H13 -> #DIV/0! | I72: =I$3/I13 -> #DIV/0! | J72: =J$3/J13 -> #DIV/0! | K72: =K$3/K13 -> #DIV/0! | L72: =L$3/L13 -> #DIV/0!
C73: CUDA ant Const | D73: =D$3/D14 -> 9.9447006 | E73: =E$3/E14 -> 14.683083 | F73: =F$3/F14 -> 19.088458 | G73: =G$3/G14 -> 22.341305 | H73: =H$3/H14 -> 21.723947 | I73: =I$3/I14 -> 23.860229 | J73: =J$3/J14 -> #DIV/0! | K73: =K$3/K14 -> #DIV/0! | L73: =L$3/L14 -> #DIV/0!
... C86: Time non CUDA AVX add CPU time 4 | D86: =D$3/D27 -> 21.535199 | E86: =E$3/E27 -> 23.331589 | F86: =F$3/F27 -> 23.682158 | G86: =G$3/G27 -> 22.84388 | H86: =H$3/H27 -> 22.070658 | I86: =I$3/I27 -> 22.122502 | J86: =J$3/J27 -> 22.249986 | K86: =K$3/K27 -> #DIV/0! | L86: =L$3/L27 -> #DIV/0!
C91: Дисперсия
C92: 50 | D92: 2 | E92: 4 | F92: 8 | G92: 16 | H92: 32 | I92: 64 | J92: 128 | K92: 256 | L92: 512
D93: 42 | E93: 84 | F93: 168 | G93: 336 | H93: 672 | I93: 1344 | J93: 2688 | K93: 5376 | L93: 10752
C94: Classic ACO | D94: 24835.692 | E94: 9741.3253 | F94: 195964.74 | G94: 53680.555 | H94: 4720660.2 | I94: 10462155 | J94: 38515875
C95: CUDA Time | D95: 128.62867 | E95: 39.498586 | F95: 300.99017 | G95: 1179.5745
C96: CUDA ant | D96: 245.05235 | E96: 18.665529 | F96: 40.618543 | G96: 104.37451 | H96: 615.15221 | I96: 1201.4411 | J96: 2658.4628
C97: CUDA ant par | D97: 37.702767 | E97: 31.581953 | F97: 14.91404 | G97: 21.76295 | H97: 89.653108 | I97: 43.7149 | J97: 43.565184
C98: CUDA opt | D98: 48.505105 | E98: 39.831176 | F98: 43.55887 | G98: 237.34571
C99: CUDA opt ant | D99: 64.025926 | E99: 58.77397 | F99: 75.078717 | G99: 51.572456 | H99: 285.51564 | I99: 737.11087 | J99: 3565.703
C100: CUDA opt ant par | D100: 8.3498069 | E100: 58.273879 | F100: 15.768819 | G100: 101.97535 | H100: 36.40901 | I100: 102.58908 | J100: 27.048403
C101: CUDA opt_one_GPU | D101: 135.36659 | E101: 207.20885 | F101: 1.4219898e+08 | G101: 2058.5092 | H101: 3.4113112 | I101: 3.6781629 | J101: 19.746355
C102: CUDA opt_one_GPU ant | D102: 185.82965 | E102: 10456.317 | F102: 6382.9582 | G102: 5464.12 | H102: 1.1024067e+08 | I102: 3449053.7 | J102: 31283954
C103: CUDA opt_one_GPU ant local | D103: 1.8512436 | E103: 3.649174 | F103: 16.617172 | G103: 1218.8458 | H103: 1167.9158 | I103: 1144.5577 | J103: 17412.194
C104: CUDA Const | D104: 78.358051 | E104: 56.555046 | F104: 177.29667 | G104: 7109.4815
C105: CUDA ant Const | D105: 18.074391 | E105: 57.4281 | F105: 104.54893 | G105: 1027.8489 | H105: 132.02751 | I105: 36.85316
C106: CUDA ant par Const | D106: 15.869792 | E106: 34.57923 | F106: 20.255777 | G106: 4420.2468 | H106: 13857.287 | I106: 47.071324
C107: CUDA opt Const | D107: 80.515531 | E107: 37.332603 | F107: 167.36082 | G107: 2319.7316
C108: CUDA opt ant Const | D108: 27.127594 | E108: 66.608425 | F108: 288.42894 | G108: 954.34324 | H108: 37.512899 | I108: 42.332792
C109: CUDA opt ant par Const | D109: 28.187748 | E109: 40.70757 | F109: 120.72043 | G109: 316.31894 | H109: 75.973351 | I109: 68.596427
C110: CUDA ant par global | D110: 228.61647 | E110: 56.922475 | F110: 106.76981 | G110: 187.56665 | H110: 222.57478 | I110: 292.45462 | J110: 348.82893
C111: CUDA opt ant par global | D111: 76.081883 | E111: 44.910087 | F111: 32.710351 | G111: 39.045424 | H111: 37.035306 | I111: 63.20182 | J111: 45.443703
C112: CUDA ant add CPU Time | D112: 654.08437 | E112: 189.00614 | F112: 410.69644 | G112: 192.55158 | H112: 1097.4957 | I112: 1697.1609 | J112: 2883.1276
C113: CUDA ant add CPU Const | D113: 335.21385 | E113: 217.73231 | F113: 420.80216 | G113: 620.64085 | H113: 1051.4756 | I113: 954.60624 | J113: 6787.9659
C114: CUDA ant add CPU Time global | D114: 335.21385 | E114: 217.73231 | F114: 420.80216 | G114: 620.64085 | H114: 1051.4756 | I114: 954.60624 | J114: 6787.9659
C115: CUDA ant add CPU_AVX_transp Time | D115: #DIV/0! | E115: 281.01496 | F115: 15147.563 | G115: 669.41195 | H115: 4131.6213 | I115: 2477.8523 | J115: 4256.3711
C116: CUDA ant add CPU12 | D116: 333.48113 | E116: 2664.0403 | F116: 2431.1663 | G116: 14033.3 | H116: 95439.467 | I116: 54156.066 | J116: 9659.8502
C117: Time non CUDA AVX time 4 | D117: 418.08816 | E117: 763.21304 | F117: 441.33222 | G117: 9171.0757 | H117: 7798.8305 | I117: 18213.271 | J117: 45893.656
C118: Time non CUDA AVX add CPU time 4 | D118: 318.88811 | E118: 263.93716 | F118: 278.98429 | G118: 1343.612 | H118: 1416.3849 | I118: 4064.224 | J118: 11986.826
C120: Доверительный интервал | D120: 1.96 | E120: 50
C121: 50 | D121: 2 | E121: 4 | F121: 8 | G121: 16 | H121: 32 | I121: 64 | J121: 128 | K121: 256 | L121: 512
D122: 42 | E122: 84 | F122: 168 | G122: 336 | H122: 672 | I122: 1344 | J122: 2688 | K122: 5376 | L122: 10752
C123: Classic ACO | D123: =$D$120*SQRT(D94)/SQRT($E$120) -> 43.682672 | E123: =$D$120*SQRT(E94)/SQRT($E$120) -> 27.357732 | F123: =$D$120*SQRT(F94)/SQRT($E$120) -> 122.70437 | G123: =$D$120*SQRT(G94)/SQRT($E$120) -> 64.22137 | H123: =$D$120*SQRT(H94)/SQRT($E$120) -> 602.24394 | I123: =$D$120*SQRT(I94)/SQRT($E$120) -> 896.5647 | J123: =$D$120*SQRT(J94)/SQRT($E$120) -> 1720.2476 | K123: =$D$120*SQRT(K94)/SQRT($E$120) -> 0 | L123: =$D$120*SQRT(L94)/SQRT($E$120) -> 0
C124: CUDA Time | D124: =$D$120*SQRT(D95)/SQRT($E$120) -> 3.1436918 | E124: =$D$120*SQRT(E95)/SQRT($E$120) -> 1.7420549 | F124: =$D$120*SQRT(F95)/SQRT($E$120) -> 4.8089164 | G124: =$D$120*SQRT(G95)/SQRT($E$120) -> 9.5199301 | H124: =$D$120*SQRT(H95)/SQRT($E$120) -> 0 | I124: =$D$120*SQRT(I95)/SQRT($E$120) -> 0 | J124: =$D$120*SQRT(J95)/SQRT($E$120) -> 0 | K124: =$D$120*SQRT(K95)/SQRT($E$120) -> 0 | L124: =$D$120*SQRT(L95)/SQRT($E$120) -> 0
C125: CUDA ant | D125: =$D$120*SQRT(D96)/SQRT($E$120) -> 4.3391085 | E125: =$D$120*SQRT(E96)/SQRT($E$120) -> 1.1975433 | F125: =$D$120*SQRT(F96)/SQRT($E$120) -> 1.7665797 | G125: =$D$120*SQRT(G96)/SQRT($E$120) -> 2.8318373 | H125: =$D$120*SQRT(H96)/SQRT($E$120) -> 6.8748363 | I125: =$D$120*SQRT(I96)/SQRT($E$120) -> 9.6077637 | J125: =$D$120*SQRT(J96)/SQRT($E$120) -> 14.291781 | K125: =$D$120*SQRT(K96)/SQRT($E$120) -> 0 | L125: =$D$120*SQRT(L96)/SQRT($E$120) -> 0
C126: CUDA ant par | D126: =$D$120*SQRT(D97)/SQRT($E$120) -> 1.7019926 | E126: =$D$120*SQRT(E97)/SQRT($E$120) -> 1.5577242 | F126: =$D$120*SQRT(F97)/SQRT($E$120) -> 1.0704558 | G126: =$D$120*SQRT(G97)/SQRT($E$120) -> 1.2930936 | H126: =$D$120*SQRT(H97)/SQRT($E$120) -> 2.6245433 | I126: =$D$120*SQRT(I97)/SQRT($E$120) -> 1.8326765 | J126: =$D$120*SQRT(J97)/SQRT($E$120) -> 1.8295355 | K126: =$D$120*SQRT(K97)/SQRT($E$120) -> 0 | L126: =$D$120*SQRT(L97)/SQRT($E$120) -> 0
C127: CUDA opt | D127: =$D$120*SQRT(D98)/SQRT($E$120) -> 1.9304777 | E127: =$D$120*SQRT(E98)/SQRT($E$120) -> 1.7493739 | F127: =$D$120*SQRT(F98)/SQRT($E$120) -> 1.8294029 | G127: =$D$120*SQRT(G98)/SQRT($E$120) -> 4.2703332 | H127: =$D$120*SQRT(H98)/SQRT($E$120) -> 0 | I127: =$D$120*SQRT(I98)/SQRT($E$120) -> 0 | J127: =$D$120*SQRT(J98)/SQRT($E$120) -> 0 | K127: =$D$120*SQRT(K98)/SQRT($E$120) -> 0 | L127: =$D$120*SQRT(L98)/SQRT($E$120) -> 0
C128: CUDA opt ant | D128: =$D$120*SQRT(D99)/SQRT($E$120) -> 2.217936 | E128: =$D$120*SQRT(E99)/SQRT($E$120) -> 2.1250227 | F128: =$D$120*SQRT(F99)/SQRT($E$120) -> 2.4017594 | G128: =$D$120*SQRT(G99)/SQRT($E$120) -> 1.9905816 | H128: =$D$120*SQRT(H99)/SQRT($E$120) -> 4.6836671 | I128: =$D$120*SQRT(I99)/SQRT($E$120) -> 7.5255367 | J128: =$D$120*SQRT(J99)/SQRT($E$120) -> 16.55174 | K128: =$D$120*SQRT(K99)/SQRT($E$120) -> 0 | L128: =$D$120*SQRT(L99)/SQRT($E$120) -> 0
C129: CUDA opt ant par | D129: =$D$120*SQRT(D100)/SQRT($E$120) -> 0.80095716 | E129: =$D$120*SQRT(E100)/SQRT($E$120) -> 2.1159628 | F129: =$D$120*SQRT(F100)/SQRT($E$120) -> 1.1007043 | G129: =$D$120*SQRT(G100)/SQRT($E$120) -> 2.7991017 | H129: =$D$120*SQRT(H100)/SQRT($E$120) -> 1.6725361 | I129: =$D$120*SQRT(I100)/SQRT($E$120) -> 2.8075121 | J129: =$D$120*SQRT(J100)/SQRT($E$120) -> 1.4415904 | K129: =$D$120*SQRT(K100)/SQRT($E$120) -> 0 | L129: =$D$120*SQRT(L100)/SQRT($E$120) -> 0
C130: CUDA opt_one_GPU | D130: =$D$120*SQRT(D101)/SQRT($E$120) -> 3.2249785 | E130: =$D$120*SQRT(E101)/SQRT($E$120) -> 3.9900213 | F130: =$D$120*SQRT(F101)/SQRT($E$120) -> 3305.3642 | G130: =$D$120*SQRT(G101)/SQRT($E$120) -> 12.576143 | H130: =$D$120*SQRT(H101)/SQRT($E$120) -> 0.51195494 | I130: =$D$120*SQRT(I101)/SQRT($E$120) -> 0.53160193 | J130: =$D$120*SQRT(J101)/SQRT($E$120) -> 1.2317272 | K130: =$D$120*SQRT(K101)/SQRT($E$120) -> 0 | L130: =$D$120*SQRT(L101)/SQRT($E$120) -> 0
C131: CUDA opt_one_GPU ant | D131: =$D$120*SQRT(D102)/SQRT($E$120) -> 3.7785796 | E131: =$D$120*SQRT(E102)/SQRT($E$120) -> 28.343954 | F131: =$D$120*SQRT(F102)/SQRT($E$120) -> 22.145326 | G131: =$D$120*SQRT(G102)/SQRT($E$120) -> 20.489492 | H131: =$D$120*SQRT(H102)/SQRT($E$120) -> 2910.3284 | I131: =$D$120*SQRT(I102)/SQRT($E$120) -> 514.77927 | J131: =$D$120*SQRT(J102)/SQRT($E$120) -> 1550.3576 | K131: =$D$120*SQRT(K102)/SQRT($E$120) -> 0 | L131: =$D$120*SQRT(L102)/SQRT($E$120) -> 0
C132: CUDA opt_one_GPU ant local | D132: =$D$120*SQRT(D103)/SQRT($E$120) -> 0.37714022 | E132: =$D$120*SQRT(E103)/SQRT($E$120) -> 0.52950291 | F132: =$D$120*SQRT(F103)/SQRT($E$120) -> 1.129925 | G132: =$D$120*SQRT(G103)/SQRT($E$120) -> 9.6771051 | H132: =$D$120*SQRT(H103)/SQRT($E$120) -> 9.4727664 | I132: =$D$120*SQRT(I103)/SQRT($E$120) -> 9.3775614 | J132: =$D$120*SQRT(J103)/SQRT($E$120) -> 36.576135 | K132: =$D$120*SQRT(K103)/SQRT($E$120) -> 0 | L132: =$D$120*SQRT(L103)/SQRT($E$120) -> 0
C133: CUDA Const | D133: =$D$120*SQRT(D104)/SQRT($E$120) -> 2.4536515 | E133: =$D$120*SQRT(E104)/SQRT($E$120) -> 2.0845233 | F133: =$D$120*SQRT(F104)/SQRT($E$120) -> 3.6908072 | G133: =$D$120*SQRT(G104)/SQRT($E$120) -> 23.371686 | H133: =$D$120*SQRT(H104)/SQRT($E$120) -> 0 | I133: =$D$120*SQRT(I104)/SQRT($E$120) -> 0 | J133: =$D$120*SQRT(J104)/SQRT($E$120) -> 0 | K133: =$D$120*SQRT(K104)/SQRT($E$120) -> 0 | L133: =$D$120*SQRT(L104)/SQRT($E$120) -> 0
C134: CUDA ant Const | D134: =$D$120*SQRT(D105)/SQRT($E$120) -> 1.1784276 | E134: =$D$120*SQRT(E105)/SQRT($E$120) -> 2.1005513 | F134: =$D$120*SQRT(F105)/SQRT($E$120) -> 2.8342025 | G134: =$D$120*SQRT(G105)/SQRT($E$120) -> 8.8866017 | H134: =$D$120*SQRT(H105)/SQRT($E$120) -> 3.1849549 | I134: =$D$120*SQRT(I105)/SQRT($E$120) -> 1.6827068 | J134: =$D$120*SQRT(J105)/SQRT($E$120) -> 0 | K134: =$D$120*SQRT(K105)/SQRT($E$120) -> 0 | L134: =$D$120*SQRT(L105)/SQRT($E$120) -> 0
...

Sheet Лист8
A1: 29 | B1: 120 | E1: 2 | F1: 4 | G1: 8 | H1: 16 | I1: 32 | J1: 64 | K1: 128 | Q1: 2 | R1: 4 | S1: 8 | T1: 16 | U1: 32 | V1: 64 | W1: 128
B2: 3060 | E2: 42 | F2: 84 | G2: 168 | H2: 336 | I2: 672 | J2: 1344 | K2: 2688 | Q2: 42 | R2: 84 | S2: 168 | T2: 336 | U2: 672 | V2: 1344 | W2: 2688
A3: 10 | B3: =OFFSET('1050LAPTOP'!$C$1,A3-1,0) -> CUDA opt_one_GPU | C3: MatrixACO_Global | D3: МО | E3: =OFFSET('3060LAPTOP'!D$1,$A3-1+$A$1,0) -> 41.466724 | F3: =OFFSET('3060LAPTOP'!E$1,$A3-1+$A$1,0) -> 30.437957 | G3: =OFFSET('3060LAPTOP'!F$1,$A3-1+$A$1,0) -> 82.683039 | H3: =OFFSET('3060LAPTOP'!G$1,$A3-1+$A$1,0) -> 43.975631 | I3: =OFFSET('3060LAPTOP'!H$1,$A3-1+$A$1,0) -> 0 | J3: =OFFSET('3060LAPTOP'!I$1,$A3-1+$A$1,0) -> 0 | K3: =OFFSET('3060LAPTOP'!J$1,$A3-1+$A$1,0) -> 0 | O3: MatrixACO_Global | P3: МО | Q3: 41.466724 | R3: 30.437957 | S3: 82.683039 | T3: 43.975631
D4: ДИ | E4: =OFFSET('3060LAPTOP'!D$1,$A3-1+$B$1,0) -> 3.2249785 | F4: =OFFSET('3060LAPTOP'!E$1,$A3-1+$B$1,0) -> 3.9900213 | G4: =OFFSET('3060LAPTOP'!F$1,$A3-1+$B$1,0)/G$2 -> 19.674787 | H4: =OFFSET('3060LAPTOP'!G$1,$A3-1+$B$1,0)/H$2 -> 0.037428997 | I4: =OFFSET('3060LAPTOP'!H$1,$A3-1+$B$1,0)/I$2 -> 0.00076183771 | J4: =OFFSET('3060LAPTOP'!I$1,$A3-1+$B$1,0)/J$2 -> 0.00039553715 | K4: =OFFSET('3060LAPTOP'!J$1,$A3-1+$B$1,0)/K$2 -> 0.00045823185 | P4: ДИ | Q4: 0.076785202 | R4: 0.047500254 | S4: 19.674787 | T4: 0.037428997
A5: 11 | B5: =OFFSET('1050LAPTOP'!$C$1,A5-1,0) -> CUDA opt_one_GPU ant | C5: MatrixACO_Layer _Global | D5: МО | E5: =OFFSET('3060LAPTOP'!D$1,$A5-1+$A$1,0) -> 472.5839 | F5: =OFFSET('3060LAPTOP'!E$1,$A5-1+$A$1,0) -> 473.07043 | G5: =OFFSET('3060LAPTOP'!F$1,$A5-1+$A$1,0) -> 477.17456 | H5: =OFFSET('3060LAPTOP'!G$1,$A5-1+$A$1,0) -> 479.27238 | I5: =OFFSET('3060LAPTOP'!H$1,$A5-1+$A$1,0) -> 483.32369 | J5: =OFFSET('3060LAPTOP'!I$1,$A5-1+$A$1,0) -> 481.38525 | K5: =OFFSET('3060LAPTOP'!J$1,$A5-1+$A$1,0) -> 479.3558 | O5: MatrixACO_Layer _Global | P5: МО | Q5: 472.5839 | R5: 473.07043 | S5: 477.17456 | T5: 479.27238 | U5: 483.32369 | V5: 481.38525 | W5: 479.3558
D6: ДИ | E6: =OFFSET('3060LAPTOP'!D$1,$A5-1+$B$1,0)/E$2 -> 0.08996618 | F6: =OFFSET('3060LAPTOP'!E$1,$A5-1+$B$1,0)/F$2 -> 0.33742802 | G6: =OFFSET('3060LAPTOP'!F$1,$A5-1+$B$1,0)/G$2 -> 0.13181741 | H6: =OFFSET('3060LAPTOP'!G$1,$A5-1+$B$1,0)/H$2 -> 0.06098063 | I6: =OFFSET('3060LAPTOP'!H$1,$A5-1+$B$1,0)/I$2 -> 4.3308458 | J6: =OFFSET('3060LAPTOP'!I$1,$A5-1+$B$1,0)/J$2 -> 0.38302029 | K6: =OFFSET('3060LAPTOP'!J$1,$A5-1+$B$1,0)/K$2 -> 0.57676995 | P6: ДИ | Q6: 0.08996618 | R6: 0.33742802 | S6: 0.13181741 | T6: 0.06098063 | U6: 4.3308458 | V6: 0.38302029 | W6: 0.57676995
A7: 12 | B7: =OFFSET('1050LAPTOP'!$C$1,A7-1,0) -> CUDA opt_one_GPU ant local | C7: MatrixACO_Layer _Local | D7: МО | E7: =OFFSET('3060LAPTOP'!D$1,$A7-1+$A$1,0) -> 25.062348 | F7: =OFFSET('3060LAPTOP'!E$1,$A7-1+$A$1,0) -> 24.627707 | G7: =OFFSET('3060LAPTOP'!F$1,$A7-1+$A$1,0) -> 25.143698 | H7: =OFFSET('3060LAPTOP'!G$1,$A7-1+$A$1,0) -> 25.036354 | I7: =OFFSET('3060LAPTOP'!H$1,$A7-1+$A$1,0) -> 25.834705 | J7: =OFFSET('3060LAPTOP'!I$1,$A7-1+$A$1,0) -> 25.314092 | K7: =OFFSET('3060LAPTOP'!J$1,$A7-1+$A$1,0) -> 33.964371 | O7: MatrixACO_Layer _Local | P7: МО | Q7: 25.062348 | R7: 24.627707 | S7: 25.143698 | T7: 25.036354 | U7: 25.834705 | V7: 25.314092 | W7: 33.964371
D8: ДИ | E8: =OFFSET('3060LAPTOP'!D$1,$A7-1+$B$1,0)/E$2 -> 0.0089795291 | F8: =OFFSET('3060LAPTOP'!E$1,$A7-1+$B$1,0)/F$2 -> 0.0063036061 | G8: =OFFSET('3060LAPTOP'!F$1,$A7-1+$B$1,0)/G$2 -> 0.0067257441 | H8: =OFFSET('3060LAPTOP'!G$1,$A7-1+$B$1,0)/H$2 -> 0.028800908 | I8: =OFFSET('3060LAPTOP'!H$1,$A7-1+$B$1,0)/I$2 -> 0.014096379 | J8: =OFFSET('3060LAPTOP'!I$1,$A7-1+$B$1,0)/J$2 -> 0.0069773522 | K8: =OFFSET('3060LAPTOP'!J$1,$A7-1+$B$1,0)/K$2 -> 0.013607193 | P8: ДИ | Q8: 0.0089795291 | R8: 0.0063036061 | S8: 0.0067257441 | T8: 0.028800908 | U8: 0.014096379 | V8: 0.0069773522 | W8: 0.013607193
A9: 4 | B9: =OFFSET('1050LAPTOP'!$C$1,A9-1,0) -> CUDA Time | C9: MatrixACO_Basic _Standart | D9: МО | E9: =OFFSET('3060LAPTOP'!D$1,$A9-1+$A$1,0) -> 14.33399 | F9: =OFFSET('3060LAPTOP'!E$1,$A9-1+$A$1,0) -> 10.9063 | G9: =OFFSET('3060LAPTOP'!F$1,$A9-1+$A$1,0) -> 14.846706 | H9: =OFFSET('3060LAPTOP'!G$1,$A9-1+$A$1,0) -> 23.734933 | I9: =OFFSET('3060LAPTOP'!H$1,$A9-1+$A$1,0) -> 0 | J9: =OFFSET('3060LAPTOP'!I$1,$A9-1+$A$1,0) -> 0 | K9: =OFFSET('3060LAPTOP'!J$1,$A9-1+$A$1,0) -> 0 | O9: MatrixACO_Basic _Standart | P9: МО | Q9: 14.33399 | R9: 10.9063 | S9: 14.846706 | T9: 23.734933
D10: ДИ | E10: =OFFSET('3060LAPTOP'!D$1,$A9-1+$B$1,0)/E$2 -> 0.074849804 | F10: =OFFSET('3060LAPTOP'!E$1,$A9-1+$B$1,0)/F$2 -> 0.020738749 | G10: =OFFSET('3060LAPTOP'!F$1,$A9-1+$B$1,0)/G$2 -> 0.028624502 | H10: =OFFSET('3060LAPTOP'!G$1,$A9-1+$B$1,0)/H$2 -> 0.028333125 | I10: =OFFSET('3060LAPTOP'!H$1,$A9-1+$B$1,0)/I$2 -> 0 | J10: =OFFSET('3060LAPTOP'!I$1,$A9-1+$B$1,0)/J$2 -> 0 | K10: =OFFSET('3060LAPTOP'!J$1,$A9-1+$B$1,0)/K$2 -> 0 | P10: ДИ | Q10: 0.074849804 | R10: 0.020738749 | S10: 0.028624502 | T10: 0.028333125
A11: 6 | B11: =OFFSET('1050LAPTOP'!$C$1,A11-1,0) -> CUDA ant par | C11: MatrixACO_Basic _Agent | D11: МО | E11: =OFFSET('3060LAPTOP'!D$1,$A11-1+$A$1,0) -> 16.696031 | F11: =OFFSET('3060LAPTOP'!E$1,$A11-1+$A$1,0) -> 10.610096 | G11: =OFFSET('3060LAPTOP'!F$1,$A11-1+$A$1,0) -> 7.5459607 | H11: =OFFSET('3060LAPTOP'!G$1,$A11-1+$A$1,0) -> 6.1368137 | I11: =OFFSET('3060LAPTOP'!H$1,$A11-1+$A$1,0) -> 5.6038708 | J11: =OFFSET('3060LAPTOP'!I$1,$A11-1+$A$1,0) -> 5.3508409 | K11: =OFFSET('3060LAPTOP'!J$1,$A11-1+$A$1,0) -> 5.0695565 | O11: MatrixACO_Basic _Agent | P11: МО | Q11: 16.696031 | R11: 10.610096 | S11: 7.5459607 | T11: 6.1368137 | U11: 5.6038708 | V11: 5.3508409 | W11: 5.0695565
D12: ДИ | E12: =OFFSET('3060LAPTOP'!D$1,$A11-1+$B$1,0)/E$2 -> 0.040523634 | F12: =OFFSET('3060LAPTOP'!E$1,$A11-1+$B$1,0)/F$2 -> 0.018544335 | G12: =OFFSET('3060LAPTOP'!F$1,$A11-1+$B$1,0)/G$2 -> 0.0063717605 | H12: =OFFSET('3060LAPTOP'!G$1,$A11-1+$B$1,0)/H$2 -> 0.0038484927 | I12: =OFFSET('3060LAPTOP'!H$1,$A11-1+$B$1,0)/I$2 -> 0.0039055704 | J12: =OFFSET('3060LAPTOP'!I$1,$A11-1+$B$1,0)/J$2 -> 0.0013635986 | K12: =OFFSET('3060LAPTOP'!J$1,$A11-1+$B$1,0)/K$2 -> 0.00068063077 | P12: ДИ | Q12: 0.040523634 | R12: 0.018544335 | S12: 0.0063717605 | T12: 0.0038484927 | U12: 0.0039055704 | V12: 0.0013635986 | W12: 0.00068063077
A13: 7 | B13: =OFFSET('1050LAPTOP'!$C$1,A13-1,0) -> CUDA opt | C13: MatrixACO_Optimal_Standart | D13: МО | E13: =OFFSET('3060LAPTOP'!D$1,$A13-1+$A$1,0) -> 14.677589 | F13: =OFFSET('3060LAPTOP'!E$1,$A13-1+$A$1,0) -> 11.026965 | G13: =OFFSET('3060LAPTOP'!F$1,$A13-1+$A$1,0) -> 14.954302 | H13: =OFFSET('3060LAPTOP'!G$1,$A13-1+$A$1,0) -> 23.77874 | I13: =OFFSET('3060LAPTOP'!H$1,$A13-1+$A$1,0) -> 0 | J13: =OFFSET('3060LAPTOP'!I$1,$A13-1+$A$1,0) -> 0 | K13: =OFFSET('3060LAPTOP'!J$1,$A13-1+$A$1,0) -> 0 | O13: MatrixACO_Optimal_Standart | P13: МО | Q13: 14.677589 | R13: 11.026965 | S13: 14.954302 | T13: 23.77874
D14: ДИ | E14: =OFFSET('3060LAPTOP'!D$1,$A13-1+$B$1,0)/E$2 -> 0.045963755 | F14: =OFFSET('3060LAPTOP'!E$1,$A13-1+$B$1,0)/F$2 -> 0.020825879 | G14: =OFFSET('3060LAPTOP'!F$1,$A13-1+$B$1,0)/G$2 -> 0.010889303 | H14: =OFFSET('3060LAPTOP'!G$1,$A13-1+$B$1,0)/H$2 -> 0.012709325 | I14: =OFFSET('3060LAPTOP'!H$1,$A13-1+$B$1,0)/I$2 -> 0 | J14: =OFFSET('3060LAPTOP'!I$1,$A13-1+$B$1,0)/J$2 -> 0 | K14: =OFFSET('3060LAPTOP'!J$1,$A13-1+$B$1,0)/K$2 -> 0 | P14: ДИ | Q14: 0.045963755 | R14: 0.020825879 | S14: 0.010889303 | T14: 0.012709325
A15: 9 | B15: =OFFSET('1050LAPTOP'!$C$1,A15-1,0) -> CUDA opt ant par | C15: MatrixACO_Optimal_Agent | D15: МО | E15: =OFFSET('3060LAPTOP'!D$1,$A15-1+$A$1,0) -> 16.144214 | F15: =OFFSET('3060LAPTOP'!E$1,$A15-1+$A$1,0) -> 10.595108 | G15: =OFFSET('3060LAPTOP'!F$1,$A15-1+$A$1,0) -> 7.606731 | H15: =OFFSET('3060LAPTOP'!G$1,$A15-1+$A$1,0) -> 6.1357982 | I15: =OFFSET('3060LAPTOP'!H$1,$A15-1+$A$1,0) -> 5.618344 | J15: =OFFSET('3060LAPTOP'!I$1,$A15-1+$A$1,0) -> 5.3484832 | K15: =OFFSET('3060LAPTOP'!J$1,$A15-1+$A$1,0) -> 5.0739085 | O15: MatrixACO_Optimal_Agent | P15: МО | Q15: 16.144214 | R15: 10.595108 | S15: 7.606731 | T15: 6.1357982 | U15: 5.618344 | V15: 5.3484832 | W15: 5.0739085
D16: ДИ | E16: =OFFSET('3060LAPTOP'!D$1,$A15-1+$B$1,0)/E$2 -> 0.019070408 | F16: =OFFSET('3060LAPTOP'!E$1,$A15-1+$B$1,0)/F$2 -> 0.025190034 | G16: =OFFSET('3060LAPTOP'!F$1,$A15-1+$B$1,0)/G$2 -> 0.0065518112 | H16: =OFFSET('3060LAPTOP'!G$1,$A15-1+$B$1,0)/H$2 -> 0.0083306598 | I16: =OFFSET('3060LAPTOP'!H$1,$A15-1+$B$1,0)/I$2 -> 0.002488893 | J16: =OFFSET('3060LAPTOP'!I$1,$A15-1+$B$1,0)/J$2 -> 0.0020889227 | K16: =OFFSET('3060LAPTOP'!J$1,$A15-1+$B$1,0)/K$2 -> 0.00053630595 | P16: ДИ | Q16: 0.019070408 | R16: 0.025190034 | S16: 0.0065518112 | T16: 0.0083306598 | U16: 0.002488893 | V16: 0.0020889227 | W16: 0.00053630595
A17: 10 | B17: =OFFSET('1050LAPTOP'!$C$1,A17-1,0) -> CUDA opt_one_GPU | C17: Matrix ACO | D17: МО | E17: =OFFSET('3060LAPTOP'!D$1,$A17-1+$A$1,0) -> 41.466724 | F17: =OFFSET('3060LAPTOP'!E$1,$A17-1+$A$1,0) -> 30.437957 | G17: =OFFSET('3060LAPTOP'!F$1,$A17-1+$A$1,0) -> 82.683039 | H17: =OFFSET('3060LAPTOP'!G$1,$A17-1+$A$1,0) -> 43.975631 | I17: =OFFSET('3060LAPTOP'!H$1,$A17-1+$A$1,0) -> 0 | J17: =OFFSET('3060LAPTOP'!I$1,$A17-1+$A$1,0) -> 0 | K17: =OFFSET('3060LAPTOP'!J$1,$A17-1+$A$1,0) -> 0
D18: ДИ | E18: =OFFSET('3060LAPTOP'!D$1,$A17-1+$B$1,0)/E$2 -> 0.076785202 | F18: =OFFSET('3060LAPTOP'!E$1,$A17-1+$B$1,0)/F$2 -> 0.047500254 | G18: =OFFSET('3060LAPTOP'!F$1,$A17-1+$B$1,0)/G$2 -> 19.674787 | H18: =OFFSET('3060LAPTOP'!G$1,$A17-1+$B$1,0)/H$2 -> 0.037428997 | I18: =OFFSET('3060LAPTOP'!H$1,$A17-1+$B$1,0)/I$2 -> 0.00076183771 | J18: =OFFSET('3060LAPTOP'!I$1,$A17-1+$B$1,0)/J$2 -> 0.00039553715 | K18: =OFFSET('3060LAPTOP'!J$1,$A17-1+$B$1,0)/K$2 -> 0.00045823185
A19: 11 | B19: =OFFSET('1050LAPTOP'!$C$1,A19-1,0) -> CUDA opt_one_GPU ant | C19: Matrix ACO | D19: МО | E19: =OFFSET('3060LAPTOP'!D$1,$A19-1+$A$1,0) -> 472.5839 | F19: =OFFSET('3060LAPTOP'!E$1,$A19-1+$A$1,0) -> 473.07043 | G19: =OFFSET('3060LAPTOP'!F$1,$A19-1+$A$1,0) -> 477.17456 | H19: =OFFSET('3060LAPTOP'!G$1,$A19-1+$A$1,0) -> 479.27238 | I19: =OFFSET('3060LAPTOP'!H$1,$A19-1+$A$1,0) -> 483.32369 | J19: =OFFSET('3060LAPTOP'!I$1,$A19-1+$A$1,0) -> 481.38525 | K19: =OFFSET('3060LAPTOP'!J$1,$A19-1+$A$1,0) -> 479.3558
D20: ДИ | E20: =OFFSET('3060LAPTOP'!D$1,$A19-1+$B$1,0)/E$2 -> 0.08996618 | F20: =OFFSET('3060LAPTOP'!E$1,$A19-1+$B$1,0)/F$2 -> 0.33742802 | G20: =OFFSET('3060LAPTOP'!F$1,$A19-1+$B$1,0)/G$2 -> 0.13181741 | H20: =OFFSET('3060LAPTOP'!G$1,$A19-1+$B$1,0)/H$2 -> 0.06098063 | I20: =OFFSET('3060LAPTOP'!H$1,$A19-1+$B$1,0)/I$2 -> 4.3308458 | J20: =OFFSET('3060LAPTOP'!I$1,$A19-1+$B$1,0)/J$2 -> 0.38302029 | K20: =OFFSET('3060LAPTOP'!J$1,$A19-1+$B$1,0)/K$2 -> 0.57676995
A22: 29 | B22: 120 | E22: 2 | F22: 4 | G22: 8 | H22: 16 | I22: 32 | J22: 64 | K22: 128
B23: 3060 | E23: 42 | F23: 84 | G23: 168 | H23: 336 | I23: 672 | J23: 1344 | K23: 2688
A24: 10 | B24: =OFFSET('1050LAPTOP'!$C$1,A24-1,0) -> CUDA opt_one_GPU | C24: MatrixACO_Global | D24: МО | E24: =OFFSET('3060LAPTOP'!D$1,$A24-1+$A$1,0) -> 41.466724 | F24: =OFFSET('3060LAPTOP'!E$1,$A24-1+$A$1,0) -> 30.437957 | G24: =OFFSET('3060LAPTOP'!F$1,$A24-1+$A$1,0) -> 82.683039 | H24: =OFFSET('3060LAPTOP'!G$1,$A24-1+$A$1,0) -> 43.975631 | I24: =OFFSET('3060LAPTOP'!H$1,$A24-1+$A$1,0) -> 0 | J24: =OFFSET('3060LAPTOP'!I$1,$A24-1+$A$1,0) -> 0 | K24: =OFFSET('3060LAPTOP'!J$1,$A24-1+$A$1,0) -> 0
D25: ДИ | E25: =OFFSET('3060LAPTOP'!D$1,$A24-1+$B$1,0) -> 3.2249785 | F25: =OFFSET('3060LAPTOP'!E$1,$A24-1+$B$1,0) -> 3.9900213 | G25: =OFFSET('3060LAPTOP'!F$1,$A24-1+$B$1,0) -> 3305.3642 | H25: =OFFSET('3060LAPTOP'!G$1,$A24-1+$B$1,0) -> 12.576143 | I25: =OFFSET('3060LAPTOP'!H$1,$A24-1+$B$1,0) -> 0.51195494 | J25: =OFFSET('3060LAPTOP'!I$1,$A24-1+$B$1,0) -> 0.53160193 | K25: =OFFSET('3060LAPTOP'!J$1,$A24-1+$B$1,0) -> 1.2317272
A26: 11 | B26: =OFFSET('1050LAPTOP'!$C$1,A26-1,0) -> CUDA opt_one_GPU ant | C26: MatrixACO_Layer _Global | D26: МО | E26: =OFFSET('3060LAPTOP'!D$1,$A26-1+$A$1,0) -> 472.5839 | F26: =OFFSET('3060LAPTOP'!E$1,$A26-1+$A$1,0) -> 473.07043 | G26: =OFFSET('3060LAPTOP'!F$1,$A26-1+$A$1,0) -> 477.17456 | H26: =OFFSET('3060LAPTOP'!G$1,$A26-1+$A$1,0) -> 479.27238 | I26: =OFFSET('3060LAPTOP'!H$1,$A26-1+$A$1,0) -> 483.32369 | J26: =OFFSET('3060LAPTOP'!I$1,$A26-1+$A$1,0) -> 481.38525 | K26: =OFFSET('3060LAPTOP'!J$1,$A26-1+$A$1,0) -> 479.3558
D27: ДИ | E27: =OFFSET('3060LAPTOP'!D$1,$A26-1+$B$1,0) -> 3.7785796 | F27: =OFFSET('3060LAPTOP'!E$1,$A26-1+$B$1,0) -> 28.343954 | G27: =OFFSET('3060LAPTOP'!F$1,$A26-1+$B$1,0) -> 22.145326 | H27: =OFFSET('3060LAPTOP'!G$1,$A26-1+$B$1,0) -> 20.489492 | I27: =OFFSET('3060LAPTOP'!H$1,$A26-1+$B$1,0) -> 2910.3284 | J27: =OFFSET('3060LAPTOP'!I$1,$A26-1+$B$1,0) -> 514.77927 | K27: =OFFSET('3060LAPTOP'!J$1,$A26-1+$B$1,0) -> 1550.3576
A28: 12 | B28: =OFFSET('1050LAPTOP'!$C$1,A28-1,0) -> CUDA opt_one_GPU ant local | C28: MatrixACO_Layer _Local | D28: МО | E28: =OFFSET('3060LAPTOP'!D$1,$A28-1+$A$1,0) -> 25.062348 | F28: =OFFSET('3060LAPTOP'!E$1,$A28-1+$A$1,0) -> 24.627707 | G28: =OFFSET('3060LAPTOP'!F$1,$A28-1+$A$1,0) -> 25.143698 | H28: =OFFSET('3060LAPTOP'!G$1,$A28-1+$A$1,0) -> 25.036354 | I28: =OFFSET('3060LAPTOP'!H$1,$A28-1+$A$1,0) -> 25.834705 | J28: =OFFSET('3060LAPTOP'!I$1,$A28-1+$A$1,0) -> 25.314092 | K28: =OFFSET('3060LAPTOP'!J$1,$A28-1+$A$1,0) -> 33.964371
D29: ДИ | E29: =OFFSET('3060LAPTOP'!D$1,$A28-1+$B$1,0) -> 0.37714022 | F29: =OFFSET('3060LAPTOP'!E$1,$A28-1+$B$1,0) -> 0.52950291 | G29: =OFFSET('3060LAPTOP'!F$1,$A28-1+$B$1,0) -> 1.129925 | H29: =OFFSET('3060LAPTOP'!G$1,$A28-1+$B$1,0) -> 9.6771051 | I29: =OFFSET('3060LAPTOP'!H$1,$A28-1+$B$1,0) -> 9.4727664 | J29: =OFFSET('3060LAPTOP'!I$1,$A28-1+$B$1,0) -> 9.3775614 | K29: =OFFSET('3060LAPTOP'!J$1,$A28-1+$B$1,0) -> 36.576135
A30: 4 | B30: =OFFSET('1050LAPTOP'!$C$1,A30-1,0) -> CUDA Time | C30: MatrixACO_Basic _Standart | D30: МО | E30: =OFFSET('3060LAPTOP'!D$1,$A30-1+$A$1,0) -> 14.33399 | F30: =OFFSET('3060LAPTOP'!E$1,$A30-1+$A$1,0) -> 10.9063 | G30: =OFFSET('3060LAPTOP'!F$1,$A30-1+$A$1,0) -> 14.846706 | H30: =OFFSET('3060LAPTOP'!G$1,$A30-1+$A$1,0) -> 23.734933 | I30: =OFFSET('3060LAPTOP'!H$1,$A30-1+$A$1,0) -> 0 | J30: =OFFSET('3060LAPTOP'!I$1,$A30-1+$A$1,0) -> 0 | K30: =OFFSET('3060LAPTOP'!J$1,$A30-1+$A$1,0) -> 0
D31: ДИ | E31: =OFFSET('3060LAPTOP'!D$1,$A30-1+$B$1,0) -> 3.1436918 | F31: =OFFSET('3060LAPTOP'!E$1,$A30-1+$B$1,0) -> 1.7420549 | G31: =OFFSET('3060LAPTOP'!F$1,$A30-1+$B$1,0) -> 4.8089164 | H31: =OFFSET('3060LAPTOP'!G$1,$A30-1+$B$1,0) -> 9.5199301 | I31: =OFFSET('3060LAPTOP'!H$1,$A30-1+$B$1,0) -> 0 | J31: =OFFSET('3060LAPTOP'!I$1,$A30-1+$B$1,0) -> 0 | K31: =OFFSET('3060LAPTOP'!J$1,$A30-1+$B$1,0) -> 0
A32: 6 | B32: =OFFSET('1050LAPTOP'!$C$1,A32-1,0) -> CUDA ant par | C32: MatrixACO_Basic _Agent | D32: МО | E32: =OFFSET('3060LAPTOP'!D$1,$A32-1+$A$1,0) -> 16.696031 | F32: =OFFSET('3060LAPTOP'!E$1,$A32-1+$A$1,0) -> 10.610096 | G32: =OFFSET('3060LAPTOP'!F$1,$A32-1+$A$1,0) -> 7.5459607 | H32: =OFFSET('3060LAPTOP'!G$1,$A32-1+$A$1,0) -> 6.1368137 | I32: =OFFSET('3060LAPTOP'!H$1,$A32-1+$A$1,0) -> 5.6038708 | J32: =OFFSET('3060LAPTOP'!I$1,$A32-1+$A$1,0) -> 5.3508409 | K32: =OFFSET('3060LAPTOP'!J$1,$A32-1+$A$1,0) -> 5.0695565
D33: ДИ | E33: =OFFSET('3060LAPTOP'!D$1,$A32-1+$B$1,0) -> 1.7019926 | F33: =OFFSET('3060LAPTOP'!E$1,$A32-1+$B$1,0) -> 1.5577242 | G33: =OFFSET('3060LAPTOP'!F$1,$A32-1+$B$1,0) -> 1.0704558 | H33: =OFFSET('3060LAPTOP'!G$1,$A32-1+$B$1,0) -> 1.2930936 | I33: =OFFSET('3060LAPTOP'!H$1,$A32-1+$B$1,0) -> 2.6245433 | J33: =OFFSET('3060LAPTOP'!I$1,$A32-1+$B$1,0) -> 1.8326765 | K33: =OFFSET('3060LAPTOP'!J$1,$A32-1+$B$1,0) -> 1.8295355
A34: 7 | B34: =OFFSET('1050LAPTOP'!$C$1,A34-1,0) -> CUDA opt | C34: MatrixACO_Optimal_Standart | D34: МО | E34: =OFFSET('3060LAPTOP'!D$1,$A34-1+$A$1,0) -> 14.677589 | F34: =OFFSET('3060LAPTOP'!E$1,$A34-1+$A$1,0) -> 11.026965 | G34: =OFFSET('3060LAPTOP'!F$1,$A34-1+$A$1,0) -> 14.954302 | H34: =OFFSET('3060LAPTOP'!G$1,$A34-1+$A$1,0) -> 23.77874 | I34: =OFFSET('3060LAPTOP'!H$1,$A34-1+$A$1,0) -> 0 | J34: =OFFSET('3060LAPTOP'!I$1,$A34-1+$A$1,0) -> 0 | K34: =OFFSET('3060LAPTOP'!J$1,$A34-1+$A$1,0) -> 0
D35: ДИ | E35: =OFFSET('3060LAPTOP'!D$1,$A34-1+$B$1,0) -> 1.9304777 | F35: =OFFSET('3060LAPTOP'!E$1,$A34-1+$B$1,0) -> 1.7493739 | G35: =OFFSET('3060LAPTOP'!F$1,$A34-1+$B$1,0) -> 1.8294029 | H35: =OFFSET('3060LAPTOP'!G$1,$A34-1+$B$1,0) -> 4.2703332 | I35: =OFFSET('3060LAPTOP'!H$1,$A34-1+$B$1,0) -> 0 | J35: =OFFSET('3060LAPTOP'!I$1,$A34-1+$B$1,0) -> 0 | K35: =OFFSET('3060LAPTOP'!J$1,$A34-1+$B$1,0) -> 0
A36: 9 | B36: =OFFSET('1050LAPTOP'!$C$1,A36-1,0) -> CUDA opt ant par | C36: MatrixACO_Optimal_Agent | D36: МО | E36: =OFFSET('3060LAPTOP'!D$1,$A36-1+$A$1,0) -> 16.144214 | F36: =OFFSET('3060LAPTOP'!E$1,$A36-1+$A$1,0) -> 10.595108 | G36: =OFFSET('3060LAPTOP'!F$1,$A36-1+$A$1,0) -> 7.606731 | H36: =OFFSET('3060LAPTOP'!G$1,$A36-1+$A$1,0) -> 6.1357982 | I36: =OFFSET('3060LAPTOP'!H$1,$A36-1+$A$1,0) -> 5.618344 | J36: =OFFSET('3060LAPTOP'!I$1,$A36-1+$A$1,0) -> 5.3484832 | K36: =OFFSET('3060LAPTOP'!J$1,$A36-1+$A$1,0) -> 5.0739085
D37: ДИ | E37: =OFFSET('3060LAPTOP'!D$1,$A36-1+$B$1,0) -> 0.80095716 | F37: =OFFSET('3060LAPTOP'!E$1,$A36-1+$B$1,0) -> 2.1159628 | G37: =OFFSET('3060LAPTOP'!F$1,$A36-1+$B$1,0) -> 1.1007043 | H37: =OFFSET('3060LAPTOP'!G$1,$A36-1+$B$1,0) -> 2.7991017 | I37: =OFFSET('3060LAPTOP'!H$1,$A36-1+$B$1,0) -> 1.6725361 | J37: =OFFSET('3060LAPTOP'!I$1,$A36-1+$B$1,0) -> 2.8075121 | K37: =OFFSET('3060LAPTOP'!J$1,$A36-1+$B$1,0) -> 1.4415904
A38: 10 | B38: =OFFSET('1050LAPTOP'!$C$1,A38-1,0) -> CUDA opt_one_GPU | C38: Matrix ACO | D38: МО | E38: =OFFSET('3060LAPTOP'!D$1,$A38-1+$A$1,0) -> 41.466724 | F38: =OFFSET('3060LAPTOP'!E$1,$A38-1+$A$1,0) -> 30.437957 | G38: =OFFSET('3060LAPTOP'!F$1,$A38-1+$A$1,0) -> 82.683039 | H38: =OFFSET('3060LAPTOP'!G$1,$A38-1+$A$1,0) -> 43.975631 | I38: =OFFSET('3060LAPTOP'!H$1,$A38-1+$A$1,0) -> 0 | J38: =OFFSET('3060LAPTOP'!I$1,$A38-1+$A$1,0) -> 0 | K38: =OFFSET('3060LAPTOP'!J$1,$A38-1+$A$1,0) -> 0
D39: ДИ | E39: =OFFSET('3060LAPTOP'!D$1,$A38-1+$B$1,0) -> 3.2249785 | F39: =OFFSET('3060LAPTOP'!E$1,$A38-1+$B$1,0) -> 3.9900213 | G39: =OFFSET('3060LAPTOP'!F$1,$A38-1+$B$1,0) -> 3305.3642 | H39: =OFFSET('3060LAPTOP'!G$1,$A38-1+$B$1,0) -> 12.576143 | I39: =OFFSET('3060LAPTOP'!H$1,$A38-1+$B$1,0) -> 0.51195494 | J39: =OFFSET('3060LAPTOP'!I$1,$A38-1+$B$1,0) -> 0.53160193 | K39: =OFFSET('3060LAPTOP'!J$1,$A38-1+$B$1,0) -> 1.2317272
A40: 11 | B40: =OFFSET('1050LAPTOP'!$C$1,A40-1,0) -> CUDA opt_one_GPU ant | C40: Matrix ACO | D40: МО | E40: =OFFSET('3060LAPTOP'!D$1,$A40-1+$A$1,0) -> 472.5839 | F40: =OFFSET('3060LAPTOP'!E$1,$A40-1+$A$1,0) -> 473.07043 | G40: =OFFSET('3060LAPTOP'!F$1,$A40-1+$A$1,0) -> 477.17456 | H40: =OFFSET('3060LAPTOP'!G$1,$A40-1+$A$1,0) -> 479.27238 | I40: =OFFSET('3060LAPTOP'!H$1,$A40-1+$A$1,0) -> 483.32369 | J40: =OFFSET('3060LAPTOP'!I$1,$A40-1+$A$1,0) -> 481.38525 | K40: =OFFSET('3060LAPTOP'!J$1,$A40-1+$A$1,0) -> 479.3558
D41: ДИ | E41: =OFFSET('3060LAPTOP'!D$1,$A40-1+$B$1,0) -> 3.7785796 | F41: =OFFSET('3060LAPTOP'!E$1,$A40-1+$B$1,0) -> 28.343954 | G41: =OFFSET('3060LAPTOP'!F$1,$A40-1+$B$1,0) -> 22.145326 | H41: =OFFSET('3060LAPTOP'!G$1,$A40-1+$B$1,0) -> 20.489492 | I41: =OFFSET('3060LAPTOP'!H$1,$A40-1+$B$1,0) -> 2910.3284 | J41: =OFFSET('3060LAPTOP'!I$1,$A40-1+$B$1,0) -> 514.77927 | K41: =OFFSET('3060LAPTOP'!J$1,$A40-1+$B$1,0) -> 1550.3576

Sheet 3060LAPTOP_100
B1: 1.96 | C1: 50 | D1: 2 | E1: 4 | F1: 8 | G1: 16 | H1: 32 | I1: 64 | J1: 128 | K1: 256 | L1: 512 | M1: 12th Gen Intel(R) Core(TM) i5-12450H 2.00 GHz
B2: МО | D2: 42 | E2: 84 | F2: 168 | G2: 336 | H2: 672 | I2: 1344 | J2: 2688 | K2: 5376 | L2: 10752 | M2: 16,0 ГБ (доступно: 15,7 ГБ)
A3: 1 | C3: Classic ACO | D3: 6150.9388 | E3: 11699.452 | F3: 21907.942 | G3: 42192.442 | H3: 84585.998 | I3: 167119.54 | J3: 334990.88
C4: CUDA Time | D4: 914.5025 | E4: 946.50762 | F4: 1133.8452 | G4: 1518.0788 | H4: 3507.1862 | I4: 10172
C5: CUDA ant | D5: 1124.066 | E5: 1396.4622 | F5: 1905.9054 | G5: 2983.9482 | H5: 5212.2334 | I5: 9869.009 | J5: 19459.478
C6: CUDA ant par | D6: 1188.861 | E6: 1436.8628 | F6: 1951.0404 | G6: 3054.8432 | H6: 5134.399 | I6: 9517.6114 | J6: 18237.764
C7: CUDA opt Time | D7: 928.88396 | E7: 951.77046 | F7: 1171.5778 | G7: 1534.759 | H7: 3528.3334 | I7: 10224.26
C8: CUDA opt ant | D8: 1116.2386 | E8: 1399.9622 | F8: 1925.341 | G8: 2978.755 | H8: 5200.3582 | I8: 9894.4382 | J8: 19576.04
C9: CUDA opt ant par | D9: 1188.524 | E9: 1448.0626 | F9: 1964.5524 | G9: 3061.6414 | H9: 5122.926 | I9: 9521.463 | J9: 18376.67
C10: CUDA opt_one_GPU
C11: CUDA opt_one_GPU ant
C12: CUDA opt_one_GPU ant local
C13: CUDA Const | D13: 921.82926 | E13: 965.55812 | F13: 1158.1962 | G13: #DIV/0! | H13: #DIV/0! | I13: #DIV/0! | J13: #DIV/0!
C14: CUDA ant Const | D14: 1161.7638 | E14: 1392.2208 | F14: 1903.6836 | G14: #DIV/0! | H14: #DIV/0! | I14: #DIV/0! | J14: #DIV/0!
C15: CUDA ant par Const | D15: 1199.6632 | E15: 1450.257 | F15: 1968.7308 | G15: #DIV/0! | H15: #DIV/0! | I15: #DIV/0! | J15: #DIV/0!
C16: CUDA opt Const | D16: 926.21446 | E16: 965.49582 | F16: 1157.8974 | G16: #DIV/0! | H16: #DIV/0! | I16: #DIV/0! | J16: #DIV/0!
C17: CUDA opt ant Const | D17: 1148.272 | E17: 1389.5866 | F17: 1910.5168 | G17: #DIV/0! | H17: #DIV/0! | I17: #DIV/0! | J17: #DIV/0!
C18: CUDA opt ant par Const | D18: 1197.6622 | E18: 1450.0132 | F18: 1960.6028 | G18: #DIV/0! | H18: #DIV/0! | I18: #DIV/0! | J18: #DIV/0!
C19: CUDA ant par global | D19: 1200.086 | E19: 1467.4834 | F19: 1980.8626 | G19: 3085.8612 | H19: 5113.8654 | I19: 9454.0156 | J19: 18229.62
C20: CUDA opt ant par global | D20: 1196.8322 | E20: 1466.4148 | F20: 1988.6464 | G20: 3054.7892 | H20: 5139.4354 | I20: 9424.6128 | J20: 18177.344
C21: CUDA ant add CPU | D21: 358.29426 | E21: 640.9664 | F21: 1199.2008 | G21: 2310.103 | H21: 4588.43 | I21: 9275.486 | J21: 19000.004
C22: CUDA ant add CPU Const | D22: 333.6278 | E22: 614.77018 | F22: 1157.9888 | G22: #DIV/0! | H22: #DIV/0! | I22: #DIV/0! | J22: #DIV/0!
C23: CUDA ant add CPU Time global | D23: 340.09124 | E23: 617.39094 | F23: 1172.4598 | G23: 2314.8502 | H23: 4552.665 | I23: 9186.4034 | J23: 18871.296
C24: CUDA ant add CPU_AVX Time | D24: 338.06512 | E24: 618.5995 | F24: 1172.96 | G24: 2326.9566 | H24: 4577.7558 | I24: 9264.074 | J24: 19102.474
C25: CUDA ant add CPU12 | D25: 1219.2482 | E25: 1472.4142 | F25: 1882.087 | G25: 3023.0388 | H25: 7829.219 | I25: 12819.904 | J25: 25264.37
C26: CUDA ant add CPU_AVX_transp Time | D26: 344.10664 | E26: 643.30742 | F26: 1215.022 | G26: 2403.0542 | H26: 4747.435 | I26: 9580.2356 | J26: 19506.6
C27: CUDA Time | D27: 887.33062 | E27: 923.50012 | F27: 1096.1482 | G27: 1462.8584 | H27: 3319.2504 | I27: 9701.9652
C28: CUDA ant par | D28: 1017.9054 | E28: 1114.6654 | F28: 1292.2052 | G28: 1706.241 | H28: 2428.8938 | I28: 4001.6656 | J28: 7064.9448
C29: CUDA ant add CPU Time | D29: 161.55688 | E29: 269.65036 | F29: 481.21072 | G29: 941.90092 | H29: 1795.9584 | I29: 3615.3114 | J29: 7396.7888
C30: CUDA opt ant par | D30: 1012.728 | E30: 1104.0414 | F30: 1293.5448 | G30: 1698.0786 | H30: 2420.8138 | I30: 4001.928 | J30: 7070.9328
C31: CUDA ant add CPU_AVX Time | D31: 166.39832 | E31: 273.24958 | F31: 486.96388 | G31: 945.68084 | H31: 1822.2892 | I31: 3660.0828 | J31: 7486.0344
C32: CUDA ant add CPU_AVX_transp Time | D32: 339.79502 | E32: 620.58038 | F32: 1197.9846 | G32: 2393.0126 | H32: 4702.8194 | I32: 9527.4738 | J32: 19699.62
C33: CUDA ant par not f | D33: 2881.3802 | E33: 5199.479 | F33: 9768.3846 | G33: 18816.77 | H33: 37032.144 | I33: 73973.154 | J33: 148239.12
C34: CUDA ant par sort | D34: 2670.2932 | E34: 3110.6402 | F34: 3665.254 | G34: 4796.3048 | H34: 7009.7892 | I34: 11494.846 | J34: 20581.848
C37: 6 | D37: 2 | E37: 4 | F37: 8 | G37: 16 | H37: 32 | I37: 64 | J37: 128 | K37: 256 | L37: 512
D38: 42 | E38: 84 | F38: 168 | G38: 336 | H38: 672 | I38: 1344 | J38: 2688 | K38: 5376 | L38: 10752
C39: Classic ACO | D39: =D3/D$2 -> 146.45092 | E39: =E3/E$2 -> 139.27919 | F39: =F3/F$2 -> 130.40442 | G39: =G3/G$2 -> 125.57274 | H39: =H3/H$2 -> 125.87202 | I39: =I3/I$2 -> 124.3449 | J39: =J3/J$2 -> 124.62458 | K39: =K3/K$2 -> 0 | L39: =L3/L$2 -> 0
C40: CUDA Time | D40: =D4/D$2 -> 21.773869 | E40: =E4/E$2 -> 11.267948 | F40: =F4/F$2 -> 6.7490786 | G40: =G4/G$2 -> 4.5180917 | H40: =H4/H$2 -> 5.2190271 | I40: =I4/I$2 -> 7.5684524 | J40: =J4/J$2 -> 0 | K40: =K4/K$2 -> 0 | L40: =L4/L$2 -> 0
C41: CUDA ant | D41: =D5/D$2 -> 26.763476 | E41: =E5/E$2 -> 16.62455 | F41: =F5/F$2 -> 11.344675 | G41: =G5/G$2 -> 8.8807982 | H41: =H5/H$2 -> 7.7562997 | I41: =I5/I$2 -> 7.3430126 | J41: =J5/J$2 -> 7.2393891 | K41: =K5/K$2 -> 0 | L41: =L5/L$2 -> 0
C42: CUDA ant par | D42: =D6/D$2 -> 28.306214 | E42: =E6/E$2 -> 17.10551 | F42: =F6/F$2 -> 11.613336 | G42: =G6/G$2 -> 9.0917952 | H42: =H6/H$2 -> 7.6404747 | I42: =I6/I$2 -> 7.0815561 | J42: =J6/J$2 -> 6.7848824 | K42: =K6/K$2 -> 0 | L42: =L6/L$2 -> 0
C43: CUDA opt Time | D43: =D7/D$2 -> 22.116285 | E43: =E7/E$2 -> 11.330601 | F43: =F7/F$2 -> 6.9736774 | G43: =G7/G$2 -> 4.5677351 | H43: =H7/H$2 -> 5.2504961 | I43: =I7/I$2 -> 7.6073363 | J43: =J7/J$2 -> 0 | K43: =K7/K$2 -> 0 | L43: =L7/L$2 -> 0
C44: CUDA opt ant | D44: =D8/D$2 -> 26.57711 | E44: =E8/E$2 -> 16.666217 | F44: =F8/F$2 -> 11.460363 | G44: =G8/G$2 -> 8.8653423 | H44: =H8/H$2 -> 7.7386283 | I44: =I8/I$2 -> 7.3619332 | J44: =J8/J$2 -> 7.282753 | K44: =K8/K$2 -> 0 | L44: =L8/L$2 -> 0
C45: CUDA opt ant par | D45: =D9/D$2 -> 28.29819 | E45: =E9/E$2 -> 17.23884 | F45: =F9/F$2 -> 11.693764 | G45: =G9/G$2 -> 9.112028 | H45: =H9/H$2 -> 7.6234018 | I45: =I9/I$2 -> 7.0844219 | J45: =J9/J$2 -> 6.8365588 | K45: =K9/K$2 -> 0 | L45: =L9/L$2 -> 0
C46: CUDA opt_one_GPU | D46: =D10/D$2 -> 0 | E46: =E10/E$2 -> 0 | F46: =F10/F$2 -> 0 | G46: =G10/G$2 -> 0 | H46: =H10/H$2 -> 0 | I46: =I10/I$2 -> 0 | J46: =J10/J$2 -> 0 | K46: =K10/K$2 -> 0 | L46: =L10/L$2 -> 0
C47: CUDA opt_one_GPU ant | D47: =D11/D$2 -> 0 | E47: =E11/E$2 -> 0 | F47: =F11/F$2 -> 0 | G47: =G11/G$2 -> 0 | H47: =H11/H$2 -> 0 | I47: =I11/I$2 -> 0 | J47: =J11/J$2 -> 0 | K47: =K11/K$2 -> 0 | L47: =L11/L$2 -> 0
C48: CUDA opt_one_GPU ant local | D48: =D12/D$2 -> 0 | E48: =E12/E$2 -> 0 | F48: =F12/F$2 -> 0 | G48: =G12/G$2 -> 0 | H48: =H12/H$2 -> 0 | I48: =I12/I$2 -> 0 | J48: =J12/J$2 -> 0 | K48: =K12/K$2 -> 0 | L48: =L12/L$2 -> 0
C49: CUDA Const | D49: =D13/D$2 -> 21.948316 | E49: =E13/E$2 -> 11.49474 | F49: =F13/F$2 -> 6.894025 | G49: =G13/G$2 -> #DIV/0! | H49: =H13/H$2 -> #DIV/0! | I49: =I13/I$2 -> #DIV/0! | J49: =J13/J$2 -> #DIV/0! | K49: =K13/K$2 -> 0 | L49: =L13/L$2 -> 0
C50: CUDA ant Const | D50: =D14/D$2 -> 27.661043 | E50: =E14/E$2 -> 16.574057 | F50: =F14/F$2 -> 11.33145 | G50: =G14/G$2 -> #DIV/0! | H50: =H14/H$2 -> #DIV/0! | I50: =I14/I$2 -> #DIV/0! | J50: =J14/J$2 -> #DIV/0! | K50: =K14/K$2 -> 0 | L50: =L14/L$2 -> 0
... C70: CUDA ant par sort | D70: =D34/D$2 -> 63.57841 | E70: =E34/E$2 -> 37.031431 | F70: =F34/F$2 -> 21.816988 | G70: =G34/G$2 -> 14.274717 | H70: =H34/H$2 -> 10.431234 | I70: =I34/I$2 -> 8.5527128 | J70: =J34/J$2 -> 7.6569375 | K70: =K34/K$2 -> 0 | L70: =L34/L$2 -> 0
C73: 50 | D73: 2 | E73: 4 | F73: 8 | G73: 16 | H73: 32 | I73: 64 | J73: 128 | K73: 256 | L73: 512
D74: 42 | E74: 84 | F74: 168 | G74: 336 | H74: 672 | I74: 1344 | J74: 2688 | K74: 5376 | L74: 10752
C75: Classic ACO | D75: =D$3/D3 -> 1 | E75: =E$3/E3 -> 1 | F75: =F$3/F3 -> 1 | G75: =G$3/G3 -> 1 | H75: =H$3/H3 -> 1 | I75: =I$3/I3 -> 1 | J75: =J$3/J3 -> 1 | K75: =K$3/K3 -> #DIV/0! | L75: =L$3/L3 -> #DIV/0!
C76: CUDA Time | D76: =D$3/D4 -> 6.7259945 | E76: =E$3/E4 -> 12.360653 | F76: =F$3/F4 -> 19.32181 | G76: =G$3/G4 -> 27.793315 | H76: =H$3/H4 -> 24.117909 | I76: =I$3/I4 -> 16.429369 | J76: =J$3/J4 -> #DIV/0! | K76: =K$3/K4 -> #DIV/0! | L76: =L$3/L4 -> #DIV/0!
C77: CUDA ant | D77: =D$3/D5 -> 5.4720442 | E77: =E$3/E5 -> 8.3779224 | F77: =F$3/F5 -> 11.494769 | G77: =G$3/G5 -> 14.139804 | H77: =H$3/H5 -> 16.22836 | I77: =I$3/I5 -> 16.933771 | J77: =J$3/J5 -> 17.214793 | K77: =K$3/K5 -> #DIV/0! | L77: =L$3/L5 -> #DIV/0!
C78: CUDA ant par | D78: =D$3/D6 -> 5.1738082 | E78: =E$3/E6 -> 8.1423585 | F78: =F$3/F6 -> 11.228851 | G78: =G$3/G6 -> 13.811656 | H78: =H$3/H6 -> 16.474372 | I78: =I$3/I6 -> 17.558979 | J78: =J$3/J6 -> 18.36798 | K78: =K$3/K6 -> #DIV/0! | L78: =L$3/L6 -> #DIV/0!
C79: CUDA opt Time | D79: =D$3/D7 -> 6.6218592 | E79: =E$3/E7 -> 12.292304 | F79: =F$3/F7 -> 18.69952 | G79: =G$3/G7 -> 27.491249 | H79: =H$3/H7 -> 23.973358 | I79: =I$3/I7 -> 16.345392 | J79: =J$3/J7 -> #DIV/0! | K79: =K$3/K7 -> #DIV/0! | L79: =L$3/L7 -> #DIV/0!
C80: CUDA opt ant | D80: =D$3/D8 -> 5.5104158 | E80: =E$3/E8 -> 8.3569771 | F80: =F$3/F8 -> 11.378733 | G80: =G$3/G8 -> 14.164455 | H80: =H$3/H8 -> 16.265418 | I80: =I$3/I8 -> 16.890251 | J80: =J$3/J8 -> 17.11229 | K80: =K$3/K8 -> #DIV/0! | L80: =L$3/L8 -> #DIV/0!
C81: CUDA opt ant par | D81: =D$3/D9 -> 5.1752752 | E81: =E$3/E9 -> 8.0793828 | F81: =F$3/F9 -> 11.15162 | G81: =G$3/G9 -> 13.780988 | H81: =H$3/H9 -> 16.511267 | I81: =I$3/I9 -> 17.551876 | J81: =J$3/J9 -> 18.229139 | K81: =K$3/K9 -> #DIV/0! | L81: =L$3/L9 -> #DIV/0!
C82: CUDA opt_one_GPU | D82: =D$3/D10 -> #DIV/0! | E82: =E$3/E10 -> #DIV/0! | F82: =F$3/F10 -> #DIV/0! | G82: =G$3/G10 -> #DIV/0! | H82: =H$3/H10 -> #DIV/0! | I82: =I$3/I10 -> #DIV/0! | J82: =J$3/J10 -> #DIV/0! | K82: =K$3/K10 -> #DIV/0! | L82: =L$3/L10 -> #DIV/0!
C83: CUDA opt_one_GPU ant | D83: =D$3/D11 -> #DIV/0! | E83: =E$3/E11 -> #DIV/0! | F83: =F$3/F11 -> #DIV/0! | G83: =G$3/G11 -> #DIV/0! | H83: =H$3/H11 -> #DIV/0! | I83: =I$3/I11 -> #DIV/0! | J83: =J$3/J11 -> #DIV/0! | K83: =K$3/K11 -> #DIV/0! | L83: =L$3/L11 -> #DIV/0!
C84: CUDA opt_one_GPU ant local | D84: =D$3/D12 -> #DIV/0! | E84: =E$3/E12 -> #DIV/0! | F84: =F$3/F12 -> #DIV/0! | G84: =G$3/G12 -> #DIV/0! | H84: =H$3/H12 -> #DIV/0! | I84: =I$3/I12 -> #DIV/0! | J84: =J$3/J12 -> #DIV/0! | K84: =K$3/K12 -> #DIV/0! | L84: =L$3/L12 -> #DIV/0!
C85: CUDA Const | D85: =D$3/D13 -> 6.6725359 | E85: =E$3/E13 -> 12.116777 | F85: =F$3/F13 -> 18.915571 | G85: =G$3/G13 -> #DIV/0! | H85: =H$3/H13 -> #DIV/0! | I85: =I$3/I13 -> #DIV/0! | J85: =J$3/J13 -> #DIV/0! | K85: =K$3/K13 -> #DIV/0! | L85: =L$3/L13 -> #DIV/0!
C86: CUDA ant Const | D86: =D$3/D14 -> 5.2944831 | E86: =E$3/E14 -> 8.4034458 | F86: =F$3/F14 -> 11.508184 | G86: =G$3/G14 -> #DIV/0! | H86: =H$3/H14 -> #DIV/0! | I86: =I$3/I14 -> #DIV/0! | J86: =J$3/J14 -> #DIV/0! | K86: =K$3/K14 -> #DIV/0! | L86: =L$3/L14 -> #DIV/0!
... C106: CUDA ant par sort | D106: =D$3/D34 -> 2.3034694 | E106: =E$3/E34 -> 3.7611074 | F106: =F$3/F34 -> 5.9771961 | G106: =G$3/G34 -> 8.7968642 | H106: =H$3/H34 -> 12.066839 | I106: =I$3/I34 -> 14.53865 | J106: =J$3/J34 -> 16.276035 | K106: =K$3/K34 -> #DIV/0! | L106: =L$3/L34 -> #DIV/0!
C109: Дисперсия
C110: 50 | D110: 2 | E110: 4 | F110: 8 | G110: 16 | H110: 32 | I110: 64 | J110: 128 | K110: 256 | L110: 512
D111: 42 | E111: 84 | F111: 168 | G111: 336 | H111: 672 | I111: 1344 | J111: 2688 | K111: 5376 | L111: 10752
C112: Classic ACO | D112: 11498.25 | E112: 3877.876 | F112: 125074.76 | G112: 30221.512 | H112: 3420284 | I112: 7818631.1 | J112: 23987377
C113: non CUDA Time | D113: 225.48721 | E113: 220.0081 | F113: 1291.169 | G113: 1399.9128 | H113: 47035.097 | I113: 13616.933 | J113: 53312.78
C114: omp | D114: 264.68739 | E114: 94.54276 | F114: 69.332746 | G114: 1001.5821 | H114: 3770.8219 | I114: 8019.7253 | J114: 12682.269
C115: non CUDA transp Time | D115: 43.134547 | E115: 195.46966 | F115: 268.65357 | G115: 1479.7701 | H115: 38475.371 | I115: 23028.421 | J115: 934054.55
C116: non CUDA transp_AVX Time | E116: 105.75441 | F116: 377.37005 | G116: 1034.4079 | H116: 7591.898 | I116: 16718.369 | J116: 1830133.8
C117: non CUDA transp_AVX_OMP Time | E117: 108.8113 | F117: 317.37808 | G117: 730.1457 | H117: 124595.32 | I117: 18364.408 | J117: 36667.405
C118: CUDA ant add CPU Time | D118: 420.8037 | E118: 126.2759 | F118: 292.73158 | G118: 135.31768 | H118: 802.54318 | I118: 1230.8643 | J118: 2102.3651
C119: CUDA ant add CPU12 | D119: 208.45225 | E119: 1960.1624 | F119: 1845.6397 | G119: 10605.615 | H119: 71265.123 | I119: 40174.223 | J119: 7111.6786
C120: CUDA ant add CPU_AVX_transp Time | E120: 190.33317 | F120: 11445.276 | G120: 492.28102 | H120: 3908.9473 | I120: 1903.0849 | J120: 3192.6897
C121: Time non CUDA AVX time 4 | D121: 440.01813 | E121: 496.41036 | F121: 2357.7925 | G121: 1698.0248 | H121: 39549.649 | I121: 12301.855 | J121: 25840.656
C122: Time non CUDA AVX add CPU time 4 | D122: 519.92839 | E122: 124.15633 | F122: 120.18484 | G122: 519.07987 | H122: 565.71814 | I122: 783.29453 | J122: 2996.5743
C132: Доверительный интервал
C133: 50 | D133: 2 | E133: 4 | F133: 8 | G133: 16 | H133: 32 | I133: 64 | J133: 128 | K133: 256 | L133: 512
D134: 42 | E134: 84 | F134: 168 | G134: 336 | H134: 672 | I134: 1344 | J134: 2688 | K134: 5376 | L134: 10752
C135: Classic ACO | D135: 29.72261 | E135: 17.261082 | F135: 98.029302 | G135: 48.18692 | H135: 512.6278 | I135: 775.06198 | J135: 1357.5707
C136: non CUDA Time | D136: 4.162287 | E136: 4.1114063 | F136: 9.9600752 | G136: 10.371022 | H136: 60.114895 | I136: 32.345265 | J136: 64.000996
C137: omp | D137: 4.5095966 | E137: 2.6951641 | F137: 2.3080237 | G137: 8.7723176 | H137: 17.021157 | I137: 24.822803 | J137: 31.215446
C138: non CUDA transp Time | D138: 1.8204707 | E138: 3.8753483 | F138: 4.5432578 | G138: 10.662725 | H138: 54.370394 | I138: 42.063281 | J138: 267.89042
C139: non CUDA transp_AVX Time | D139: #DIV/0! | E139: 2.8504952 | F139: 5.3846166 | G139: 8.9149103 | H139: 24.151619 | I139: 35.840002 | J139: 374.98378
C140: non CUDA transp_AVX_OMP Time | D140: #DIV/0! | E140: 2.8913993 | F140: 4.938096 | G140: 7.4898968 | H140: 97.841238 | I140: 37.562936 | J140: 53.077585
C141: CUDA ant add CPU Time | D141: 5.6860522 | E141: 3.1148082 | F141: 4.7424838 | G141: 3.2243958 | H141: 7.8524517 | I141: 9.7246987 | J141: 12.709402
C142: CUDA ant add CPU12 | D142: 4.0019749 | E142: 12.27205 | F142: 11.908156 | G142: 28.545588 | H142: 73.996229 | I142: 55.557771 | J142: 23.375297
C143: CUDA ant add CPU_AVX_transp Time | D143: #DIV/0! | E143: 3.8240918 | F143: 29.654063 | G143: 6.1500354 | H143: 17.330096 | I143: 12.092056 | J143: 15.66208
C144: Time non CUDA AVX time 4 | D144: 6.7759497 | E144: 5.303047 | F144: 11.448449 | G144: 9.9073161 | H144: 47.589095 | I144: 26.542539 | J144: 38.649262
C145: Time non CUDA AVX add CPU time 4 | D145: 3.06451 | E145: 2.5012898 | F145: 2.5583656 | G145: 5.4142275 | H145: 5.7135497 | I145: 6.5951686 | J145: 13.240137
C146: Time non CUDA AVX time 4 | D146: 4.8220216 | E146: 6.6055773 | F146: 4.9373749 | G146: 22.829334 | H146: 21.074888 | I146: 32.342838 | J146: 51.325587
C147: Time non CUDA AVX add CPU time 4 | D147: 4.0075574 | E147: 3.7527547 | F147: 3.7828466 | G147: 8.4951963 | H147: 8.8273882 | I147: 14.981478 | J147: 25.964482

Sheet 4060COMP
B1: 1.96 | C1: 50 | D1: 2 | E1: 4 | F1: 8 | G1: 16 | H1: 32 | I1: 64 | J1: 128 | K1: 256 | L1: 512 | M1: AMD Ryzen 5 7500F 6-Core Processor 3.70GHz (8Gb ОЗУ).
B2: МО | D2: 42 | E2: 84 | F2: 168 | G2: 336 | H2: 672 | I2: 1344 | J2: 2688 | K2: 5376 | L2: 10752
A3: 1 | C3: Classic ACO | D3: 6288.5222 | E3: 11441.452 | F3: 21547.928 | G3: 42583.176 | H3: 98333.398 | I3: 171610.78 | J3: 334035.68
C4: CUDA Time | D4: 365.04472 | E4: 531.33446 | F4: 1487.1846 | G4: 5115.2082
C5: CUDA ant | D5: 514.10838 | E5: 647.01342 | F5: 910.9233 | G5: 1488.7644 | H5: 2595.8094 | I5: 5079.9592 | J5: 10000.744
C6: CUDA ant par | D6: 514.10036 | E6: 641.41456 | F6: 905.8285 | G6: 1457.0966 | H6: 2584.2836 | I6: 4653.558 | J6: 8917.1584
C7: CUDA opt Time | D7: 366.20182 | E7: 517.0911 | F7: 1455.445 | G7: 4970.9754
C8: CUDA opt ant | D8: 503.17342 | E8: 633.53136 | F8: 898.00882 | G8: 1439.8032 | H8: 2628.605 | I8: 5035.9858 | J8: 9916.8382
C9: CUDA opt ant par | D9: 506.9156 | E9: 635.82746 | F9: 890.50812 | G9: 1435.587 | H9: 2621.0852 | I9: 4737.7634 | J9: 8906.9438
C10: CUDA opt_one_GPU | D10: 512.58606 | E10: 867.99758 | F10: 2550.6264 | G10: 8942.9824
C11: CUDA opt_one_GPU ant | D11: 14692.014 | E11: 28348.932 | F11: 57701.124 | G11: 113927.8 | H11: 229850.5 | I11: 462119.36 | J11: 918429.34
C12: CUDA opt_one_GPU ant local | D12: 766.14864 | E12: 1475.5376 | F12: 2918.2626 | G12: 5846.3364 | H12: 11758.978 | I12: 25339.914 | J12: 65515.316
C13: CUDA Const | D13: 368.17468 | E13: 517.31966 | F13: 1460.7574 | G13: 4973.9278
C14: CUDA ant Const | D14: 508.2422 | E14: 633.06746 | F14: 908.1888 | G14: 1440.8276 | H14: 2523.1876 | I14: 5079.8194
C15: CUDA ant par Const | D15: 509.6625 | E15: 636.19586 | F15: 896.78116 | G15: 1434.0754 | H15: 2515.679 | I15: 4712.2526
C16: CUDA opt Const | D16: 361.5784 | E16: 513.75252 | F16: 1457.7116 | G16: 4926.4904
C17: CUDA opt ant Const | D17: 498.01946 | E17: 632.78192 | F17: 902.39378 | G17: 1437.075 | H17: 2516.741 | I17: 5076.8146
C18: CUDA opt ant par Const | D18: 507.8765 | E18: 634.55894 | F18: 895.1813 | G18: 1433.3492 | H18: 2511.5192 | I18: 4670.0818
C19: CUDA ant par global | D19: 508.2238 | E19: 643.77142 | F19: 910.84688 | G19: 1463.2124 | H19: 2550.6546 | I19: 4693.1652 | J19: 8999.12
C20: CUDA opt ant par global | D20: 516.78092 | E20: 638.49108 | F20: 899.97362 | G20: 1456.4036 | H20: 2648.0128 | I20: 4724.5614 | J20: 8998.5812
C21: CUDA ant add CPU | D21: 253.41556 | E21: 444.53188 | F21: 800.20192 | G21: 1561.5104 | H21: 3155.5724 | I21: 6011.6254 | J21: 11922.106
C22: CUDA ant add CPU Const | D22: 266.52344 | E22: 456.59374 | F22: 835.46848 | G22: 1557.8348 | H22: 3025.7882 | I22: 6113.1584
C23: CUDA ant add CPU Time global | D23: 259.3408 | E23: 464.2643 | F23: 815.30318 | G23: 1596.6992 | H23: 3161.7062 | I23: 6192.9892 | J23: 11984.86
C24: CUDA ant add CPU_AVX_transp | E24: 430.22586 | F24: 816.76238 | G24: 1553.6932 | H24: 3016.3684 | I24: 6119.982 | J24: 11913.408
C25: CUDA ant add CPU12 | D25: 1319.3328 | E25: 3638.3506 | F25: 6188.3882 | G25: 10503.271 | H25: 16345.484 | I25: 28278.142 | J25: 48772.638
C26: Time non CUDA AVX time 4 | D26: 1132.0496 | E26: 2092.464 | F26: 3978.3184 | G26: 7709.4032 | H26: 14043.196 | I26: 26905.33 | J26: 55996.128
C27: Time non CUDA AVX add CPU time 4 | D27: 257.09768 | E27: 441.49018 | F27: 818.33376 | G27: 1549.6212 | H27: 3143.1994 | I27: 6016.169 | J27: 11876.062
C30: 6 | D30: 2 | E30: 4 | F30: 8 | G30: 16 | H30: 32 | I30: 64 | J30: 128 | K30: 256 | L30: 512
D31: 42 | E31: 84 | F31: 168 | G31: 336 | H31: 672 | I31: 1344 | J31: 2688 | K31: 5376 | L31: 10752
C32: Classic ACO | D32: =D3/D$2 -> 149.72672 | E32: =E3/E$2 -> 136.20776 | F32: =F3/F$2 -> 128.26148 | G32: =G3/G$2 -> 126.73564 | H32: =H3/H$2 -> 146.32946 | I32: =I3/I$2 -> 127.68659 | J32: =J3/J$2 -> 124.26923 | K32: =K3/K$2 -> 0 | L32: =L3/L$2 -> 0
C33: CUDA Time | D33: =D4/D$2 -> 8.691541 | E33: =E4/E$2 -> 6.3254102 | F33: =F4/F$2 -> 8.8522893 | G33: =G4/G$2 -> 15.223834 | H33: =H4/H$2 -> 0 | I33: =I4/I$2 -> 0 | J33: =J4/J$2 -> 0 | K33: =K4/K$2 -> 0 | L33: =L4/L$2 -> 0
C34: CUDA ant | D34: =D5/D$2 -> 12.240676 | E34: =E5/E$2 -> 7.7025407 | F34: =F5/F$2 -> 5.4221625 | G34: =G5/G$2 -> 4.4308464 | H34: =H5/H$2 -> 3.8628116 | I34: =I5/I$2 -> 3.7797315 | J34: =J5/J$2 -> 3.7205147 | K34: =K5/K$2 -> 0 | L34: =L5/L$2 -> 0
C35: CUDA ant par | D35: =D6/D$2 -> 12.240485 | E35: =E6/E$2 -> 7.6358876 | F35: =F6/F$2 -> 5.3918363 | G35: =G6/G$2 -> 4.336597 | H35: =H6/H$2 -> 3.8456601 | I35: =I6/I$2 -> 3.4624688 | J35: =J6/J$2 -> 3.3173952 | K35: =K6/K$2 -> 0 | L35: =L6/L$2 -> 0
C36: CUDA opt Time | D36: =D7/D$2 -> 8.719091 | E36: =E7/E$2 -> 6.1558464 | F36: =F7/F$2 -> 8.6633631 | G36: =G7/G$2 -> 14.79457 | H36: =H7/H$2 -> 0 | I36: =I7/I$2 -> 0 | J36: =J7/J$2 -> 0 | K36: =K7/K$2 -> 0 | L36: =L7/L$2 -> 0
C37: CUDA opt ant | D37: =D8/D$2 -> 11.98032 | E37: =E8/E$2 -> 7.54204 | F37: =F8/F$2 -> 5.3452906 | G37: =G8/G$2 -> 4.2851286 | H37: =H8/H$2 -> 3.9116146 | I37: =I8/I$2 -> 3.7470132 | J37: =J8/J$2 -> 3.6892999 | K37: =K8/K$2 -> 0 | L37: =L8/L$2 -> 0
C38: CUDA opt ant par | D38: =D9/D$2 -> 12.069419 | E38: =E9/E$2 -> 7.5693745 | F38: =F9/F$2 -> 5.3006436 | G38: =G9/G$2 -> 4.2725804 | H38: =H9/H$2 -> 3.9004244 | I38: =I9/I$2 -> 3.5251216 | J38: =J9/J$2 -> 3.3135952 | K38: =K9/K$2 -> 0 | L38: =L9/L$2 -> 0
C39: CUDA opt_one_GPU | D39: =D10/D$2 -> 12.20443 | E39: =E10/E$2 -> 10.333305 | F39: =F10/F$2 -> 15.1823 | G39: =G10/G$2 -> 26.616019 | H39: =H10/H$2 -> 0 | I39: =I10/I$2 -> 0 | J39: =J10/J$2 -> 0 | K39: =K10/K$2 -> 0 | L39: =L10/L$2 -> 0
C40: CUDA opt_one_GPU ant | D40: =D11/D$2 -> 349.80986 | E40: =E11/E$2 -> 337.48729 | F40: =F11/F$2 -> 343.45907 | G40: =G11/G$2 -> 339.07083 | H40: =H11/H$2 -> 342.03943 | I40: =I11/I$2 -> 343.83881 | J40: =J11/J$2 -> 341.67758 | K40: =K11/K$2 -> 0 | L40: =L11/L$2 -> 0
C41: CUDA opt_one_GPU ant local | D41: =D12/D$2 -> 18.241634 | E41: =E12/E$2 -> 17.565924 | F41: =F12/F$2 -> 17.370611 | G41: =G12/G$2 -> 17.399811 | H41: =H12/H$2 -> 17.498479 | I41: =I12/I$2 -> 18.854103 | J41: =J12/J$2 -> 24.373257 | K41: =K12/K$2 -> 0 | L41: =L12/L$2 -> 0
C42: CUDA Const | D42: =D13/D$2 -> 8.7660638 | E42: =E13/E$2 -> 6.1585674 | F42: =F13/F$2 -> 8.6949845 | G42: =G13/G$2 -> 14.803357 | H42: =H13/H$2 -> 0 | I42: =I13/I$2 -> 0 | J42: =J13/J$2 -> 0 | K42: =K13/K$2 -> 0 | L42: =L13/L$2 -> 0
C43: CUDA ant Const | D43: =D14/D$2 -> 12.101005 | E43: =E14/E$2 -> 7.5365174 | F43: =F14/F$2 -> 5.4058857 | G43: =G14/G$2 -> 4.2881774 | H43: =H14/H$2 -> 3.7547435 | I43: =I14/I$2 -> 3.7796275 | J43: =J14/J$2 -> 0 | K43: =K14/K$2 -> 0 | L43: =L14/L$2 -> 0
... C56: Time non CUDA AVX add CPU time 4 | D56: =D27/D$2 -> 6.1213733 | E56: =E27/E$2 -> 5.2558355 | F56: =F27/F$2 -> 4.8710343 | G56: =G27/G$2 -> 4.6119679 | H56: =H27/H$2 -> 4.6773801 | I56: =I27/I$2 -> 4.4763162 | J56: =J27/J$2 -> 4.4181778 | K56: =K27/K$2 -> 0 | L56: =L27/L$2 -> 0
C60: 50 | D60: 2 | E60: 4 | F60: 8 | G60: 16 | H60: 32 | I60: 64 | J60: 128 | K60: 256 | L60: 512
D61: 42 | E61: 84 | F61: 168 | G61: 336 | H61: 672 | I61: 1344 | J61: 2688 | K61: 5376 | L61: 10752
C62: Classic ACO | D62: =D$3/D3 -> 1 | E62: =E$3/E3 -> 1 | F62: =F$3/F3 -> 1 | G62: =G$3/G3 -> 1 | H62: =H$3/H3 -> 1 | I62: =I$3/I3 -> 1 | J62: =J$3/J3 -> 1 | K62: =K$3/K3 -> #DIV/0! | L62: =L$3/L3 -> #DIV/0!
C63: CUDA Time | D63: =D$3/D4 -> 17.226717 | E63: =E$3/E4 -> 21.533427 | F63: =F$3/F4 -> 14.489074 | G63: =G$3/G4 -> 8.3248177 | H63: =H$3/H4 -> #DIV/0! | I63: =I$3/I4 -> #DIV/0! | J63: =J$3/J4 -> #DIV/0! | K63: =K$3/K4 -> #DIV/0! | L63: =L$3/L4 -> #DIV/0!
C64: CUDA ant | D64: =D$3/D5 -> 12.2319 | E64: =E$3/E5 -> 17.683485 | F64: =F$3/F5 -> 23.655041 | G64: =G$3/G5 -> 28.603032 | H64: =H$3/H5 -> 37.881594 | I64: =I$3/I5 -> 33.781921 | J64: =J$3/J5 -> 33.401084 | K64: =K$3/K5 -> #DIV/0! | L64: =L$3/L5 -> #DIV/0!
C65: CUDA ant par | D65: =D$3/D6 -> 12.232091 | E65: =E$3/E6 -> 17.837843 | F65: =F$3/F6 -> 23.788088 | G65: =G$3/G6 -> 29.224676 | H65: =H$3/H6 -> 38.050544 | I65: =I$3/I6 -> 36.877327 | J65: =J$3/J6 -> 37.45988 | K65: =K$3/K6 -> #DIV/0! | L65: =L$3/L6 -> #DIV/0!
C66: CUDA opt Time | D66: =D$3/D7 -> 17.172285 | E66: =E$3/E7 -> 22.126569 | F66: =F$3/F7 -> 14.805045 | G66: =G$3/G7 -> 8.5663622 | H66: =H$3/H7 -> #DIV/0! | I66: =I$3/I7 -> #DIV/0! | J66: =J$3/J7 -> #DIV/0! | K66: =K$3/K7 -> #DIV/0! | L66: =L$3/L7 -> #DIV/0!
C67: CUDA opt ant | D67: =D$3/D8 -> 12.497723 | E67: =E$3/E8 -> 18.059804 | F67: =F$3/F8 -> 23.99523 | G67: =G$3/G8 -> 29.575692 | H67: =H$3/H8 -> 37.408967 | I67: =I$3/I8 -> 34.076899 | J67: =J$3/J8 -> 33.683688 | K67: =K$3/K8 -> #DIV/0! | L67: =L$3/L8 -> #DIV/0!
C68: CUDA opt ant par | D68: =D$3/D9 -> 12.405462 | E68: =E$3/E9 -> 17.994586 | F68: =F$3/F9 -> 24.19734 | G68: =G$3/G9 -> 29.662553 | H68: =H$3/H9 -> 37.516292 | I68: =I$3/I9 -> 36.221897 | J68: =J$3/J9 -> 37.502839 | K68: =K$3/K9 -> #DIV/0! | L68: =L$3/L9 -> #DIV/0!
C69: CUDA opt_one_GPU | D69: =D$3/D10 -> 12.268227 | E69: =E$3/E10 -> 13.181433 | F69: =F$3/F10 -> 8.4480926 | G69: =G$3/G10 -> 4.7616303 | H69: =H$3/H10 -> #DIV/0! | I69: =I$3/I10 -> #DIV/0! | J69: =J$3/J10 -> #DIV/0! | K69: =K$3/K10 -> #DIV/0! | L69: =L$3/L10 -> #DIV/0!
C70: CUDA opt_one_GPU ant | D70: =D$3/D11 -> 0.42802316 | E70: =E$3/E11 -> 0.40359376 | F70: =F$3/F11 -> 0.37344035 | G70: =G$3/G11 -> 0.37377335 | H70: =H$3/H11 -> 0.42781459 | I70: =I$3/I11 -> 0.37135596 | J70: =J$3/J11 -> 0.36370319 | K70: =K$3/K11 -> #DIV/0! | L70: =L$3/L11 -> #DIV/0!
C71: CUDA opt_one_GPU ant local | D71: =D$3/D12 -> 8.2079663 | E71: =E$3/E12 -> 7.7540904 | F71: =F$3/F12 -> 7.3838208 | G71: =G$3/G12 -> 7.2837369 | H71: =H$3/H12 -> 8.3624102 | I71: =I$3/I12 -> 6.7723505 | J71: =J$3/J12 -> 5.0985892 | K71: =K$3/K12 -> #DIV/0! | L71: =L$3/L12 -> #DIV/0!
C72: CUDA Const | D72: =D$3/D13 -> 17.080268 | E72: =E$3/E13 -> 22.116793 | F72: =F$3/F13 -> 14.751202 | G72: =G$3/G13 -> 8.5612775 | H72: =H$3/H13 -> #DIV/0! | I72: =I$3/I13 -> #DIV/0! | J72: =J$3/J13 -> #DIV/0! | K72: =K$3/K13 -> #DIV/0! | L72: =L$3/L13 -> #DIV/0!
C73: CUDA ant Const | D73: =D$3/D14 -> 12.373082 | E73: =E$3/E14 -> 18.073038 | F73: =F$3/F14 -> 23.726265 | G73: =G$3/G14 -> 29.554664 | H73: =H$3/H14 -> 38.971893 | I73: =I$3/I14 -> 33.782851 | J73: =J$3/J14 -> #DIV/0! | K73: =K$3/K14 -> #DIV/0! | L73: =L$3/L14 -> #DIV/0!
... C86: Time non CUDA AVX add CPU time 4 | D86: =D$3/D27 -> 24.459661 | E86: =E$3/E27 -> 25.91553 | F86: =F$3/F27 -> 26.331467 | G86: =G$3/G27 -> 27.479732 | H86: =H$3/H27 -> 31.284492 | I86: =I$3/I27 -> 28.524927 | J86: =J$3/J27 -> 28.126805 | K86: =K$3/K27 -> #DIV/0! | L86: =L$3/L27 -> #DIV/0!
C91: Дисперсия
C92: 50 | D92: 2 | E92: 4 | F92: 8 | G92: 16 | H92: 32 | I92: 64 | J92: 128 | K92: 256 | L92: 512
D93: 42 | E93: 84 | F93: 168 | G93: 336 | H93: 672 | I93: 1344 | J93: 2688 | K93: 5376 | L93: 10752
C94: Classic ACO | D94: 1998.1343 | E94: 4766.9476 | F94: 11482.912 | G94: 29721.575 | H94: 114445.55 | I94: 131794.52 | J94: 123636.62
C95: CUDA Time | D95: 469.07507 | E95: 14.924883 | F95: 17.117013 | G95: 13.775957
C96: CUDA ant | D96: 38.950761 | E96: 1.1164361 | F96: 17.103825 | G96: 105.47774 | H96: 26774.605 | I96: 998.41306 | J96: 3645.5142
C97: CUDA ant par | D97: 0.33929782 | E97: 0.96992118 | F97: 1.5899372 | G97: 4.446557 | H97: 20429.799 | I97: 1103.1119 | J97: 962.47795
C98: CUDA opt | D98: 149.51335 | E98: 168.1077 | F98: 3.5062874 | G98: 3.855017
C99: CUDA opt ant | D99: 1.5063237 | E99: 0.81431151 | F99: 2.1836592 | G99: 17.548779 | H99: 19504.045 | I99: 1286.5468 | J99: 612.92651
C100: CUDA opt ant par | D100: 0.85883001 | E100: 29.506242 | F100: 1.4643787 | G100: 3.0364205 | H100: 22329.28 | I100: 946.49662 | J100: 2068.9098
C101: CUDA opt_one_GPU
C102: CUDA opt_one_GPU ant
C103: CUDA opt_one_GPU ant local
C104: CUDA Const | D104: 205.95428 | E104: 74.767424 | F104: 19.577162 | G104: 236.42854
C105: CUDA ant Const | D105: 0.87430078 | E105: 0.9472255 | F105: 36.668675 | G105: 32.847098 | H105: 2015.444 | I105: 1927.7395
C106: CUDA ant par Const | D106: 0.68280282 | E106: 0.6982103 | F106: 10.138981 | G106: 2.5376815 | H106: 1933.3072 | I106: 2330.7226
C107: CUDA opt Const | D107: 96.525901 | E107: 35.535037 | F107: 12.517016 | G107: 56.346651
C108: CUDA opt ant Const | D108: 21.525706 | E108: 0.48257116 | F108: 2.5335867 | G108: 8.7727713 | H108: 1656.4583 | I108: 4221.2361
C109: CUDA opt ant par Const | D109: 0.47809381 | E109: 15.802345 | F109: 6.3399893 | G109: 2.7343255 | H109: 756.00106 | I109: 1743.327
C110: CUDA ant par global | D110: 32.837311 | E110: 0.93002338 | F110: 26.318156 | G110: 90.80537 | H110: 19259.263 | I110: 457.41735 | J110: 1121.4605
C111: CUDA opt ant par global | D111: 0.3105133 | E111: 15.806855 | F111: 1.1604854 | G111: 3.4532097 | H111: 21464.449 | I111: 440.6135 | J111: 1133.8552
C112: CUDA ant add CPU Time | D112: 4.5769001 | E112: 1.5527213 | F112: 15.30086 | G112: 62.983885 | H112: 21917.836 | I112: 2119.2561 | J112: 2202.9987
C113: CUDA ant add CPU Const | D113: 1.9037857 | E113: 36.129505 | F113: 5.0340254 | G113: 91.038635 | H113: 3074.0298 | I113: 1761.7435
C114: CUDA ant add CPU Time global | D114: 6.0404452 | E114: 6.5895812 | F114: 27.433093 | G114: 41.676763 | H114: 20640.838 | I114: 839.69333 | J114: 1105.5039
C115: CUDA ant add CPU_AVX_transp Time
C116: CUDA ant add CPU12 | D116: 133.46353 | E116: 990.26488 | F116: 8316.7247
C117: Time non CUDA AVX time 4
C118: Time non CUDA AVX add CPU time 4
C120: Доверительный интервал | D120: 1.96 | E120: 50
C121: 50 | D121: 2 | E121: 4 | F121: 8 | G121: 16 | H121: 32 | I121: 64 | J121: 128 | K121: 256 | L121: 512
D122: 42 | E122: 84 | F122: 168 | G122: 336 | H122: 672 | I122: 1344 | J122: 2688 | K122: 5376 | L122: 10752
C123: Classic ACO | D123: =$D$120*SQRT(D94)/SQRT($E$120) -> 12.390345 | E123: =$D$120*SQRT(E94)/SQRT($E$120) -> 19.137767 | F123: =$D$120*SQRT(F94)/SQRT($E$120) -> 29.702779 | G123: =$D$120*SQRT(G94)/SQRT($E$120) -> 47.786693 | H123: =$D$120*SQRT(H94)/SQRT($E$120) -> 93.771426 | I123: =$D$120*SQRT(I94)/SQRT($E$120) -> 100.62821 | J123: =$D$120*SQRT(J94)/SQRT($E$120) -> 97.464089 | K123: =$D$120*SQRT(K94)/SQRT($E$120) -> 0 | L123: =$D$120*SQRT(L94)/SQRT($E$120) -> 0
C124: CUDA Time | D124: =$D$120*SQRT(D95)/SQRT($E$120) -> 6.0033304 | E124: =$D$120*SQRT(E95)/SQRT($E$120) -> 1.0708448 | F124: =$D$120*SQRT(F95)/SQRT($E$120) -> 1.1467931 | G124: =$D$120*SQRT(G95)/SQRT($E$120) -> 1.0288024 | H124: =$D$120*SQRT(H95)/SQRT($E$120) -> 0 | I124: =$D$120*SQRT(I95)/SQRT($E$120) -> 0 | J124: =$D$120*SQRT(J95)/SQRT($E$120) -> 0 | K124: =$D$120*SQRT(K95)/SQRT($E$120) -> 0 | L124: =$D$120*SQRT(L95)/SQRT($E$120) -> 0
C125: CUDA ant | D125: =$D$120*SQRT(D96)/SQRT($E$120) -> 1.729932 | E125: =$D$120*SQRT(E96)/SQRT($E$120) -> 0.29287885 | F125: =$D$120*SQRT(F96)/SQRT($E$120) -> 1.1463512 | G125: =$D$120*SQRT(G96)/SQRT($E$120) -> 2.846764 | H125: =$D$120*SQRT(H96)/SQRT($E$120) -> 45.355777 | I125: =$D$120*SQRT(I96)/SQRT($E$120) -> 8.7584286 | J125: =$D$120*SQRT(J96)/SQRT($E$120) -> 16.735954 | K125: =$D$120*SQRT(K96)/SQRT($E$120) -> 0 | L125: =$D$120*SQRT(L96)/SQRT($E$120) -> 0
C126: CUDA ant par | D126: =$D$120*SQRT(D97)/SQRT($E$120) -> 0.16145876 | E126: =$D$120*SQRT(E97)/SQRT($E$120) -> 0.27298532 | F126: =$D$120*SQRT(F97)/SQRT($E$120) -> 0.34951117 | G126: =$D$120*SQRT(G97)/SQRT($E$120) -> 0.58449796 | H126: =$D$120*SQRT(H97)/SQRT($E$120) -> 39.618964 | I126: =$D$120*SQRT(I97)/SQRT($E$120) -> 9.2062095 | J126: =$D$120*SQRT(J97)/SQRT($E$120) -> 8.5993666 | K126: =$D$120*SQRT(K97)/SQRT($E$120) -> 0 | L126: =$D$120*SQRT(L97)/SQRT($E$120) -> 0
C127: CUDA opt | D127: =$D$120*SQRT(D98)/SQRT($E$120) -> 3.3893081 | E127: =$D$120*SQRT(E98)/SQRT($E$120) -> 3.5938907 | F127: =$D$120*SQRT(F98)/SQRT($E$120) -> 0.51903282 | G127: =$D$120*SQRT(G98)/SQRT($E$120) -> 0.54423218 | H127: =$D$120*SQRT(H98)/SQRT($E$120) -> 0 | I127: =$D$120*SQRT(I98)/SQRT($E$120) -> 0 | J127: =$D$120*SQRT(J98)/SQRT($E$120) -> 0 | K127: =$D$120*SQRT(K98)/SQRT($E$120) -> 0 | L127: =$D$120*SQRT(L98)/SQRT($E$120) -> 0
C128: CUDA opt ant | D128: =$D$120*SQRT(D99)/SQRT($E$120) -> 0.3401968 | E128: =$D$120*SQRT(E99)/SQRT($E$120) -> 0.25013033 | F128: =$D$120*SQRT(F99)/SQRT($E$120) -> 0.40960335 | G128: =$D$120*SQRT(G99)/SQRT($E$120) -> 1.1611666 | H128: =$D$120*SQRT(H99)/SQRT($E$120) -> 38.710913 | I128: =$D$120*SQRT(I99)/SQRT($E$120) -> 9.9422314 | J128: =$D$120*SQRT(J99)/SQRT($E$120) -> 6.862388 | K128: =$D$120*SQRT(K99)/SQRT($E$120) -> 0 | L128: =$D$120*SQRT(L99)/SQRT($E$120) -> 0
C129: CUDA opt ant par | D129: =$D$120*SQRT(D100)/SQRT($E$120) -> 0.25687668 | E129: =$D$120*SQRT(E100)/SQRT($E$120) -> 1.5056638 | F129: =$D$120*SQRT(F100)/SQRT($E$120) -> 0.33542681 | G129: =$D$120*SQRT(G100)/SQRT($E$120) -> 0.48300545 | H129: =$D$120*SQRT(H100)/SQRT($E$120) -> 41.419841 | I129: =$D$120*SQRT(I100)/SQRT($E$120) -> 8.5276743 | J129: =$D$120*SQRT(J100)/SQRT($E$120) -> 12.607874 | K129: =$D$120*SQRT(K100)/SQRT($E$120) -> 0 | L129: =$D$120*SQRT(L100)/SQRT($E$120) -> 0
C130: CUDA opt_one_GPU | D130: =$D$120*SQRT(D101)/SQRT($E$120) -> 0 | E130: =$D$120*SQRT(E101)/SQRT($E$120) -> 0 | F130: =$D$120*SQRT(F101)/SQRT($E$120) -> 0 | G130: =$D$120*SQRT(G101)/SQRT($E$120) -> 0 | H130: =$D$120*SQRT(H101)/SQRT($E$120) -> 0 | I130: =$D$120*SQRT(I101)/SQRT($E$120) -> 0 | J130: =$D$120*SQRT(J101)/SQRT($E$120) -> 0 | K130: =$D$120*SQRT(K101)/SQRT($E$120) -> 0 | L130: =$D$120*SQRT(L101)/SQRT($E$120) -> 0
C131: CUDA opt_one_GPU ant | D131: =$D$120*SQRT(D102)/SQRT($E$120) -> 0 | E131: =$D$120*SQRT(E102)/SQRT($E$120) -> 0 | F131: =$D$120*SQRT(F102)/SQRT($E$120) -> 0 | G131: =$D$120*SQRT(G102)/SQRT($E$120) -> 0 | H131: =$D$120*SQRT(H102)/SQRT($E$120) -> 0 | I131: =$D$120*SQRT(I102)/SQRT($E$120) -> 0 | J131: =$D$120*SQRT(J102)/SQRT($E$120) -> 0 | K131: =$D$120*SQRT(K102)/SQRT($E$120) -> 0 | L131: =$D$120*SQRT(L102)/SQRT($E$120) -> 0
C132: CUDA opt_one_GPU ant local | D132: =$D$120*SQRT(D103)/SQRT($E$120) -> 0 | E132: =$D$120*SQRT(E103)/SQRT($E$120) -> 0 | F132: =$D$120*SQRT(F103)/SQRT($E$120) -> 0 | G132: =$D$120*SQRT(G103)/SQRT($E$120) -> 0 | H132: =$D$120*SQRT(H103)/SQRT($E$120) -> 0 | I132: =$D$120*SQRT(I103)/SQRT($E$120) -> 0 | J132: =$D$120*SQRT(J103)/SQRT($E$120) -> 0 | K132: =$D$120*SQRT(K103)/SQRT($E$120) -> 0 | L132: =$D$120*SQRT(L103)/SQRT($E$120) -> 0
C133: CUDA Const | D133: =$D$120*SQRT(D104)/SQRT($E$120) -> 3.977924 | E133: =$D$120*SQRT(E104)/SQRT($E$120) -> 2.3967751 | F133: =$D$120*SQRT(F104)/SQRT($E$120) -> 1.2264389 | G133: =$D$120*SQRT(G104)/SQRT($E$120) -> 4.2620743 | H133: =$D$120*SQRT(H104)/SQRT($E$120) -> 0 | I133: =$D$120*SQRT(I104)/SQRT($E$120) -> 0 | J133: =$D$120*SQRT(J104)/SQRT($E$120) -> 0 | K133: =$D$120*SQRT(K104)/SQRT($E$120) -> 0 | L133: =$D$120*SQRT(L104)/SQRT($E$120) -> 0
C134: CUDA ant Const | D134: =$D$120*SQRT(D105)/SQRT($E$120) -> 0.25918001 | E134: =$D$120*SQRT(E105)/SQRT($E$120) -> 0.26977255 | F134: =$D$120*SQRT(F105)/SQRT($E$120) -> 1.6784897 | G134: =$D$120*SQRT(G105)/SQRT($E$120) -> 1.5886183 | H134: =$D$120*SQRT(H105)/SQRT($E$120) -> 12.443898 | I134: =$D$120*SQRT(I105)/SQRT($E$120) -> 12.170131 | J134: =$D$120*SQRT(J105)/SQRT($E$120) -> 0 | K134: =$D$120*SQRT(K105)/SQRT($E$120) -> 0 | L134: =$D$120*SQRT(L105)/SQRT($E$120) -> 0
...

Sheet JETSON
B1: 1.96 | C1: 50 | D1: 2 | E1: 4 | F1: 8 | G1: 16 | H1: 32 | I1: 64 | J1: 128 | K1: 256 | L1: 512 | M1: AMD Ryzen 5 7500F 6-Core Processor 3.70GHz (8Gb ОЗУ).
B2: МО | D2: 42 | E2: 84 | F2: 168 | G2: 336 | H2: 672 | I2: 1344 | J2: 2688 | K2: 5376 | L2: 10752
A3: 1 | C3: Classic ACO | D3: 7975.7938 | E3: 14607.35 | F3: 28201.59 | G3: 54599.176 | H3: 108009.88 | I3: 213908.48 | J3: 432588.46
C4: CUDA Time | D4: 684.58224 | E4: 1404.4614 | F4: 1898.2584 | G4: 4891.0046
C5: CUDA ant | D5: 530.28568 | E5: 832.1919 | F5: 1528.5578 | G5: 2822.4848 | H5: 5921.956 | I5: 11889.75 | J5: 23889.734
C6: CUDA ant par | D6: 480.05012 | E6: 616.37872 | F6: 838.69352 | G6: 1430.0424 | H6: 2892.3028 | I6: 5508.9562 | J6: 10452.406
C7: CUDA opt Time | D7: 682.80912 | E7: 1401.6778 | F7: 1893.64 | G7: 4897.9024
C8: CUDA opt ant | D8: 524.65102 | E8: 825.71336 | F8: 1462.088 | G8: 2803.6548 | H8: 5853.3896 | I8: 11955.106 | J8: 23899.332
C9: CUDA opt ant par | D9: 475.46698 | E9: 612.54268 | F9: 831.84126 | G9: 1421.9382 | H9: 2912.3958 | I9: 5464.7918 | J9: 10456.05
C10: CUDA opt_one_GPU
C11: CUDA opt_one_GPU ant
C12: CUDA opt_one_GPU ant local
C13: CUDA Const | D13: 499.1365 | E13: 929.66468 | F13: 1928.3354 | G13: 4912.0156
C14: CUDA ant Const | D14: 472.29168 | E14: 747.2599 | F14: 1531.9398 | G14: 2829.4718 | H14: 5847.7998 | I14: 11634.618
C15: CUDA ant par Const | D15: 446.83254 | E15: 578.64884 | F15: 843.63008 | G15: 1439.7026 | H15: 2840.231 | I15: 5219.4658
C16: CUDA opt Const | D16: 496.10318 | E16: 926.38566 | F16: 1899.386 | G16: 4902.6754
C17: CUDA opt ant Const | D17: 464.82862 | E17: 738.8068 | F17: 1468.0194 | G17: 2812.4056 | H17: 5774.9504 | I17: 11725.576
C18: CUDA opt ant par Const | D18: 441.25864 | E18: 572.47408 | F18: 838.1187 | G18: 1432.8836 | H18: 2826.0174 | I18: 5200.2048
C19: CUDA ant par global | D19: 476.97782 | E19: 625.87896 | F19: 945.548 | G19: 1684.4354 | H19: 3378.9126 | I19: 6397.976 | J19: 12243.058
C20: CUDA opt ant par global | D20: 471.45476 | E20: 620.97076 | F20: 936.5735 | G20: 1674.5978 | H20: 3393.0914 | I20: 6376.6144 | J20: 12232.662
C21: CUDA ant add CPU | D21: 636.53956 | E21: 851.82906 | F21: 1236.4718 | G21: 2441.8288 | H21: 4734.7038 | I21: 9513.112 | J21: 19682.394
C22: CUDA ant add CPU Const | D22: 615.11232 | E22: 803.434 | F22: 1239.402 | G22: 2459.7706 | H22: 4659.503 | I22: 9352.2374
C23: CUDA ant add CPU Time global | D23: 644.23782 | E23: 851.04464 | F23: 1377.6304 | G23: 2746.2916 | H23: 5209.3662 | I23: 10441.722 | J23: 21506.888
C24: CUDA ant add CPU_AVX_transp
C25: CUDA ant add CPU12 | D25: 3589.2062 | E25: 5617.9286 | F25: 9901.279
C30: 6 | D30: 2 | E30: 4 | F30: 8 | G30: 16 | H30: 32 | I30: 64 | J30: 128 | K30: 256 | L30: 512
D31: 42 | E31: 84 | F31: 168 | G31: 336 | H31: 672 | I31: 1344 | J31: 2688 | K31: 5376 | L31: 10752
C32: Classic ACO | D32: =D3/D$2 -> 189.89985 | E32: =E3/E$2 -> 173.89702 | F32: =F3/F$2 -> 167.86661 | G32: =G3/G$2 -> 162.49755 | H32: =H3/H$2 -> 160.72899 | I32: =I3/I$2 -> 159.1581 | J32: =J3/J$2 -> 160.93321 | K32: =K3/K$2 -> 0 | L32: =L3/L$2 -> 0
C33: CUDA Time | D33: =D4/D$2 -> 16.299577 | E33: =E4/E$2 -> 16.719779 | F33: =F4/F$2 -> 11.299157 | G33: =G4/G$2 -> 14.556561 | H33: =H4/H$2 -> 0 | I33: =I4/I$2 -> 0 | J33: =J4/J$2 -> 0 | K33: =K4/K$2 -> 0 | L33: =L4/L$2 -> 0
C34: CUDA ant | D34: =D5/D$2 -> 12.62585 | E34: =E5/E$2 -> 9.9070464 | F34: =F5/F$2 -> 9.0985583 | G34: =G5/G$2 -> 8.4002524 | H34: =H5/H$2 -> 8.8124345 | I34: =I5/I$2 -> 8.8465402 | J34: =J5/J$2 -> 8.8875499 | K34: =K5/K$2 -> 0 | L34: =L5/L$2 -> 0
C35: CUDA ant par | D35: =D6/D$2 -> 11.429765 | E35: =E6/E$2 -> 7.3378419 | F35: =F6/F$2 -> 4.9922233 | G35: =G6/G$2 -> 4.2560786 | H35: =H6/H$2 -> 4.304022 | I35: =I6/I$2 -> 4.0989257 | J35: =J6/J$2 -> 3.8885439 | K35: =K6/K$2 -> 0 | L35: =L6/L$2 -> 0
C36: CUDA opt Time | D36: =D7/D$2 -> 16.25736 | E36: =E7/E$2 -> 16.68664 | F36: =F7/F$2 -> 11.271667 | G36: =G7/G$2 -> 14.57709 | H36: =H7/H$2 -> 0 | I36: =I7/I$2 -> 0 | J36: =J7/J$2 -> 0 | K36: =K7/K$2 -> 0 | L36: =L7/L$2 -> 0
C37: CUDA opt ant | D37: =D8/D$2 -> 12.491691 | E37: =E8/E$2 -> 9.829921 | F37: =F8/F$2 -> 8.7029048 | G37: =G8/G$2 -> 8.3442107 | H37: =H8/H$2 -> 8.7104012 | I37: =I8/I$2 -> 8.8951682 | J37: =J8/J$2 -> 8.8911205 | K37: =K8/K$2 -> 0 | L37: =L8/L$2 -> 0
C38: CUDA opt ant par | D38: =D9/D$2 -> 11.320642 | E38: =E9/E$2 -> 7.2921748 | F38: =F9/F$2 -> 4.9514361 | G38: =G9/G$2 -> 4.2319589 | H38: =H9/H$2 -> 4.3339223 | I38: =I9/I$2 -> 4.0660653 | J38: =J9/J$2 -> 3.8898996 | K38: =K9/K$2 -> 0 | L38: =L9/L$2 -> 0
C39: CUDA opt_one_GPU | D39: =D10/D$2 -> 0 | E39: =E10/E$2 -> 0 | F39: =F10/F$2 -> 0 | G39: =G10/G$2 -> 0 | H39: =H10/H$2 -> 0 | I39: =I10/I$2 -> 0 | J39: =J10/J$2 -> 0 | K39: =K10/K$2 -> 0 | L39: =L10/L$2 -> 0
C40: CUDA opt_one_GPU ant | D40: =D11/D$2 -> 0 | E40: =E11/E$2 -> 0 | F40: =F11/F$2 -> 0 | G40: =G11/G$2 -> 0 | H40: =H11/H$2 -> 0 | I40: =I11/I$2 -> 0 | J40: =J11/J$2 -> 0 | K40: =K11/K$2 -> 0 | L40: =L11/L$2 -> 0
C41: CUDA opt_one_GPU ant local | D41: =D12/D$2 -> 0 | E41: =E12/E$2 -> 0 | F41: =F12/F$2 -> 0 | G41: =G12/G$2 -> 0 | H41: =H12/H$2 -> 0 | I41: =I12/I$2 -> 0 | J41: =J12/J$2 -> 0 | K41: =K12/K$2 -> 0 | L41: =L12/L$2 -> 0
C42: CUDA Const | D42: =D13/D$2 -> 11.884202 | E42: =E13/E$2 -> 11.067437 | F42: =F13/F$2 -> 11.478187 | G42: =G13/G$2 -> 14.619094 | H42: =H13/H$2 -> 0 | I42: =I13/I$2 -> 0 | J42: =J13/J$2 -> 0 | K42: =K13/K$2 -> 0 | L42: =L13/L$2 -> 0
C43: CUDA ant Const | D43: =D14/D$2 -> 11.24504 | E43: =E14/E$2 -> 8.8959512 | F43: =F14/F$2 -> 9.1186893 | G43: =G14/G$2 -> 8.421047 | H43: =H14/H$2 -> 8.702083 | I43: =I14/I$2 -> 8.6567098 | J43: =J14/J$2 -> 0 | K43: =K14/K$2 -> 0 | L43: =L14/L$2 -> 0
... C54: CUDA ant add CPU12 | D54: =D25/D$2 -> 85.45729 | E54: =E25/E$2 -> 66.880102 | F54: =F25/F$2 -> 58.936185 | G54: =G25/G$2 -> 0 | H54: =H25/H$2 -> 0 | I54: =I25/I$2 -> 0 | J54: =J25/J$2 -> 0 | K54: =K25/K$2 -> 0 | L54: =L25/L$2 -> 0
C60: 50 | D60: 2 | E60: 4 | F60: 8 | G60: 16 | H60: 32 | I60: 64 | J60: 128 | K60: 256 | L60: 512
D61: 42 | E61: 84 | F61: 168 | G61: 336 | H61: 672 | I61: 1344 | J61: 2688 | K61: 5376 | L61: 10752
C62: Classic ACO | D62: =D$3/D3 -> 1 | E62: =E$3/E3 -> 1 | F62: =F$3/F3 -> 1 | G62: =G$3/G3 -> 1 | H62: =H$3/H3 -> 1 | I62: =I$3/I3 -> 1 | J62: =J$3/J3 -> 1 | K62: =K$3/K3 -> #DIV/0! | L62: =L$3/L3 -> #DIV/0!
C63: CUDA Time | D63: =D$3/D4 -> 11.6506 | E63: =E$3/E4 -> 10.400677 | F63: =F$3/F4 -> 14.85656 | G63: =G$3/G4 -> 11.163182 | H63: =H$3/H4 -> #DIV/0! | I63: =I$3/I4 -> #DIV/0! | J63: =J$3/J4 -> #DIV/0! | K63: =K$3/K4 -> #DIV/0! | L63: =L$3/L4 -> #DIV/0!
C64: CUDA ant | D64: =D$3/D5 -> 15.04056 | E64: =E$3/E5 -> 17.552863 | F64: =F$3/F5 -> 18.449803 | G64: =G$3/G5 -> 19.344365 | H64: =H$3/H5 -> 18.238886 | I64: =I$3/I5 -> 17.990999 | J64: =J$3/J5 -> 18.107714 | K64: =K$3/K5 -> #DIV/0! | L64: =L$3/L5 -> #DIV/0!
C65: CUDA ant par | D65: =D$3/D6 -> 16.614502 | E65: =E$3/E6 -> 23.69866 | F65: =F$3/F6 -> 33.62562 | G65: =G$3/G6 -> 38.18011 | H65: =H$3/H6 -> 37.343905 | I65: =I$3/I6 -> 38.829221 | J65: =J$3/J6 -> 41.386496 | K65: =K$3/K6 -> #DIV/0! | L65: =L$3/L6 -> #DIV/0!
C66: CUDA opt Time | D66: =D$3/D7 -> 11.680854 | E66: =E$3/E7 -> 10.421332 | F66: =F$3/F7 -> 14.892794 | G66: =G$3/G7 -> 11.147461 | H66: =H$3/H7 -> #DIV/0! | I66: =I$3/I7 -> #DIV/0! | J66: =J$3/J7 -> #DIV/0! | K66: =K$3/K7 -> #DIV/0! | L66: =L$3/L7 -> #DIV/0!
C67: CUDA opt ant | D67: =D$3/D8 -> 15.202093 | E67: =E$3/E8 -> 17.690582 | F67: =F$3/F8 -> 19.288572 | G67: =G$3/G8 -> 19.474286 | H67: =H$3/H8 -> 18.452536 | I67: =I$3/I8 -> 17.892646 | J67: =J$3/J8 -> 18.100441 | K67: =K$3/K8 -> #DIV/0! | L67: =L$3/L8 -> #DIV/0!
C68: CUDA opt ant par | D68: =D$3/D9 -> 16.774653 | E68: =E$3/E9 -> 23.847073 | F68: =F$3/F9 -> 33.90261 | G68: =G$3/G9 -> 38.397714 | H68: =H$3/H9 -> 37.086264 | I68: =I$3/I9 -> 39.143025 | J68: =J$3/J9 -> 41.372073 | K68: =K$3/K9 -> #DIV/0! | L68: =L$3/L9 -> #DIV/0!
C69: CUDA opt_one_GPU | D69: =D$3/D10 -> #DIV/0! | E69: =E$3/E10 -> #DIV/0! | F69: =F$3/F10 -> #DIV/0! | G69: =G$3/G10 -> #DIV/0! | H69: =H$3/H10 -> #DIV/0! | I69: =I$3/I10 -> #DIV/0! | J69: =J$3/J10 -> #DIV/0! | K69: =K$3/K10 -> #DIV/0! | L69: =L$3/L10 -> #DIV/0!
C70: CUDA opt_one_GPU ant | D70: =D$3/D11 -> #DIV/0! | E70: =E$3/E11 -> #DIV/0! | F70: =F$3/F11 -> #DIV/0! | G70: =G$3/G11 -> #DIV/0! | H70: =H$3/H11 -> #DIV/0! | I70: =I$3/I11 -> #DIV/0! | J70: =J$3/J11 -> #DIV/0! | K70: =K$3/K11 -> #DIV/0! | L70: =L$3/L11 -> #DIV/0!
C71: CUDA opt_one_GPU ant local | D71: =D$3/D12 -> #DIV/0! | E71: =E$3/E12 -> #DIV/0! | F71: =F$3/F12 -> #DIV/0! | G71: =G$3/G12 -> #DIV/0! | H71: =H$3/H12 -> #DIV/0! | I71: =I$3/I12 -> #DIV/0! | J71: =J$3/J12 -> #DIV/0! | K71: =K$3/K12 -> #DIV/0! | L71: =L$3/L12 -> #DIV/0!
C72: CUDA Const | D72: =D$3/D13 -> 15.979184 | E72: =E$3/E13 -> 15.712493 | F72: =F$3/F13 -> 14.624837 | G72: =G$3/G13 -> 11.115432 | H72: =H$3/H13 -> #DIV/0! | I72: =I$3/I13 -> #DIV/0! | J72: =J$3/J13 -> #DIV/0! | K72: =K$3/K13 -> #DIV/0! | L72: =L$3/L13 -> #DIV/0!
C73: CUDA ant Const | D73: =D$3/D14 -> 16.887432 | E73: =E$3/E14 -> 19.547884 | F73: =F$3/F14 -> 18.409072 | G73: =G$3/G14 -> 19.296597 | H73: =H$3/H14 -> 18.470174 | I73: =I$3/I14 -> 18.385518 | J73: =J$3/J14 -> #DIV/0! | K73: =K$3/K14 -> #DIV/0! | L73: =L$3/L14 -> #DIV/0!
... C84: CUDA ant add CPU12 | D84: =D$3/D25 -> 2.2221609 | E84: =E$3/E25 -> 2.6001309 | F84: =F$3/F25 -> 2.8482775 | G84: =G$3/G25 -> #DIV/0! | H84: =H$3/H25 -> #DIV/0! | I84: =I$3/I25 -> #DIV/0! | J84: =J$3/J25 -> #DIV/0! | K84: =K$3/K25 -> #DIV/0! | L84: =L$3/L25 -> #DIV/0!
C91: Дисперсия
C92: 50 | D92: 2 | E92: 4 | F92: 8 | G92: 16 | H92: 32 | I92: 64 | J92: 128 | K92: 256 | L92: 512
D93: 42 | E93: 84 | F93: 168 | G93: 336 | H93: 672 | I93: 1344 | J93: 2688 | K93: 5376 | L93: 10752
C94: Classic ACO | D94: 1998.1343 | E94: 4766.9476 | F94: 11482.912 | G94: 29721.575 | H94: 114445.55 | I94: 131794.52 | J94: 123636.62
C95: CUDA Time | D95: 469.07507 | E95: 14.924883 | F95: 17.117013 | G95: 13.775957
C96: CUDA ant | D96: 38.950761 | E96: 1.1164361 | F96: 17.103825 | G96: 105.47774 | H96: 26774.605 | I96: 998.41306 | J96: 3645.5142
C97: CUDA ant par | D97: 0.33929782 | E97: 0.96992118 | F97: 1.5899372 | G97: 4.446557 | H97: 20429.799 | I97: 1103.1119 | J97: 962.47795
C98: CUDA opt | D98: 149.51335 | E98: 168.1077 | F98: 3.5062874 | G98: 3.855017
C99: CUDA opt ant | D99: 1.5063237 | E99: 0.81431151 | F99: 2.1836592 | G99: 17.548779 | H99: 19504.045 | I99: 1286.5468 | J99: 612.92651
C100: CUDA opt ant par | D100: 0.85883001 | E100: 29.506242 | F100: 1.4643787 | G100: 3.0364205 | H100: 22329.28 | I100: 946.49662 | J100: 2068.9098
C101: CUDA opt_one_GPU
C102: CUDA opt_one_GPU ant
C103: CUDA opt_one_GPU ant local
C104: CUDA Const | D104: 205.95428 | E104: 74.767424 | F104: 19.577162 | G104: 236.42854
C105: CUDA ant Const | D105: 0.87430078 | E105: 0.9472255 | F105: 36.668675 | G105: 32.847098 | H105: 2015.444 | I105: 1927.7395
C106: CUDA ant par Const | D106: 0.68280282 | E106: 0.6982103 | F106: 10.138981 | G106: 2.5376815 | H106: 1933.3072 | I106: 2330.7226
C107: CUDA opt Const | D107: 96.525901 | E107: 35.535037 | F107: 12.517016 | G107: 56.346651
C108: CUDA opt ant Const | D108: 21.525706 | E108: 0.48257116 | F108: 2.5335867 | G108: 8.7727713 | H108: 1656.4583 | I108: 4221.2361
C109: CUDA opt ant par Const | D109: 0.47809381 | E109: 15.802345 | F109: 6.3399893 | G109: 2.7343255 | H109: 756.00106 | I109: 1743.327
C110: CUDA ant par global | D110: 32.837311 | E110: 0.93002338 | F110: 26.318156 | G110: 90.80537 | H110: 19259.263 | I110: 457.41735 | J110: 1121.4605
C111: CUDA opt ant par global | D111: 0.3105133 | E111: 15.806855 | F111: 1.1604854 | G111: 3.4532097 | H111: 21464.449 | I111: 440.6135 | J111: 1133.8552
C112: CUDA ant add CPU Time | D112: 2.2310228 | E112: 6.5293599 | F112: 7.027754 | G112: 24.290712 | H112: 5384.9903 | I112: 4085.5098 | J112: 1183.4081
C113: CUDA ant add CPU Const | D113: 1.9037857 | E113: 36.129505 | F113: 5.0340254 | G113: 91.038635 | H113: 3074.0298 | I113: 1761.7435
C114: CUDA ant add CPU Time global | D114: 6.0404452 | E114: 6.5895812 | F114: 27.433093 | G114: 41.676763 | H114: 20640.838 | I114: 839.69333 | J114: 1105.5039
C115: CUDA ant add CPU_AVX_transp Time
C116: CUDA ant add CPU12 | D116: 133.46353 | E116: 990.26488 | F116: 8316.7247
C117: Time non CUDA AVX time 4
C118: Time non CUDA AVX add CPU time 4
C120: Доверительный интервал | D120: 1.96 | E120: 50
C121: 50 | D121: 2 | E121: 4 | F121: 8 | G121: 16 | H121: 32 | I121: 64 | J121: 128 | K121: 256 | L121: 512
D122: 42 | E122: 84 | F122: 168 | G122: 336 | H122: 672 | I122: 1344 | J122: 2688 | K122: 5376 | L122: 10752
C123: Classic ACO | D123: =$D$120*SQRT(D94)/SQRT($E$120) -> 12.390345 | E123: =$D$120*SQRT(E94)/SQRT($E$120) -> 19.137767 | F123: =$D$120*SQRT(F94)/SQRT($E$120) -> 29.702779 | G123: =$D$120*SQRT(G94)/SQRT($E$120) -> 47.786693 | H123: =$D$120*SQRT(H94)/SQRT($E$120) -> 93.771426 | I123: =$D$120*SQRT(I94)/SQRT($E$120) -> 100.62821 | J123: =$D$120*SQRT(J94)/SQRT($E$120) -> 97.464089 | K123: =$D$120*SQRT(K94)/SQRT($E$120) -> 0 | L123: =$D$120*SQRT(L94)/SQRT($E$120) -> 0
C124: CUDA Time | D124: =$D$120*SQRT(D95)/SQRT($E$120) -> 6.0033304 | E124: =$D$120*SQRT(E95)/SQRT($E$120) -> 1.0708448 | F124: =$D$120*SQRT(F95)/SQRT($E$120) -> 1.1467931 | G124: =$D$120*SQRT(G95)/SQRT($E$120) -> 1.0288024 | H124: =$D$120*SQRT(H95)/SQRT($E$120) -> 0 | I124: =$D$120*SQRT(I95)/SQRT($E$120) -> 0 | J124: =$D$120*SQRT(J95)/SQRT($E$120) -> 0 | K124: =$D$120*SQRT(K95)/SQRT($E$120) -> 0 | L124: =$D$120*SQRT(L95)/SQRT($E$120) -> 0
C125: CUDA ant | D125: =$D$120*SQRT(D96)/SQRT($E$120) -> 1.729932 | E125: =$D$120*SQRT(E96)/SQRT($E$120) -> 0.29287885 | F125: =$D$120*SQRT(F96)/SQRT($E$120) -> 1.1463512 | G125: =$D$120*SQRT(G96)/SQRT($E$120) -> 2.846764 | H125: =$D$120*SQRT(H96)/SQRT($E$120) -> 45.355777 | I125: =$D$120*SQRT(I96)/SQRT($E$120) -> 8.7584286 | J125: =$D$120*SQRT(J96)/SQRT($E$120) -> 16.735954 | K125: =$D$120*SQRT(K96)/SQRT($E$120) -> 0 | L125: =$D$120*SQRT(L96)/SQRT($E$120) -> 0
C126: CUDA ant par | D126: =$D$120*SQRT(D97)/SQRT($E$120) -> 0.16145876 | E126: =$D$120*SQRT(E97)/SQRT($E$120) -> 0.27298532 | F126: =$D$120*SQRT(F97)/SQRT($E$120) -> 0.34951117 | G126: =$D$120*SQRT(G97)/SQRT($E$120) -> 0.58449796 | H126: =$D$120*SQRT(H97)/SQRT($E$120) -> 39.618964 | I126: =$D$120*SQRT(I97)/SQRT($E$120) -> 9.2062095 | J126: =$D$120*SQRT(J97)/SQRT($E$120) -> 8.5993666 | K126: =$D$120*SQRT(K97)/SQRT($E$120) -> 0 | L126: =$D$120*SQRT(L97)/SQRT($E$120) -> 0
C127: CUDA opt | D127: =$D$120*SQRT(D98)/SQRT($E$120) -> 3.3893081 | E127: =$D$120*SQRT(E98)/SQRT($E$120) -> 3.5938907 | F127: =$D$120*SQRT(F98)/SQRT($E$120) -> 0.51903282 | G127: =$D$120*SQRT(G98)/SQRT($E$120) -> 0.54423218 | H127: =$D$120*SQRT(H98)/SQRT($E$120) -> 0 | I127: =$D$120*SQRT(I98)/SQRT($E$120) -> 0 | J127: =$D$120*SQRT(J98)/SQRT($E$120) -> 0 | K127: =$D$120*SQRT(K98)/SQRT($E$120) -> 0 | L127: =$D$120*SQRT(L98)/SQRT($E$120) -> 0
C128: CUDA opt ant | D128: =$D$120*SQRT(D99)/SQRT($E$120) -> 0.3401968 | E128: =$D$120*SQRT(E99)/SQRT($E$120) -> 0.25013033 | F128: =$D$120*SQRT(F99)/SQRT($E$120) -> 0.40960335 | G128: =$D$120*SQRT(G99)/SQRT($E$120) -> 1.1611666 | H128: =$D$120*SQRT(H99)/SQRT($E$120) -> 38.710913 | I128: =$D$120*SQRT(I99)/SQRT($E$120) -> 9.9422314 | J128: =$D$120*SQRT(J99)/SQRT($E$120) -> 6.862388 | K128: =$D$120*SQRT(K99)/SQRT($E$120) -> 0 | L128: =$D$120*SQRT(L99)/SQRT($E$120) -> 0
C129: CUDA opt ant par | D129: =$D$120*SQRT(D100)/SQRT($E$120) -> 0.25687668 | E129: =$D$120*SQRT(E100)/SQRT($E$120) -> 1.5056638 | F129: =$D$120*SQRT(F100)/SQRT($E$120) -> 0.33542681 | G129: =$D$120*SQRT(G100)/SQRT($E$120) -> 0.48300545 | H129: =$D$120*SQRT(H100)/SQRT($E$120) -> 41.419841 | I129: =$D$120*SQRT(I100)/SQRT($E$120) -> 8.5276743 | J129: =$D$120*SQRT(J100)/SQRT($E$120) -> 12.607874 | K129: =$D$120*SQRT(K100)/SQRT($E$120) -> 0 | L129: =$D$120*SQRT(L100)/SQRT($E$120) -> 0
C130: CUDA opt_one_GPU | D130: =$D$120*SQRT(D101)/SQRT($E$120) -> 0 | E130: =$D$120*SQRT(E101)/SQRT($E$120) -> 0 | F130: =$D$120*SQRT(F101)/SQRT($E$120) -> 0 | G130: =$D$120*SQRT(G101)/SQRT($E$120) -> 0 | H130: =$D$120*SQRT(H101)/SQRT($E$120) -> 0 | I130: =$D$120*SQRT(I101)/SQRT($E$120) -> 0 | J130: =$D$120*SQRT(J101)/SQRT($E$120) -> 0 | K130: =$D$120*SQRT(K101)/SQRT($E$120) -> 0 | L130: =$D$120*SQRT(L101)/SQRT($E$120) -> 0
C131: CUDA opt_one_GPU ant | D131: =$D$120*SQRT(D102)/SQRT($E$120) -> 0 | E131: =$D$120*SQRT(E102)/SQRT($E$120) -> 0 | F131: =$D$120*SQRT(F102)/SQRT($E$120) -> 0 | G131: =$D$120*SQRT(G102)/SQRT($E$120) -> 0 | H131: =$D$120*SQRT(H102)/SQRT($E$120) -> 0 | I131: =$D$120*SQRT(I102)/SQRT($E$120) -> 0 | J131: =$D$120*SQRT(J102)/SQRT($E$120) -> 0 | K131: =$D$120*SQRT(K102)/SQRT($E$120) -> 0 | L131: =$D$120*SQRT(L102)/SQRT($E$120) -> 0
C132: CUDA opt_one_GPU ant local | D132: =$D$120*SQRT(D103)/SQRT($E$120) -> 0 | E132: =$D$120*SQRT(E103)/SQRT($E$120) -> 0 | F132: =$D$120*SQRT(F103)/SQRT($E$120) -> 0 | G132: =$D$120*SQRT(G103)/SQRT($E$120) -> 0 | H132: =$D$120*SQRT(H103)/SQRT($E$120) -> 0 | I132: =$D$120*SQRT(I103)/SQRT($E$120) -> 0 | J132: =$D$120*SQRT(J103)/SQRT($E$120) -> 0 | K132: =$D$120*SQRT(K103)/SQRT($E$120) -> 0 | L132: =$D$120*SQRT(L103)/SQRT($E$120) -> 0
C133: CUDA Const | D133: =$D$120*SQRT(D104)/SQRT($E$120) -> 3.977924 | E133: =$D$120*SQRT(E104)/SQRT($E$120) -> 2.3967751 | F133: =$D$120*SQRT(F104)/SQRT($E$120) -> 1.2264389 | G133: =$D$120*SQRT(G104)/SQRT($E$120) -> 4.2620743 | H133: =$D$120*SQRT(H104)/SQRT($E$120) -> 0 | I133: =$D$120*SQRT(I104)/SQRT($E$120) -> 0 | J133: =$D$120*SQRT(J104)/SQRT($E$120) -> 0 | K133: =$D$120*SQRT(K104)/SQRT($E$120) -> 0 | L133: =$D$120*SQRT(L104)/SQRT($E$120) -> 0
C134: CUDA ant Const | D134: =$D$120*SQRT(D105)/SQRT($E$120) -> 0.25918001 | E134: =$D$120*SQRT(E105)/SQRT($E$120) -> 0.26977255 | F134: =$D$120*SQRT(F105)/SQRT($E$120) -> 1.6784897 | G134: =$D$120*SQRT(G105)/SQRT($E$120) -> 1.5886183 | H134: =$D$120*SQRT(H105)/SQRT($E$120) -> 12.443898 | I134: =$D$120*SQRT(I105)/SQRT($E$120) -> 12.170131 | J134: =$D$120*SQRT(J105)/SQRT($E$120) -> 0 | K134: =$D$120*SQRT(K105)/SQRT($E$120) -> 0 | L134: =$D$120*SQRT(L105)/SQRT($E$120) -> 0
... C147: Time non CUDA AVX add CPU time 4 | D147: =$D$120*SQRT(D118)/SQRT($E$120) -> 0 | E147: =$D$120*SQRT(E118)/SQRT($E$120) -> 0 | F147: =$D$120*SQRT(F118)/SQRT($E$120) -> 0 | G147: =$D$120*SQRT(G118)/SQRT($E$120) -> 0 | H147: =$D$120*SQRT(H118)/SQRT($E$120) -> 0 | I147: =$D$120*SQRT(I118)/SQRT($E$120) -> 0 | J147: =$D$120*SQRT(J118)/SQRT($E$120) -> 0 | K147: =$D$120*SQRT(K118)/SQRT($E$120) -> 0 | L147: =$D$120*SQRT(L118)/SQRT($E$120) -> 0
C148: Дисперсия
...

Sheet ANT
A2: МО | B2: 500 | C2: 1000 | D2: 1500 | E2: 2000 | F2: 2500 | G2: 3000 | H2: 3500
A3: CUDA Time | B3: 1.0264498 | C3: 0.96242932 | D3: 0.94256307 | E3: 0.9327892 | F3: 0.92678456 | G3: 0.923715 | H3: 0.92359063
A4: CUDA | B4: 1.2004022 | C4: 1.0003448 | D4: 0.95212293 | E4: 1.0000981 | F4: 0.99694456 | G4: 0.9517138 | H4: 0.95117497
A5: CUDA ant | B5: 0.86344332 | C5: 0.748518 | D5: 0.57356684 | E5: 0.47327469 | F5: 0.41465688 | G5: 0.41227567 | H5: 0.38994589
A6: CUDA ant par | B6: 0.98470564 | C6: 0.86631894 | D6: 0.69468267 | E6: 0.602803 | F6: 0.54045368 | G6: 0.53235067 | H6: 0.50215903
A7: CUDA opt | B7: 1.1218809 | C7: 0.9983137 | D7: 0.952244 | E7: 1.0000061 | F7: 1.0023119 | G7: 0.95247587 | H7: 0.94559063
A8: CUDA opt Time | B8: 1.0224324 | C8: 0.960973 | D8: 0.94173987 | E8: 0.9329556 | F8: 0.9364868 | G8: 0.93090047 | H8: 0.92653234
A9: CUDA opt ant | B9: 0.85866424 | C9: 0.74340574 | D9: 0.57202785 | E9: 0.47219207 | F9: 0.417534 | G9: 0.41793407 | H9: 0.389616
