Workbook

Sheet Ускорение 100
C3: 50 | D3: 2 | E3: 4 | F3: 8 | G3: 16 | H3: 32 | I3: 64 | J3: 128
D4: 42 | E4: 84 | F4: 168 | G4: 336 | H4: 672 | I4: 1344 | J4: 2688
C5: non CUDA Time | D5: 11.898648 | E5: 12.202972 | F5: 12.161524 | G5: 12.16129 | H5: 11.988787 | I5: 12.276108 | J5: 12.168533
C6: omp | D6: 12.522805 | E6: 12.666325 | F6: 12.428722 | G6: 12.068474 | H6: 11.765758 | I6: 12.168237 | J6: 12.215631
C7: non CUDA AVX Time
C8: non CUDA AVX_OMP Time
C9: non CUDA transp Time | D9: 11.84306 | E9: 12.147658 | F9: 12.187638 | G9: 11.973437 | H9: 12.339089 | I9: 12.491909 | J9: 12.150987
C10: non CUDA transp_AVX Time | E10: 11.646125 | F10: 11.791034 | G10: 11.611334 | H10: 12.35973 | I10: 12.423243 | J10: 11.509245
C11: non CUDA transp_AVX_OMP Time | E11: 11.631643 | F11: 11.717524 | G11: 11.623149 | H11: 12.047251 | I11: 12.425263 | J11: 12.199688
C13: non CUDA Time | D13: 21.982995 | E13: 21.178685 | F13: 21.084799 | G13: 23.334354
C14: omp | D14: 23.631074 | E14: 19.592533 | F14: 21.319516 | G14: 23.305328
C15: non CUDA AVX Time | D15: 21.533306 | E15: 19.015856 | F15: 20.967085 | G15: 22.907659
C16: non CUDA AVX_OMP Time | D16: 23.609328 | E16: 21.11319 | F16: 23.855822 | G16: 21.463483
C17: non CUDA transp Time | D17: 22.006121 | E17: 18.915999 | F17: 21.746068 | G17: 20.180879
C18: non CUDA transp_AVX Time | D18: 20.574076 | E18: 18.600917 | F18: 21.512144 | G18: 20.108297
C19: non CUDA transp_AVX_OMP Time | D19: 20.752167 | E19: 18.566846 | F19: 21.548396 | G19: 20.070018
C21: non CUDA Time | D21: 19.437135 | E21: 23.997491 | F21: 28.436593 | G21: 29.620767
C22: omp | D22: 34.271531 | E22: 36.336281 | F22: 35.918625 | G22: 34.567598
C23: non CUDA AVX Time | D23: 19.635403 | E23: 23.324759 | F23: 28.373104 | G23: 29.57483
C24: non CUDA AVX_OMP Time | D24: 36.901551 | E24: 35.749189 | F24: 36.537769 | G24: 36.021229
C25: non CUDA transp Time | D25: 30.724548 | E25: 31.852202 | F25: 32.662681 | G25: 29.779546
C26: non CUDA transp_AVX Time | E26: 31.396539 | F26: 32.01716 | G26: 29.563027
C27: non CUDA transp_AVX_OMP Time | E27: 31.686685 | F27: 32.297767 | G27: 29.665998
C29: non CUDA Time | D29: 33.443643 | E29: 47.852694 | F29: 33.054009
C30: omp | D30: 45.956693 | E30: 47.479874 | F30: 48.966941
C31: non CUDA AVX Time | D31: 33.794018 | E31: 47.950971 | F31: 33.248451
C32: non CUDA AVX_OMP Time | E32: 23.803123 | F32: 49.767563
C33: non CUDA transp Time | E33: 23.962748 | F33: 18.339941
C34: non CUDA transp_AVX Time | D34: 22.303212 | E34: 24.080051 | F34: 18.67207
C35: non CUDA transp_AVX_OMP Time | D35: 22.226257 | E35: 24.107846 | F35: 18.830258

Sheet Ускорение
C3: Количество параметров | D3: 2 | E3: 4 | F3: 8 | G3: 16 | H3: 32 | I3: 64 | J3: 128 | M3: Количество параметров | N3: 2 | O3: 4 | P3: 8 | Q3: 16 | R3: 32 | S3: 64 | T3: 128
C4: Количество слоев | D4: 42 | E4: 84 | F4: 168 | G4: 336 | H4: 672 | I4: 1344 | J4: 2688 | M4: Количество слоев | N4: 42 | O4: 84 | P4: 168 | Q4: 336 | R4: 672 | S4: 1344 | T4: 2688
C5: Матричный ACO | D5: 14.534282 | E5: 14.742948 | F5: 14.518772 | G5: 14.565905 | H5: 14.802014 | I5: 15.03086 | J5: 15.657087 | M5: Матричный ACO | N5: 7.0908056 | O5: 7.0305005 | P5: 6.8192447 | Q5: 6.8772192 | R5: 8.0036313 | S5: 6.7722447 | T5: 7.1765932
C6: Матричный ACO + OMP | D6: 15.630633 | E6: 15.494684 | F6: 15.064535 | G6: 14.984987 | H6: 14.881814 | I6: 15.18169 | J6: 15.922771 | M6: Матричный ACO + OMP | N6: 7.5021448 | O6: 7.2515123 | P6: 6.9723451 | Q6: 6.9449167 | R6: 8.1243314 | S6: 7.1569495 | T6: 7.1323597
C7: Транспонированный матричный ACO | D7: 14.627786 | E7: 14.921165 | F7: 14.853376 | G7: 15.008914 | H7: 14.859125 | I7: 15.166802 | J7: 15.996095 | M7: Транспонированный матричный ACO | N7: 7.0972838 | O7: 6.9867111 | P7: 6.837988 | Q7: 6.8537543 | R7: 8.025932 | S7: 7.1018688 | T7: 7.1112809
C8: Транспонированный матричный ACO + AVX | E8: 14.50428 | F8: 14.424749 | G8: 14.559636 | H8: 14.464994 | I8: 14.491351 | J8: 15.368498 | M8: Транспонированный матричный ACO + AVX | O8: 5.3774738 | P8: 5.2974162 | Q8: 5.4169876 | R8: 6.5580668 | S8: 6.4844296 | T8: 6.405612
C9: Транспонированный матричный ACO + AVX + OMP | E9: 14.354502 | F9: 14.424979 | G9: 14.568367 | H9: 14.428003 | I9: 14.484914 | J9: 15.363133 | M9: Транспонированный матричный ACO + AVX + OMP | O9: 5.397005 | P9: 5.3324099 | Q9: 5.4187196 | R9: 6.5656938 | S9: 6.4791978 | T9: 6.2362373
C10: Матричный ACO + AVX + OMP + специальный граф | D10: 14.470863 | E10: 14.484249 | F10: 14.388197 | G10: 14.596136 | H10: 14.750496 | I10: 14.940657 | J10: 15.774984 | M10: Матричный ACO + AVX + OMP + специальный граф | N10: 5.5549882 | O10: 5.4679325 | P10: 5.4163407 | Q10: 5.5235373 | R10: 7.0022093 | S10: 6.3783191 | T10: 5.9653353
C12: non CUDA Time | D12: 13.488689 | E12: 13.233665 | F12: 13.144581 | G12: 13.565861 | H12: 13.762197 | I12: 13.51959 | J12: 13.881868
C13: omp | D13: 14.709432 | E13: 13.817211 | F13: 13.469744 | G13: 13.533619 | H13: 13.655965 | I13: 13.445448 | J13: 14.101019
C14: non CUDA transp Time | D14: 13.921695 | E14: 13.384579 | F14: 13.361316 | G14: 13.598045 | H14: 13.751032 | I14: 13.619507 | J14: 14.263893
C15: non CUDA transp_AVX Time | E15: 13.01456 | F15: 12.987403 | G15: 13.114596 | H15: 13.405729 | I15: 13.060143 | J15: 13.789662
C16: non CUDA transp_AVX_OMP Time | E16: 12.99949 | F16: 12.996861 | G16: 13.132517 | H16: 13.372633 | I16: 13.068005 | J16: 13.787305
C17: Time non CUDA AVX time 4 | D17: 14.04601 | E17: 13.62153 | F17: 13.461813 | G17: 13.943879 | H17: 13.531365 | I17: 13.55571 | J17: 14.195693
C19: non CUDA Time | D19: 12.058184 | E19: 12.15933 | F19: 15.784538 | G19: 12.330576 | H19: 12.780951 | I19: 11.930766 | J19: 12.125269
C20: omp | D20: 12.914742 | E20: 12.54979 | F20: 16.210475 | G20: 12.504401 | H20: 12.953669 | I20: 11.979672 | J20: 12.25493
C21: non CUDA transp Time | D21: 11.895545 | E21: 12.020309 | F21: 15.80453 | G21: 12.384312 | H21: 12.922284 | I21: 12.043599 | J21: 12.395528
C22: non CUDA transp_AVX Time | E22: 11.77579 | F22: 15.577606 | G22: 12.246982 | H22: 12.732155 | I22: 11.972232 | J22: 12.332738
C23: non CUDA transp_AVX_OMP Time | E23: 11.80497 | F23: 15.567342 | G23: 12.250132 | H23: 12.720244 | I23: 11.971241 | J23: 12.332526
C24: Time non CUDA AVX time 4 | D24: 11.8219 | E24: 12.453279 | F24: 16.358656 | G24: 12.894655 | H24: 13.444227 | I24: 12.641835 | J24: 13.1
C26: non CUDA Time | D26: 11.898648 | E26: 12.202972 | F26: 12.161524 | G26: 12.16129 | H26: 11.988787 | I26: 12.276108 | J26: 12.168533
C27: omp | D27: 12.522805 | E27: 12.666325 | F27: 12.428722 | G27: 12.068474 | H27: 11.765758 | I27: 12.168237 | J27: 12.215631
C28: non CUDA transp Time | D28: 11.84306 | E28: 12.147658 | F28: 12.187638 | G28: 11.973437 | H28: 12.339089 | I28: 12.491909 | J28: 12.150987
C29: non CUDA transp_AVX Time | E29: 11.646125 | F29: 11.791034 | G29: 11.611334 | H29: 12.35973 | I29: 12.423243 | J29: 11.509245
C30: non CUDA transp_AVX_OMP Time | E30: 11.631643 | F30: 11.717524 | G30: 11.623149 | H30: 12.047251 | I30: 12.425263 | J30: 12.199688
C31: Time non CUDA AVX time 4 | D31: 10.264582 | E31: 11.401323 | F31: 11.69221 | G31: 11.982197 | H31: 11.884575 | I31: 12.573581 | J31: 12.998158
C33: non CUDA Time | D33: 7.0908056 | E33: 7.0305005 | F33: 6.8192447 | G33: 6.8772192 | H33: 8.0036313 | I33: 6.7722447 | J33: 7.1765932
C34: omp | D34: 7.5021448 | E34: 7.2515123 | F34: 6.9723451 | G34: 6.9449167 | H34: 8.1243314 | I34: 7.1569495 | J34: 7.1323597
C35: non CUDA transp Time | D35: 7.0972838 | E35: 6.9867111 | F35: 6.837988 | G35: 6.8537543 | H35: 8.025932 | I35: 7.1018688 | J35: 7.1112809
C36: non CUDA transp_AVX Time | E36: 5.3774738 | F36: 5.2974162 | G36: 5.4169876 | H36: 6.5580668 | I36: 6.4844296 | J36: 6.405612
C37: non CUDA transp_AVX_OMP Time | E37: 5.397005 | F37: 5.3324099 | G37: 5.4187196 | H37: 6.5656938 | I37: 6.4791978 | J37: 6.2362373
C38: Time non CUDA AVX time 4 | D38: 5.5549882 | E38: 5.4679325 | F38: 5.4163407 | G38: 5.5235373 | H38: 7.0022093 | I38: 6.3783191 | J38: 5.9653353

Sheet Itog_100
A1: 109 | O1: =OFFSET('3060LAPTOP 100'!$C$1,A4-1,0) -> non CUDA AVX Time | Y1: 3
E2: 2 | F2: 4 | G2: 8 | H2: 16 | I2: 32 | J2: 64 | K2: 128 | Q2: 2 | R2: 4 | S2: 8 | T2: 16 | U2: 32 | V2: 64 | W2: 128 | Y2: 32
E3: 42 | F3: 84 | G3: 168 | H3: 336 | I3: 672 | J3: 1344 | K3: 2688 | Q3: 42 | R3: 84 | S3: 168 | T3: 336 | U3: 672 | V3: 1344 | W3: 2688 | Y3: 57
A4: 60 | B4: =OFFSET('3060LAPTOP 100'!$C$1,A4-1,0) -> non CUDA AVX Time | C4: Classic ACO | D4: МО | E4: =OFFSET('3060LAPTOP 10'!D$1,$A5-1,0) -> 6732.0454 | F4: =OFFSET('3060LAPTOP 10'!E$1,$A5-1,0) -> 12795.57 | G4: =OFFSET('3060LAPTOP 10'!F$1,$A5-1,0) -> 24112.532 | H4: =OFFSET('3060LAPTOP 10'!G$1,$A5-1,0) -> 46059.344 | I4: =OFFSET('3060LAPTOP 10'!H$1,$A5-1,0) -> 91907.946 | J4: =OFFSET('3060LAPTOP 10'!I$1,$A5-1,0) -> 184408.08 | K4: =OFFSET('3060LAPTOP 10'!J$1,$A5-1,0) -> 367570.34 | O4: 5 | P4: МО | Q4: =OFFSET('3060LAPTOP 10'!D$1,$A$4-1,0) -> 0 | R4: =OFFSET('3060LAPTOP 10'!E$1,$A$4-1,0) -> 0 | S4: =OFFSET('3060LAPTOP 10'!F$1,$A$4-1,0) -> 0 | T4: =OFFSET('3060LAPTOP 10'!G$1,$A$4-1,0) -> 0 | U4: =OFFSET('3060LAPTOP 10'!H$1,$A$4-1,0) -> 0 | V4: =OFFSET('3060LAPTOP 10'!I$1,$A$4-1,0) -> 0 | W4: =OFFSET('3060LAPTOP 10'!J$1,$A$4-1,0) -> 0
A5: 3 | B5: =OFFSET('3060LAPTOP 10'!$C$1,A5-1,0) -> Classic ACO | D5: ДИ | E5: =OFFSET('3060LAPTOP 10'!D$1,$A5-1+$A$1,0) -> 29.72261 | F5: =OFFSET('3060LAPTOP 10'!E$1,$A5-1+$A$1,0) -> 17.261082 | G5: =OFFSET('3060LAPTOP 10'!F$1,$A5-1+$A$1,0) -> 98.029302 | H5: =OFFSET('3060LAPTOP 10'!G$1,$A5-1+$A$1,0) -> 48.18692 | I5: =OFFSET('3060LAPTOP 10'!H$1,$A5-1+$A$1,0) -> 512.6278 | J5: =OFFSET('3060LAPTOP 10'!I$1,$A5-1+$A$1,0) -> 775.06198 | K5: =OFFSET('3060LAPTOP 10'!J$1,$A5-1+$A$1,0) -> 1357.5707 | P5: ДИ | Q5: =OFFSET('3060LAPTOP 10'!D$1,$A$4-1+$A$1,0) -> 0 | R5: =OFFSET('3060LAPTOP 10'!E$1,$A$4-1+$A$1,0) -> 0 | S5: =OFFSET('3060LAPTOP 10'!F$1,$A$4-1+$A$1,0) -> 0 | T5: =OFFSET('3060LAPTOP 10'!G$1,$A$4-1+$A$1,0) -> 0 | U5: =OFFSET('3060LAPTOP 10'!H$1,$A$4-1+$A$1,0) -> 0 | V5: =OFFSET('3060LAPTOP 10'!I$1,$A$4-1+$A$1,0) -> 0 | W5: =OFFSET('3060LAPTOP 10'!J$1,$A$4-1+$A$1,0) -> 0
A6: 4 | B6: =OFFSET('3060LAPTOP 10'!$C$1,A6-1,0) -> non CUDA Time | C6: Matrix ACO | D6: МО | E6: =OFFSET('3060LAPTOP 10'!D$1,$A6-1,0) -> 565.78236 | F6: =OFFSET('3060LAPTOP 10'!E$1,$A6-1,0) -> 1048.5618 | G6: =OFFSET('3060LAPTOP 10'!F$1,$A6-1,0) -> 1982.69 | H6: =OFFSET('3060LAPTOP 10'!G$1,$A6-1,0) -> 3787.3732 | I6: =OFFSET('3060LAPTOP 10'!H$1,$A6-1,0) -> 7666.159 | J6: =OFFSET('3060LAPTOP 10'!I$1,$A6-1,0) -> 15021.706 | K6: =OFFSET('3060LAPTOP 10'!J$1,$A6-1,0) -> 30206.626 | O6: 100 | P6: МО | Q6: =OFFSET('3060LAPTOP 100'!D$1,$A$4-1,0) -> 15.925028 | R6: =OFFSET('3060LAPTOP 100'!E$1,$A$4-1,0) -> 19.213642 | S6: =OFFSET('3060LAPTOP 100'!F$1,$A$4-1,0) -> 20.89692 | T6: =OFFSET('3060LAPTOP 100'!G$1,$A$4-1,0) -> 21.533306 | U6: =OFFSET('3060LAPTOP 100'!H$1,$A$4-1,0) -> 19.015856 | V6: =OFFSET('3060LAPTOP 100'!I$1,$A$4-1,0) -> 20.967085 | W6: =OFFSET('3060LAPTOP 100'!J$1,$A$4-1,0) -> 22.907659
D7: ДИ | E7: =OFFSET('3060LAPTOP 10'!D$1,$A6-1+$A$1,0) -> 4.162287 | F7: =OFFSET('3060LAPTOP 10'!E$1,$A6-1+$A$1,0) -> 4.1114063 | G7: =OFFSET('3060LAPTOP 10'!F$1,$A6-1+$A$1,0) -> 9.9600752 | H7: =OFFSET('3060LAPTOP 10'!G$1,$A6-1+$A$1,0) -> 10.371022 | I7: =OFFSET('3060LAPTOP 10'!H$1,$A6-1+$A$1,0) -> 60.114895 | J7: =OFFSET('3060LAPTOP 10'!I$1,$A6-1+$A$1,0) -> 32.345265 | K7: =OFFSET('3060LAPTOP 10'!J$1,$A6-1+$A$1,0) -> 64.000996 | P7: ДИ | Q7: =OFFSET('3060LAPTOP 100'!D$1,$A$4-1+$A$1,0) -> 0 | R7: =OFFSET('3060LAPTOP 100'!E$1,$A$4-1+$A$1,0) -> 0 | S7: =OFFSET('3060LAPTOP 100'!F$1,$A$4-1+$A$1,0) -> 0 | T7: =OFFSET('3060LAPTOP 100'!G$1,$A$4-1+$A$1,0) -> 0 | U7: =OFFSET('3060LAPTOP 100'!H$1,$A$4-1+$A$1,0) -> 0 | V7: =OFFSET('3060LAPTOP 100'!I$1,$A$4-1+$A$1,0) -> 0 | W7: =OFFSET('3060LAPTOP 100'!J$1,$A$4-1+$A$1,0) -> 0
A8: 5 | B8: =OFFSET('3060LAPTOP 10'!$C$1,A8-1,0) -> omp | C8: Matrix ACO + OMP | D8: МО | E8: =OFFSET('3060LAPTOP 10'!D$1,$A8-1,0) -> 537.58286 | F8: =OFFSET('3060LAPTOP 10'!E$1,$A8-1,0) -> 1010.2038 | G8: =OFFSET('3060LAPTOP 10'!F$1,$A8-1,0) -> 1940.0652 | H8: =OFFSET('3060LAPTOP 10'!G$1,$A8-1,0) -> 3816.501 | I8: =OFFSET('3060LAPTOP 10'!H$1,$A8-1,0) -> 7811.4766 | J8: =OFFSET('3060LAPTOP 10'!I$1,$A8-1,0) -> 15154.872 | K8: =OFFSET('3060LAPTOP 10'!J$1,$A8-1,0) -> 30090.164 | O8: 1000 | P8: МО | Q8: =OFFSET('3060LAPTOP 1000'!D$1,$A$4-1,0) -> 19.635403 | R8: =OFFSET('3060LAPTOP 1000'!E$1,$A$4-1,0) -> 23.324759 | S8: =OFFSET('3060LAPTOP 1000'!F$1,$A$4-1,0) -> 28.373104 | T8: =OFFSET('3060LAPTOP 1000'!G$1,$A$4-1,0) -> 29.57483
D9: ДИ | E9: =OFFSET('3060LAPTOP 10'!D$1,$A8-1+$A$1,0) -> 4.5095966 | F9: =OFFSET('3060LAPTOP 10'!E$1,$A8-1+$A$1,0) -> 2.6951641 | G9: =OFFSET('3060LAPTOP 10'!F$1,$A8-1+$A$1,0) -> 2.3080237 | H9: =OFFSET('3060LAPTOP 10'!G$1,$A8-1+$A$1,0) -> 8.7723176 | I9: =OFFSET('3060LAPTOP 10'!H$1,$A8-1+$A$1,0) -> 17.021157 | J9: =OFFSET('3060LAPTOP 10'!I$1,$A8-1+$A$1,0) -> 24.822803 | K9: =OFFSET('3060LAPTOP 10'!J$1,$A8-1+$A$1,0) -> 31.215446 | P9: ДИ | Q9: =OFFSET('3060LAPTOP 1000'!D$1,$A$4-1+$A$1,0) -> 0 | R9: =OFFSET('3060LAPTOP 1000'!E$1,$A$4-1+$A$1,0) -> 0 | S9: =OFFSET('3060LAPTOP 1000'!F$1,$A$4-1+$A$1,0) -> 0 | T9: =OFFSET('3060LAPTOP 1000'!G$1,$A$4-1+$A$1,0) -> 0
A10: 6 | B10: =OFFSET('3060LAPTOP 10'!$C$1,A10-1,0) -> 0 | D10: МО | E10: =OFFSET('3060LAPTOP 10'!D$1,$A10-1,0) -> 0 | F10: =OFFSET('3060LAPTOP 10'!E$1,$A10-1,0) -> 0 | G10: =OFFSET('3060LAPTOP 10'!F$1,$A10-1,0) -> 0 | H10: =OFFSET('3060LAPTOP 10'!G$1,$A10-1,0) -> 0 | I10: =OFFSET('3060LAPTOP 10'!H$1,$A10-1,0) -> 0 | J10: =OFFSET('3060LAPTOP 10'!I$1,$A10-1,0) -> 0 | K10: =OFFSET('3060LAPTOP 10'!J$1,$A10-1,0) -> 0 | O10: 10000 | P10: МО | Q10: =OFFSET('3060LAPTOP 10000'!D$1,$A$4-1,0) -> 33.794018 | R10: =OFFSET('3060LAPTOP 10000'!E$1,$A$4-1,0) -> 47.950971 | S10: =OFFSET('3060LAPTOP 10000'!F$1,$A$4-1,0) -> 33.248451
D11: ДИ | E11: =OFFSET('3060LAPTOP 10'!D$1,$A10-1+$A$1,0) -> 0 | F11: =OFFSET('3060LAPTOP 10'!E$1,$A10-1+$A$1,0) -> 0 | G11: =OFFSET('3060LAPTOP 10'!F$1,$A10-1+$A$1,0) -> 0 | H11: =OFFSET('3060LAPTOP 10'!G$1,$A10-1+$A$1,0) -> 0 | I11: =OFFSET('3060LAPTOP 10'!H$1,$A10-1+$A$1,0) -> 0 | J11: =OFFSET('3060LAPTOP 10'!I$1,$A10-1+$A$1,0) -> 0 | K11: =OFFSET('3060LAPTOP 10'!J$1,$A10-1+$A$1,0) -> 0 | P11: ДИ | Q11: =OFFSET('3060LAPTOP 10000'!D$1,$A$4-1+$A$1,0) -> 0 | R11: =OFFSET('3060LAPTOP 10000'!E$1,$A$4-1+$A$1,0) -> 0 | S11: =OFFSET('3060LAPTOP 10000'!F$1,$A$4-1+$A$1,0) -> 0
A12: 7 | B12: =OFFSET('3060LAPTOP 10'!$C$1,A12-1,0) -> 0 | D12: МО | E12: =OFFSET('3060LAPTOP 10'!D$1,$A12-1,0) -> 0 | F12: =OFFSET('3060LAPTOP 10'!E$1,$A12-1,0) -> 0 | G12: =OFFSET('3060LAPTOP 10'!F$1,$A12-1,0) -> 0 | H12: =OFFSET('3060LAPTOP 10'!G$1,$A12-1,0) -> 0 | I12: =OFFSET('3060LAPTOP 10'!H$1,$A12-1,0) -> 0 | J12: =OFFSET('3060LAPTOP 10'!I$1,$A12-1,0) -> 0 | K12: =OFFSET('3060LAPTOP 10'!J$1,$A12-1,0) -> 0
D13: ДИ | E13: =OFFSET('3060LAPTOP 10'!D$1,$A12-1+$A$1,0) -> 0 | F13: =OFFSET('3060LAPTOP 10'!E$1,$A12-1+$A$1,0) -> 0 | G13: =OFFSET('3060LAPTOP 10'!F$1,$A12-1+$A$1,0) -> 0 | H13: =OFFSET('3060LAPTOP 10'!G$1,$A12-1+$A$1,0) -> 0 | I13: =OFFSET('3060LAPTOP 10'!H$1,$A12-1+$A$1,0) -> 0 | J13: =OFFSET('3060LAPTOP 10'!I$1,$A12-1+$A$1,0) -> 0 | K13: =OFFSET('3060LAPTOP 10'!J$1,$A12-1+$A$1,0) -> 0
A14: 8 | B14: =OFFSET('3060LAPTOP 10'!$C$1,A14-1,0) -> non CUDA transp Time | C14: Transp Matrix ACO | D14: МО | E14: =OFFSET('3060LAPTOP 10'!D$1,$A14-1,0) -> 568.438 | F14: =OFFSET('3060LAPTOP 10'!E$1,$A14-1,0) -> 1053.3364 | G14: =OFFSET('3060LAPTOP 10'!F$1,$A14-1,0) -> 1978.4418 | H14: =OFFSET('3060LAPTOP 10'!G$1,$A14-1,0) -> 3846.794 | I14: =OFFSET('3060LAPTOP 10'!H$1,$A14-1,0) -> 7448.5196 | J14: =OFFSET('3060LAPTOP 10'!I$1,$A14-1,0) -> 14762.202 | K14: =OFFSET('3060LAPTOP 10'!J$1,$A14-1,0) -> 30250.246
D15: ДИ | E15: =OFFSET('3060LAPTOP 10'!D$1,$A14-1+$A$1,0) -> 1.8204707 | F15: =OFFSET('3060LAPTOP 10'!E$1,$A14-1+$A$1,0) -> 3.8753483 | G15: =OFFSET('3060LAPTOP 10'!F$1,$A14-1+$A$1,0) -> 4.5432578 | H15: =OFFSET('3060LAPTOP 10'!G$1,$A14-1+$A$1,0) -> 10.662725 | I15: =OFFSET('3060LAPTOP 10'!H$1,$A14-1+$A$1,0) -> 54.370394 | J15: =OFFSET('3060LAPTOP 10'!I$1,$A14-1+$A$1,0) -> 42.063281 | K15: =OFFSET('3060LAPTOP 10'!J$1,$A14-1+$A$1,0) -> 267.89042
A16: 9 | B16: =OFFSET('3060LAPTOP 10'!$C$1,A16-1,0) -> non CUDA transp_AVX Time | C16: Transp Matrix ACO + AVX | D16: МО | E16: =OFFSET('3060LAPTOP 10'!D$1,$A16-1,0) -> 0 | F16: =OFFSET('3060LAPTOP 10'!E$1,$A16-1,0) -> 1098.6976 | G16: =OFFSET('3060LAPTOP 10'!F$1,$A16-1,0) -> 2044.9888 | H16: =OFFSET('3060LAPTOP 10'!G$1,$A16-1,0) -> 3966.7574 | I16: =OFFSET('3060LAPTOP 10'!H$1,$A16-1,0) -> 7436.0804 | J16: =OFFSET('3060LAPTOP 10'!I$1,$A16-1,0) -> 14843.796 | K16: =OFFSET('3060LAPTOP 10'!J$1,$A16-1,0) -> 31936.964
D17: ДИ | E17: =OFFSET('3060LAPTOP 10'!D$1,$A16-1+$A$1,0) -> #DIV/0! | F17: =OFFSET('3060LAPTOP 10'!E$1,$A16-1+$A$1,0) -> 2.8504952 | G17: =OFFSET('3060LAPTOP 10'!F$1,$A16-1+$A$1,0) -> 5.3846166 | H17: =OFFSET('3060LAPTOP 10'!G$1,$A16-1+$A$1,0) -> 8.9149103 | I17: =OFFSET('3060LAPTOP 10'!H$1,$A16-1+$A$1,0) -> 24.151619 | J17: =OFFSET('3060LAPTOP 10'!I$1,$A16-1+$A$1,0) -> 35.840002 | K17: =OFFSET('3060LAPTOP 10'!J$1,$A16-1+$A$1,0) -> 374.98378
A18: 10 | B18: =OFFSET('3060LAPTOP 10'!$C$1,A18-1,0) -> non CUDA transp_AVX_OMP Time | C18: Transp Matrix ACO + AVX + OPM | D18: МО | E18: =OFFSET('3060LAPTOP 10'!D$1,$A18-1,0) -> 0 | F18: =OFFSET('3060LAPTOP 10'!E$1,$A18-1,0) -> 1100.0656 | G18: =OFFSET('3060LAPTOP 10'!F$1,$A18-1,0) -> 2057.818 | H18: =OFFSET('3060LAPTOP 10'!G$1,$A18-1,0) -> 3962.725 | I18: =OFFSET('3060LAPTOP 10'!H$1,$A18-1,0) -> 7628.956 | J18: =OFFSET('3060LAPTOP 10'!I$1,$A18-1,0) -> 14841.382 | K18: =OFFSET('3060LAPTOP 10'!J$1,$A18-1,0) -> 30129.486
D19: ДИ | E19: =OFFSET('3060LAPTOP 10'!D$1,$A18-1+$A$1,0) -> #DIV/0! | F19: =OFFSET('3060LAPTOP 10'!E$1,$A18-1+$A$1,0) -> 2.8913993 | G19: =OFFSET('3060LAPTOP 10'!F$1,$A18-1+$A$1,0) -> 4.938096 | H19: =OFFSET('3060LAPTOP 10'!G$1,$A18-1+$A$1,0) -> 7.4898968 | I19: =OFFSET('3060LAPTOP 10'!H$1,$A18-1+$A$1,0) -> 97.841238 | J19: =OFFSET('3060LAPTOP 10'!I$1,$A18-1+$A$1,0) -> 37.562936 | K19: =OFFSET('3060LAPTOP 10'!J$1,$A18-1+$A$1,0) -> 53.077585
A20: 3 | B20: =OFFSET('3060LAPTOP 100'!$C$1,A20-1,0) -> Classic ACO | C20: Classic ACO | D20: МО | E20: =OFFSET('3060LAPTOP 100'!D$1,$A20-1,0) -> 6150.9388 | F20: =OFFSET('3060LAPTOP 100'!E$1,$A20-1,0) -> 11699.452 | G20: =OFFSET('3060LAPTOP 100'!F$1,$A20-1,0) -> 21907.942 | H20: =OFFSET('3060LAPTOP 100'!G$1,$A20-1,0) -> 42192.442 | I20: =OFFSET('3060LAPTOP 100'!H$1,$A20-1,0) -> 84585.998 | J20: =OFFSET('3060LAPTOP 100'!I$1,$A20-1,0) -> 167119.54 | K20: =OFFSET('3060LAPTOP 100'!J$1,$A20-1,0) -> 334990.88
D21: ДИ | E21: =OFFSET('3060LAPTOP 100'!D$1,$A20-1+$A$1,0) -> 79.627185 | F21: =OFFSET('3060LAPTOP 100'!E$1,$A20-1+$A$1,0) -> 103.75779 | G21: =OFFSET('3060LAPTOP 100'!F$1,$A20-1+$A$1,0) -> 548.80687 | H21: =OFFSET('3060LAPTOP 100'!G$1,$A20-1+$A$1,0) -> 104.07401 | I21: =OFFSET('3060LAPTOP 100'!H$1,$A20-1+$A$1,0) -> 495.75429 | J21: =OFFSET('3060LAPTOP 100'!I$1,$A20-1+$A$1,0) -> 117.81389 | K21: =OFFSET('3060LAPTOP 100'!J$1,$A20-1+$A$1,0) -> 363.76748
A22: 4 | B22: =OFFSET('3060LAPTOP 100'!$C$1,A22-1,0) -> non CUDA Time | C22: Matrix ACO | D22: МО | E22: =OFFSET('3060LAPTOP 100'!D$1,$A22-1,0) -> 377.87502 | F22: =OFFSET('3060LAPTOP 100'!E$1,$A22-1,0) -> 628.52904 | G22: =OFFSET('3060LAPTOP 100'!F$1,$A22-1,0) -> 1019.9844 | H22: =OFFSET('3060LAPTOP 100'!G$1,$A22-1,0) -> 1919.3218 | I22: =OFFSET('3060LAPTOP 100'!H$1,$A22-1,0) -> 3993.9212 | J22: =OFFSET('3060LAPTOP 100'!I$1,$A22-1,0) -> 7926.0674 | K22: =OFFSET('3060LAPTOP 100'!J$1,$A22-1,0) -> 14356.124
D23: ДИ | E23: =OFFSET('3060LAPTOP 100'!D$1,$A22-1+$A$1,0) -> 11.311722 | F23: =OFFSET('3060LAPTOP 100'!E$1,$A22-1+$A$1,0) -> 11.570179 | G23: =OFFSET('3060LAPTOP 100'!F$1,$A22-1+$A$1,0) -> 11.157862 | H23: =OFFSET('3060LAPTOP 100'!G$1,$A22-1+$A$1,0) -> 12.959429 | I23: =OFFSET('3060LAPTOP 100'!H$1,$A22-1+$A$1,0) -> 26.157707 | J23: =OFFSET('3060LAPTOP 100'!I$1,$A22-1+$A$1,0) -> 44.148906 | K23: =OFFSET('3060LAPTOP 100'!J$1,$A22-1+$A$1,0) -> 67.453153
A24: 5 | B24: =OFFSET('3060LAPTOP 100'!$C$1,A24-1,0) -> omp | C24: Matrix ACO + OMP | D24: МО | E24: =OFFSET('3060LAPTOP 100'!D$1,$A24-1,0) -> 292.0631 | F24: =OFFSET('3060LAPTOP 100'!E$1,$A24-1,0) -> 525.01036 | G24: =OFFSET('3060LAPTOP 100'!F$1,$A24-1,0) -> 921.35106 | H24: =OFFSET('3060LAPTOP 100'!G$1,$A24-1,0) -> 1785.4644 | I24: =OFFSET('3060LAPTOP 100'!H$1,$A24-1,0) -> 4317.2568 | J24: =OFFSET('3060LAPTOP 100'!I$1,$A24-1,0) -> 7838.8054 | K24: =OFFSET('3060LAPTOP 100'!J$1,$A24-1,0) -> 14374.004
D25: ДИ | E25: =OFFSET('3060LAPTOP 100'!D$1,$A24-1+$A$1,0) -> 1.5476465 | F25: =OFFSET('3060LAPTOP 100'!E$1,$A24-1+$A$1,0) -> 7.1101134 | G25: =OFFSET('3060LAPTOP 100'!F$1,$A24-1+$A$1,0) -> 4.056149 | H25: =OFFSET('3060LAPTOP 100'!G$1,$A24-1+$A$1,0) -> 7.3240946 | I25: =OFFSET('3060LAPTOP 100'!H$1,$A24-1+$A$1,0) -> 68.173488 | J25: =OFFSET('3060LAPTOP 100'!I$1,$A24-1+$A$1,0) -> 39.789862 | K25: =OFFSET('3060LAPTOP 100'!J$1,$A24-1+$A$1,0) -> 39.506517
A26: 6 | B26: =OFFSET('3060LAPTOP 100'!$C$1,A26-1,0) -> non CUDA AVX Time | C26: Matrix ACO + AVX | D26: МО | E26: =OFFSET('3060LAPTOP 100'!D$1,$A26-1,0) -> 386.24352 | F26: =OFFSET('3060LAPTOP 100'!E$1,$A26-1,0) -> 608.9138 | G26: =OFFSET('3060LAPTOP 100'!F$1,$A26-1,0) -> 1048.3814 | H26: =OFFSET('3060LAPTOP 100'!G$1,$A26-1,0) -> 1959.4038 | I26: =OFFSET('3060LAPTOP 100'!H$1,$A26-1,0) -> 4448.1824 | J26: =OFFSET('3060LAPTOP 100'!I$1,$A26-1,0) -> 7970.5664 | K26: =OFFSET('3060LAPTOP 100'!J$1,$A26-1,0) -> 14623.532
D27: ДИ | E27: =OFFSET('3060LAPTOP 100'!D$1,$A26-1+$A$1,0) -> 3.2499856 | F27: =OFFSET('3060LAPTOP 100'!E$1,$A26-1+$A$1,0) -> 3.3119198 | G27: =OFFSET('3060LAPTOP 100'!F$1,$A26-1+$A$1,0) -> 8.3815579 | H27: =OFFSET('3060LAPTOP 100'!G$1,$A26-1+$A$1,0) -> 8.4971803 | I27: =OFFSET('3060LAPTOP 100'!H$1,$A26-1+$A$1,0) -> 14.832656 | J27: =OFFSET('3060LAPTOP 100'!I$1,$A26-1+$A$1,0) -> 40.630595 | K27: =OFFSET('3060LAPTOP 100'!J$1,$A26-1+$A$1,0) -> 47.600011
A28: 7 | B28: =OFFSET('3060LAPTOP 100'!$C$1,A28-1,0) -> non CUDA AVX_OMP Time | C28: Matrix ACO + AVX + OMP | D28: МО | E28: =OFFSET('3060LAPTOP 100'!D$1,$A28-1,0) -> 261.53294 | F28: =OFFSET('3060LAPTOP 100'!E$1,$A28-1,0) -> 472.43312 | G28: =OFFSET('3060LAPTOP 100'!F$1,$A28-1,0) -> 878.0744 | H28: =OFFSET('3060LAPTOP 100'!G$1,$A28-1,0) -> 1787.109 | I28: =OFFSET('3060LAPTOP 100'!H$1,$A28-1,0) -> 4006.3106 | J28: =OFFSET('3060LAPTOP 100'!I$1,$A28-1,0) -> 7005.3984 | K28: =OFFSET('3060LAPTOP 100'!J$1,$A28-1,0) -> 15607.48
D29: ДИ | E29: =OFFSET('3060LAPTOP 100'!D$1,$A28-1+$A$1,0) -> 1.3801452 | F29: =OFFSET('3060LAPTOP 100'!E$1,$A28-1+$A$1,0) -> 1.7078183 | G29: =OFFSET('3060LAPTOP 100'!F$1,$A28-1+$A$1,0) -> 1.7094217 | H29: =OFFSET('3060LAPTOP 100'!G$1,$A28-1+$A$1,0) -> 3.9946456 | I29: =OFFSET('3060LAPTOP 100'!H$1,$A28-1+$A$1,0) -> 16.975104 | J29: =OFFSET('3060LAPTOP 100'!I$1,$A28-1+$A$1,0) -> 32.606325 | K29: =OFFSET('3060LAPTOP 100'!J$1,$A28-1+$A$1,0) -> 53.502234
A30: 8 | B30: =OFFSET('3060LAPTOP 100'!$C$1,A30-1,0) -> non CUDA transp Time | C30: Transp Matrix ACO | D30: МО | E30: =OFFSET('3060LAPTOP 100'!D$1,$A30-1,0) -> 361.17894 | F30: =OFFSET('3060LAPTOP 100'!E$1,$A30-1,0) -> 600.7946 | G30: =OFFSET('3060LAPTOP 100'!F$1,$A30-1,0) -> 1048.018 | H30: =OFFSET('3060LAPTOP 100'!G$1,$A30-1,0) -> 1917.3048 | I30: =OFFSET('3060LAPTOP 100'!H$1,$A30-1,0) -> 4471.6644 | J30: =OFFSET('3060LAPTOP 100'!I$1,$A30-1,0) -> 7685.0462 | K30: =OFFSET('3060LAPTOP 100'!J$1,$A30-1,0) -> 16599.42
D31: ДИ | E31: =OFFSET('3060LAPTOP 100'!D$1,$A30-1+$A$1,0) -> 3.4910542 | F31: =OFFSET('3060LAPTOP 100'!E$1,$A30-1+$A$1,0) -> 5.8646902 | G31: =OFFSET('3060LAPTOP 100'!F$1,$A30-1+$A$1,0) -> 12.606187 | H31: =OFFSET('3060LAPTOP 100'!G$1,$A30-1+$A$1,0) -> 4.9558833 | I31: =OFFSET('3060LAPTOP 100'!H$1,$A30-1+$A$1,0) -> 16.655409 | J31: =OFFSET('3060LAPTOP 100'!I$1,$A30-1+$A$1,0) -> 14.958921 | K31: =OFFSET('3060LAPTOP 100'!J$1,$A30-1+$A$1,0) -> 29.110331
A32: 9 | B32: =OFFSET('3060LAPTOP 100'!$C$1,A32-1,0) -> non CUDA transp_AVX Time | C32: Transp Matrix ACO + AVX | D32: МО | E32: =OFFSET('3060LAPTOP 100'!D$1,$A32-1,0) -> 394.9219 | F32: =OFFSET('3060LAPTOP 100'!E$1,$A32-1,0) -> 633.21774 | G32: =OFFSET('3060LAPTOP 100'!F$1,$A32-1,0) -> 1081.4722 | H32: =OFFSET('3060LAPTOP 100'!G$1,$A32-1,0) -> 2050.7576 | I32: =OFFSET('3060LAPTOP 100'!H$1,$A32-1,0) -> 4547.41 | J32: =OFFSET('3060LAPTOP 100'!I$1,$A32-1,0) -> 7768.6138 | K32: =OFFSET('3060LAPTOP 100'!J$1,$A32-1,0) -> 16659.336
D33: ДИ | E33: =OFFSET('3060LAPTOP 100'!D$1,$A32-1+$A$1,0) -> 3.828803 | F33: =OFFSET('3060LAPTOP 100'!E$1,$A32-1+$A$1,0) -> 4.9582398 | G33: =OFFSET('3060LAPTOP 100'!F$1,$A32-1+$A$1,0) -> 6.2008624 | H33: =OFFSET('3060LAPTOP 100'!G$1,$A32-1+$A$1,0) -> 5.564167 | I33: =OFFSET('3060LAPTOP 100'!H$1,$A32-1+$A$1,0) -> 12.872022 | J33: =OFFSET('3060LAPTOP 100'!I$1,$A32-1+$A$1,0) -> 25.412145 | K33: =OFFSET('3060LAPTOP 100'!J$1,$A32-1+$A$1,0) -> 32.512805
A34: 10 | B34: =OFFSET('3060LAPTOP 100'!$C$1,A34-1,0) -> non CUDA transp_AVX_OMP Time | C34: Transp Matrix ACO + AVX + OPM | D34: МО | E34: =OFFSET('3060LAPTOP 100'!D$1,$A34-1,0) -> 393.51114 | F34: =OFFSET('3060LAPTOP 100'!E$1,$A34-1,0) -> 632.0437 | G34: =OFFSET('3060LAPTOP 100'!F$1,$A34-1,0) -> 1095.9862 | H34: =OFFSET('3060LAPTOP 100'!G$1,$A34-1,0) -> 2033.1584 | I34: =OFFSET('3060LAPTOP 100'!H$1,$A34-1,0) -> 4555.7548 | J34: =OFFSET('3060LAPTOP 100'!I$1,$A34-1,0) -> 7755.5442 | K34: =OFFSET('3060LAPTOP 100'!J$1,$A34-1,0) -> 16691.11
D35: ДИ | E35: =OFFSET('3060LAPTOP 100'!D$1,$A34-1+$A$1,0) -> 4.0252017 | F35: =OFFSET('3060LAPTOP 100'!E$1,$A34-1+$A$1,0) -> 3.6597519 | G35: =OFFSET('3060LAPTOP 100'!F$1,$A34-1+$A$1,0) -> 8.0015198 | H35: =OFFSET('3060LAPTOP 100'!G$1,$A34-1+$A$1,0) -> 5.5888277 | I35: =OFFSET('3060LAPTOP 100'!H$1,$A34-1+$A$1,0) -> 13.120159 | J35: =OFFSET('3060LAPTOP 100'!I$1,$A34-1+$A$1,0) -> 15.502058 | K35: =OFFSET('3060LAPTOP 100'!J$1,$A34-1+$A$1,0) -> 26.473442
A36: 3 | B36: =OFFSET('3060LAPTOP 1000'!$C$1,A36-1,0) -> Classic ACO | C36: Classic ACO | D36: МО | E36: =OFFSET('3060LAPTOP 1000'!D$1,$A36-1,0) -> 24196.248 | F36: =OFFSET('3060LAPTOP 1000'!E$1,$A36-1,0) -> 47270.152 | G36: =OFFSET('3060LAPTOP 1000'!F$1,$A36-1,0) -> 94088.622 | H36: =OFFSET('3060LAPTOP 1000'!G$1,$A36-1,0) -> 187213.28 | I36: =OFFSET('3060LAPTOP 1000'!H$1,$A36-1,0) -> 0 | J36: =OFFSET('3060LAPTOP 1000'!I$1,$A36-1,0) -> 0 | K36: =OFFSET('3060LAPTOP 1000'!J$1,$A36-1,0) -> 0
D37: ДИ | E37: =OFFSET('3060LAPTOP 1000'!D$1,$A36-1+$A$1,0) -> 147.55029 | F37: =OFFSET('3060LAPTOP 1000'!E$1,$A36-1+$A$1,0) -> 126.61606 | G37: =OFFSET('3060LAPTOP 1000'!F$1,$A36-1+$A$1,0) -> 654.50318 | H37: =OFFSET('3060LAPTOP 1000'!G$1,$A36-1+$A$1,0) -> 303.97216 | I37: =OFFSET('3060LAPTOP 1000'!H$1,$A36-1+$A$1,0) -> 0 | J37: =OFFSET('3060LAPTOP 1000'!I$1,$A36-1+$A$1,0) -> 0 | K37: =OFFSET('3060LAPTOP 1000'!J$1,$A36-1+$A$1,0) -> 0
A38: 4 | B38: =OFFSET('3060LAPTOP 1000'!$C$1,A38-1,0) -> non CUDA Time | C38: Matrix ACO | D38: МО | E38: =OFFSET('3060LAPTOP 1000'!D$1,$A38-1,0) -> 1244.8464 | F38: =OFFSET('3060LAPTOP 1000'!E$1,$A38-1,0) -> 1969.7956 | G38: =OFFSET('3060LAPTOP 1000'!F$1,$A38-1,0) -> 3308.7164 | H38: =OFFSET('3060LAPTOP 1000'!G$1,$A38-1,0) -> 6320.3386 | I38: =OFFSET('3060LAPTOP 1000'!H$1,$A38-1,0) -> 0 | J38: =OFFSET('3060LAPTOP 1000'!I$1,$A38-1,0) -> 0 | K38: =OFFSET('3060LAPTOP 1000'!J$1,$A38-1,0) -> 0
D39: ДИ | E39: =OFFSET('3060LAPTOP 1000'!D$1,$A38-1+$A$1,0) -> 10.366439 | F39: =OFFSET('3060LAPTOP 1000'!E$1,$A38-1+$A$1,0) -> 11.484492 | G39: =OFFSET('3060LAPTOP 1000'!F$1,$A38-1+$A$1,0) -> 23.807976 | H39: =OFFSET('3060LAPTOP 1000'!G$1,$A38-1+$A$1,0) -> 33.315389 | I39: =OFFSET('3060LAPTOP 1000'!H$1,$A38-1+$A$1,0) -> 0 | J39: =OFFSET('3060LAPTOP 1000'!I$1,$A38-1+$A$1,0) -> 0 | K39: =OFFSET('3060LAPTOP 1000'!J$1,$A38-1+$A$1,0) -> 0
A40: 5 | B40: =OFFSET('3060LAPTOP 1000'!$C$1,A40-1,0) -> omp | C40: Matrix ACO + OMP | D40: МО | E40: =OFFSET('3060LAPTOP 1000'!D$1,$A40-1,0) -> 706.01596 | F40: =OFFSET('3060LAPTOP 1000'!E$1,$A40-1,0) -> 1300.9078 | G40: =OFFSET('3060LAPTOP 1000'!F$1,$A40-1,0) -> 2619.494 | H40: =OFFSET('3060LAPTOP 1000'!G$1,$A40-1,0) -> 5415.8602 | I40: =OFFSET('3060LAPTOP 1000'!H$1,$A40-1,0) -> 0 | J40: =OFFSET('3060LAPTOP 1000'!I$1,$A40-1,0) -> 0 | K40: =OFFSET('3060LAPTOP 1000'!J$1,$A40-1,0) -> 0
D41: ДИ | E41: =OFFSET('3060LAPTOP 1000'!D$1,$A40-1+$A$1,0) -> 8.6065099 | F41: =OFFSET('3060LAPTOP 1000'!E$1,$A40-1+$A$1,0) -> 7.6805601 | G41: =OFFSET('3060LAPTOP 1000'!F$1,$A40-1+$A$1,0) -> 17.559287 | H41: =OFFSET('3060LAPTOP 1000'!G$1,$A40-1+$A$1,0) -> 60.708278 | I41: =OFFSET('3060LAPTOP 1000'!H$1,$A40-1+$A$1,0) -> 0 | J41: =OFFSET('3060LAPTOP 1000'!I$1,$A40-1+$A$1,0) -> 0 | K41: =OFFSET('3060LAPTOP 1000'!J$1,$A40-1+$A$1,0) -> 0
A42: 6 | B42: =OFFSET('3060LAPTOP 1000'!$C$1,A42-1,0) -> non CUDA AVX Time | C42: Matrix ACO + AVX | D42: МО | E42: =OFFSET('3060LAPTOP 1000'!D$1,$A42-1,0) -> 1232.2766 | F42: =OFFSET('3060LAPTOP 1000'!E$1,$A42-1,0) -> 2026.6084 | G42: =OFFSET('3060LAPTOP 1000'!F$1,$A42-1,0) -> 3316.1202 | H42: =OFFSET('3060LAPTOP 1000'!G$1,$A42-1,0) -> 6330.1558 | I42: =OFFSET('3060LAPTOP 1000'!H$1,$A42-1,0) -> 0 | J42: =OFFSET('3060LAPTOP 1000'!I$1,$A42-1,0) -> 0 | K42: =OFFSET('3060LAPTOP 1000'!J$1,$A42-1,0) -> 0
D43: ДИ | E43: =OFFSET('3060LAPTOP 1000'!D$1,$A42-1+$A$1,0) -> 11.560275 | F43: =OFFSET('3060LAPTOP 1000'!E$1,$A42-1+$A$1,0) -> 17.891101 | G43: =OFFSET('3060LAPTOP 1000'!F$1,$A42-1+$A$1,0) -> 17.760414 | H43: =OFFSET('3060LAPTOP 1000'!G$1,$A42-1+$A$1,0) -> 39.755919 | I43: =OFFSET('3060LAPTOP 1000'!H$1,$A42-1+$A$1,0) -> 0 | J43: =OFFSET('3060LAPTOP 1000'!I$1,$A42-1+$A$1,0) -> 0 | K43: =OFFSET('3060LAPTOP 1000'!J$1,$A42-1+$A$1,0) -> 0
A44: 7 | B44: =OFFSET('3060LAPTOP 1000'!$C$1,A44-1,0) -> non CUDA AVX_OMP Time | C44: Matrix ACO + AVX + OMP | D44: МО | E44: =OFFSET('3060LAPTOP 1000'!D$1,$A44-1,0) -> 655.69732 | F44: =OFFSET('3060LAPTOP 1000'!E$1,$A44-1,0) -> 1322.272 | G44: =OFFSET('3060LAPTOP 1000'!F$1,$A44-1,0) -> 2575.1058 | H44: =OFFSET('3060LAPTOP 1000'!G$1,$A44-1,0) -> 5197.304 | I44: =OFFSET('3060LAPTOP 1000'!H$1,$A44-1,0) -> 0 | J44: =OFFSET('3060LAPTOP 1000'!I$1,$A44-1,0) -> 0 | K44: =OFFSET('3060LAPTOP 1000'!J$1,$A44-1,0) -> 0
D45: ДИ | E45: =OFFSET('3060LAPTOP 1000'!D$1,$A44-1+$A$1,0) -> 3.4974984 | F45: =OFFSET('3060LAPTOP 1000'!E$1,$A44-1+$A$1,0) -> 8.1978087 | G45: =OFFSET('3060LAPTOP 1000'!F$1,$A44-1+$A$1,0) -> 16.590583 | H45: =OFFSET('3060LAPTOP 1000'!G$1,$A44-1+$A$1,0) -> 39.114428 | I45: =OFFSET('3060LAPTOP 1000'!H$1,$A44-1+$A$1,0) -> 0 | J45: =OFFSET('3060LAPTOP 1000'!I$1,$A44-1+$A$1,0) -> 0 | K45: =OFFSET('3060LAPTOP 1000'!J$1,$A44-1+$A$1,0) -> 0
A46: 8 | B46: =OFFSET('3060LAPTOP 1000'!$C$1,A46-1,0) -> non CUDA transp Time | C46: Transp Matrix ACO | D46: МО | E46: =OFFSET('3060LAPTOP 1000'!D$1,$A46-1,0) -> 787.5217 | F46: =OFFSET('3060LAPTOP 1000'!E$1,$A46-1,0) -> 1484.0466 | G46: =OFFSET('3060LAPTOP 1000'!F$1,$A46-1,0) -> 2880.6154 | H46: =OFFSET('3060LAPTOP 1000'!G$1,$A46-1,0) -> 6286.6398 | I46: =OFFSET('3060LAPTOP 1000'!H$1,$A46-1,0) -> 0 | J46: =OFFSET('3060LAPTOP 1000'!I$1,$A46-1,0) -> 0 | K46: =OFFSET('3060LAPTOP 1000'!J$1,$A46-1,0) -> 0
D47: ДИ | E47: =OFFSET('3060LAPTOP 1000'!D$1,$A46-1+$A$1,0) -> 4.0793012 | F47: =OFFSET('3060LAPTOP 1000'!E$1,$A46-1+$A$1,0) -> 7.1011519 | G47: =OFFSET('3060LAPTOP 1000'!F$1,$A46-1+$A$1,0) -> 7.7826536 | H47: =OFFSET('3060LAPTOP 1000'!G$1,$A46-1+$A$1,0) -> 19.745944 | I47: =OFFSET('3060LAPTOP 1000'!H$1,$A46-1+$A$1,0) -> 0 | J47: =OFFSET('3060LAPTOP 1000'!I$1,$A46-1+$A$1,0) -> 0 | K47: =OFFSET('3060LAPTOP 1000'!J$1,$A46-1+$A$1,0) -> 0
A48: 9 | B48: =OFFSET('3060LAPTOP 1000'!$C$1,A48-1,0) -> non CUDA transp_AVX Time | C48: Transp Matrix ACO + AVX | D48: МО | E48: =OFFSET('3060LAPTOP 1000'!D$1,$A48-1,0) -> 0 | F48: =OFFSET('3060LAPTOP 1000'!E$1,$A48-1,0) -> 1505.5848 | G48: =OFFSET('3060LAPTOP 1000'!F$1,$A48-1,0) -> 2938.6936 | H48: =OFFSET('3060LAPTOP 1000'!G$1,$A48-1,0) -> 6332.683 | I48: =OFFSET('3060LAPTOP 1000'!H$1,$A48-1,0) -> 0 | J48: =OFFSET('3060LAPTOP 1000'!I$1,$A48-1,0) -> 0 | K48: =OFFSET('3060LAPTOP 1000'!J$1,$A48-1,0) -> 0
D49: ДИ | E49: =OFFSET('3060LAPTOP 1000'!D$1,$A48-1+$A$1,0) -> 0 | F49: =OFFSET('3060LAPTOP 1000'!E$1,$A48-1+$A$1,0) -> 7.5810686 | G49: =OFFSET('3060LAPTOP 1000'!F$1,$A48-1+$A$1,0) -> 14.229118 | H49: =OFFSET('3060LAPTOP 1000'!G$1,$A48-1+$A$1,0) -> 25.427054 | I49: =OFFSET('3060LAPTOP 1000'!H$1,$A48-1+$A$1,0) -> 0 | J49: =OFFSET('3060LAPTOP 1000'!I$1,$A48-1+$A$1,0) -> 0 | K49: =OFFSET('3060LAPTOP 1000'!J$1,$A48-1+$A$1,0) -> 0
A50: 10 | B50: =OFFSET('3060LAPTOP 1000'!$C$1,A50-1,0) -> non CUDA transp_AVX_OMP Time | C50: Transp Matrix ACO + AVX + OPM | D50: МО | E50: =OFFSET('3060LAPTOP 1000'!D$1,$A50-1,0) -> 0 | F50: =OFFSET('3060LAPTOP 1000'!E$1,$A50-1,0) -> 1491.7986 | G50: =OFFSET('3060LAPTOP 1000'!F$1,$A50-1,0) -> 2913.1618 | H50: =OFFSET('3060LAPTOP 1000'!G$1,$A50-1,0) -> 6310.7022 | I50: =OFFSET('3060LAPTOP 1000'!H$1,$A50-1,0) -> 0 | J50: =OFFSET('3060LAPTOP 1000'!I$1,$A50-1,0) -> 0 | K50: =OFFSET('3060LAPTOP 1000'!J$1,$A50-1,0) -> 0
D51: ДИ | E51: =OFFSET('3060LAPTOP 1000'!D$1,$A50-1+$A$1,0) -> 0 | F51: =OFFSET('3060LAPTOP 1000'!E$1,$A50-1+$A$1,0) -> 2.9986288 | G51: =OFFSET('3060LAPTOP 1000'!F$1,$A50-1+$A$1,0) -> 6.0144661 | H51: =OFFSET('3060LAPTOP 1000'!G$1,$A50-1+$A$1,0) -> 28.038617 | I51: =OFFSET('3060LAPTOP 1000'!H$1,$A50-1+$A$1,0) -> 0 | J51: =OFFSET('3060LAPTOP 1000'!I$1,$A50-1+$A$1,0) -> 0 | K51: =OFFSET('3060LAPTOP 1000'!J$1,$A50-1+$A$1,0) -> 0
A52: 3 | B52: =OFFSET('3060LAPTOP 10000'!$C$1,A52-1,0) -> Classic ACO | C52: Classic ACO | D52: МО | E52: =OFFSET('3060LAPTOP 10000'!D$1,$A52-1,0) -> 169450.7 | F52: =OFFSET('3060LAPTOP 10000'!E$1,$A52-1,0) -> 346403.18 | G52: =OFFSET('3060LAPTOP 10000'!F$1,$A52-1,0) -> 725121.66 | H52: =OFFSET('3060LAPTOP 10000'!G$1,$A52-1,0) -> 0 | I52: =OFFSET('3060LAPTOP 10000'!H$1,$A52-1,0) -> 0 | J52: =OFFSET('3060LAPTOP 10000'!I$1,$A52-1,0) -> 0 | K52: =OFFSET('3060LAPTOP 10000'!J$1,$A52-1,0) -> 0
D53: ДИ | E53: =OFFSET('3060LAPTOP 10000'!D$1,$A52-1+$A$1,0) -> 3780.1045 | F53: =OFFSET('3060LAPTOP 10000'!E$1,$A52-1+$A$1,0) -> 11822.558 | G53: =OFFSET('3060LAPTOP 10000'!F$1,$A52-1+$A$1,0) -> 18022.905 | H53: =OFFSET('3060LAPTOP 10000'!G$1,$A52-1+$A$1,0) -> 0 | I53: =OFFSET('3060LAPTOP 10000'!H$1,$A52-1+$A$1,0) -> 0 | J53: =OFFSET('3060LAPTOP 10000'!I$1,$A52-1+$A$1,0) -> 0 | K53: =OFFSET('3060LAPTOP 10000'!J$1,$A52-1+$A$1,0) -> 0
A54: 4 | B54: =OFFSET('3060LAPTOP 10000'!$C$1,A54-1,0) -> non CUDA Time | C54: Matrix ACO | D54: МО | E54: =OFFSET('3060LAPTOP 10000'!D$1,$A54-1,0) -> 5066.7536 | F54: =OFFSET('3060LAPTOP 10000'!E$1,$A54-1,0) -> 7238.9484 | G54: =OFFSET('3060LAPTOP 10000'!F$1,$A54-1,0) -> 21937.48 | H54: =OFFSET('3060LAPTOP 10000'!G$1,$A54-1,0) -> 0 | I54: =OFFSET('3060LAPTOP 10000'!H$1,$A54-1,0) -> 0 | J54: =OFFSET('3060LAPTOP 10000'!I$1,$A54-1,0) -> 0 | K54: =OFFSET('3060LAPTOP 10000'!J$1,$A54-1,0) -> 0
D55: ДИ | E55: =OFFSET('3060LAPTOP 10000'!D$1,$A54-1+$A$1,0) -> 61.962183 | F55: =OFFSET('3060LAPTOP 10000'!E$1,$A54-1+$A$1,0) -> 65.122344 | G55: =OFFSET('3060LAPTOP 10000'!F$1,$A54-1+$A$1,0) -> 185.48858 | H55: =OFFSET('3060LAPTOP 10000'!G$1,$A54-1+$A$1,0) -> 0 | I55: =OFFSET('3060LAPTOP 10000'!H$1,$A54-1+$A$1,0) -> 0 | J55: =OFFSET('3060LAPTOP 10000'!I$1,$A54-1+$A$1,0) -> 0 | K55: =OFFSET('3060LAPTOP 10000'!J$1,$A54-1+$A$1,0) -> 0
A56: 5 | B56: =OFFSET('3060LAPTOP 10000'!$C$1,A56-1,0) -> omp | C56: Matrix ACO + OMP | D56: МО | E56: =OFFSET('3060LAPTOP 10000'!D$1,$A56-1,0) -> 3687.1822 | F56: =OFFSET('3060LAPTOP 10000'!E$1,$A56-1,0) -> 7295.7898 | G56: =OFFSET('3060LAPTOP 10000'!F$1,$A56-1,0) -> 14808.392 | H56: =OFFSET('3060LAPTOP 10000'!G$1,$A56-1,0) -> 0 | I56: =OFFSET('3060LAPTOP 10000'!H$1,$A56-1,0) -> 0 | J56: =OFFSET('3060LAPTOP 10000'!I$1,$A56-1,0) -> 0 | K56: =OFFSET('3060LAPTOP 10000'!J$1,$A56-1,0) -> 0
D57: ДИ | E57: =OFFSET('3060LAPTOP 10000'!D$1,$A56-1+$A$1,0) -> 14.554135 | F57: =OFFSET('3060LAPTOP 10000'!E$1,$A56-1+$A$1,0) -> 47.376487 | G57: =OFFSET('3060LAPTOP 10000'!F$1,$A56-1+$A$1,0) -> 166.76785 | H57: =OFFSET('3060LAPTOP 10000'!G$1,$A56-1+$A$1,0) -> 0 | I57: =OFFSET('3060LAPTOP 10000'!H$1,$A56-1+$A$1,0) -> 0 | J57: =OFFSET('3060LAPTOP 10000'!I$1,$A56-1+$A$1,0) -> 0 | K57: =OFFSET('3060LAPTOP 10000'!J$1,$A56-1+$A$1,0) -> 0
A58: 6 | B58: =OFFSET('3060LAPTOP 10000'!$C$1,A58-1,0) -> non CUDA AVX Time | C58: Matrix ACO + AVX | D58: МО | E58: =OFFSET('3060LAPTOP 10000'!D$1,$A58-1,0) -> 5014.2218 | F58: =OFFSET('3060LAPTOP 10000'!E$1,$A58-1,0) -> 7224.112 | G58: =OFFSET('3060LAPTOP 10000'!F$1,$A58-1,0) -> 21809.186 | H58: =OFFSET('3060LAPTOP 10000'!G$1,$A58-1,0) -> 0 | I58: =OFFSET('3060LAPTOP 10000'!H$1,$A58-1,0) -> 0 | J58: =OFFSET('3060LAPTOP 10000'!I$1,$A58-1,0) -> 0 | K58: =OFFSET('3060LAPTOP 10000'!J$1,$A58-1,0) -> 0
D59: ДИ | E59: =OFFSET('3060LAPTOP 10000'!D$1,$A58-1+$A$1,0) -> 63.652082 | F59: =OFFSET('3060LAPTOP 10000'!E$1,$A58-1+$A$1,0) -> 48.919702 | G59: =OFFSET('3060LAPTOP 10000'!F$1,$A58-1+$A$1,0) -> 231.02781 | H59: =OFFSET('3060LAPTOP 10000'!G$1,$A58-1+$A$1,0) -> 0 | I59: =OFFSET('3060LAPTOP 10000'!H$1,$A58-1+$A$1,0) -> 0 | J59: =OFFSET('3060LAPTOP 10000'!I$1,$A58-1+$A$1,0) -> 0 | K59: =OFFSET('3060LAPTOP 10000'!J$1,$A58-1+$A$1,0) -> 0
A60: 7 | B60: =OFFSET('3060LAPTOP 10000'!$C$1,A60-1,0) -> non CUDA AVX_OMP Time | C60: Matrix ACO + AVX + OMP | D60: МО | E60: =OFFSET('3060LAPTOP 10000'!D$1,$A60-1,0) -> 3435.3452 | F60: =OFFSET('3060LAPTOP 10000'!E$1,$A60-1,0) -> 14552.846 | G60: =OFFSET('3060LAPTOP 10000'!F$1,$A60-1,0) -> 14570.166 | H60: =OFFSET('3060LAPTOP 10000'!G$1,$A60-1,0) -> 0 | I60: =OFFSET('3060LAPTOP 10000'!H$1,$A60-1,0) -> 0 | J60: =OFFSET('3060LAPTOP 10000'!I$1,$A60-1,0) -> 0 | K60: =OFFSET('3060LAPTOP 10000'!J$1,$A60-1,0) -> 0
D61: ДИ | E61: =OFFSET('3060LAPTOP 10000'!D$1,$A60-1+$A$1,0) -> 27.210315 | F61: =OFFSET('3060LAPTOP 10000'!E$1,$A60-1+$A$1,0) -> 72.971482 | G61: =OFFSET('3060LAPTOP 10000'!F$1,$A60-1+$A$1,0) -> 137.33668 | H61: =OFFSET('3060LAPTOP 10000'!G$1,$A60-1+$A$1,0) -> 0 | I61: =OFFSET('3060LAPTOP 10000'!H$1,$A60-1+$A$1,0) -> 0 | J61: =OFFSET('3060LAPTOP 10000'!I$1,$A60-1+$A$1,0) -> 0 | K61: =OFFSET('3060LAPTOP 10000'!J$1,$A60-1+$A$1,0) -> 0
A62: 8 | B62: =OFFSET('3060LAPTOP 10000'!$C$1,A62-1,0) -> non CUDA transp Time | C62: Transp Matrix ACO | D62: МО | E62: =OFFSET('3060LAPTOP 10000'!D$1,$A62-1,0) -> 7780.8096 | F62: =OFFSET('3060LAPTOP 10000'!E$1,$A62-1,0) -> 14455.904 | G62: =OFFSET('3060LAPTOP 10000'!F$1,$A62-1,0) -> 39537.84 | H62: =OFFSET('3060LAPTOP 10000'!G$1,$A62-1,0) -> 0 | I62: =OFFSET('3060LAPTOP 10000'!H$1,$A62-1,0) -> 0 | J62: =OFFSET('3060LAPTOP 10000'!I$1,$A62-1,0) -> 0 | K62: =OFFSET('3060LAPTOP 10000'!J$1,$A62-1,0) -> 0
D63: ДИ | E63: =OFFSET('3060LAPTOP 10000'!D$1,$A62-1+$A$1,0) -> 64.505493 | F63: =OFFSET('3060LAPTOP 10000'!E$1,$A62-1+$A$1,0) -> 61.724599 | G63: =OFFSET('3060LAPTOP 10000'!F$1,$A62-1+$A$1,0) -> 1206.0421 | H63: =OFFSET('3060LAPTOP 10000'!G$1,$A62-1+$A$1,0) -> 0 | I63: =OFFSET('3060LAPTOP 10000'!H$1,$A62-1+$A$1,0) -> 0 | J63: =OFFSET('3060LAPTOP 10000'!I$1,$A62-1+$A$1,0) -> 0 | K63: =OFFSET('3060LAPTOP 10000'!J$1,$A62-1+$A$1,0) -> 0
A64: 9 | B64: =OFFSET('3060LAPTOP 10000'!$C$1,A64-1,0) -> non CUDA transp_AVX Time | C64: Transp Matrix ACO + AVX | D64: МО | E64: =OFFSET('3060LAPTOP 10000'!D$1,$A64-1,0) -> 7597.5918 | F64: =OFFSET('3060LAPTOP 10000'!E$1,$A64-1,0) -> 14385.484 | G64: =OFFSET('3060LAPTOP 10000'!F$1,$A64-1,0) -> 38834.562 | H64: =OFFSET('3060LAPTOP 10000'!G$1,$A64-1,0) -> 0 | I64: =OFFSET('3060LAPTOP 10000'!H$1,$A64-1,0) -> 0 | J64: =OFFSET('3060LAPTOP 10000'!I$1,$A64-1,0) -> 0 | K64: =OFFSET('3060LAPTOP 10000'!J$1,$A64-1,0) -> 0
D65: ДИ | E65: =OFFSET('3060LAPTOP 10000'!D$1,$A64-1+$A$1,0) -> 58.759631 | F65: =OFFSET('3060LAPTOP 10000'!E$1,$A64-1+$A$1,0) -> 54.340944 | G65: =OFFSET('3060LAPTOP 10000'!F$1,$A64-1+$A$1,0) -> 1688.2359 | H65: =OFFSET('3060LAPTOP 10000'!G$1,$A64-1+$A$1,0) -> 0 | I65: =OFFSET('3060LAPTOP 10000'!H$1,$A64-1+$A$1,0) -> 0 | J65: =OFFSET('3060LAPTOP 10000'!I$1,$A64-1+$A$1,0) -> 0 | K65: =OFFSET('3060LAPTOP 10000'!J$1,$A64-1+$A$1,0) -> 0
A66: 10 | B66: =OFFSET('3060LAPTOP 10000'!$C$1,A66-1,0) -> non CUDA transp_AVX_OMP Time | C66: Transp Matrix ACO + AVX + OPM | D66: МО | E66: =OFFSET('3060LAPTOP 10000'!D$1,$A66-1,0) -> 7623.8974 | F66: =OFFSET('3060LAPTOP 10000'!E$1,$A66-1,0) -> 14368.898 | G66: =OFFSET('3060LAPTOP 10000'!F$1,$A66-1,0) -> 38508.324 | H66: =OFFSET('3060LAPTOP 10000'!G$1,$A66-1,0) -> 0 | I66: =OFFSET('3060LAPTOP 10000'!H$1,$A66-1,0) -> 0 | J66: =OFFSET('3060LAPTOP 10000'!I$1,$A66-1,0) -> 0 | K66: =OFFSET('3060LAPTOP 10000'!J$1,$A66-1,0) -> 0
D67: ДИ | E67: =OFFSET('3060LAPTOP 10000'!D$1,$A66-1+$A$1,0) -> 56.61902 | F67: =OFFSET('3060LAPTOP 10000'!E$1,$A66-1+$A$1,0) -> 71.924622 | G67: =OFFSET('3060LAPTOP 10000'!F$1,$A66-1+$A$1,0) -> 784.70045 | H67: =OFFSET('3060LAPTOP 10000'!G$1,$A66-1+$A$1,0) -> 0 | I67: =OFFSET('3060LAPTOP 10000'!H$1,$A66-1+$A$1,0) -> 0 | J67: =OFFSET('3060LAPTOP 10000'!I$1,$A66-1+$A$1,0) -> 0 | K67: =OFFSET('3060LAPTOP 10000'!J$1,$A66-1+$A$1,0) -> 0
C74: Количество параметров | E74: 2 | F74: 4 | G74: 8 | H74: 16 | I74: 32 | J74: 64 | K74: 128
C75: Количество слоев графа | E75: 42 | F75: 84 | G75: 168 | H75: 336 | I75: 672 | J75: 1344 | K75: 2688
C76: Classic ACO | D76: МО | E76: =E4/E$3 -> 160.2868 | F76: =F4/F$3 -> 152.32821 | G76: =G4/G$3 -> 143.52698 | H76: =H4/H$3 -> 137.08138 | I76: =I4/I$3 -> 136.76778 | J76: =J4/J$3 -> 137.20839 | K76: =K4/K$3 -> 136.74492
D77: ДИ | E77: =E5/E$3 -> 0.7076812 | F77: =F5/F$3 -> 0.20548908 | G77: =G5/G$3 -> 0.58350775 | H77: =H5/H$3 -> 0.14341345 | I77: =I5/I$3 -> 0.76283899 | J77: =J5/J$3 -> 0.57668302 | K77: =K5/K$3 -> 0.50504861
C78: Matrix ACO + OMP | D78: МО | E78: =E8/E$3 -> 12.799592 | F78: =F8/F$3 -> 12.026236 | G78: =G8/G$3 -> 11.548007 | H78: =H8/H$3 -> 11.358634 | I78: =I8/I$3 -> 11.624221 | J78: =J8/J$3 -> 11.275946 | K78: =K8/K$3 -> 11.194257
D79: ДИ | E79: =E9/E$3 -> 0.10737135 | F79: =F9/F$3 -> 0.032085286 | G79: =G9/G$3 -> 0.013738236 | H79: =H9/H$3 -> 0.026108088 | I79: =I9/I$3 -> 0.025329103 | J79: =J9/J$3 -> 0.018469347 | K79: =K9/K$3 -> 0.011612889
C80: Classic ACO | D80: МО | E80: =E20/E$3 -> 146.45092 | F80: =F20/F$3 -> 139.27919 | G80: =G20/G$3 -> 130.40442 | H80: =H20/H$3 -> 125.57274 | I80: =I20/I$3 -> 125.87202 | J80: =J20/J$3 -> 124.3449 | K80: =K20/K$3 -> 124.62458
D81: ДИ | E81: =E21/E$3 -> 1.8958854 | F81: =F21/F$3 -> 1.2352117 | G81: =G21/G$3 -> 3.2667076 | H81: =H21/H$3 -> 0.30974409 | I81: =I21/I$3 -> 0.7377296 | J81: =J21/J$3 -> 0.087659142 | K81: =K21/K$3 -> 0.13533016
C82: Matrix ACO | D82: МО | E82: =E22/E$3 -> 8.9970243 | F82: =F22/F$3 -> 7.4824886 | G82: =G22/G$3 -> 6.0713358 | H82: =H22/H$3 -> 5.7122673 | I82: =I22/I$3 -> 5.9433351 | J82: =J22/J$3 -> 5.8973716 | K82: =K22/K$3 -> 5.3408199
D83: ДИ | E83: =E23/E$3 -> 0.26932671 | F83: =F23/F$3 -> 0.13774023 | G83: =G23/G$3 -> 0.066415847 | H83: =H23/H$3 -> 0.038569728 | I83: =I23/I$3 -> 0.038925159 | J83: =J23/J$3 -> 0.032848889 | K83: =K23/K$3 -> 0.025094179
C84: Matrix ACO + OMP | D84: МО | E84: =E24/E$3 -> 6.9538833 | F84: =F24/F$3 -> 6.2501233 | G84: =G24/G$3 -> 5.4842325 | H84: =H24/H$3 -> 5.3138821 | I84: =I24/I$3 -> 6.4244893 | J84: =J24/J$3 -> 5.8324445 | K84: =K24/K$3 -> 5.3474717
D85: ДИ | E85: =E25/E$3 -> 0.036848725 | F85: =F25/F$3 -> 0.084644207 | G85: =G25/G$3 -> 0.024143744 | H85: =H25/H$3 -> 0.021797901 | I85: =I25/I$3 -> 0.10144864 | J85: =J25/J$3 -> 0.029605552 | K85: =K25/K$3 -> 0.014697365
C86: Matrix ACO + AVX | D86: МО | E86: =E26/E$3 -> 9.1962743 | F86: =F26/F$3 -> 7.2489738 | G86: =G26/G$3 -> 6.2403655 | H86: =H26/H$3 -> 5.8315589 | I86: =I26/I$3 -> 6.619319 | J86: =J26/J$3 -> 5.930481 | K86: =K26/K$3 -> 5.4403021
D87: ДИ | E87: =E27/E$3 -> 0.077380609 | F87: =F27/F$3 -> 0.039427616 | G87: =G27/G$3 -> 0.049890225 | H87: =H27/H$3 -> 0.025289227 | I87: =I27/I$3 -> 0.022072405 | J87: =J27/J$3 -> 0.030231098 | K87: =K27/K$3 -> 0.017708337
C88: Matrix ACO + AVX + OMP | D88: МО | E88: =E28/E$3 -> 6.2269748 | F88: =F28/F$3 -> 5.6242038 | G88: =G28/G$3 -> 5.2266333 | H88: =H28/H$3 -> 5.3187768 | I88: =I28/I$3 -> 5.9617717 | J88: =J28/J$3 -> 5.21235 | K88: =K28/K$3 -> 5.8063542
D89: ДИ | E89: =E29/E$3 -> 0.032860599 | F89: =F29/F$3 -> 0.02033117 | G89: =G29/G$3 -> 0.010175129 | H89: =H29/H$3 -> 0.011888826 | I89: =I29/I$3 -> 0.025260572 | J89: =J29/J$3 -> 0.024260659 | K89: =K29/K$3 -> 0.019904105
C90: Transp Matrix ACO | D90: МО | E90: =E30/E$3 -> 8.5994986 | F90: =F30/F$3 -> 7.1523167 | G90: =G30/G$3 -> 6.2382024 | H90: =H30/H$3 -> 5.7062643 | I90: =I30/I$3 -> 6.6542625 | J90: =J30/J$3 -> 5.7180403 | K90: =K30/K$3 -> 6.1753795
D91: ДИ | E91: =E31/E$3 -> 0.083120338 | F91: =F31/F$3 -> 0.06981774 | G91: =G31/G$3 -> 0.075036824 | H91: =H31/H$3 -> 0.014749653 | I91: =I31/I$3 -> 0.024784835 | J91: =J31/J$3 -> 0.01113015 | K91: =K31/K$3 -> 0.010829736
C92: Transp Matrix ACO + AVX | D92: МО | E92: =E32/E$3 -> 9.4029024 | F92: =F32/F$3 -> 7.5383064 | G92: =G32/G$3 -> 6.4373345 | H92: =H32/H$3 -> 6.1034452 | I92: =I32/I$3 -> 6.7669792 | J92: =J32/J$3 -> 5.7802186 | K92: =K32/K$3 -> 6.1976696
D93: ДИ | E93: =E33/E$3 -> 0.091161975 | F93: =F33/F$3 -> 0.059026664 | G93: =G33/G$3 -> 0.036909895 | H93: =H33/H$3 -> 0.016560021 | I93: =I33/I$3 -> 0.019154794 | J93: =J33/J$3 -> 0.018907846 | K93: =K33/K$3 -> 0.012095538
C94: Transp Matrix ACO + AVX + OPM | D94: МО | E94: =E34/E$3 -> 9.3693129 | F94: =F34/F$3 -> 7.5243298 | G94: =G34/G$3 -> 6.5237274 | H94: =H34/H$3 -> 6.0510667 | I94: =I34/I$3 -> 6.779397 | J94: =J34/J$3 -> 5.7704942 | K94: =K34/K$3 -> 6.2094903
D95: ДИ | E95: =E35/E$3 -> 0.095838136 | F95: =F35/F$3 -> 0.043568475 | G95: =G35/G$3 -> 0.047628094 | H95: =H35/H$3 -> 0.016633416 | I95: =I35/I$3 -> 0.019524046 | J95: =J35/J$3 -> 0.011534269 | K95: =K35/K$3 -> 0.0098487506

Sheet Itog
A1: 109 | O1: =OFFSET('1050LAPTOP'!$C$1,A4-1,0) -> non CUDA Time | Y1: 3
E2: 2 | F2: 4 | G2: 8 | H2: 16 | I2: 32 | J2: 64 | K2: 128 | Q2: 2 | R2: 4 | S2: 8 | T2: 16 | U2: 32 | V2: 64 | W2: 128 | Y2: 32
E3: 42 | F3: 84 | G3: 168 | H3: 336 | I3: 672 | J3: 1344 | K3: 2688 | Q3: 42 | R3: 84 | S3: 168 | T3: 336 | U3: 672 | V3: 1344 | W3: 2688 | Y3: 57
A4: 4 | B4: =OFFSET('1050LAPTOP'!$C$1,A4-1,0) -> non CUDA Time | C4: Classic ACO | D4: МО | E4: =OFFSET('1050LAPTOP'!D$1,$A5-1,0) -> 14722.332 | F4: =OFFSET('1050LAPTOP'!E$1,$A5-1,0) -> 27364.668 | G4: =OFFSET('1050LAPTOP'!F$1,$A5-1,0) -> 52186.786 | H4: =OFFSET('1050LAPTOP'!G$1,$A5-1,0) -> 103402.44 | I4: =OFFSET('1050LAPTOP'!H$1,$A5-1,0) -> 207103.36 | J4: =OFFSET('1050LAPTOP'!I$1,$A5-1,0) -> 410463.68 | K4: =OFFSET('1050LAPTOP'!J$1,$A5-1,0) -> 835652.72 | O4: i5-8300H | P4: МО | Q4: =OFFSET('1050LAPTOP'!D$1,$A$4-1,0) -> 1012.9384 | R4: =OFFSET('1050LAPTOP'!E$1,$A$4-1,0) -> 1856.1192 | S4: =OFFSET('1050LAPTOP'!F$1,$A$4-1,0) -> 3594.4352 | T4: =OFFSET('1050LAPTOP'!G$1,$A$4-1,0) -> 7098.9368 | U4: =OFFSET('1050LAPTOP'!H$1,$A$4-1,0) -> 13991.566 | V4: =OFFSET('1050LAPTOP'!I$1,$A$4-1,0) -> 27308.064 | W4: =OFFSET('1050LAPTOP'!J$1,$A$4-1,0) -> 53372.172
A5: 3 | B5: =OFFSET('1050LAPTOP'!$C$1,A5-1,0) -> Classic ACO | D5: ДИ | E5: =OFFSET('1050LAPTOP'!D$1,$A5-1+$A$1,0) -> 22.860765 | F5: =OFFSET('1050LAPTOP'!E$1,$A5-1+$A$1,0) -> 51.041297 | G5: =OFFSET('1050LAPTOP'!F$1,$A5-1+$A$1,0) -> 76.375325 | H5: =OFFSET('1050LAPTOP'!G$1,$A5-1+$A$1,0) -> 162.45697 | I5: =OFFSET('1050LAPTOP'!H$1,$A5-1+$A$1,0) -> 3688.3616 | J5: =OFFSET('1050LAPTOP'!I$1,$A5-1+$A$1,0) -> 581.6763 | K5: =OFFSET('1050LAPTOP'!J$1,$A5-1+$A$1,0) -> 2479.4143 | P5: ДИ | Q5: =OFFSET('1050LAPTOP'!D$1,$A$4-1+$A$1,0) -> 2.9942752 | R5: =OFFSET('1050LAPTOP'!E$1,$A$4-1+$A$1,0) -> 2.9249996 | S5: =OFFSET('1050LAPTOP'!F$1,$A$4-1+$A$1,0) -> 6.463698 | T5: =OFFSET('1050LAPTOP'!G$1,$A$4-1+$A$1,0) -> 6.1107565 | U5: =OFFSET('1050LAPTOP'!H$1,$A$4-1+$A$1,0) -> 8.2559854 | V5: =OFFSET('1050LAPTOP'!I$1,$A$4-1+$A$1,0) -> 36.485382 | W5: =OFFSET('1050LAPTOP'!J$1,$A$4-1+$A$1,0) -> 132.16204 | AA5: =Q5/Q$3 -> 0.071292268 | AB5: =R5/R$3 -> 0.034821424 | AC5: =S5/S$3 -> 0.038474393 | AD5: =T5/T$3 -> 0.018186775 | AE5: =U5/U$3 -> 0.012285693 | AF5: =V5/V$3 -> 0.027146862 | AG5: =W5/W$3 -> 0.049167424
A6: 4 | B6: =OFFSET('1050LAPTOP'!$C$1,A6-1,0) -> non CUDA Time | C6: Matrix ACO | D6: МО | E6: =OFFSET('1050LAPTOP'!D$1,$A6-1,0) -> 1012.9384 | F6: =OFFSET('1050LAPTOP'!E$1,$A6-1,0) -> 1856.1192 | G6: =OFFSET('1050LAPTOP'!F$1,$A6-1,0) -> 3594.4352 | H6: =OFFSET('1050LAPTOP'!G$1,$A6-1,0) -> 7098.9368 | I6: =OFFSET('1050LAPTOP'!H$1,$A6-1,0) -> 13991.566 | J6: =OFFSET('1050LAPTOP'!I$1,$A6-1,0) -> 27308.064 | K6: =OFFSET('1050LAPTOP'!J$1,$A6-1,0) -> 53372.172 | O6: i5-9400F | P6: МО | Q6: =OFFSET('1050COMP'!D$1,$A$4-1,0) -> 1021.2764 | R6: =OFFSET('1050COMP'!E$1,$A$4-1,0) -> 1875.4454 | S6: =OFFSET('1050COMP'!F$1,$A$4-1,0) -> 3606.0204 | T6: =OFFSET('1050COMP'!G$1,$A$4-1,0) -> 7106.4438 | U6: =OFFSET('1050COMP'!H$1,$A$4-1,0) -> 14355.808 | V6: =OFFSET('1050COMP'!I$1,$A$4-1,0) -> 27843.878 | W6: =OFFSET('1050COMP'!J$1,$A$4-1,0) -> 54934.598
D7: ДИ | E7: =OFFSET('1050LAPTOP'!D$1,$A6-1+$A$1,0) -> 2.9942752 | F7: =OFFSET('1050LAPTOP'!E$1,$A6-1+$A$1,0) -> 2.9249996 | G7: =OFFSET('1050LAPTOP'!F$1,$A6-1+$A$1,0) -> 6.463698 | H7: =OFFSET('1050LAPTOP'!G$1,$A6-1+$A$1,0) -> 6.1107565 | I7: =OFFSET('1050LAPTOP'!H$1,$A6-1+$A$1,0) -> 8.2559854 | J7: =OFFSET('1050LAPTOP'!I$1,$A6-1+$A$1,0) -> 36.485382 | K7: =OFFSET('1050LAPTOP'!J$1,$A6-1+$A$1,0) -> 132.16204 | P7: ДИ | Q7: =OFFSET('1050COMP'!D$1,$A$4-1+$A$1,0) -> 10.942156 | R7: =OFFSET('1050COMP'!E$1,$A$4-1+$A$1,0) -> 9.9698891 | S7: =OFFSET('1050COMP'!F$1,$A$4-1+$A$1,0) -> 8.1186352 | T7: =OFFSET('1050COMP'!G$1,$A$4-1+$A$1,0) -> 21.800474 | U7: =OFFSET('1050COMP'!H$1,$A$4-1+$A$1,0) -> 22.947848 | V7: =OFFSET('1050COMP'!I$1,$A$4-1+$A$1,0) -> 48.483806 | W7: =OFFSET('1050COMP'!J$1,$A$4-1+$A$1,0) -> 125.33519 | AA7: =Q7/Q$3 -> 0.26052753 | AB7: =R7/R$3 -> 0.11868916 | AC7: =S7/S$3 -> 0.04832521 | AD7: =T7/T$3 -> 0.064882362 | AE7: =U7/U$3 -> 0.034148583 | AF7: =V7/V$3 -> 0.03607426 | AG7: =W7/W$3 -> 0.046627675
A8: 5 | B8: =OFFSET('1050LAPTOP'!$C$1,A8-1,0) -> omp | C8: Matrix ACO + OMP | D8: МО | E8: =OFFSET('1050LAPTOP'!D$1,$A8-1,0) -> 941.88968 | F8: =OFFSET('1050LAPTOP'!E$1,$A8-1,0) -> 1766.0682 | G8: =OFFSET('1050LAPTOP'!F$1,$A8-1,0) -> 3464.2148 | H8: =OFFSET('1050LAPTOP'!G$1,$A8-1,0) -> 6900.4026 | I8: =OFFSET('1050LAPTOP'!H$1,$A8-1,0) -> 13916.54 | J8: =OFFSET('1050LAPTOP'!I$1,$A8-1,0) -> 27036.758 | K8: =OFFSET('1050LAPTOP'!J$1,$A8-1,0) -> 52481.614 | O8: i5-12450H | P8: МО | Q8: =OFFSET('3060LAPTOP'!D$1,$A$4-1,0) -> 565.78236 | R8: =OFFSET('3060LAPTOP'!E$1,$A$4-1,0) -> 1048.5618 | S8: =OFFSET('3060LAPTOP'!F$1,$A$4-1,0) -> 1982.69 | T8: =OFFSET('3060LAPTOP'!G$1,$A$4-1,0) -> 3787.3732 | U8: =OFFSET('3060LAPTOP'!H$1,$A$4-1,0) -> 7666.159 | V8: =OFFSET('3060LAPTOP'!I$1,$A$4-1,0) -> 15021.706 | W8: =OFFSET('3060LAPTOP'!J$1,$A$4-1,0) -> 30206.626
D9: ДИ | E9: =OFFSET('1050LAPTOP'!D$1,$A8-1+$A$1,0) -> 1.9251445 | F9: =OFFSET('1050LAPTOP'!E$1,$A8-1+$A$1,0) -> 2.0250624 | G9: =OFFSET('1050LAPTOP'!F$1,$A8-1+$A$1,0) -> 3.9001184 | H9: =OFFSET('1050LAPTOP'!G$1,$A8-1+$A$1,0) -> 6.1884083 | I9: =OFFSET('1050LAPTOP'!H$1,$A8-1+$A$1,0) -> 10.866151 | J9: =OFFSET('1050LAPTOP'!I$1,$A8-1+$A$1,0) -> 23.752386 | K9: =OFFSET('1050LAPTOP'!J$1,$A8-1+$A$1,0) -> 66.672073 | P9: ДИ | Q9: =OFFSET('3060LAPTOP'!D$1,$A$4-1+$A$1,0) -> 4.162287 | R9: =OFFSET('3060LAPTOP'!E$1,$A$4-1+$A$1,0) -> 4.1114063 | S9: =OFFSET('3060LAPTOP'!F$1,$A$4-1+$A$1,0) -> 9.9600752 | T9: =OFFSET('3060LAPTOP'!G$1,$A$4-1+$A$1,0) -> 10.371022 | U9: =OFFSET('3060LAPTOP'!H$1,$A$4-1+$A$1,0) -> 60.114895 | V9: =OFFSET('3060LAPTOP'!I$1,$A$4-1+$A$1,0) -> 32.345265 | W9: =OFFSET('3060LAPTOP'!J$1,$A$4-1+$A$1,0) -> 64.000996 | AA9: =Q9/Q$3 -> 0.099102072 | AB9: =R9/R$3 -> 0.048945313 | AC9: =S9/S$3 -> 0.059286162 | AD9: =T9/T$3 -> 0.030866137 | AE9: =U9/U$3 -> 0.089456688 | AF9: =V9/V$3 -> 0.024066417 | AG9: =W9/W$3 -> 0.023809894
A10: 6 | B10: =OFFSET('1050LAPTOP'!$C$1,A10-1,0) -> non CUDA transp Time | C10: Transp Matrix ACO | D10: МО | E10: =OFFSET('1050LAPTOP'!D$1,$A10-1,0) -> 1006.4635 | F10: =OFFSET('1050LAPTOP'!E$1,$A10-1,0) -> 1833.9498 | G10: =OFFSET('1050LAPTOP'!F$1,$A10-1,0) -> 3513.463 | H10: =OFFSET('1050LAPTOP'!G$1,$A10-1,0) -> 6889.402 | I10: =OFFSET('1050LAPTOP'!H$1,$A10-1,0) -> 13937.79 | J10: =OFFSET('1050LAPTOP'!I$1,$A10-1,0) -> 27063.298 | K10: =OFFSET('1050LAPTOP'!J$1,$A10-1,0) -> 52241.044 | O10: i5-13600K | P10: МО | Q10: =OFFSET('3060COMP Kaf'!D$1,$A$4-1,0) -> 487.2341 | R10: =OFFSET('3060COMP Kaf'!E$1,$A$4-1,0) -> 885.85572 | S10: =OFFSET('3060COMP Kaf'!F$1,$A$4-1,0) -> 1657.3222 | T10: =OFFSET('3060COMP Kaf'!G$1,$A$4-1,0) -> 3201.0856 | U10: =OFFSET('3060COMP Kaf'!H$1,$A$4-1,0) -> 6411.2784 | V10: =OFFSET('3060COMP Kaf'!I$1,$A$4-1,0) -> 12839.332 | W10: =OFFSET('3060COMP Kaf'!J$1,$A$4-1,0) -> 25321.222
D11: ДИ | E11: =OFFSET('1050LAPTOP'!D$1,$A10-1+$A$1,0) -> 2.0435451 | F11: =OFFSET('1050LAPTOP'!E$1,$A10-1+$A$1,0) -> 2.0129872 | G11: =OFFSET('1050LAPTOP'!F$1,$A10-1+$A$1,0) -> 3.9960318 | H11: =OFFSET('1050LAPTOP'!G$1,$A10-1+$A$1,0) -> 7.77098 | I11: =OFFSET('1050LAPTOP'!H$1,$A10-1+$A$1,0) -> 10.28843 | J11: =OFFSET('1050LAPTOP'!I$1,$A10-1+$A$1,0) -> 23.459914 | K11: =OFFSET('1050LAPTOP'!J$1,$A10-1+$A$1,0) -> 32.116369 | P11: ДИ | Q11: =OFFSET('3060COMP Kaf'!D$1,$A$4-1+$A$1,0) -> 0.77081041 | R11: =OFFSET('3060COMP Kaf'!E$1,$A$4-1+$A$1,0) -> 1.3447363 | S11: =OFFSET('3060COMP Kaf'!F$1,$A$4-1+$A$1,0) -> 1.4473374 | T11: =OFFSET('3060COMP Kaf'!G$1,$A$4-1+$A$1,0) -> 2.2182249 | U11: =OFFSET('3060COMP Kaf'!H$1,$A$4-1+$A$1,0) -> 16.837503 | V11: =OFFSET('3060COMP Kaf'!I$1,$A$4-1+$A$1,0) -> 5.9068434 | W11: =OFFSET('3060COMP Kaf'!J$1,$A$4-1+$A$1,0) -> 29.785563 | AA11: =Q11/Q$3 -> 0.018352629 | AB11: =R11/R$3 -> 0.016008765 | AC11: =S11/S$3 -> 0.0086151034 | AD11: =T11/T$3 -> 0.0066018598 | AE11: =U11/U$3 -> 0.025055808 | AF11: =V11/V$3 -> 0.0043949727 | AG11: =W11/W$3 -> 0.011080938
A12: 7 | B12: =OFFSET('1050LAPTOP'!$C$1,A12-1,0) -> non CUDA transp_AVX Time | C12: Transp Matrix ACO + AVX | D12: МО | E12: =OFFSET('1050LAPTOP'!D$1,$A12-1,0) -> 0 | F12: =OFFSET('1050LAPTOP'!E$1,$A12-1,0) -> 1886.6616 | G12: =OFFSET('1050LAPTOP'!F$1,$A12-1,0) -> 3617.8644 | H12: =OFFSET('1050LAPTOP'!G$1,$A12-1,0) -> 7101.9936 | I12: =OFFSET('1050LAPTOP'!H$1,$A12-1,0) -> 14317.556 | J12: =OFFSET('1050LAPTOP'!I$1,$A12-1,0) -> 28324.736 | K12: =OFFSET('1050LAPTOP'!J$1,$A12-1,0) -> 54374.392 | O12: AMD Ryzen 5 7500F 6 | P12: МО | Q12: =OFFSET('4060COMP'!D$1,$A$4-1,0) -> 886.85582 | R12: =OFFSET('4060COMP'!E$1,$A$4-1,0) -> 1627.4022 | S12: =OFFSET('4060COMP'!F$1,$A$4-1,0) -> 3159.8702 | T12: =OFFSET('4060COMP'!G$1,$A$4-1,0) -> 6191.9178 | U12: =OFFSET('4060COMP'!H$1,$A$4-1,0) -> 12286.098 | V12: =OFFSET('4060COMP'!I$1,$A$4-1,0) -> 25340.31 | W12: =OFFSET('4060COMP'!J$1,$A$4-1,0) -> 46545.16
D13: ДИ | E13: =OFFSET('1050LAPTOP'!D$1,$A12-1+$A$1,0) -> 0 | F13: =OFFSET('1050LAPTOP'!E$1,$A12-1+$A$1,0) -> 2.4833301 | G13: =OFFSET('1050LAPTOP'!F$1,$A12-1+$A$1,0) -> 3.9616577 | H13: =OFFSET('1050LAPTOP'!G$1,$A12-1+$A$1,0) -> 6.5308311 | I13: =OFFSET('1050LAPTOP'!H$1,$A12-1+$A$1,0) -> 13.142034 | J13: =OFFSET('1050LAPTOP'!I$1,$A12-1+$A$1,0) -> 17.497841 | K13: =OFFSET('1050LAPTOP'!J$1,$A12-1+$A$1,0) -> 19.868159 | P13: ДИ | Q13: =OFFSET('4060COMP'!D$1,$A$4-1+$A$1,0) -> 3.9258114 | R13: =OFFSET('4060COMP'!E$1,$A$4-1+$A$1,0) -> 2.9705663 | S13: =OFFSET('4060COMP'!F$1,$A$4-1+$A$1,0) -> 39.888174 | T13: =OFFSET('4060COMP'!G$1,$A$4-1+$A$1,0) -> 7.577911 | U13: =OFFSET('4060COMP'!H$1,$A$4-1+$A$1,0) -> 25.186138 | V13: =OFFSET('4060COMP'!I$1,$A$4-1+$A$1,0) -> 86.386279 | W13: =OFFSET('4060COMP'!J$1,$A$4-1+$A$1,0) -> 62.364672 | AA13: =Q13/Q$3 -> 0.093471701 | AB13: =R13/R$3 -> 0.035363885 | AC13: =S13/S$3 -> 0.23742961 | AD13: =T13/T$3 -> 0.022553307 | AE13: =U13/U$3 -> 0.037479372 | AF13: =V13/V$3 -> 0.064275505 | AG13: =W13/W$3 -> 0.023201143
A14: 8 | B14: =OFFSET('1050LAPTOP'!$C$1,A14-1,0) -> non CUDA transp_AVX_OMP Time | C14: Transp Matrix ACO + AVX + OPM | D14: МО | E14: =OFFSET('1050LAPTOP'!D$1,$A14-1,0) -> 0 | F14: =OFFSET('1050LAPTOP'!E$1,$A14-1,0) -> 1906.3474 | G14: =OFFSET('1050LAPTOP'!F$1,$A14-1,0) -> 3617.8066 | H14: =OFFSET('1050LAPTOP'!G$1,$A14-1,0) -> 7097.737 | I14: =OFFSET('1050LAPTOP'!H$1,$A14-1,0) -> 14354.264 | J14: =OFFSET('1050LAPTOP'!I$1,$A14-1,0) -> 28337.322 | K14: =OFFSET('1050LAPTOP'!J$1,$A14-1,0) -> 54393.38
D15: ДИ | E15: =OFFSET('1050LAPTOP'!D$1,$A14-1+$A$1,0) -> 0 | F15: =OFFSET('1050LAPTOP'!E$1,$A14-1+$A$1,0) -> 15.006069 | G15: =OFFSET('1050LAPTOP'!F$1,$A14-1+$A$1,0) -> 3.795444 | H15: =OFFSET('1050LAPTOP'!G$1,$A14-1+$A$1,0) -> 7.0860255 | I15: =OFFSET('1050LAPTOP'!H$1,$A14-1+$A$1,0) -> 37.701812 | J15: =OFFSET('1050LAPTOP'!I$1,$A14-1+$A$1,0) -> 22.04841 | K15: =OFFSET('1050LAPTOP'!J$1,$A14-1+$A$1,0) -> 25.805086
A16: 12 | B16: =OFFSET('1050LAPTOP'!$C$1,A16-1,0) -> Time non CUDA AVX time 4 | D16: МО | E16: =OFFSET('1050LAPTOP'!D$1,$A16-1,0) -> 1017.3776 | F16: =OFFSET('1050LAPTOP'!E$1,$A16-1,0) -> 1889.2708 | G16: =OFFSET('1050LAPTOP'!F$1,$A16-1,0) -> 3627.0554 | H16: =OFFSET('1050LAPTOP'!G$1,$A16-1,0) -> 7084.2338 | I16: =OFFSET('1050LAPTOP'!H$1,$A16-1,0) -> 14040.434 | J16: =OFFSET('1050LAPTOP'!I$1,$A16-1,0) -> 27472.934 | K16: =OFFSET('1050LAPTOP'!J$1,$A16-1,0) -> 52973.284
D17: ДИ | E17: =OFFSET('1050LAPTOP'!D$1,$A16-1+$A$1,0) -> 4.5036531 | F17: =OFFSET('1050LAPTOP'!E$1,$A16-1+$A$1,0) -> 3.1810469 | G17: =OFFSET('1050LAPTOP'!F$1,$A16-1+$A$1,0) -> 5.1561407 | H17: =OFFSET('1050LAPTOP'!G$1,$A16-1+$A$1,0) -> 11.160311 | I17: =OFFSET('1050LAPTOP'!H$1,$A16-1+$A$1,0) -> 6.3843013 | J17: =OFFSET('1050LAPTOP'!I$1,$A16-1+$A$1,0) -> 7.1438392 | K17: =OFFSET('1050LAPTOP'!J$1,$A16-1+$A$1,0) -> 240.62043
A18: 13 | B18: =OFFSET('1050LAPTOP'!$C$1,A18-1,0) -> Time non CUDA AVX add CPU time 4 | D18: МО | E18: =OFFSET('1050LAPTOP'!D$1,$A18-1,0) -> 627.14738 | F18: =OFFSET('1050LAPTOP'!E$1,$A18-1,0) -> 1153.4844 | G18: =OFFSET('1050LAPTOP'!F$1,$A18-1,0) -> 2244.2572 | H18: =OFFSET('1050LAPTOP'!G$1,$A18-1,0) -> 4419.377 | I18: =OFFSET('1050LAPTOP'!H$1,$A18-1,0) -> 8817.8194 | J18: =OFFSET('1050LAPTOP'!I$1,$A18-1,0) -> 17479.466 | K18: =OFFSET('1050LAPTOP'!J$1,$A18-1,0) -> 35108.804
D19: ДИ | E19: =OFFSET('1050LAPTOP'!D$1,$A18-1+$A$1,0) -> 4.1153896 | F19: =OFFSET('1050LAPTOP'!E$1,$A18-1+$A$1,0) -> 3.6116291 | G19: =OFFSET('1050LAPTOP'!F$1,$A18-1+$A$1,0) -> 6.3078417 | H19: =OFFSET('1050LAPTOP'!G$1,$A18-1+$A$1,0) -> 3.1527106 | I19: =OFFSET('1050LAPTOP'!H$1,$A18-1+$A$1,0) -> 15.940904 | J19: =OFFSET('1050LAPTOP'!I$1,$A18-1+$A$1,0) -> 34.110952 | K19: =OFFSET('1050LAPTOP'!J$1,$A18-1+$A$1,0) -> 65.010018
A20: 3 | B20: =OFFSET('1050LAPTOP'!$C$1,A20-1,0) -> Classic ACO | C20: Classic ACO | D20: МО | E20: =OFFSET('1050COMP'!D$1,$A20-1,0) -> 13775.68 | F20: =OFFSET('1050COMP'!E$1,$A20-1,0) -> 24819.016 | G20: =OFFSET('1050COMP'!F$1,$A20-1,0) -> 47399.626 | H20: =OFFSET('1050COMP'!G$1,$A20-1,0) -> 96405.03 | I20: =OFFSET('1050COMP'!H$1,$A20-1,0) -> 197567.46 | J20: =OFFSET('1050COMP'!I$1,$A20-1,0) -> 376437.82 | K20: =OFFSET('1050COMP'!J$1,$A20-1,0) -> 762594.84
D21: ДИ | E21: =OFFSET('1050COMP'!D$1,$A20-1+$A$1,0) -> 48.452723 | F21: =OFFSET('1050COMP'!E$1,$A20-1+$A$1,0) -> 5.5245303 | G21: =OFFSET('1050COMP'!F$1,$A20-1+$A$1,0) -> 73.476724 | H21: =OFFSET('1050COMP'!G$1,$A20-1+$A$1,0) -> 120.92401 | I21: =OFFSET('1050COMP'!H$1,$A20-1+$A$1,0) -> 4278.2049 | J21: =OFFSET('1050COMP'!I$1,$A20-1+$A$1,0) -> 465.43416 | K21: =OFFSET('1050COMP'!J$1,$A20-1+$A$1,0) -> 10015.793
A22: 4 | B22: =OFFSET('1050LAPTOP'!$C$1,A22-1,0) -> non CUDA Time | C22: Matrix ACO | D22: МО | E22: =OFFSET('1050COMP'!D$1,$A22-1,0) -> 1021.2764 | F22: =OFFSET('1050COMP'!E$1,$A22-1,0) -> 1875.4454 | G22: =OFFSET('1050COMP'!F$1,$A22-1,0) -> 3606.0204 | H22: =OFFSET('1050COMP'!G$1,$A22-1,0) -> 7106.4438 | I22: =OFFSET('1050COMP'!H$1,$A22-1,0) -> 14355.808 | J22: =OFFSET('1050COMP'!I$1,$A22-1,0) -> 27843.878 | K22: =OFFSET('1050COMP'!J$1,$A22-1,0) -> 54934.598
D23: ДИ | E23: =OFFSET('1050COMP'!D$1,$A22-1+$A$1,0) -> 10.942156 | F23: =OFFSET('1050COMP'!E$1,$A22-1+$A$1,0) -> 9.9698891 | G23: =OFFSET('1050COMP'!F$1,$A22-1+$A$1,0) -> 8.1186352 | H23: =OFFSET('1050COMP'!G$1,$A22-1+$A$1,0) -> 21.800474 | I23: =OFFSET('1050COMP'!H$1,$A22-1+$A$1,0) -> 22.947848 | J23: =OFFSET('1050COMP'!I$1,$A22-1+$A$1,0) -> 48.483806 | K23: =OFFSET('1050COMP'!J$1,$A22-1+$A$1,0) -> 125.33519
A24: 5 | B24: =OFFSET('1050LAPTOP'!$C$1,A24-1,0) -> omp | C24: Matrix ACO + OMP | D24: МО | E24: =OFFSET('1050COMP'!D$1,$A24-1,0) -> 936.52016 | F24: =OFFSET('1050COMP'!E$1,$A24-1,0) -> 1796.2392 | G24: =OFFSET('1050COMP'!F$1,$A24-1,0) -> 3518.97 | H24: =OFFSET('1050COMP'!G$1,$A24-1,0) -> 7123.3738 | I24: =OFFSET('1050COMP'!H$1,$A24-1,0) -> 14467.484 | J24: =OFFSET('1050COMP'!I$1,$A24-1,0) -> 27997.418 | K24: =OFFSET('1050COMP'!J$1,$A24-1,0) -> 54080.832
D25: ДИ | E25: =OFFSET('1050COMP'!D$1,$A24-1+$A$1,0) -> 0.59577326 | F25: =OFFSET('1050COMP'!E$1,$A24-1+$A$1,0) -> 49.48419 | G25: =OFFSET('1050COMP'!F$1,$A24-1+$A$1,0) -> 9.1284333 | H25: =OFFSET('1050COMP'!G$1,$A24-1+$A$1,0) -> 14.493007 | I25: =OFFSET('1050COMP'!H$1,$A24-1+$A$1,0) -> 54.046573 | J25: =OFFSET('1050COMP'!I$1,$A24-1+$A$1,0) -> 50.116801 | K25: =OFFSET('1050COMP'!J$1,$A24-1+$A$1,0) -> 138.28386
A26: 6 | B26: =OFFSET('1050LAPTOP'!$C$1,A26-1,0) -> non CUDA transp Time | C26: Transp Matrix ACO | D26: МО | E26: =OFFSET('1050COMP'!D$1,$A26-1,0) -> 989.51166 | F26: =OFFSET('1050COMP'!E$1,$A26-1,0) -> 1854.2994 | G26: =OFFSET('1050COMP'!F$1,$A26-1,0) -> 3547.5268 | H26: =OFFSET('1050COMP'!G$1,$A26-1,0) -> 7089.6244 | I26: =OFFSET('1050COMP'!H$1,$A26-1,0) -> 14367.464 | J26: =OFFSET('1050COMP'!I$1,$A26-1,0) -> 27639.606 | K26: =OFFSET('1050COMP'!J$1,$A26-1,0) -> 53463.302
D27: ДИ | E27: =OFFSET('1050COMP'!D$1,$A26-1+$A$1,0) -> 1.7307591 | F27: =OFFSET('1050COMP'!E$1,$A26-1+$A$1,0) -> 6.0922639 | G27: =OFFSET('1050COMP'!F$1,$A26-1+$A$1,0) -> 11.048366 | H27: =OFFSET('1050COMP'!G$1,$A26-1+$A$1,0) -> 17.982643 | I27: =OFFSET('1050COMP'!H$1,$A26-1+$A$1,0) -> 39.631228 | J27: =OFFSET('1050COMP'!I$1,$A26-1+$A$1,0) -> 119.26054 | K27: =OFFSET('1050COMP'!J$1,$A26-1+$A$1,0) -> 142.74903
A28: 7 | B28: =OFFSET('1050LAPTOP'!$C$1,A28-1,0) -> non CUDA transp_AVX Time | C28: Transp Matrix ACO + AVX | D28: МО | E28: =OFFSET('1050COMP'!D$1,$A28-1,0) -> 0 | F28: =OFFSET('1050COMP'!E$1,$A28-1,0) -> 1907.0192 | G28: =OFFSET('1050COMP'!F$1,$A28-1,0) -> 3649.6616 | H28: =OFFSET('1050COMP'!G$1,$A28-1,0) -> 7350.9722 | I28: =OFFSET('1050COMP'!H$1,$A28-1,0) -> 14737.54 | J28: =OFFSET('1050COMP'!I$1,$A28-1,0) -> 28823.408 | K28: =OFFSET('1050COMP'!J$1,$A28-1,0) -> 55301.924
D29: ДИ | E29: =OFFSET('1050COMP'!D$1,$A28-1+$A$1,0) -> 0 | F29: =OFFSET('1050COMP'!E$1,$A28-1+$A$1,0) -> 5.4446488 | G29: =OFFSET('1050COMP'!F$1,$A28-1+$A$1,0) -> 10.738091 | H29: =OFFSET('1050COMP'!G$1,$A28-1+$A$1,0) -> 32.820993 | I29: =OFFSET('1050COMP'!H$1,$A28-1+$A$1,0) -> 43.205466 | J29: =OFFSET('1050COMP'!I$1,$A28-1+$A$1,0) -> 48.2447 | K29: =OFFSET('1050COMP'!J$1,$A28-1+$A$1,0) -> 116.84553
A30: 8 | B30: =OFFSET('1050LAPTOP'!$C$1,A30-1,0) -> non CUDA transp_AVX_OMP Time | C30: Transp Matrix ACO + AVX + OPM | D30: МО | E30: =OFFSET('1050COMP'!D$1,$A30-1,0) -> 0 | F30: =OFFSET('1050COMP'!E$1,$A30-1,0) -> 1909.23 | G30: =OFFSET('1050COMP'!F$1,$A30-1,0) -> 3647.0058 | H30: =OFFSET('1050COMP'!G$1,$A30-1,0) -> 7340.941 | I30: =OFFSET('1050COMP'!H$1,$A30-1,0) -> 14774.014 | J30: =OFFSET('1050COMP'!I$1,$A30-1,0) -> 28806.066 | K30: =OFFSET('1050COMP'!J$1,$A30-1,0) -> 55311.378
D31: ДИ | E31: =OFFSET('1050COMP'!D$1,$A30-1+$A$1,0) -> 0 | F31: =OFFSET('1050COMP'!E$1,$A30-1+$A$1,0) -> 4.9507283 | G31: =OFFSET('1050COMP'!F$1,$A30-1+$A$1,0) -> 9.6056265 | H31: =OFFSET('1050COMP'!G$1,$A30-1+$A$1,0) -> 22.250767 | I31: =OFFSET('1050COMP'!H$1,$A30-1+$A$1,0) -> 78.156294 | J31: =OFFSET('1050COMP'!I$1,$A30-1+$A$1,0) -> 44.072032 | K31: =OFFSET('1050COMP'!J$1,$A30-1+$A$1,0) -> 116.33897
A32: 12 | B32: =OFFSET('1050LAPTOP'!$C$1,A32-1,0) -> Time non CUDA AVX time 4 | D32: МО | E32: =OFFSET('1050COMP'!D$1,$A32-1,0) -> 980.75398 | F32: =OFFSET('1050COMP'!E$1,$A32-1,0) -> 1822.0432 | G32: =OFFSET('1050COMP'!F$1,$A32-1,0) -> 3521.0432 | H32: =OFFSET('1050COMP'!G$1,$A32-1,0) -> 6913.7884 | I32: =OFFSET('1050COMP'!H$1,$A32-1,0) -> 14600.704 | J32: =OFFSET('1050COMP'!I$1,$A32-1,0) -> 27769.686 | K32: =OFFSET('1050COMP'!J$1,$A32-1,0) -> 53720.156
D33: ДИ | E33: =OFFSET('1050COMP'!D$1,$A32-1+$A$1,0) -> 4.5878776 | F33: =OFFSET('1050COMP'!E$1,$A32-1+$A$1,0) -> 9.7863638 | G33: =OFFSET('1050COMP'!F$1,$A32-1+$A$1,0) -> 5.4866692 | H33: =OFFSET('1050COMP'!G$1,$A32-1+$A$1,0) -> 6.0988867 | I33: =OFFSET('1050COMP'!H$1,$A32-1+$A$1,0) -> 65.205462 | J33: =OFFSET('1050COMP'!I$1,$A32-1+$A$1,0) -> 97.697116 | K33: =OFFSET('1050COMP'!J$1,$A32-1+$A$1,0) -> 131.75917
A34: 13 | B34: =OFFSET('1050LAPTOP'!$C$1,A34-1,0) -> Time non CUDA AVX add CPU time 4 | D34: МО | E34: =OFFSET('1050COMP'!D$1,$A34-1,0) -> 585.59822 | F34: =OFFSET('1050COMP'!E$1,$A34-1,0) -> 1094.3246 | G34: =OFFSET('1050COMP'!F$1,$A34-1,0) -> 2120.4718 | H34: =OFFSET('1050COMP'!G$1,$A34-1,0) -> 4187.7104 | I34: =OFFSET('1050COMP'!H$1,$A34-1,0) -> 9455.6194 | J34: =OFFSET('1050COMP'!I$1,$A34-1,0) -> 19091.788 | K34: =OFFSET('1050COMP'!J$1,$A34-1,0) -> 39015.478
D35: ДИ | E35: =OFFSET('1050COMP'!D$1,$A34-1+$A$1,0) -> 1.0386446 | F35: =OFFSET('1050COMP'!E$1,$A34-1+$A$1,0) -> 3.0217064 | G35: =OFFSET('1050COMP'!F$1,$A34-1+$A$1,0) -> 4.0730745 | H35: =OFFSET('1050COMP'!G$1,$A34-1+$A$1,0) -> 1.8340224 | I35: =OFFSET('1050COMP'!H$1,$A34-1+$A$1,0) -> 53.129504 | J35: =OFFSET('1050COMP'!I$1,$A34-1+$A$1,0) -> 54.545261 | K35: =OFFSET('1050COMP'!J$1,$A34-1+$A$1,0) -> 97.365495
A36: 3 | B36: =OFFSET('1050LAPTOP'!$C$1,A36-1,0) -> Classic ACO | C36: Classic ACO | D36: МО | E36: =OFFSET('3060LAPTOP'!D$1,$A36-1,0) -> 6732.0454 | F36: =OFFSET('3060LAPTOP'!E$1,$A36-1,0) -> 12795.57 | G36: =OFFSET('3060LAPTOP'!F$1,$A36-1,0) -> 24112.532 | H36: =OFFSET('3060LAPTOP'!G$1,$A36-1,0) -> 46059.344 | I36: =OFFSET('3060LAPTOP'!H$1,$A36-1,0) -> 91907.946 | J36: =OFFSET('3060LAPTOP'!I$1,$A36-1,0) -> 184408.08 | K36: =OFFSET('3060LAPTOP'!J$1,$A36-1,0) -> 367570.34
D37: ДИ | E37: =OFFSET('3060LAPTOP'!D$1,$A36-1+$A$1,0) -> 29.72261 | F37: =OFFSET('3060LAPTOP'!E$1,$A36-1+$A$1,0) -> 17.261082 | G37: =OFFSET('3060LAPTOP'!F$1,$A36-1+$A$1,0) -> 98.029302 | H37: =OFFSET('3060LAPTOP'!G$1,$A36-1+$A$1,0) -> 48.18692 | I37: =OFFSET('3060LAPTOP'!H$1,$A36-1+$A$1,0) -> 512.6278 | J37: =OFFSET('3060LAPTOP'!I$1,$A36-1+$A$1,0) -> 775.06198 | K37: =OFFSET('3060LAPTOP'!J$1,$A36-1+$A$1,0) -> 1357.5707
A38: 4 | B38: =OFFSET('1050LAPTOP'!$C$1,A38-1,0) -> non CUDA Time | C38: Matrix ACO | D38: МО | E38: =OFFSET('3060LAPTOP'!D$1,$A38-1,0) -> 565.78236 | F38: =OFFSET('3060LAPTOP'!E$1,$A38-1,0) -> 1048.5618 | G38: =OFFSET('3060LAPTOP'!F$1,$A38-1,0) -> 1982.69 | H38: =OFFSET('3060LAPTOP'!G$1,$A38-1,0) -> 3787.3732 | I38: =OFFSET('3060LAPTOP'!H$1,$A38-1,0) -> 7666.159 | J38: =OFFSET('3060LAPTOP'!I$1,$A38-1,0) -> 15021.706 | K38: =OFFSET('3060LAPTOP'!J$1,$A38-1,0) -> 30206.626
D39: ДИ | E39: =OFFSET('3060LAPTOP'!D$1,$A38-1+$A$1,0) -> 4.162287 | F39: =OFFSET('3060LAPTOP'!E$1,$A38-1+$A$1,0) -> 4.1114063 | G39: =OFFSET('3060LAPTOP'!F$1,$A38-1+$A$1,0) -> 9.9600752 | H39: =OFFSET('3060LAPTOP'!G$1,$A38-1+$A$1,0) -> 10.371022 | I39: =OFFSET('3060LAPTOP'!H$1,$A38-1+$A$1,0) -> 60.114895 | J39: =OFFSET('3060LAPTOP'!I$1,$A38-1+$A$1,0) -> 32.345265 | K39: =OFFSET('3060LAPTOP'!J$1,$A38-1+$A$1,0) -> 64.000996
A40: 5 | B40: =OFFSET('1050LAPTOP'!$C$1,A40-1,0) -> omp | C40: Matrix ACO + OMP | D40: МО | E40: =OFFSET('3060LAPTOP'!D$1,$A40-1,0) -> 537.58286 | F40: =OFFSET('3060LAPTOP'!E$1,$A40-1,0) -> 1010.2038 | G40: =OFFSET('3060LAPTOP'!F$1,$A40-1,0) -> 1940.0652 | H40: =OFFSET('3060LAPTOP'!G$1,$A40-1,0) -> 3816.501 | I40: =OFFSET('3060LAPTOP'!H$1,$A40-1,0) -> 7811.4766 | J40: =OFFSET('3060LAPTOP'!I$1,$A40-1,0) -> 15154.872 | K40: =OFFSET('3060LAPTOP'!J$1,$A40-1,0) -> 30090.164
D41: ДИ | E41: =OFFSET('3060LAPTOP'!D$1,$A40-1+$A$1,0) -> 4.5095966 | F41: =OFFSET('3060LAPTOP'!E$1,$A40-1+$A$1,0) -> 2.6951641 | G41: =OFFSET('3060LAPTOP'!F$1,$A40-1+$A$1,0) -> 2.3080237 | H41: =OFFSET('3060LAPTOP'!G$1,$A40-1+$A$1,0) -> 8.7723176 | I41: =OFFSET('3060LAPTOP'!H$1,$A40-1+$A$1,0) -> 17.021157 | J41: =OFFSET('3060LAPTOP'!I$1,$A40-1+$A$1,0) -> 24.822803 | K41: =OFFSET('3060LAPTOP'!J$1,$A40-1+$A$1,0) -> 31.215446
A42: 6 | B42: =OFFSET('1050LAPTOP'!$C$1,A42-1,0) -> non CUDA transp Time | C42: Transp Matrix ACO | D42: МО | E42: =OFFSET('3060LAPTOP'!D$1,$A42-1,0) -> 568.438 | F42: =OFFSET('3060LAPTOP'!E$1,$A42-1,0) -> 1053.3364 | G42: =OFFSET('3060LAPTOP'!F$1,$A42-1,0) -> 1978.4418 | H42: =OFFSET('3060LAPTOP'!G$1,$A42-1,0) -> 3846.794 | I42: =OFFSET('3060LAPTOP'!H$1,$A42-1,0) -> 7448.5196 | J42: =OFFSET('3060LAPTOP'!I$1,$A42-1,0) -> 14762.202 | K42: =OFFSET('3060LAPTOP'!J$1,$A42-1,0) -> 30250.246
D43: ДИ | E43: =OFFSET('3060LAPTOP'!D$1,$A42-1+$A$1,0) -> 1.8204707 | F43: =OFFSET('3060LAPTOP'!E$1,$A42-1+$A$1,0) -> 3.8753483 | G43: =OFFSET('3060LAPTOP'!F$1,$A42-1+$A$1,0) -> 4.5432578 | H43: =OFFSET('3060LAPTOP'!G$1,$A42-1+$A$1,0) -> 10.662725 | I43: =OFFSET('3060LAPTOP'!H$1,$A42-1+$A$1,0) -> 54.370394 | J43: =OFFSET('3060LAPTOP'!I$1,$A42-1+$A$1,0) -> 42.063281 | K43: =OFFSET('3060LAPTOP'!J$1,$A42-1+$A$1,0) -> 267.89042
A44: 7 | B44: =OFFSET('1050LAPTOP'!$C$1,A44-1,0) -> non CUDA transp_AVX Time | C44: Transp Matrix ACO + AVX | D44: МО | E44: =OFFSET('3060LAPTOP'!D$1,$A44-1,0) -> 0 | F44: =OFFSET('3060LAPTOP'!E$1,$A44-1,0) -> 1098.6976 | G44: =OFFSET('3060LAPTOP'!F$1,$A44-1,0) -> 2044.9888 | H44: =OFFSET('3060LAPTOP'!G$1,$A44-1,0) -> 3966.7574 | I44: =OFFSET('3060LAPTOP'!H$1,$A44-1,0) -> 7436.0804 | J44: =OFFSET('3060LAPTOP'!I$1,$A44-1,0) -> 14843.796 | K44: =OFFSET('3060LAPTOP'!J$1,$A44-1,0) -> 31936.964
D45: ДИ | E45: =OFFSET('3060LAPTOP'!D$1,$A44-1+$A$1,0) -> #DIV/0! | F45: =OFFSET('3060LAPTOP'!E$1,$A44-1+$A$1,0) -> 2.8504952 | G45: =OFFSET('3060LAPTOP'!F$1,$A44-1+$A$1,0) -> 5.3846166 | H45: =OFFSET('3060LAPTOP'!G$1,$A44-1+$A$1,0) -> 8.9149103 | I45: =OFFSET('3060LAPTOP'!H$1,$A44-1+$A$1,0) -> 24.151619 | J45: =OFFSET('3060LAPTOP'!I$1,$A44-1+$A$1,0) -> 35.840002 | K45: =OFFSET('3060LAPTOP'!J$1,$A44-1+$A$1,0) -> 374.98378
A46: 8 | B46: =OFFSET('1050LAPTOP'!$C$1,A46-1,0) -> non CUDA transp_AVX_OMP Time | C46: Transp Matrix ACO + AVX + OPM | D46: МО | E46: =OFFSET('3060LAPTOP'!D$1,$A46-1,0) -> 0 | F46: =OFFSET('3060LAPTOP'!E$1,$A46-1,0) -> 1100.0656 | G46: =OFFSET('3060LAPTOP'!F$1,$A46-1,0) -> 2057.818 | H46: =OFFSET('3060LAPTOP'!G$1,$A46-1,0) -> 3962.725 | I46: =OFFSET('3060LAPTOP'!H$1,$A46-1,0) -> 7628.956 | J46: =OFFSET('3060LAPTOP'!I$1,$A46-1,0) -> 14841.382 | K46: =OFFSET('3060LAPTOP'!J$1,$A46-1,0) -> 30129.486
D47: ДИ | E47: =OFFSET('3060LAPTOP'!D$1,$A46-1+$A$1,0) -> #DIV/0! | F47: =OFFSET('3060LAPTOP'!E$1,$A46-1+$A$1,0) -> 2.8913993 | G47: =OFFSET('3060LAPTOP'!F$1,$A46-1+$A$1,0) -> 4.938096 | H47: =OFFSET('3060LAPTOP'!G$1,$A46-1+$A$1,0) -> 7.4898968 | I47: =OFFSET('3060LAPTOP'!H$1,$A46-1+$A$1,0) -> 97.841238 | J47: =OFFSET('3060LAPTOP'!I$1,$A46-1+$A$1,0) -> 37.562936 | K47: =OFFSET('3060LAPTOP'!J$1,$A46-1+$A$1,0) -> 53.077585
A48: 12 | B48: =OFFSET('1050LAPTOP'!$C$1,A48-1,0) -> Time non CUDA AVX time 4 | D48: МО | E48: =OFFSET('3060LAPTOP'!D$1,$A48-1,0) -> 655.85188 | F48: =OFFSET('3060LAPTOP'!E$1,$A48-1,0) -> 1122.2882 | G48: =OFFSET('3060LAPTOP'!F$1,$A48-1,0) -> 2062.2732 | H48: =OFFSET('3060LAPTOP'!G$1,$A48-1,0) -> 3843.9814 | I48: =OFFSET('3060LAPTOP'!H$1,$A48-1,0) -> 7733.3808 | J48: =OFFSET('3060LAPTOP'!I$1,$A48-1,0) -> 14666.314 | K48: =OFFSET('3060LAPTOP'!J$1,$A48-1,0) -> 28278.648
D49: ДИ | E49: =OFFSET('3060LAPTOP'!D$1,$A48-1+$A$1,0) -> 6.7759497 | F49: =OFFSET('3060LAPTOP'!E$1,$A48-1+$A$1,0) -> 5.303047 | G49: =OFFSET('3060LAPTOP'!F$1,$A48-1+$A$1,0) -> 11.448449 | H49: =OFFSET('3060LAPTOP'!G$1,$A48-1+$A$1,0) -> 9.9073161 | I49: =OFFSET('3060LAPTOP'!H$1,$A48-1+$A$1,0) -> 47.589095 | J49: =OFFSET('3060LAPTOP'!I$1,$A48-1+$A$1,0) -> 26.542539 | K49: =OFFSET('3060LAPTOP'!J$1,$A48-1+$A$1,0) -> 38.649262
A50: 13 | B50: =OFFSET('1050LAPTOP'!$C$1,A50-1,0) -> Time non CUDA AVX add CPU time 4 | D50: МО | E50: =OFFSET('3060LAPTOP'!D$1,$A50-1,0) -> 326.85912 | F50: =OFFSET('3060LAPTOP'!E$1,$A50-1,0) -> 560.98236 | G50: =OFFSET('3060LAPTOP'!F$1,$A50-1,0) -> 1056.0064 | H50: =OFFSET('3060LAPTOP'!G$1,$A50-1,0) -> 2086.9772 | I50: =OFFSET('3060LAPTOP'!H$1,$A50-1,0) -> 4302.8068 | J50: =OFFSET('3060LAPTOP'!I$1,$A50-1,0) -> 8533.8542 | K50: =OFFSET('3060LAPTOP'!J$1,$A50-1,0) -> 16822.824
D51: ДИ | E51: =OFFSET('3060LAPTOP'!D$1,$A50-1+$A$1,0) -> 3.06451 | F51: =OFFSET('3060LAPTOP'!E$1,$A50-1+$A$1,0) -> 2.5012898 | G51: =OFFSET('3060LAPTOP'!F$1,$A50-1+$A$1,0) -> 2.5583656 | H51: =OFFSET('3060LAPTOP'!G$1,$A50-1+$A$1,0) -> 5.4142275 | I51: =OFFSET('3060LAPTOP'!H$1,$A50-1+$A$1,0) -> 5.7135497 | J51: =OFFSET('3060LAPTOP'!I$1,$A50-1+$A$1,0) -> 6.5951686 | K51: =OFFSET('3060LAPTOP'!J$1,$A50-1+$A$1,0) -> 13.240137
A52: 3 | B52: =OFFSET('1050LAPTOP'!$C$1,A52-1,0) -> Classic ACO | C52: Classic ACO | D52: МО | E52: =OFFSET('3060COMP Kaf'!D$1,$A52-1,0) -> 5875.1582 | F52: =OFFSET('3060COMP Kaf'!E$1,$A52-1,0) -> 10771.412 | G52: =OFFSET('3060COMP Kaf'!F$1,$A52-1,0) -> 20160.066 | H52: =OFFSET('3060COMP Kaf'!G$1,$A52-1,0) -> 39471.228 | I52: =OFFSET('3060COMP Kaf'!H$1,$A52-1,0) -> 81942.232 | J52: =OFFSET('3060COMP Kaf'!I$1,$A52-1,0) -> 153183.06 | K52: =OFFSET('3060COMP Kaf'!J$1,$A52-1,0) -> 307026.62
D53: ДИ | E53: =OFFSET('3060COMP Kaf'!D$1,$A52-1+$A$1,0) -> 3.7987825 | F53: =OFFSET('3060COMP Kaf'!E$1,$A52-1+$A$1,0) -> 5.1738649 | G53: =OFFSET('3060COMP Kaf'!F$1,$A52-1+$A$1,0) -> 959.99251 | H53: =OFFSET('3060COMP Kaf'!G$1,$A52-1+$A$1,0) -> 146.83724 | I53: =OFFSET('3060COMP Kaf'!H$1,$A52-1+$A$1,0) -> 26.719129 | J53: =OFFSET('3060COMP Kaf'!I$1,$A52-1+$A$1,0) -> 96.278777 | K53: =OFFSET('3060COMP Kaf'!J$1,$A52-1+$A$1,0) -> 495.41915
A54: 4 | B54: =OFFSET('1050LAPTOP'!$C$1,A54-1,0) -> non CUDA Time | C54: Matrix ACO | D54: МО | E54: =OFFSET('3060COMP Kaf'!D$1,$A54-1,0) -> 487.2341 | F54: =OFFSET('3060COMP Kaf'!E$1,$A54-1,0) -> 885.85572 | G54: =OFFSET('3060COMP Kaf'!F$1,$A54-1,0) -> 1657.3222 | H54: =OFFSET('3060COMP Kaf'!G$1,$A54-1,0) -> 3201.0856 | I54: =OFFSET('3060COMP Kaf'!H$1,$A54-1,0) -> 6411.2784 | J54: =OFFSET('3060COMP Kaf'!I$1,$A54-1,0) -> 12839.332 | K54: =OFFSET('3060COMP Kaf'!J$1,$A54-1,0) -> 25321.222
D55: ДИ | E55: =OFFSET('3060COMP Kaf'!D$1,$A54-1+$A$1,0) -> 0.77081041 | F55: =OFFSET('3060COMP Kaf'!E$1,$A54-1+$A$1,0) -> 1.3447363 | G55: =OFFSET('3060COMP Kaf'!F$1,$A54-1+$A$1,0) -> 1.4473374 | H55: =OFFSET('3060COMP Kaf'!G$1,$A54-1+$A$1,0) -> 2.2182249 | I55: =OFFSET('3060COMP Kaf'!H$1,$A54-1+$A$1,0) -> 16.837503 | J55: =OFFSET('3060COMP Kaf'!I$1,$A54-1+$A$1,0) -> 5.9068434 | K55: =OFFSET('3060COMP Kaf'!J$1,$A54-1+$A$1,0) -> 29.785563
A56: 5 | B56: =OFFSET('1050LAPTOP'!$C$1,A56-1,0) -> omp | C56: Matrix ACO + OMP | D56: МО | E56: =OFFSET('3060COMP Kaf'!D$1,$A56-1,0) -> 454.91874 | F56: =OFFSET('3060COMP Kaf'!E$1,$A56-1,0) -> 858.29418 | G56: =OFFSET('3060COMP Kaf'!F$1,$A56-1,0) -> 1613.7754 | H56: =OFFSET('3060COMP Kaf'!G$1,$A56-1,0) -> 3156.5868 | I56: =OFFSET('3060COMP Kaf'!H$1,$A56-1,0) -> 6325.7934 | J56: =OFFSET('3060COMP Kaf'!I$1,$A56-1,0) -> 12786.916 | K56: =OFFSET('3060COMP Kaf'!J$1,$A56-1,0) -> 25053.314
D57: ДИ | E57: =OFFSET('3060COMP Kaf'!D$1,$A56-1+$A$1,0) -> 0.44675415 | F57: =OFFSET('3060COMP Kaf'!E$1,$A56-1+$A$1,0) -> 1.0271882 | G57: =OFFSET('3060COMP Kaf'!F$1,$A56-1+$A$1,0) -> 1.4033079 | H57: =OFFSET('3060COMP Kaf'!G$1,$A56-1+$A$1,0) -> 8.8234347 | I57: =OFFSET('3060COMP Kaf'!H$1,$A56-1+$A$1,0) -> 2.0758535 | J57: =OFFSET('3060COMP Kaf'!I$1,$A56-1+$A$1,0) -> 5.1908622 | K57: =OFFSET('3060COMP Kaf'!J$1,$A56-1+$A$1,0) -> 17.040423
A58: 6 | B58: =OFFSET('1050LAPTOP'!$C$1,A58-1,0) -> non CUDA transp Time | C58: Transp Matrix ACO | D58: МО | E58: =OFFSET('3060COMP Kaf'!D$1,$A58-1,0) -> 493.89566 | F58: =OFFSET('3060COMP Kaf'!E$1,$A58-1,0) -> 896.10108 | G58: =OFFSET('3060COMP Kaf'!F$1,$A58-1,0) -> 1655.2258 | H58: =OFFSET('3060COMP Kaf'!G$1,$A58-1,0) -> 3187.1958 | I58: =OFFSET('3060COMP Kaf'!H$1,$A58-1,0) -> 6341.1572 | J58: =OFFSET('3060COMP Kaf'!I$1,$A58-1,0) -> 12719.044 | K58: =OFFSET('3060COMP Kaf'!J$1,$A58-1,0) -> 24769.144
D59: ДИ | E59: =OFFSET('3060COMP Kaf'!D$1,$A58-1+$A$1,0) -> 0.47292707 | F59: =OFFSET('3060COMP Kaf'!E$1,$A58-1+$A$1,0) -> 1.4833556 | G59: =OFFSET('3060COMP Kaf'!F$1,$A58-1+$A$1,0) -> 1.6521491 | H59: =OFFSET('3060COMP Kaf'!G$1,$A58-1+$A$1,0) -> 2.1274262 | I59: =OFFSET('3060COMP Kaf'!H$1,$A58-1+$A$1,0) -> 2.5898239 | J59: =OFFSET('3060COMP Kaf'!I$1,$A58-1+$A$1,0) -> 5.8710992 | K59: =OFFSET('3060COMP Kaf'!J$1,$A58-1+$A$1,0) -> 6.1118914
A60: 7 | B60: =OFFSET('1050LAPTOP'!$C$1,A60-1,0) -> non CUDA transp_AVX Time | C60: Transp Matrix ACO + AVX | D60: МО | E60: =OFFSET('3060COMP Kaf'!D$1,$A60-1,0) -> 0 | F60: =OFFSET('3060COMP Kaf'!E$1,$A60-1,0) -> 914.7082 | G60: =OFFSET('3060COMP Kaf'!F$1,$A60-1,0) -> 1679.338 | H60: =OFFSET('3060COMP Kaf'!G$1,$A60-1,0) -> 3222.9352 | I60: =OFFSET('3060COMP Kaf'!H$1,$A60-1,0) -> 6435.8494 | J60: =OFFSET('3060COMP Kaf'!I$1,$A60-1,0) -> 12794.862 | K60: =OFFSET('3060COMP Kaf'!J$1,$A60-1,0) -> 24895.252
D61: ДИ | E61: =OFFSET('3060COMP Kaf'!D$1,$A60-1+$A$1,0) -> 0 | F61: =OFFSET('3060COMP Kaf'!E$1,$A60-1+$A$1,0) -> 1.3828142 | G61: =OFFSET('3060COMP Kaf'!F$1,$A60-1+$A$1,0) -> 1.5924156 | H61: =OFFSET('3060COMP Kaf'!G$1,$A60-1+$A$1,0) -> 1.784735 | I61: =OFFSET('3060COMP Kaf'!H$1,$A60-1+$A$1,0) -> 7.4410141 | J61: =OFFSET('3060COMP Kaf'!I$1,$A60-1+$A$1,0) -> 5.793326 | K61: =OFFSET('3060COMP Kaf'!J$1,$A60-1+$A$1,0) -> 6.5921943
A62: 8 | B62: =OFFSET('1050LAPTOP'!$C$1,A62-1,0) -> non CUDA transp_AVX_OMP Time | C62: Transp Matrix ACO + AVX + OPM | D62: МО | E62: =OFFSET('3060COMP Kaf'!D$1,$A62-1,0) -> 0 | F62: =OFFSET('3060COMP Kaf'!E$1,$A62-1,0) -> 912.44722 | G62: =OFFSET('3060COMP Kaf'!F$1,$A62-1,0) -> 1680.4452 | H62: =OFFSET('3060COMP Kaf'!G$1,$A62-1,0) -> 3222.1064 | I62: =OFFSET('3060COMP Kaf'!H$1,$A62-1,0) -> 6441.876 | J62: =OFFSET('3060COMP Kaf'!I$1,$A62-1,0) -> 12795.922 | K62: =OFFSET('3060COMP Kaf'!J$1,$A62-1,0) -> 24895.68
D63: ДИ | E63: =OFFSET('3060COMP Kaf'!D$1,$A62-1+$A$1,0) -> 0 | F63: =OFFSET('3060COMP Kaf'!E$1,$A62-1+$A$1,0) -> 1.7442462 | G63: =OFFSET('3060COMP Kaf'!F$1,$A62-1+$A$1,0) -> 1.7421584 | H63: =OFFSET('3060COMP Kaf'!G$1,$A62-1+$A$1,0) -> 2.3356427 | I63: =OFFSET('3060COMP Kaf'!H$1,$A62-1+$A$1,0) -> 3.9404574 | J63: =OFFSET('3060COMP Kaf'!I$1,$A62-1+$A$1,0) -> 6.1968605 | K63: =OFFSET('3060COMP Kaf'!J$1,$A62-1+$A$1,0) -> 7.4784965
A64: 12 | B64: =OFFSET('1050LAPTOP'!$C$1,A64-1,0) -> Time non CUDA AVX time 4 | D64: МО | E64: =OFFSET('3060COMP Kaf'!D$1,$A64-1,0) -> 496.9724 | F64: =OFFSET('3060COMP Kaf'!E$1,$A64-1,0) -> 864.94588 | G64: =OFFSET('3060COMP Kaf'!F$1,$A64-1,0) -> 1599.1574 | H64: =OFFSET('3060COMP Kaf'!G$1,$A64-1,0) -> 3061.0534 | I64: =OFFSET('3060COMP Kaf'!H$1,$A64-1,0) -> 6094.9754 | J64: =OFFSET('3060COMP Kaf'!I$1,$A64-1,0) -> 12117.154 | K64: =OFFSET('3060COMP Kaf'!J$1,$A64-1,0) -> #DIV/0!
D65: ДИ | E65: =OFFSET('3060COMP Kaf'!D$1,$A64-1+$A$1,0) -> 2.4748889 | F65: =OFFSET('3060COMP Kaf'!E$1,$A64-1+$A$1,0) -> 2.2922092 | G65: =OFFSET('3060COMP Kaf'!F$1,$A64-1+$A$1,0) -> 2.4151761 | H65: =OFFSET('3060COMP Kaf'!G$1,$A64-1+$A$1,0) -> 2.6191445 | I65: =OFFSET('3060COMP Kaf'!H$1,$A64-1+$A$1,0) -> 5.4892587 | J65: =OFFSET('3060COMP Kaf'!I$1,$A64-1+$A$1,0) -> 58.540638 | K65: =OFFSET('3060COMP Kaf'!J$1,$A64-1+$A$1,0) -> #DIV/0!
A66: 13 | B66: =OFFSET('1050LAPTOP'!$C$1,A66-1,0) -> Time non CUDA AVX add CPU time 4 | D66: МО | E66: =OFFSET('3060COMP Kaf'!D$1,$A66-1,0) -> 369.48456 | F66: =OFFSET('3060COMP Kaf'!E$1,$A66-1,0) -> 602.6023 | G66: =OFFSET('3060COMP Kaf'!F$1,$A66-1,0) -> 1072.0266 | H66: =OFFSET('3060COMP Kaf'!G$1,$A66-1,0) -> 2077.2694 | I66: =OFFSET('3060COMP Kaf'!H$1,$A66-1,0) -> 4173.0254 | J66: =OFFSET('3060COMP Kaf'!I$1,$A66-1,0) -> 8534.347 | K66: =OFFSET('3060COMP Kaf'!J$1,$A66-1,0) -> #DIV/0!
D67: ДИ | E67: =OFFSET('3060COMP Kaf'!D$1,$A66-1+$A$1,0) -> 0.57386492 | F67: =OFFSET('3060COMP Kaf'!E$1,$A66-1+$A$1,0) -> 0.95491822 | G67: =OFFSET('3060COMP Kaf'!F$1,$A66-1+$A$1,0) -> 1.5551577 | H67: =OFFSET('3060COMP Kaf'!G$1,$A66-1+$A$1,0) -> 4.1717924 | I67: =OFFSET('3060COMP Kaf'!H$1,$A66-1+$A$1,0) -> 5.1003269 | J67: =OFFSET('3060COMP Kaf'!I$1,$A66-1+$A$1,0) -> 13.184883 | K67: =OFFSET('3060COMP Kaf'!J$1,$A66-1+$A$1,0) -> #DIV/0!
A68: 3 | B68: =OFFSET('1050LAPTOP'!$C$1,A68-1,0) -> Classic ACO | C68: Classic ACO | D68: МО | E68: =OFFSET('4060COMP'!D$1,$A68-1,0) -> 6288.5222 | F68: =OFFSET('4060COMP'!E$1,$A68-1,0) -> 11441.452 | G68: =OFFSET('4060COMP'!F$1,$A68-1,0) -> 21547.928 | H68: =OFFSET('4060COMP'!G$1,$A68-1,0) -> 42583.176 | I68: =OFFSET('4060COMP'!H$1,$A68-1,0) -> 98333.398 | J68: =OFFSET('4060COMP'!I$1,$A68-1,0) -> 171610.78 | K68: =OFFSET('4060COMP'!J$1,$A68-1,0) -> 334035.68
D69: ДИ | E69: =OFFSET('4060COMP'!D$1,$A68-1+$A$1,0) -> 42.608828 | F69: =OFFSET('4060COMP'!E$1,$A68-1+$A$1,0) -> 29.70405 | G69: =OFFSET('4060COMP'!F$1,$A68-1+$A$1,0) -> 80.677563 | H69: =OFFSET('4060COMP'!G$1,$A68-1+$A$1,0) -> 155.39502 | I69: =OFFSET('4060COMP'!H$1,$A68-1+$A$1,0) -> 181.95167 | J69: =OFFSET('4060COMP'!I$1,$A68-1+$A$1,0) -> 1422.3299 | K69: =OFFSET('4060COMP'!J$1,$A68-1+$A$1,0) -> 391.96958
A70: 4 | B70: =OFFSET('1050LAPTOP'!$C$1,A70-1,0) -> non CUDA Time | C70: Matrix ACO | D70: МО | E70: =OFFSET('4060COMP'!D$1,$A70-1,0) -> 886.85582 | F70: =OFFSET('4060COMP'!E$1,$A70-1,0) -> 1627.4022 | G70: =OFFSET('4060COMP'!F$1,$A70-1,0) -> 3159.8702 | H70: =OFFSET('4060COMP'!G$1,$A70-1,0) -> 6191.9178 | I70: =OFFSET('4060COMP'!H$1,$A70-1,0) -> 12286.098 | J70: =OFFSET('4060COMP'!I$1,$A70-1,0) -> 25340.31 | K70: =OFFSET('4060COMP'!J$1,$A70-1,0) -> 46545.16
D71: ДИ | E71: =OFFSET('4060COMP'!D$1,$A70-1+$A$1,0) -> 3.9258114 | F71: =OFFSET('4060COMP'!E$1,$A70-1+$A$1,0) -> 2.9705663 | G71: =OFFSET('4060COMP'!F$1,$A70-1+$A$1,0) -> 39.888174 | H71: =OFFSET('4060COMP'!G$1,$A70-1+$A$1,0) -> 7.577911 | I71: =OFFSET('4060COMP'!H$1,$A70-1+$A$1,0) -> 25.186138 | J71: =OFFSET('4060COMP'!I$1,$A70-1+$A$1,0) -> 86.386279 | K71: =OFFSET('4060COMP'!J$1,$A70-1+$A$1,0) -> 62.364672
A72: 5 | B72: =OFFSET('1050LAPTOP'!$C$1,A72-1,0) -> omp | C72: Matrix ACO + OMP | D72: МО | E72: =OFFSET('4060COMP'!D$1,$A72-1,0) -> 838.22992 | F72: =OFFSET('4060COMP'!E$1,$A72-1,0) -> 1577.8022 | G72: =OFFSET('4060COMP'!F$1,$A72-1,0) -> 3090.485 | H72: =OFFSET('4060COMP'!G$1,$A72-1,0) -> 6131.5604 | I72: =OFFSET('4060COMP'!H$1,$A72-1,0) -> 12103.568 | J72: =OFFSET('4060COMP'!I$1,$A72-1,0) -> 23978.202 | K72: =OFFSET('4060COMP'!J$1,$A72-1,0) -> 46833.824
D73: ДИ | E73: =OFFSET('4060COMP'!D$1,$A72-1+$A$1,0) -> 2.7794094 | F73: =OFFSET('4060COMP'!E$1,$A72-1+$A$1,0) -> 4.7675589 | G73: =OFFSET('4060COMP'!F$1,$A72-1+$A$1,0) -> 6.0600053 | H73: =OFFSET('4060COMP'!G$1,$A72-1+$A$1,0) -> 5.2359494 | I73: =OFFSET('4060COMP'!H$1,$A72-1+$A$1,0) -> 9.0442381 | J73: =OFFSET('4060COMP'!I$1,$A72-1+$A$1,0) -> 15.612465 | K73: =OFFSET('4060COMP'!J$1,$A72-1+$A$1,0) -> 41.186737
A74: 6 | B74: =OFFSET('1050LAPTOP'!$C$1,A74-1,0) -> non CUDA transp Time | C74: Transp Matrix ACO | D74: МО | E74: =OFFSET('4060COMP'!D$1,$A74-1,0) -> 886.04632 | F74: =OFFSET('4060COMP'!E$1,$A74-1,0) -> 1637.602 | G74: =OFFSET('4060COMP'!F$1,$A74-1,0) -> 3151.2088 | H74: =OFFSET('4060COMP'!G$1,$A74-1,0) -> 6213.1168 | I74: =OFFSET('4060COMP'!H$1,$A74-1,0) -> 12251.96 | J74: =OFFSET('4060COMP'!I$1,$A74-1,0) -> 24164.172 | K74: =OFFSET('4060COMP'!J$1,$A74-1,0) -> 46972.646
D75: ДИ | E75: =OFFSET('4060COMP'!D$1,$A74-1+$A$1,0) -> 6.4259705 | F75: =OFFSET('4060COMP'!E$1,$A74-1+$A$1,0) -> 6.5263475 | G75: =OFFSET('4060COMP'!F$1,$A74-1+$A$1,0) -> 4.21886 | H75: =OFFSET('4060COMP'!G$1,$A74-1+$A$1,0) -> 9.4058423 | I75: =OFFSET('4060COMP'!H$1,$A74-1+$A$1,0) -> 21.440322 | J75: =OFFSET('4060COMP'!I$1,$A74-1+$A$1,0) -> 18.891088 | K75: =OFFSET('4060COMP'!J$1,$A74-1+$A$1,0) -> 152.49487
A76: 7 | B76: =OFFSET('1050LAPTOP'!$C$1,A76-1,0) -> non CUDA transp_AVX Time | C76: Transp Matrix ACO + AVX | D76: МО | E76: =OFFSET('4060COMP'!D$1,$A76-1,0) -> 0 | F76: =OFFSET('4060COMP'!E$1,$A76-1,0) -> 2127.663 | G76: =OFFSET('4060COMP'!F$1,$A76-1,0) -> 4067.6298 | H76: =OFFSET('4060COMP'!G$1,$A76-1,0) -> 7861.0436 | I76: =OFFSET('4060COMP'!H$1,$A76-1,0) -> 14994.266 | J76: =OFFSET('4060COMP'!I$1,$A76-1,0) -> 26465.054 | K76: =OFFSET('4060COMP'!J$1,$A76-1,0) -> 52147.348
D77: ДИ | E77: =OFFSET('4060COMP'!D$1,$A76-1+$A$1,0) -> 0 | F77: =OFFSET('4060COMP'!E$1,$A76-1+$A$1,0) -> 2.9547314 | G77: =OFFSET('4060COMP'!F$1,$A76-1+$A$1,0) -> 9.1946104 | H77: =OFFSET('4060COMP'!G$1,$A76-1+$A$1,0) -> 8.657966 | I77: =OFFSET('4060COMP'!H$1,$A76-1+$A$1,0) -> 70.6558 | J77: =OFFSET('4060COMP'!I$1,$A76-1+$A$1,0) -> 30.589717 | K77: =OFFSET('4060COMP'!J$1,$A76-1+$A$1,0) -> 1209.9951
A78: 8 | B78: =OFFSET('1050LAPTOP'!$C$1,A78-1,0) -> non CUDA transp_AVX_OMP Time | C78: Transp Matrix ACO + AVX + OPM | D78: МО | E78: =OFFSET('4060COMP'!D$1,$A78-1,0) -> 0 | F78: =OFFSET('4060COMP'!E$1,$A78-1,0) -> 2119.9632 | G78: =OFFSET('4060COMP'!F$1,$A78-1,0) -> 4040.9362 | H78: =OFFSET('4060COMP'!G$1,$A78-1,0) -> 7858.531 | I78: =OFFSET('4060COMP'!H$1,$A78-1,0) -> 14976.848 | J78: =OFFSET('4060COMP'!I$1,$A78-1,0) -> 26486.424 | K78: =OFFSET('4060COMP'!J$1,$A78-1,0) -> 53563.658
D79: ДИ | E79: =OFFSET('4060COMP'!D$1,$A78-1+$A$1,0) -> 0 | F79: =OFFSET('4060COMP'!E$1,$A78-1+$A$1,0) -> 4.4654515 | G79: =OFFSET('4060COMP'!F$1,$A78-1+$A$1,0) -> 6.8835764 | H79: =OFFSET('4060COMP'!G$1,$A78-1+$A$1,0) -> 16.540139 | I79: =OFFSET('4060COMP'!H$1,$A78-1+$A$1,0) -> 66.23561 | J79: =OFFSET('4060COMP'!I$1,$A78-1+$A$1,0) -> 32.598751 | K79: =OFFSET('4060COMP'!J$1,$A78-1+$A$1,0) -> 1230.9255
A80: 12 | B80: =OFFSET('1050LAPTOP'!$C$1,A80-1,0) -> Time non CUDA AVX time 4 | D80: МО | E80: =OFFSET('4060COMP'!D$1,$A80-1,0) -> 1132.0496 | F80: =OFFSET('4060COMP'!E$1,$A80-1,0) -> 2092.464 | G80: =OFFSET('4060COMP'!F$1,$A80-1,0) -> 3978.3184 | H80: =OFFSET('4060COMP'!G$1,$A80-1,0) -> 7709.4032 | I80: =OFFSET('4060COMP'!H$1,$A80-1,0) -> 14043.196 | J80: =OFFSET('4060COMP'!I$1,$A80-1,0) -> 26905.33 | K80: =OFFSET('4060COMP'!J$1,$A80-1,0) -> 55996.128
D81: ДИ | E81: =OFFSET('4060COMP'!D$1,$A80-1+$A$1,0) -> 4.7001689 | F81: =OFFSET('4060COMP'!E$1,$A80-1+$A$1,0) -> 3.2626128 | G81: =OFFSET('4060COMP'!F$1,$A80-1+$A$1,0) -> 5.9161989 | H81: =OFFSET('4060COMP'!G$1,$A80-1+$A$1,0) -> 19.378162 | I81: =OFFSET('4060COMP'!H$1,$A80-1+$A$1,0) -> 68.750616 | J81: =OFFSET('4060COMP'!I$1,$A80-1+$A$1,0) -> 161.5192 | K81: =OFFSET('4060COMP'!J$1,$A80-1+$A$1,0) -> 163.67266
A82: 13 | B82: =OFFSET('1050LAPTOP'!$C$1,A82-1,0) -> Time non CUDA AVX add CPU time 4 | D82: МО | E82: =OFFSET('4060COMP'!D$1,$A82-1,0) -> 257.09768 | F82: =OFFSET('4060COMP'!E$1,$A82-1,0) -> 441.49018 | G82: =OFFSET('4060COMP'!F$1,$A82-1,0) -> 818.33376 | H82: =OFFSET('4060COMP'!G$1,$A82-1,0) -> 1549.6212 | I82: =OFFSET('4060COMP'!H$1,$A82-1,0) -> 3143.1994 | J82: =OFFSET('4060COMP'!I$1,$A82-1,0) -> 6016.169 | K82: =OFFSET('4060COMP'!J$1,$A82-1,0) -> 11876.062
D83: ДИ | E83: =OFFSET('4060COMP'!D$1,$A82-1+$A$1,0) -> 0.72130566 | F83: =OFFSET('4060COMP'!E$1,$A82-1+$A$1,0) -> 1.9882342 | G83: =OFFSET('4060COMP'!F$1,$A82-1+$A$1,0) -> 2.1947471 | H83: =OFFSET('4060COMP'!G$1,$A82-1+$A$1,0) -> 4.3099015 | I83: =OFFSET('4060COMP'!H$1,$A82-1+$A$1,0) -> 27.3739 | J83: =OFFSET('4060COMP'!I$1,$A82-1+$A$1,0) -> 25.502625 | K83: =OFFSET('4060COMP'!J$1,$A82-1+$A$1,0) -> 23.217731

Sheet Лист1

Sheet 1050LAPTOP
B1: 1.96 | C1: 50 | D1: 2 | E1: 4 | F1: 8 | G1: 16 | H1: 32 | I1: 64 | J1: 128 | K1: 256 | L1: 512 | M1: 8th Gen Intel Core i5-8300H 2.30 GHz (8Gb ОЗУ)
B2: МО | D2: 42 | E2: 84 | F2: 168 | G2: 336 | H2: 672 | I2: 1344 | J2: 2688 | K2: 5376 | L2: 10752
A3: 1 | C3: Classic ACO | D3: 14722.332 | E3: 27364.668 | F3: 52186.786 | G3: 103402.44 | H3: 207103.36 | I3: 410463.68 | J3: 835652.72
C4: non CUDA Time | D4: 1012.9384 | E4: 1856.1192 | F4: 3594.4352 | G4: 7098.9368 | H4: 13991.566 | I4: 27308.064 | J4: 53372.172
C5: omp | D5: 941.88968 | E5: 1766.0682 | F5: 3464.2148 | G5: 6900.4026 | H5: 13916.54 | I5: 27036.758 | J5: 52481.614
C6: non CUDA transp Time | D6: 1006.4635 | E6: 1833.9498 | F6: 3513.463 | G6: 6889.402 | H6: 13937.79 | I6: 27063.298 | J6: 52241.044
C7: non CUDA transp_AVX Time | D7: 0 | E7: 1886.6616 | F7: 3617.8644 | G7: 7101.9936 | H7: 14317.556 | I7: 28324.736 | J7: 54374.392
C8: non CUDA transp_AVX_OMP Time | D8: 0 | E8: 1906.3474 | F8: 3617.8066 | G8: 7097.737 | H8: 14354.264 | I8: 28337.322 | J8: 54393.38
C9: CUDA ant add CPU Time | D9: 617.83162 | E9: 1125.4246 | F9: 2174.7248 | G9: 4302.336 | H9: 8603.6396 | I9: 17058.228 | J9: 34415.26
C10: CUDA ant add CPU12 | D10: 1512.212 | E10: 2659.6366 | F10: 5207.7542 | G10: 10304.526 | H10: 20485.6 | I10: 30668.098 | J10: 53579.62
C11: CUDA ant add CPU_AVX_transp Time | D11: 0 | E11: 1138.901 | F11: 2203.575 | G11: 4345.2346 | H11: 8611.4828 | I11: 17137.144 | J11: 34192.436
C12: Time non CUDA AVX time 4 | D12: 1017.3776 | E12: 1889.2708 | F12: 3627.0554 | G12: 7084.2338 | H12: 14040.434 | I12: 27472.934 | J12: 52973.284
C13: Time non CUDA AVX add CPU time 4 | D13: 627.14738 | E13: 1153.4844 | F13: 2244.2572 | G13: 4419.377 | H13: 8817.8194 | I13: 17479.466 | J13: 35108.804
C30: 6 | D30: 2 | E30: 4 | F30: 8 | G30: 16 | H30: 32 | I30: 64 | J30: 128 | K30: 256 | L30: 512
D31: 42 | E31: 84 | F31: 168 | G31: 336 | H31: 672 | I31: 1344 | J31: 2688 | K31: 5376 | L31: 10752
C32: Classic ACO | D32: =D3/D$2 -> 350.53171 | E32: =E3/E$2 -> 325.76986 | F32: =F3/F$2 -> 310.63563 | G32: =G3/G$2 -> 307.74536 | H32: =H3/H$2 -> 308.18952 | I32: =I3/I$2 -> 305.40452 | J32: =J3/J$2 -> 310.88271 | K32: =K3/K$2 -> 0 | L32: =L3/L$2 -> 0
C33: non CUDA Time | D33: =D4/D$2 -> 24.117581 | E33: =E4/E$2 -> 22.096657 | F33: =F4/F$2 -> 21.395448 | G33: =G4/G$2 -> 21.127788 | H33: =H4/H$2 -> 20.820783 | I33: =I4/I$2 -> 20.3185 | J33: =J4/J$2 -> 19.855719 | K33: =K4/K$2 -> 0 | L33: =L4/L$2 -> 0
C34: omp | D34: =D5/D$2 -> 22.425945 | E34: =E5/E$2 -> 21.024621 | F34: =F5/F$2 -> 20.620326 | G34: =G5/G$2 -> 20.536912 | H34: =H5/H$2 -> 20.709137 | I34: =I5/I$2 -> 20.116635 | J34: =J5/J$2 -> 19.52441 | K34: =K5/K$2 -> 0 | L34: =L5/L$2 -> 0
C35: non CUDA transp Time | D35: =D6/D$2 -> 23.963416 | E35: =E6/E$2 -> 21.832736 | F35: =F6/F$2 -> 20.91347 | G35: =G6/G$2 -> 20.504173 | H35: =H6/H$2 -> 20.740759 | I35: =I6/I$2 -> 20.136382 | J35: =J6/J$2 -> 19.434912 | K35: =K6/K$2 -> 0 | L35: =L6/L$2 -> 0
C36: non CUDA transp_AVX Time | E36: =E7/E$2 -> 22.460257 | F36: =F7/F$2 -> 21.534907 | G36: =G7/G$2 -> 21.136886 | H36: =H7/H$2 -> 21.305887 | I36: =I7/I$2 -> 21.074952 | J36: =J7/J$2 -> 20.228568 | K36: =K7/K$2 -> 0 | L36: =L7/L$2 -> 0
C37: non CUDA transp_AVX_OMP Time | E37: =E8/E$2 -> 22.694612 | F37: =F8/F$2 -> 21.534563 | G37: =G8/G$2 -> 21.124217 | H37: =H8/H$2 -> 21.360512 | I37: =I8/I$2 -> 21.084317 | J37: =J8/J$2 -> 20.235632 | K37: =K8/K$2 -> 0 | L37: =L8/L$2 -> 0
C38: CUDA ant add CPU Time | D38: =D9/D$2 -> 14.710277 | E38: =E9/E$2 -> 13.397912 | F38: =F9/F$2 -> 12.94479 | G38: =G9/G$2 -> 12.804571 | H38: =H9/H$2 -> 12.803035 | I38: =I9/I$2 -> 12.692134 | J38: =J9/J$2 -> 12.803296 | K38: =K9/K$2 -> 0 | L38: =L9/L$2 -> 0
C39: CUDA ant add CPU12 | D39: =D10/D$2 -> 36.005048 | E39: =E10/E$2 -> 31.66234 | F39: =F10/F$2 -> 30.998537 | G39: =G10/G$2 -> 30.668232 | H39: =H10/H$2 -> 30.484524 | I39: =I10/I$2 -> 22.818525 | J39: =J10/J$2 -> 19.932894 | K39: =K10/K$2 -> 0 | L39: =L10/L$2 -> 0
C40: CUDA ant add CPU_AVX_transp Time | E40: =E11/E$2 -> 13.558345 | F40: =F11/F$2 -> 13.116518 | G40: =G11/G$2 -> 12.932246 | H40: =H11/H$2 -> 12.814707 | I40: =I11/I$2 -> 12.750851 | J40: =J11/J$2 -> 12.7204 | K40: =K11/K$2 -> 0 | L40: =L11/L$2 -> 0
C41: Time non CUDA AVX time 4 | D41: =D12/D$2 -> 24.223276 | E41: =E12/E$2 -> 22.491319 | F41: =F12/F$2 -> 21.589615 | G41: =G12/G$2 -> 21.084029 | H41: =H12/H$2 -> 20.893503 | I41: =I12/I$2 -> 20.441171 | J41: =J12/J$2 -> 19.707323
C42: Time non CUDA AVX add CPU time 4 | D42: =D13/D$2 -> 14.93208 | E42: =E13/E$2 -> 13.731957 | F42: =F13/F$2 -> 13.358674 | G42: =G13/G$2 -> 13.152908 | H42: =H13/H$2 -> 13.121755 | I42: =I13/I$2 -> 13.005555 | J42: =J13/J$2 -> 13.061311
C55: 50 | D55: 2 | E55: 4 | F55: 8 | G55: 16 | H55: 32 | I55: 64 | J55: 128 | K55: 256 | L55: 512
D56: 42 | E56: 84 | F56: 168 | G56: 336 | H56: 672 | I56: 1344 | J56: 2688 | K56: 5376 | L56: 10752
C57: Classic ACO | D57: =D$3/D3 -> 1 | E57: =E$3/E3 -> 1 | F57: =F$3/F3 -> 1 | G57: =G$3/G3 -> 1 | H57: =H$3/H3 -> 1 | I57: =I$3/I3 -> 1 | J57: =J$3/J3 -> 1 | K57: =K$3/K3 -> #DIV/0! | L57: =L$3/L3 -> #DIV/0!
C58: non CUDA Time | D58: =D$3/D4 -> 14.534282 | E58: =E$3/E4 -> 14.742948 | F58: =F$3/F4 -> 14.518772 | G58: =G$3/G4 -> 14.565905 | H58: =H$3/H4 -> 14.802014 | I58: =I$3/I4 -> 15.03086 | J58: =J$3/J4 -> 15.657087 | K58: =K$3/K4 -> #DIV/0! | L58: =L$3/L4 -> #DIV/0!
C59: omp | D59: =D$3/D5 -> 15.630633 | E59: =E$3/E5 -> 15.494684 | F59: =F$3/F5 -> 15.064535 | G59: =G$3/G5 -> 14.984987 | H59: =H$3/H5 -> 14.881814 | I59: =I$3/I5 -> 15.18169 | J59: =J$3/J5 -> 15.922771
C60: non CUDA transp Time | D60: =D$3/D6 -> 14.627786 | E60: =E$3/E6 -> 14.921165 | F60: =F$3/F6 -> 14.853376 | G60: =G$3/G6 -> 15.008914 | H60: =H$3/H6 -> 14.859125 | I60: =I$3/I6 -> 15.166802 | J60: =J$3/J6 -> 15.996095 | K60: =K$3/K6 -> #DIV/0! | L60: =L$3/L6 -> #DIV/0!
C61: non CUDA transp_AVX Time | E61: =E$3/E7 -> 14.50428 | F61: =F$3/F7 -> 14.424749 | G61: =G$3/G7 -> 14.559636 | H61: =H$3/H7 -> 14.464994 | I61: =I$3/I7 -> 14.491351 | J61: =J$3/J7 -> 15.368498
C62: non CUDA transp_AVX_OMP Time | E62: =E$3/E8 -> 14.354502 | F62: =F$3/F8 -> 14.424979 | G62: =G$3/G8 -> 14.568367 | H62: =H$3/H8 -> 14.428003 | I62: =I$3/I8 -> 14.484914 | J62: =J$3/J8 -> 15.363133
C63: CUDA ant add CPU Time | D63: =D$3/D9 -> 23.829036 | E63: =E$3/E9 -> 24.314972 | F63: =F$3/F9 -> 23.996961 | G63: =G$3/G9 -> 24.034022 | H63: =H$3/H9 -> 24.071599 | I63: =I$3/I9 -> 24.062504 | J63: =J$3/J9 -> 24.281459 | K63: =K$3/K9 -> #DIV/0! | L63: =L$3/L9 -> #DIV/0!
C64: CUDA ant add CPU12 | D64: =D$3/D10 -> 9.735627 | E64: =E$3/E10 -> 10.288875 | F64: =F$3/F10 -> 10.020977 | G64: =G$3/G10 -> 10.034662 | H64: =H$3/H10 -> 10.109704 | I64: =I$3/I10 -> 13.384061 | J64: =J$3/J10 -> 15.596466 | K64: =K$3/K10 -> #DIV/0! | L64: =L$3/L10 -> #DIV/0!
C65: CUDA ant add CPU_AVX_transp Time | E65: =E$3/E11 -> 24.027258 | F65: =F$3/F11 -> 23.682782 | G65: =G$3/G11 -> 23.796745 | H65: =H$3/H11 -> 24.049675 | I65: =I$3/I11 -> 23.951697 | J65: =J$3/J11 -> 24.439695
C66: Time non CUDA AVX time 4 | D66: =D$3/D12 -> 14.470863 | E66: =E$3/E12 -> 14.484249 | F66: =F$3/F12 -> 14.388197 | G66: =G$3/G12 -> 14.596136 | H66: =H$3/H12 -> 14.750496 | I66: =I$3/I12 -> 14.940657 | J66: =J$3/J12 -> 15.774984
C67: Time non CUDA AVX add CPU time 4 | D67: =D$3/D13 -> 23.475075 | E67: =E$3/E13 -> 23.723483 | F67: =F$3/F13 -> 23.253478 | G67: =G$3/G13 -> 23.397515 | H67: =H$3/H13 -> 23.486913 | I67: =I$3/I13 -> 23.482621 | J67: =J$3/J13 -> 23.8018
C86: Дисперсия
C87: 50 | D87: 2 | E87: 4 | F87: 8 | G87: 16 | H87: 32 | I87: 64 | J87: 128 | K87: 256 | L87: 512
D88: 42 | E88: 84 | F88: 168 | G88: 336 | H88: 672 | I88: 1344 | J88: 2688 | K88: 5376 | L88: 10752
C89: Classic ACO | D89: 6802.0433 | E89: 33907.929 | F89: 75921.364 | G89: 343506.19 | H89: 1.7706179e+08 | I89: 4403729.1 | J89: 80012174
C90: non CUDA Time | D90: 116.69206 | E90: 111.35494 | F90: 543.77593 | G90: 486.01292 | H90: 887.14721 | I90: 17325.894 | J90: 227337.62
C91: omp | D91: 48.237471 | E91: 53.374607 | F91: 197.97641 | G91: 498.44332 | H91: 1536.7717 | I91: 7342.9803 | J91: 57855.651
C92: non CUDA transp Time | D92: 54.353348 | E92: 52.739971 | F92: 207.83359 | G92: 785.97629 | H92: 1377.7045 | I92: 7163.2596 | J92: 13424.89
C93: non CUDA transp_AVX Time | E93: 80.265103 | F93: 204.27337 | G93: 555.13008 | H93: 2247.9311 | I93: 3984.9858 | J93: 5137.7515
C94: non CUDA transp_AVX_OMP Time | E94: 2930.8375 | F94: 187.49213 | G94: 653.52662 | H94: 18500.45 | I94: 6327.2124 | J94: 8666.9936
C95: CUDA ant add CPU Time | D95: 420.8037 | E95: 126.2759 | F95: 292.73158 | G95: 135.31768 | H95: 802.54318 | I95: 1230.8643 | J95: 2102.3651
C96: CUDA ant add CPU12 | D96: 322.78392 | E96: 239.33621 | F96: 363.12767 | G96: 682.78439 | H96: 1087793.1 | I96: 626616.7 | J96: 20370.716
C97: CUDA ant add CPU_AVX_transp Time | E97: 633.42138 | F97: 330.30755 | G97: 301.94667 | H97: 4014.3246 | I97: 5734.0441 | J97: 1545.8799
C98: Time non CUDA AVX time 4 | D98: 263.99015 | E98: 131.70371 | F98: 346.02492 | G98: 1621.1023 | H98: 530.49904 | I98: 664.23416 | J98: 753568.69
C99: Time non CUDA AVX add CPU time 4 | D99: 220.43461 | E99: 169.77125 | F99: 517.86843 | G99: 129.36777 | H99: 3307.3776 | I99: 15144.173 | J99: 55007.06
C109: Доверительный интервал
C110: 50 | D110: 2 | E110: 4 | F110: 8 | G110: 16 | H110: 32 | I110: 64 | J110: 128 | K110: 256 | L110: 512
D111: 42 | E111: 84 | F111: 168 | G111: 336 | H111: 672 | I111: 1344 | J111: 2688 | K111: 5376 | L111: 10752
C112: Classic ACO | D112: 22.860765 | E112: 51.041297 | F112: 76.375325 | G112: 162.45697 | H112: 3688.3616 | I112: 581.6763 | J112: 2479.4143
C113: non CUDA Time | D113: 2.9942752 | E113: 2.9249996 | F113: 6.463698 | G113: 6.1107565 | H113: 8.2559854 | I113: 36.485382 | J113: 132.16204
C114: omp | D114: 1.9251445 | E114: 2.0250624 | F114: 3.9001184 | G114: 6.1884083 | H114: 10.866151 | I114: 23.752386 | J114: 66.672073
C115: non CUDA transp Time | D115: 2.0435451 | E115: 2.0129872 | F115: 3.9960318 | G115: 7.77098 | H115: 10.28843 | I115: 23.459914 | J115: 32.116369
C116: non CUDA transp_AVX Time | E116: 2.4833301 | F116: 3.9616577 | G116: 6.5308311 | H116: 13.142034 | I116: 17.497841 | J116: 19.868159
C117: non CUDA transp_AVX_OMP Time | E117: 15.006069 | F117: 3.795444 | G117: 7.0860255 | H117: 37.701812 | I117: 22.04841 | J117: 25.805086
C118: CUDA ant add CPU Time | D118: 11.272396 | E118: 11.183895 | F118: 5.9186285 | G118: 6.2283303 | H118: 5.869631 | I118: 8.4204983 | J118: 34.585287
C119: CUDA ant add CPU12 | D119: 4.9799733 | E119: 4.2882024 | F119: 5.2820285 | G119: 7.2429062 | H119: 289.09743 | I119: 219.4179 | J119: 39.561634
C120: CUDA ant add CPU_AVX_transp Time | E120: 6.976176 | F120: 5.037677 | G120: 4.8165513 | H120: 17.562135 | I120: 20.989475 | J120: 10.898305
C121: Time non CUDA AVX time 4 | D121: 4.5036531 | E121: 3.1810469 | F121: 5.1561407 | G121: 11.160311 | H121: 6.3843013 | I121: 7.1438392 | J121: 240.62043
C122: Time non CUDA AVX add CPU time 4 | D122: 4.1153896 | E122: 3.6116291 | F122: 6.3078417 | G122: 3.1527106 | H122: 15.940904 | I122: 34.110952 | J122: 65.010018

Sheet 1050COMP
B1: 1.96 | C1: 50 | D1: 2 | E1: 4 | F1: 8 | G1: 16 | H1: 32 | I1: 64 | J1: 128 | K1: 256 | L1: 512 | M1: 9th Gen Intel Core i5-9400F 2.90 GHz (16Gb ОЗУ),
B2: МО | D2: 42 | E2: 84 | F2: 168 | G2: 336 | H2: 672 | I2: 1344 | J2: 2688 | K2: 5376 | L2: 10752
A3: 1 | C3: Classic ACO | D3: 13775.68 | E3: 24819.016 | F3: 47399.626 | G3: 96405.03 | H3: 197567.46 | I3: 376437.82 | J3: 762594.84
C4: non CUDA Time | D4: 1021.2764 | E4: 1875.4454 | F4: 3606.0204 | G4: 7106.4438 | H4: 14355.808 | I4: 27843.878 | J4: 54934.598
C5: omp | D5: 936.52016 | E5: 1796.2392 | F5: 3518.97 | G5: 7123.3738 | H5: 14467.484 | I5: 27997.418 | J5: 54080.832
C6: non CUDA transp Time | D6: 989.51166 | E6: 1854.2994 | F6: 3547.5268 | G6: 7089.6244 | H6: 14367.464 | I6: 27639.606 | J6: 53463.302
C7: non CUDA transp_AVX Time | E7: 1907.0192 | F7: 3649.6616 | G7: 7350.9722 | H7: 14737.54 | I7: 28823.408 | J7: 55301.924
C8: non CUDA transp_AVX_OMP Time | E8: 1909.23 | F8: 3647.0058 | G8: 7340.941 | H8: 14774.014 | I8: 28806.066 | J8: 55311.378
C9: CUDA ant add CPU Time | D9: 621.49762 | E9: 1148.686 | F9: 2232.367 | G9: 4529.7836 | H9: 9484.4038 | I9: 19648.39 | J9: 36474.402
C10: CUDA ant add CPU12 | D10: 1858.168 | E10: 2420.109 | F10: 4527.1802 | G10: 8310.85 | H10: 15832.002 | I10: 27962.48 | J10: 51638.59
C11: CUDA ant add CPU_AVX_transp Time | E11: 1191.7366 | F11: 2306.617 | G11: 4894.3002 | H11: 9785.159 | I11: 18785.994 | J11: 57289.882
C12: Time non CUDA AVX time 4 | D12: 980.75398 | E12: 1822.0432 | F12: 3521.0432 | G12: 6913.7884 | H12: 14600.704 | I12: 27769.686 | J12: 53720.156
C13: Time non CUDA AVX add CPU time 4 | D13: 585.59822 | E13: 1094.3246 | F13: 2120.4718 | G13: 4187.7104 | H13: 9455.6194 | I13: 19091.788 | J13: 39015.478
C30: 6 | D30: 2 | E30: 4 | F30: 8 | G30: 16 | H30: 32 | I30: 64 | J30: 128 | K30: 256 | L30: 512
D31: 42 | E31: 84 | F31: 168 | G31: 336 | H31: 672 | I31: 1344 | J31: 2688 | K31: 5376 | L31: 10752
C32: Classic ACO | D32: =D3/D$2 -> 327.99238 | E32: =E3/E$2 -> 295.46448 | F32: =F3/F$2 -> 282.14063 | G32: =G3/G$2 -> 286.91973 | H32: =H3/H$2 -> 293.9992 | I32: =I3/I$2 -> 280.08766 | J32: =J3/J$2 -> 283.70344 | K32: =K3/K$2 -> 0 | L32: =L3/L$2 -> 0
C33: non CUDA Time | D33: =D4/D$2 -> 24.316105 | E33: =E4/E$2 -> 22.326731 | F33: =F4/F$2 -> 21.464407 | G33: =G4/G$2 -> 21.15013 | H33: =H4/H$2 -> 21.36281 | I33: =I4/I$2 -> 20.717171 | J33: =J4/J$2 -> 20.436978 | K33: =K4/K$2 -> 0 | L33: =L4/L$2 -> 0
C34: omp | D34: =D5/D$2 -> 22.298099 | E34: =E5/E$2 -> 21.3838 | F34: =F5/F$2 -> 20.94625 | G34: =G5/G$2 -> 21.200517 | H34: =H5/H$2 -> 21.528994 | I34: =I5/I$2 -> 20.831412 | J34: =J5/J$2 -> 20.119357 | K34: =K5/K$2 -> 0 | L34: =L5/L$2 -> 0
C35: non CUDA transp Time | D35: =D6/D$2 -> 23.559801 | E35: =E6/E$2 -> 22.074993 | F35: =F6/F$2 -> 21.116231 | G35: =G6/G$2 -> 21.100073 | H35: =H6/H$2 -> 21.380155 | I35: =I6/I$2 -> 20.565183 | J35: =J6/J$2 -> 19.889621 | K35: =K6/K$2 -> 0 | L35: =L6/L$2 -> 0
C36: non CUDA transp_AVX Time | E36: =E7/E$2 -> 22.70261 | F36: =F7/F$2 -> 21.724176 | G36: =G7/G$2 -> 21.877893 | H36: =H7/H$2 -> 21.930863 | I36: =I7/I$2 -> 21.445988 | J36: =J7/J$2 -> 20.573632 | K36: =K7/K$2 -> 0 | L36: =L7/L$2 -> 0
C37: non CUDA transp_AVX_OMP Time | E37: =E8/E$2 -> 22.728929 | F37: =F8/F$2 -> 21.708368 | G37: =G8/G$2 -> 21.848039 | H37: =H8/H$2 -> 21.98514 | I37: =I8/I$2 -> 21.433085 | J37: =J8/J$2 -> 20.57715 | K37: =K8/K$2 -> 0 | L37: =L8/L$2 -> 0
C38: CUDA ant add CPU Time | D38: =D9/D$2 -> 14.797562 | E38: =E9/E$2 -> 13.674833 | F38: =F9/F$2 -> 13.287899 | G38: =G9/G$2 -> 13.481499 | H38: =H9/H$2 -> 14.113696 | I38: =I9/I$2 -> 14.619338 | J38: =J9/J$2 -> 13.569346 | K38: =K9/K$2 -> 0 | L38: =L9/L$2 -> 0
C39: CUDA ant add CPU12 | D39: =D10/D$2 -> 44.242095 | E39: =E10/E$2 -> 28.810821 | F39: =F10/F$2 -> 26.947501 | G39: =G10/G$2 -> 24.734673 | H39: =H10/H$2 -> 23.559527 | I39: =I10/I$2 -> 20.805417 | J39: =J10/J$2 -> 19.210785 | K39: =K10/K$2 -> 0 | L39: =L10/L$2 -> 0
C40: CUDA ant add CPU_AVX_transp Time | E40: =E11/E$2 -> 14.18734 | F40: =F11/F$2 -> 13.729863 | G40: =G11/G$2 -> 14.56637 | H40: =H11/H$2 -> 14.561249 | I40: =I11/I$2 -> 13.977674 | J40: =J11/J$2 -> 21.3132 | K40: =K11/K$2 -> 0 | L40: =L11/L$2 -> 0
C41: Time non CUDA AVX time 4 | D41: =D12/D$2 -> 23.351285 | E41: =E12/E$2 -> 21.69099 | F41: =F12/F$2 -> 20.95859 | G41: =G12/G$2 -> 20.576751 | H41: =H12/H$2 -> 21.727238 | I41: =I12/I$2 -> 20.661969 | J41: =J12/J$2 -> 19.985177
C42: Time non CUDA AVX add CPU time 4 | D42: =D13/D$2 -> 13.942815 | E42: =E13/E$2 -> 13.027674 | F42: =F13/F$2 -> 12.621856 | G42: =G13/G$2 -> 12.463424 | H42: =H13/H$2 -> 14.070862 | I42: =I13/I$2 -> 14.205199 | J42: =J13/J$2 -> 14.514687
C55: 50 | D55: 2 | E55: 4 | F55: 8 | G55: 16 | H55: 32 | I55: 64 | J55: 128 | K55: 256 | L55: 512
D56: 42 | E56: 84 | F56: 168 | G56: 336 | H56: 672 | I56: 1344 | J56: 2688 | K56: 5376 | L56: 10752
C57: Classic ACO | D57: =D$3/D3 -> 1 | E57: =E$3/E3 -> 1 | F57: =F$3/F3 -> 1 | G57: =G$3/G3 -> 1 | H57: =H$3/H3 -> 1 | I57: =I$3/I3 -> 1 | J57: =J$3/J3 -> 1 | K57: =K$3/K3 -> #DIV/0! | L57: =L$3/L3 -> #DIV/0!
C58: non CUDA Time | D58: =D$3/D4 -> 13.488689 | E58: =E$3/E4 -> 13.233665 | F58: =F$3/F4 -> 13.144581 | G58: =G$3/G4 -> 13.565861 | H58: =H$3/H4 -> 13.762197 | I58: =I$3/I4 -> 13.51959 | J58: =J$3/J4 -> 13.881868 | K58: =K$3/K4 -> #DIV/0! | L58: =L$3/L4 -> #DIV/0!
C59: omp | D59: =D$3/D5 -> 14.709432 | E59: =E$3/E5 -> 13.817211 | F59: =F$3/F5 -> 13.469744 | G59: =G$3/G5 -> 13.533619 | H59: =H$3/H5 -> 13.655965 | I59: =I$3/I5 -> 13.445448 | J59: =J$3/J5 -> 14.101019
C60: non CUDA transp Time | D60: =D$3/D6 -> 13.921695 | E60: =E$3/E6 -> 13.384579 | F60: =F$3/F6 -> 13.361316 | G60: =G$3/G6 -> 13.598045 | H60: =H$3/H6 -> 13.751032 | I60: =I$3/I6 -> 13.619507 | J60: =J$3/J6 -> 14.263893 | K60: =K$3/K6 -> #DIV/0! | L60: =L$3/L6 -> #DIV/0!
C61: non CUDA transp_AVX Time | E61: =E$3/E7 -> 13.01456 | F61: =F$3/F7 -> 12.987403 | G61: =G$3/G7 -> 13.114596 | H61: =H$3/H7 -> 13.405729 | I61: =I$3/I7 -> 13.060143 | J61: =J$3/J7 -> 13.789662
C62: non CUDA transp_AVX_OMP Time | E62: =E$3/E8 -> 12.99949 | F62: =F$3/F8 -> 12.996861 | G62: =G$3/G8 -> 13.132517 | H62: =H$3/H8 -> 13.372633 | I62: =I$3/I8 -> 13.068005 | J62: =J$3/J8 -> 13.787305
C63: CUDA ant add CPU Time | D63: =D$3/D9 -> 22.165298 | E63: =E$3/E9 -> 21.606441 | F63: =F$3/F9 -> 21.2329 | G63: =G$3/G9 -> 21.28248 | H63: =H$3/H9 -> 20.830773 | I63: =I$3/I9 -> 19.158711 | J63: =J$3/J9 -> 20.907672 | K63: =K$3/K9 -> #DIV/0! | L63: =L$3/L9 -> #DIV/0!
C64: CUDA ant add CPU12 | D64: =D$3/D10 -> 7.4135815 | E64: =E$3/E10 -> 10.25533 | F64: =F$3/F10 -> 10.470011 | G64: =G$3/G10 -> 11.5999 | H64: =H$3/H10 -> 12.478994 | I64: =I$3/I10 -> 13.462247 | J64: =J$3/J10 -> 14.767925 | K64: =K$3/K10 -> #DIV/0! | L64: =L$3/L10 -> #DIV/0!
C65: CUDA ant add CPU_AVX_transp Time | E65: =E$3/E11 -> 20.825924 | F65: =F$3/F11 -> 20.549413 | G65: =G$3/G11 -> 19.697408 | H65: =H$3/H11 -> 20.190521 | I65: =I$3/I11 -> 20.038217 | J65: =J$3/J11 -> 13.311161
C66: Time non CUDA AVX time 4 | D66: =D$3/D12 -> 14.04601 | E66: =E$3/E12 -> 13.62153 | F66: =F$3/F12 -> 13.461813 | G66: =G$3/G12 -> 13.943879 | H66: =H$3/H12 -> 13.531365 | I66: =I$3/I12 -> 13.55571 | J66: =J$3/J12 -> 14.195693
C67: Time non CUDA AVX add CPU time 4 | D67: =D$3/D13 -> 23.524115 | E67: =E$3/E13 -> 22.679757 | F67: =F$3/F13 -> 22.353339 | G67: =G$3/G13 -> 23.02094 | H67: =H$3/H13 -> 20.894185 | I67: =I$3/I13 -> 19.717264 | J67: =J$3/J13 -> 19.545957
C86: Дисперсия
C87: 50 | D87: 2 | E87: 4 | F87: 8 | G87: 16 | H87: 32 | I87: 64 | J87: 128 | K87: 256 | L87: 512
D88: 42 | E88: 84 | F88: 168 | G88: 336 | H88: 672 | I88: 1344 | J88: 2688 | K88: 5376 | L88: 10752
C89: Classic ACO | D89: 30555.841 | E89: 27529.521 | F89: 70267.974 | G89: 190319.36 | H89: 2.3822154e+08 | I89: 2819514.8 | J89: 1.3056553e+09
C90: non CUDA Time | D90: 1558.3452 | E90: 680.88773 | F90: 857.87481 | G90: 6185.7123 | H90: 6853.9634 | I90: 30595.057 | J90: 204457.91
C91: omp | D91: 4.6197649 | E91: 518.74568 | F91: 1084.5519 | G91: 2733.8511 | H91: 38018.431 | I91: 32690.725 | J91: 248886.2
C92: non CUDA transp Time | D92: 38.988013 | E92: 339.76518 | F92: 1588.7442 | G92: 4208.8641 | H92: 20442.449 | I92: 185119.18 | J92: 265218.72
C93: non CUDA transp_AVX Time | E93: 464.24032 | F93: 1500.7626 | G93: 14020.429 | H93: 24296.026 | I93: 30294.032 | J93: 177697.82
C94: non CUDA transp_AVX_OMP Time | E94: 316.41935 | F94: 1200.9067 | G94: 6443.886 | H94: 79503.413 | I94: 25280.404 | J94: 176160.4
C95: CUDA ant add CPU Time | D95: 167.51601 | E95: 558.86906 | F95: 333.57509 | G95: 2851.7375 | H95: 42269.478 | I95: 133384.94 | J95: 120448.13
C96: CUDA ant add CPU12 | D96: 919.66779 | E96: 1645.8781 | F96: 20295.817 | G96: 7997.4668 | H96: 4124999.4 | I96: 2418842.9 | J96: 3236315.9
C97: CUDA ant add CPU_AVX_transp Time | E97: 440.22115 | F97: 1116.0679 | G97: 7097.6774 | H97: 6993.6841 | I97: 52919.376 | J97: 7423274.5
C98: Time non CUDA AVX time 4 | D98: 273.95643 | E98: 118.83993 | F98: 391.80991 | G98: 484.12666 | H98: 55338.3 | I98: 124228.53 | J98: 225953.76
C99: Time non CUDA AVX add CPU time 4 | D99: 14.040797 | E99: 50.267365 | F99: 215.92482 | G99: 43.77913 | H99: 36739.174 | I99: 38723.259 | J99: 123386.6
C109: Доверительный интервал
C110: 50 | D110: 2 | E110: 4 | F110: 8 | G110: 16 | H110: 32 | I110: 64 | J110: 128 | K110: 256 | L110: 512
D111: 42 | E111: 84 | F111: 168 | G111: 336 | H111: 672 | I111: 1344 | J111: 2688 | K111: 5376 | L111: 10752
C112: Classic ACO | D112: 48.452723 | E112: 5.5245303 | F112: 73.476724 | G112: 120.92401 | H112: 4278.2049 | I112: 465.43416 | J112: 10015.793
C113: non CUDA Time | D113: 10.942156 | E113: 9.9698891 | F113: 8.1186352 | G113: 21.800474 | H113: 22.947848 | I113: 48.483806 | J113: 125.33519
C114: omp | D114: 0.59577326 | E114: 49.48419 | F114: 9.1284333 | G114: 14.493007 | H114: 54.046573 | I114: 50.116801 | J114: 138.28386
C115: non CUDA transp Time | D115: 1.7307591 | E115: 6.0922639 | F115: 11.048366 | G115: 17.982643 | H115: 39.631228 | I115: 119.26054 | J115: 142.74903
C116: non CUDA transp_AVX Time | E116: 5.4446488 | F116: 10.738091 | G116: 32.820993 | H116: 43.205466 | I116: 48.2447 | J116: 116.84553
C117: non CUDA transp_AVX_OMP Time | E117: 4.9507283 | F117: 9.6056265 | G117: 22.250767 | H117: 78.156294 | I117: 44.072032 | J117: 116.33897
C118: CUDA ant add CPU Time | D118: 3.5875605 | E118: 4.1065282 | F118: 5.0625331 | G118: 14.802186 | H118: 56.988144 | I118: 101.23355 | J118: 96.19912
C119: CUDA ant add CPU12 | D119: 8.4059452 | E119: 5.388798 | F119: 39.488837 | G119: 24.788331 | H119: 562.9671 | I119: 431.0969 | J119: 498.6508
C120: CUDA ant add CPU_AVX_transp Time | E120: 5.7599451 | F120: 9.2601149 | G120: 23.352275 | H120: 23.180568 | I120: 63.764422 | J120: 755.21191
C121: Time non CUDA AVX time 4 | D121: 4.5878776 | E121: 9.7863638 | F121: 5.4866692 | G121: 6.0988867 | H121: 65.205462 | I121: 97.697116 | J121: 131.75917
C122: Time non CUDA AVX add CPU time 4 | D122: 1.0386446 | E122: 3.0217064 | F122: 4.0730745 | G122: 1.8340224 | H122: 53.129504 | I122: 54.545261 | J122: 97.365495

Sheet 3060COMP Kaf
B1: 1.96 | C1: 50 | D1: 2 | E1: 4 | F1: 8 | G1: 16 | H1: 32 | I1: 64 | J1: 128 | K1: 256 | L1: 512
B2: МО | D2: 42 | E2: 84 | F2: 168 | G2: 336 | H2: 672 | I2: 1344 | J2: 2688 | K2: 5376 | L2: 10752
A3: 1 | C3: Classic ACO | D3: 5875.1582 | E3: 10771.412 | F3: 20160.066 | G3: 39471.228 | H3: 81942.232 | I3: 153183.06 | J3: 307026.62
C4: non CUDA Time | D4: 487.2341 | E4: 885.85572 | F4: 1657.3222 | G4: 3201.0856 | H4: 6411.2784 | I4: 12839.332 | J4: 25321.222
C5: omp | D5: 454.91874 | E5: 858.29418 | F5: 1613.7754 | G5: 3156.5868 | H5: 6325.7934 | I5: 12786.916 | J5: 25053.314
C6: non CUDA transp Time | D6: 493.89566 | E6: 896.10108 | F6: 1655.2258 | G6: 3187.1958 | H6: 6341.1572 | I6: 12719.044 | J6: 24769.144
C7: non CUDA transp_AVX Time | E7: 914.7082 | F7: 1679.338 | G7: 3222.9352 | H7: 6435.8494 | I7: 12794.862 | J7: 24895.252
C8: non CUDA transp_AVX_OMP Time | E8: 912.44722 | F8: 1680.4452 | G8: 3222.1064 | H8: 6441.876 | I8: 12795.922 | J8: 24895.68
C9: CUDA ant add CPU Time | D9: 369.77572 | E9: 624.92944 | F9: 1114.7126 | G9: 2183.9792 | H9: 4352.3424 | I9: 8236.9946 | J9: 16276.934
C10: CUDA ant add CPU12 | D10: 939.67486 | E10: 1388.7272 | F10: 2797.8444 | G10: 5044.6312 | H10: 9473.4002 | I10: 18078.732 | J10: 27833.844
C11: CUDA ant add CPU_AVX_transp Time | E11: 608.92358 | F11: 1080.6356 | G11: 2093.2956 | H11: 4132.5428 | I11: 7803.6634 | J11: 15500.212
C12: Time non CUDA AVX time 4 | D12: 496.9724 | E12: 864.94588 | F12: 1599.1574 | G12: 3061.0534 | H12: 6094.9754 | I12: 12117.154 | J12: #DIV/0!
C13: Time non CUDA AVX add CPU time 4 | D13: 369.48456 | E13: 602.6023 | F13: 1072.0266 | G13: 2077.2694 | H13: 4173.0254 | I13: 8534.347 | J13: #DIV/0!
C14: Time non CUDA AVX time 4 | D14: 473.8099 | E14: 842.57024 | F14: 1590.4436 | G14: 3040.9574 | H14: #DIV/0! | I14: #DIV/0! | J14: #DIV/0!
C15: Time non CUDA AVX add CPU time 4 | D15: 366.36204 | E15: 601.67278 | F15: 1069.6906 | G15: 2059.7914 | H15: #DIV/0! | I15: #DIV/0! | J15: #DIV/0!
C30: 6 | D30: 2 | E30: 4 | F30: 8 | G30: 16 | H30: 32 | I30: 64 | J30: 128 | K30: 256 | L30: 512
D31: 42 | E31: 84 | F31: 168 | G31: 336 | H31: 672 | I31: 1344 | J31: 2688 | K31: 5376 | L31: 10752
C32: Classic ACO | D32: =D3/D$2 -> 139.88472 | E32: =E3/E$2 -> 128.2311 | F32: =F3/F$2 -> 120.00039 | G32: =G3/G$2 -> 117.47389 | H32: =H3/H$2 -> 121.93785 | I32: =I3/I$2 -> 113.97549 | J32: =J3/J$2 -> 114.22121 | K32: =K3/K$2 -> 0 | L32: =L3/L$2 -> 0
C33: non CUDA Time | D33: =D4/D$2 -> 11.600812 | E33: =E4/E$2 -> 10.545901 | F33: =F4/F$2 -> 9.8650131 | G33: =G4/G$2 -> 9.5270405 | H33: =H4/H$2 -> 9.5405929 | I33: =I4/I$2 -> 9.5530744 | J33: =J4/J$2 -> 9.4200975 | K33: =K4/K$2 -> 0 | L33: =L4/L$2 -> 0
C34: omp | D34: =D5/D$2 -> 10.831399 | E34: =E5/E$2 -> 10.217788 | F34: =F5/F$2 -> 9.605806 | G34: =G5/G$2 -> 9.3946036 | H34: =H5/H$2 -> 9.413383 | I34: =I5/I$2 -> 9.5140744 | J34: =J5/J$2 -> 9.3204293 | K34: =K5/K$2 -> 0 | L34: =L5/L$2 -> 0
C35: non CUDA transp Time | D35: =D6/D$2 -> 11.75942 | E35: =E6/E$2 -> 10.66787 | F35: =F6/F$2 -> 9.8525345 | G35: =G6/G$2 -> 9.4857018 | H35: =H6/H$2 -> 9.4362458 | I35: =I6/I$2 -> 9.4635744 | J35: =J6/J$2 -> 9.2147113 | K35: =K6/K$2 -> 0 | L35: =L6/L$2 -> 0
C36: non CUDA transp_AVX Time | E36: =E7/E$2 -> 10.889383 | F36: =F7/F$2 -> 9.9960595 | G36: =G7/G$2 -> 9.592069 | H36: =H7/H$2 -> 9.5771568 | I36: =I7/I$2 -> 9.5199866 | J36: =J7/J$2 -> 9.2616265 | K36: =K7/K$2 -> 0 | L36: =L7/L$2 -> 0
C37: non CUDA transp_AVX_OMP Time | E37: =E8/E$2 -> 10.862467 | F37: =F8/F$2 -> 10.00265 | G37: =G8/G$2 -> 9.5896024 | H37: =H8/H$2 -> 9.586125 | I37: =I8/I$2 -> 9.5207753 | J37: =J8/J$2 -> 9.2617857 | K37: =K8/K$2 -> 0 | L37: =L8/L$2 -> 0
C38: CUDA ant add CPU Time | D38: =D9/D$2 -> 8.8041838 | E38: =E9/E$2 -> 7.4396362 | F38: =F9/F$2 -> 6.635194 | G38: =G9/G$2 -> 6.4999381 | H38: =H9/H$2 -> 6.4767 | I38: =I9/I$2 -> 6.1287162 | J38: =J9/J$2 -> 6.055407 | K38: =K9/K$2 -> 0 | L38: =L9/L$2 -> 0
C39: CUDA ant add CPU12 | D39: =D10/D$2 -> 22.373211 | E39: =E10/E$2 -> 16.532467 | F39: =F10/F$2 -> 16.653836 | G39: =G10/G$2 -> 15.013783 | H39: =H10/H$2 -> 14.097322 | I39: =I10/I$2 -> 13.451438 | J39: =J10/J$2 -> 10.354853 | K39: =K10/K$2 -> 0 | L39: =L10/L$2 -> 0
C40: CUDA ant add CPU_AVX_transp Time | E40: =E11/E$2 -> 7.2490902 | F40: =F11/F$2 -> 6.4323548 | G40: =G11/G$2 -> 6.2300464 | H40: =H11/H$2 -> 6.1496173 | I40: =I11/I$2 -> 5.8062972 | J40: =J11/J$2 -> 5.7664479 | K40: =K11/K$2 -> 0 | L40: =L11/L$2 -> 0
C41: Time non CUDA AVX time 4 | D41: =D12/D$2 -> 11.832676 | E41: =E12/E$2 -> 10.296975 | F41: =F12/F$2 -> 9.518794 | G41: =G12/G$2 -> 9.110278 | H41: =H12/H$2 -> 9.0699039 | I41: =I12/I$2 -> 9.0157396 | J41: =J12/J$2 -> #DIV/0!
C42: Time non CUDA AVX add CPU time 4 | D42: =D13/D$2 -> 8.7972514 | E42: =E13/E$2 -> 7.1738369 | F42: =F13/F$2 -> 6.3811107 | G42: =G13/G$2 -> 6.1823494 | H42: =H13/H$2 -> 6.2098592 | I42: =I13/I$2 -> 6.3499606 | J42: =J13/J$2 -> #DIV/0!
C55: 50 | D55: 2 | E55: 4 | F55: 8 | G55: 16 | H55: 32 | I55: 64 | J55: 128 | K55: 256 | L55: 512
D56: 42 | E56: 84 | F56: 168 | G56: 336 | H56: 672 | I56: 1344 | J56: 2688 | K56: 5376 | L56: 10752
C57: Classic ACO | D57: =D$3/D3 -> 1 | E57: =E$3/E3 -> 1 | F57: =F$3/F3 -> 1 | G57: =G$3/G3 -> 1 | H57: =H$3/H3 -> 1 | I57: =I$3/I3 -> 1 | J57: =J$3/J3 -> 1 | K57: =K$3/K3 -> #DIV/0! | L57: =L$3/L3 -> #DIV/0!
C58: non CUDA Time | D58: =D$3/D4 -> 12.058184 | E58: =E$3/E4 -> 12.15933 | F58: =F$3/F4 -> 12.164241 | G58: =G$3/G4 -> 12.330576 | H58: =H$3/H4 -> 12.780951 | I58: =I$3/I4 -> 11.930766 | J58: =J$3/J4 -> 12.125269 | K58: =K$3/K4 -> #DIV/0! | L58: =L$3/L4 -> #DIV/0!
C59: omp | D59: =D$3/D5 -> 12.914742 | E59: =E$3/E5 -> 12.54979 | F59: =F$3/F5 -> 12.492486 | G59: =G$3/G5 -> 12.504401 | H59: =H$3/H5 -> 12.953669 | I59: =I$3/I5 -> 11.979672 | J59: =J$3/J5 -> 12.25493
C60: non CUDA transp Time | D60: =D$3/D6 -> 11.895545 | E60: =E$3/E6 -> 12.020309 | F60: =F$3/F6 -> 12.179647 | G60: =G$3/G6 -> 12.384312 | H60: =H$3/H6 -> 12.922284 | I60: =I$3/I6 -> 12.043599 | J60: =J$3/J6 -> 12.395528 | K60: =K$3/K6 -> #DIV/0! | L60: =L$3/L6 -> #DIV/0!
C61: non CUDA transp_AVX Time | E61: =E$3/E7 -> 11.77579 | F61: =F$3/F7 -> 12.00477 | G61: =G$3/G7 -> 12.246982 | H61: =H$3/H7 -> 12.732155 | I61: =I$3/I7 -> 11.972232 | J61: =J$3/J7 -> 12.332738
C62: non CUDA transp_AVX_OMP Time | E62: =E$3/E8 -> 11.80497 | F62: =F$3/F8 -> 11.99686 | G62: =G$3/G8 -> 12.250132 | H62: =H$3/H8 -> 12.720244 | I62: =I$3/I8 -> 11.971241 | J62: =J$3/J8 -> 12.332526
C63: CUDA ant add CPU Time | D63: =D$3/D9 -> 15.888437 | E63: =E$3/E9 -> 17.236205 | F63: =F$3/F9 -> 18.085438 | G63: =G$3/G9 -> 18.073079 | H63: =H$3/H9 -> 18.827157 | I63: =I$3/I9 -> 18.59696 | J63: =J$3/J9 -> 18.862681 | K63: =K$3/K9 -> #DIV/0! | L63: =L$3/L9 -> #DIV/0!
C64: CUDA ant add CPU12 | D64: =D$3/D10 -> 6.2523309 | E64: =E$3/E10 -> 7.7563196 | F64: =F$3/F10 -> 7.2055708 | G64: =G$3/G10 -> 7.8244031 | H64: =H$3/H10 -> 8.6497171 | I64: =I$3/I10 -> 8.4731086 | J64: =J$3/J10 -> 11.030694 | K64: =K$3/K10 -> #DIV/0! | L64: =L$3/L10 -> #DIV/0!
C65: CUDA ant add CPU_AVX_transp Time | E65: =E$3/E11 -> 17.689267 | F65: =F$3/F11 -> 18.655748 | G65: =G$3/G11 -> 18.856022 | H65: =H$3/H11 -> 19.828526 | I65: =I$3/I11 -> 19.629634 | J65: =J$3/J11 -> 19.807898
C66: Time non CUDA AVX time 4 | D66: =D$3/D12 -> 11.8219 | E66: =E$3/E12 -> 12.453279 | F66: =F$3/F12 -> 12.60668 | G66: =G$3/G12 -> 12.894655 | H66: =H$3/H12 -> 13.444227 | I66: =I$3/I12 -> 12.641835 | J66: =J$3/J12 -> #DIV/0!
C67: Time non CUDA AVX add CPU time 4 | D67: =D$3/D13 -> 15.900957 | E67: =E$3/E13 -> 17.874827 | F67: =F$3/F13 -> 18.805565 | G67: =G$3/G13 -> 19.001497 | H67: =H$3/H13 -> 19.636169 | I67: =I$3/I13 -> 17.949008 | J67: =J$3/J13 -> #DIV/0!
C86: Дисперсия
C87: 50 | D87: 2 | E87: 4 | F87: 8 | G87: 16 | H87: 32 | I87: 64 | J87: 128 | K87: 256 | L87: 512
D88: 42 | E88: 84 | F88: 168 | G88: 336 | H88: 672 | I88: 1344 | J88: 2688 | K88: 5376 | L88: 10752
C89: Classic ACO | D89: 187.82211 | E89: 348.40793 | F89: 11994815 | G89: 280627.54 | H89: 9291.8559 | I89: 120647.68 | J89: 3194504
C90: non CUDA Time | D90: 7.733089 | E90: 23.53597 | F90: 27.264492 | G90: 64.042608 | H90: 3689.8884 | I90: 454.11806 | J90: 11547.008
C91: omp | D91: 2.5977362 | E91: 13.732763 | F91: 25.630897 | G91: 1013.2887 | H91: 56.085584 | I91: 350.70088 | J91: 3779.3628
C92: non CUDA transp Time | D92: 2.9110268 | E92: 28.638379 | F92: 35.526819 | G92: 58.906994 | H92: 87.296801 | I92: 448.63866 | J92: 486.19346
C93: non CUDA transp_AVX Time | E93: 24.887745 | F93: 33.004312 | G93: 41.457715 | H93: 720.64623 | I93: 436.83135 | J93: 565.61101
C94: non CUDA transp_AVX_OMP Time | E94: 39.598018 | F94: 39.503278 | G94: 71.002016 | H94: 202.09293 | I94: 499.80582 | J94: 727.92469
C95: CUDA ant add CPU Time | D95: 3.1259739 | E95: 47.551818 | F95: 348.99937 | G95: 147.77679 | H95: 525.77814 | I95: 1970.1636 | J95: 25516.546
C96: CUDA ant add CPU12 | D96: 40.263418 | E96: 150.67748 | F96: 10730.38 | G96: 6123.9214 | H96: 40603.021 | I96: 5944.7664 | J96: 2759231.1
C97: CUDA ant add CPU_AVX_transp Time | E97: 8.8991868 | F97: 43.71785 | G97: 156.0825 | H97: 1158.4631 | I97: 2542.2348 | J97: 38701.171
C98: Time non CUDA AVX time 4 | D98: 79.720366 | E98: 68.385866 | F98: 75.919874 | G98: 89.284647 | H98: 392.17984 | I98: 44603.892 | J98: #DIV/0!
C99: Time non CUDA AVX add CPU time 4 | D99: 4.2862472 | E99: 11.868347 | F99: 31.47797 | G99: 226.51827 | H99: 338.57422 | I99: 2262.6138 | J99: #DIV/0!
C100: Time non CUDA AVX time 4 | D100: 354.86352 | E100: 211.53418 | F100: 131.42343 | G100: 2265.3043 | H100: #DIV/0! | I100: #DIV/0! | J100: 115320.49
C101: Time non CUDA AVX add CPU time 4 | D101: 7.0095745 | E101: 11.439305 | F101: 35.070326 | G101: 132.93825 | H101: #DIV/0! | I101: #DIV/0! | J101: 6209.7051
C109: Доверительный интервал
C110: 50 | D110: 2 | E110: 4 | F110: 8 | G110: 16 | H110: 32 | I110: 64 | J110: 128 | K110: 256 | L110: 512
D111: 42 | E111: 84 | F111: 168 | G111: 336 | H111: 672 | I111: 1344 | J111: 2688 | K111: 5376 | L111: 10752
C112: Classic ACO | D112: 3.7987825 | E112: 5.1738649 | F112: 959.99251 | G112: 146.83724 | H112: 26.719129 | I112: 96.278777 | J112: 495.41915
C113: non CUDA Time | D113: 0.77081041 | E113: 1.3447363 | F113: 1.4473374 | G113: 2.2182249 | H113: 16.837503 | I113: 5.9068434 | J113: 29.785563
C114: omp | D114: 0.44675415 | E114: 1.0271882 | F114: 1.4033079 | G114: 8.8234347 | H114: 2.0758535 | I114: 5.1908622 | J114: 17.040423
C115: non CUDA transp Time | D115: 0.47292707 | E115: 1.4833556 | F115: 1.6521491 | G115: 2.1274262 | H115: 2.5898239 | I115: 5.8710992 | J115: 6.1118914
C116: non CUDA transp_AVX Time | E116: 1.3828142 | F116: 1.5924156 | G116: 1.784735 | H116: 7.4410141 | I116: 5.793326 | J116: 6.5921943
C117: non CUDA transp_AVX_OMP Time | E117: 1.7442462 | F117: 1.7421584 | G117: 2.3356427 | H117: 3.9404574 | I117: 6.1968605 | J117: 7.4784965
C118: CUDA ant add CPU Time | D118: 0.49007635 | E118: 1.9114134 | F118: 5.1782545 | G118: 3.3695676 | H118: 6.3558309 | I118: 12.303317 | J118: 44.27739
C119: CUDA ant add CPU12 | D119: 1.7588402 | E119: 3.4024773 | F119: 28.713003 | G119: 21.691315 | H119: 55.853481 | I119: 21.37167 | J119: 460.43158
C120: CUDA ant add CPU_AVX_transp Time | E120: 0.82688713 | F120: 1.8327383 | G120: 3.4629656 | H120: 9.4343542 | I120: 13.975871 | J120: 54.529701
C121: Time non CUDA AVX time 4 | D121: 2.4748889 | E121: 2.2922092 | F121: 2.4151761 | G121: 2.6191445 | H121: 5.4892587 | I121: 58.540638 | J121: #DIV/0!
C122: Time non CUDA AVX add CPU time 4 | D122: 0.57386492 | E122: 0.95491822 | F122: 1.5551577 | G122: 4.1717924 | H122: 5.1003269 | I122: 13.184883 | J122: #DIV/0!
C123: Time non CUDA AVX time 4 | D123: 5.2215777 | E123: 4.0314506 | F123: 3.1776603 | G123: 13.19272 | H123: #DIV/0! | I123: #DIV/0! | J123: #DIV/0!
C124: Time non CUDA AVX add CPU time 4 | D124: 0.73386622 | E124: 0.93749916 | F124: 1.6415003 | G124: 3.195921 | H124: #DIV/0! | I124: #DIV/0! | J124: #DIV/0!

Sheet 3060LAPTOP
B1: 1.96 | C1: 50 | D1: 2 | E1: 4 | F1: 8 | G1: 16 | H1: 32 | I1: 64 | J1: 128 | K1: 256 | L1: 512 | M1: 12th Gen Intel(R) Core(TM) i5-12450H 2.00 GHz
B2: МО | D2: 42 | E2: 84 | F2: 168 | G2: 336 | H2: 672 | I2: 1344 | J2: 2688 | K2: 5376 | L2: 10752 | M2: 16,0 ГБ (доступно: 15,7 ГБ)
A3: 1 | C3: Classic ACO | D3: 6732.0454 | E3: 12795.57 | F3: 24112.532 | G3: 46059.344 | H3: 91907.946 | I3: 184408.08 | J3: 367570.34
C4: non CUDA Time | D4: 565.78236 | E4: 1048.5618 | F4: 1982.69 | G4: 3787.3732 | H4: 7666.159 | I4: 15021.706 | J4: 30206.626
C5: omp | D5: 537.58286 | E5: 1010.2038 | F5: 1940.0652 | G5: 3816.501 | H5: 7811.4766 | I5: 15154.872 | J5: 30090.164
C6: non CUDA transp Time | D6: 568.438 | E6: 1053.3364 | F6: 1978.4418 | G6: 3846.794 | H6: 7448.5196 | I6: 14762.202 | J6: 30250.246
C7: non CUDA transp_AVX Time | E7: 1098.6976 | F7: 2044.9888 | G7: 3966.7574 | H7: 7436.0804 | I7: 14843.796 | J7: 31936.964
C8: non CUDA transp_AVX_OMP Time | E8: 1100.0656 | F8: 2057.818 | G8: 3962.725 | H8: 7628.956 | I8: 14841.382 | J8: 30129.486
C9: CUDA ant add CPU Time | D9: 344.71264 | E9: 563.0046 | F9: 1067.8192 | G9: 2109.8016 | H9: 4311.6994 | I9: 8536.9112 | J9: 16848.092
C10: CUDA ant add CPU12 | D10: 1001.4925 | E10: 1662.8522 | F10: 3342.1846 | G10: 6069.6134 | H10: 11814.46 | I10: 21886.496 | J10: 36632.952
C11: CUDA ant add CPU_AVX_transp Time | E11: 588.2503 | F11: 1023.4705 | G11: 1924.1816 | H11: 3836.9328 | I11: 7876.4872 | J11: 15491.638
C12: Time non CUDA AVX time 4 | D12: 655.85188 | E12: 1122.2882 | F12: 2062.2732 | G12: 3843.9814 | H12: 7733.3808 | I12: 14666.314 | J12: 28278.648
C13: Time non CUDA AVX add CPU time 4 | D13: 326.85912 | E13: 560.98236 | F13: 1056.0064 | G13: 2086.9772 | H13: 4302.8068 | I13: 8533.8542 | J13: 16822.824
C14: Time non CUDA AVX time 4 | D14: 573.63522 | E14: 1033.2558 | F14: 1921.5246 | G14: 3649.9786 | H14: 7160.9678 | I14: 14267.314 | J14: 27570.592
C15: Time non CUDA AVX add CPU time 4 | D15: 312.6066 | E15: 548.42256 | F15: 1018.1729 | G15: 2016.2662 | H15: 4164.2594 | I15: 8335.7698 | J15: 16520.026
C30: 6 | D30: 2 | E30: 4 | F30: 8 | G30: 16 | H30: 32 | I30: 64 | J30: 128 | K30: 256 | L30: 512
D31: 42 | E31: 84 | F31: 168 | G31: 336 | H31: 672 | I31: 1344 | J31: 2688 | K31: 5376 | L31: 10752
C32: Classic ACO | D32: =D3/D$2 -> 160.2868 | E32: =E3/E$2 -> 152.32821 | F32: =F3/F$2 -> 143.52698 | G32: =G3/G$2 -> 137.08138 | H32: =H3/H$2 -> 136.76778 | I32: =I3/I$2 -> 137.20839 | J32: =J3/J$2 -> 136.74492 | K32: =K3/K$2 -> 0 | L32: =L3/L$2 -> 0
C33: non CUDA Time | D33: =D4/D$2 -> 13.471009 | E33: =E4/E$2 -> 12.482879 | F33: =F4/F$2 -> 11.801726 | G33: =G4/G$2 -> 11.271944 | H33: =H4/H$2 -> 11.407975 | I33: =I4/I$2 -> 11.176865 | J33: =J4/J$2 -> 11.237584 | K33: =K4/K$2 -> 0 | L33: =L4/L$2 -> 0
C34: omp | D34: =D5/D$2 -> 12.799592 | E34: =E5/E$2 -> 12.026236 | F34: =F5/F$2 -> 11.548007 | G34: =G5/G$2 -> 11.358634 | H34: =H5/H$2 -> 11.624221 | I34: =I5/I$2 -> 11.275946 | J34: =J5/J$2 -> 11.194257 | K34: =K5/K$2 -> 0 | L34: =L5/L$2 -> 0
C35: non CUDA transp Time | D35: =D6/D$2 -> 13.534238 | E35: =E6/E$2 -> 12.539719 | F35: =F6/F$2 -> 11.776439 | G35: =G6/G$2 -> 11.448792 | H35: =H6/H$2 -> 11.084107 | I35: =I6/I$2 -> 10.983781 | J35: =J6/J$2 -> 11.253812 | K35: =K6/K$2 -> 0 | L35: =L6/L$2 -> 0
C36: non CUDA transp_AVX Time | E36: =E7/E$2 -> 13.079733 | F36: =F7/F$2 -> 12.172552 | G36: =G7/G$2 -> 11.805826 | H36: =H7/H$2 -> 11.065596 | I36: =I7/I$2 -> 11.044491 | J36: =J7/J$2 -> 11.881311 | K36: =K7/K$2 -> 0 | L36: =L7/L$2 -> 0
C37: non CUDA transp_AVX_OMP Time | E37: =E8/E$2 -> 13.096019 | F37: =F8/F$2 -> 12.248917 | G37: =G8/G$2 -> 11.793824 | H37: =H8/H$2 -> 11.352613 | I37: =I8/I$2 -> 11.042695 | J37: =J8/J$2 -> 11.208886 | K37: =K8/K$2 -> 0 | L37: =L8/L$2 -> 0
C38: CUDA ant add CPU Time | D38: =D9/D$2 -> 8.2074438 | E38: =E9/E$2 -> 6.7024357 | F38: =F9/F$2 -> 6.3560667 | G38: =G9/G$2 -> 6.2791714 | H38: =H9/H$2 -> 6.4162193 | I38: =I9/I$2 -> 6.3518685 | J38: =J9/J$2 -> 6.2678914 | K38: =K9/K$2 -> 0 | L38: =L9/L$2 -> 0
C39: CUDA ant add CPU12 | D39: =D10/D$2 -> 23.845059 | E39: =E10/E$2 -> 19.79586 | F39: =F10/F$2 -> 19.893956 | G39: =G10/G$2 -> 18.064326 | H39: =H10/H$2 -> 17.581042 | I39: =I10/I$2 -> 16.284595 | J39: =J10/J$2 -> 13.62833 | K39: =K10/K$2 -> 0 | L39: =L10/L$2 -> 0
C40: CUDA ant add CPU_AVX_transp Time | E40: =E11/E$2 -> 7.0029798 | F40: =F11/F$2 -> 6.0920863 | G40: =G11/G$2 -> 5.726731 | H40: =H11/H$2 -> 5.7097214 | I40: =I11/I$2 -> 5.8604815 | J40: =J11/J$2 -> 5.7632582 | K40: =K11/K$2 -> 0 | L40: =L11/L$2 -> 0
C41: Time non CUDA AVX time 4 | D41: =D12/D$2 -> 15.615521 | E41: =E12/E$2 -> 13.360574 | F41: =F12/F$2 -> 12.275436 | G41: =G12/G$2 -> 11.440421 | H41: =H12/H$2 -> 11.508007 | I41: =I12/I$2 -> 10.912436 | J41: =J12/J$2 -> 10.52033
C42: Time non CUDA AVX add CPU time 4 | D42: =D13/D$2 -> 7.78236 | E42: =E13/E$2 -> 6.6783614 | F42: =F13/F$2 -> 6.2857524 | G42: =G13/G$2 -> 6.2112417 | H42: =H13/H$2 -> 6.4029863 | I42: =I13/I$2 -> 6.3495939 | J42: =J13/J$2 -> 6.2584911
C55: 50 | D55: 2 | E55: 4 | F55: 8 | G55: 16 | H55: 32 | I55: 64 | J55: 128 | K55: 256 | L55: 512
D56: 42 | E56: 84 | F56: 168 | G56: 336 | H56: 672 | I56: 1344 | J56: 2688 | K56: 5376 | L56: 10752
C57: Classic ACO | D57: =D$3/D3 -> 1 | E57: =E$3/E3 -> 1 | F57: =F$3/F3 -> 1 | G57: =G$3/G3 -> 1 | H57: =H$3/H3 -> 1 | I57: =I$3/I3 -> 1 | J57: =J$3/J3 -> 1 | K57: =K$3/K3 -> #DIV/0! | L57: =L$3/L3 -> #DIV/0!
C58: non CUDA Time | D58: =D$3/D4 -> 11.898648 | E58: =E$3/E4 -> 12.202972 | F58: =F$3/F4 -> 12.161524 | G58: =G$3/G4 -> 12.16129 | H58: =H$3/H4 -> 11.988787 | I58: =I$3/I4 -> 12.276108 | J58: =J$3/J4 -> 12.168533 | K58: =K$3/K4 -> #DIV/0! | L58: =L$3/L4 -> #DIV/0!
C59: omp | D59: =D$3/D5 -> 12.522805 | E59: =E$3/E5 -> 12.666325 | F59: =F$3/F5 -> 12.428722 | G59: =G$3/G5 -> 12.068474 | H59: =H$3/H5 -> 11.765758 | I59: =I$3/I5 -> 12.168237 | J59: =J$3/J5 -> 12.215631
C60: non CUDA transp Time | D60: =D$3/D6 -> 11.84306 | E60: =E$3/E6 -> 12.147658 | F60: =F$3/F6 -> 12.187638 | G60: =G$3/G6 -> 11.973437 | H60: =H$3/H6 -> 12.339089 | I60: =I$3/I6 -> 12.491909 | J60: =J$3/J6 -> 12.150987 | K60: =K$3/K6 -> #DIV/0! | L60: =L$3/L6 -> #DIV/0!
C61: non CUDA transp_AVX Time | E61: =E$3/E7 -> 11.646125 | F61: =F$3/F7 -> 11.791034 | G61: =G$3/G7 -> 11.611334 | H61: =H$3/H7 -> 12.35973 | I61: =I$3/I7 -> 12.423243 | J61: =J$3/J7 -> 11.509245
C62: non CUDA transp_AVX_OMP Time | E62: =E$3/E8 -> 11.631643 | F62: =F$3/F8 -> 11.717524 | G62: =G$3/G8 -> 11.623149 | H62: =H$3/H8 -> 12.047251 | I62: =I$3/I8 -> 12.425263 | J62: =J$3/J8 -> 12.199688
C63: CUDA ant add CPU Time | D63: =D$3/D9 -> 19.529442 | E63: =E$3/E9 -> 22.727292 | F63: =F$3/F9 -> 22.5811 | G63: =G$3/G9 -> 21.831126 | H63: =H$3/H9 -> 21.315945 | I63: =I$3/I9 -> 21.601265 | J63: =J$3/J9 -> 21.816734 | K63: =K$3/K9 -> #DIV/0! | L63: =L$3/L9 -> #DIV/0!
C64: CUDA ant add CPU12 | D64: =D$3/D10 -> 6.7220129 | E64: =E$3/E10 -> 7.6949533 | F64: =F$3/F10 -> 7.2146021 | G64: =G$3/G10 -> 7.5885136 | H64: =H$3/H10 -> 7.7792761 | I64: =I$3/I10 -> 8.4256557 | J64: =J$3/J10 -> 10.033872 | K64: =K$3/K10 -> #DIV/0! | L64: =L$3/L10 -> #DIV/0!
C65: CUDA ant add CPU_AVX_transp Time | E65: =E$3/E11 -> 21.751914 | F65: =F$3/F11 -> 23.559577 | G65: =G$3/G11 -> 23.937109 | H65: =H$3/H11 -> 23.953494 | I65: =I$3/I11 -> 23.412478 | J65: =J$3/J11 -> 23.727016
C66: Time non CUDA AVX time 4 | D66: =D$3/D12 -> 10.264582 | E66: =E$3/E12 -> 11.401323 | F66: =F$3/F12 -> 11.69221 | G66: =G$3/G12 -> 11.982197 | H66: =H$3/H12 -> 11.884575 | I66: =I$3/I12 -> 12.573581 | J66: =J$3/J12 -> 12.998158
C67: Time non CUDA AVX add CPU time 4 | D67: =D$3/D13 -> 20.596168 | E67: =E$3/E13 -> 22.80922 | F67: =F$3/F13 -> 22.833699 | G67: =G$3/G13 -> 22.069884 | H67: =H$3/H13 -> 21.359998 | I67: =I$3/I13 -> 21.609003 | J67: =J$3/J13 -> 21.849503
C86: Дисперсия
C87: 50 | D87: 2 | E87: 4 | F87: 8 | G87: 16 | H87: 32 | I87: 64 | J87: 128 | K87: 256 | L87: 512
D88: 42 | E88: 84 | F88: 168 | G88: 336 | H88: 672 | I88: 1344 | J88: 2688 | K88: 5376 | L88: 10752
C89: Classic ACO | D89: 11498.25 | E89: 3877.876 | F89: 125074.76 | G89: 30221.512 | H89: 3420284 | I89: 7818631.1 | J89: 23987377
C90: non CUDA Time | D90: 225.48721 | E90: 220.0081 | F90: 1291.169 | G90: 1399.9128 | H90: 47035.097 | I90: 13616.933 | J90: 53312.78
C91: omp | D91: 264.68739 | E91: 94.54276 | F91: 69.332746 | G91: 1001.5821 | H91: 3770.8219 | I91: 8019.7253 | J91: 12682.269
C92: non CUDA transp Time | D92: 43.134547 | E92: 195.46966 | F92: 268.65357 | G92: 1479.7701 | H92: 38475.371 | I92: 23028.421 | J92: 934054.55
C93: non CUDA transp_AVX Time | E93: 105.75441 | F93: 377.37005 | G93: 1034.4079 | H93: 7591.898 | I93: 16718.369 | J93: 1830133.8
C94: non CUDA transp_AVX_OMP Time | E94: 108.8113 | F94: 317.37808 | G94: 730.1457 | H94: 124595.32 | I94: 18364.408 | J94: 36667.405
C95: CUDA ant add CPU Time | D95: 420.8037 | E95: 126.2759 | F95: 292.73158 | G95: 135.31768 | H95: 802.54318 | I95: 1230.8643 | J95: 2102.3651
C96: CUDA ant add CPU12 | D96: 208.45225 | E96: 1960.1624 | F96: 1845.6397 | G96: 10605.615 | H96: 71265.123 | I96: 40174.223 | J96: 7111.6786
C97: CUDA ant add CPU_AVX_transp Time | E97: 190.33317 | F97: 11445.276 | G97: 492.28102 | H97: 3908.9473 | I97: 1903.0849 | J97: 3192.6897
C98: Time non CUDA AVX time 4 | D98: 440.01813 | E98: 496.41036 | F98: 2357.7925 | G98: 1698.0248 | H98: 39549.649 | I98: 12301.855 | J98: 25840.656
C99: Time non CUDA AVX add CPU time 4 | D99: 519.92839 | E99: 124.15633 | F99: 120.18484 | G99: 519.07987 | H99: 565.71814 | I99: 783.29453 | J99: 2996.5743
C109: Доверительный интервал
C110: 50 | D110: 2 | E110: 4 | F110: 8 | G110: 16 | H110: 32 | I110: 64 | J110: 128 | K110: 256 | L110: 512
D111: 42 | E111: 84 | F111: 168 | G111: 336 | H111: 672 | I111: 1344 | J111: 2688 | K111: 5376 | L111: 10752
C112: Classic ACO | D112: 29.72261 | E112: 17.261082 | F112: 98.029302 | G112: 48.18692 | H112: 512.6278 | I112: 775.06198 | J112: 1357.5707
C113: non CUDA Time | D113: 4.162287 | E113: 4.1114063 | F113: 9.9600752 | G113: 10.371022 | H113: 60.114895 | I113: 32.345265 | J113: 64.000996
C114: omp | D114: 4.5095966 | E114: 2.6951641 | F114: 2.3080237 | G114: 8.7723176 | H114: 17.021157 | I114: 24.822803 | J114: 31.215446
C115: non CUDA transp Time | D115: 1.8204707 | E115: 3.8753483 | F115: 4.5432578 | G115: 10.662725 | H115: 54.370394 | I115: 42.063281 | J115: 267.89042
C116: non CUDA transp_AVX Time | D116: #DIV/0! | E116: 2.8504952 | F116: 5.3846166 | G116: 8.9149103 | H116: 24.151619 | I116: 35.840002 | J116: 374.98378
C117: non CUDA transp_AVX_OMP Time | D117: #DIV/0! | E117: 2.8913993 | F117: 4.938096 | G117: 7.4898968 | H117: 97.841238 | I117: 37.562936 | J117: 53.077585
C118: CUDA ant add CPU Time | D118: 5.6860522 | E118: 3.1148082 | F118: 4.7424838 | G118: 3.2243958 | H118: 7.8524517 | I118: 9.7246987 | J118: 12.709402
C119: CUDA ant add CPU12 | D119: 4.0019749 | E119: 12.27205 | F119: 11.908156 | G119: 28.545588 | H119: 73.996229 | I119: 55.557771 | J119: 23.375297
C120: CUDA ant add CPU_AVX_transp Time | D120: #DIV/0! | E120: 3.8240918 | F120: 29.654063 | G120: 6.1500354 | H120: 17.330096 | I120: 12.092056 | J120: 15.66208
C121: Time non CUDA AVX time 4 | D121: 6.7759497 | E121: 5.303047 | F121: 11.448449 | G121: 9.9073161 | H121: 47.589095 | I121: 26.542539 | J121: 38.649262
C122: Time non CUDA AVX add CPU time 4 | D122: 3.06451 | E122: 2.5012898 | F122: 2.5583656 | G122: 5.4142275 | H122: 5.7135497 | I122: 6.5951686 | J122: 13.240137
C123: Time non CUDA AVX time 4 | D123: 4.8220216 | E123: 6.6055773 | F123: 4.9373749 | G123: 22.829334 | H123: 21.074888 | I123: 32.342838 | J123: 51.325587
C124: Time non CUDA AVX add CPU time 4 | D124: 4.0075574 | E124: 3.7527547 | F124: 3.7828466 | G124: 8.4951963 | H124: 8.8273882 | I124: 14.981478 | J124: 25.964482

Sheet 4060COMP
B1: 1.96 | C1: 50 | D1: 2 | E1: 4 | F1: 8 | G1: 16 | H1: 32 | I1: 64 | J1: 128 | K1: 256 | L1: 512 | M1: AMD Ryzen 5 7500F 6-Core Processor 3.70GHz (8Gb ОЗУ).
B2: МО | D2: 42 | E2: 84 | F2: 168 | G2: 336 | H2: 672 | I2: 1344 | J2: 2688 | K2: 5376 | L2: 10752
A3: 1 | C3: Classic ACO | D3: 6288.5222 | E3: 11441.452 | F3: 21547.928 | G3: 42583.176 | H3: 98333.398 | I3: 171610.78 | J3: 334035.68
C4: non CUDA Time | D4: 886.85582 | E4: 1627.4022 | F4: 3159.8702 | G4: 6191.9178 | H4: 12286.098 | I4: 25340.31 | J4: 46545.16
C5: omp | D5: 838.22992 | E5: 1577.8022 | F5: 3090.485 | G5: 6131.5604 | H5: 12103.568 | I5: 23978.202 | J5: 46833.824
C6: non CUDA transp Time | D6: 886.04632 | E6: 1637.602 | F6: 3151.2088 | G6: 6213.1168 | H6: 12251.96 | I6: 24164.172 | J6: 46972.646
C7: non CUDA transp_AVX Time | E7: 2127.663 | F7: 4067.6298 | G7: 7861.0436 | H7: 14994.266 | I7: 26465.054 | J7: 52147.348
C8: non CUDA transp_AVX_OMP Time | E8: 2119.9632 | F8: 4040.9362 | G8: 7858.531 | H8: 14976.848 | I8: 26486.424 | J8: 53563.658
C9: CUDA ant add CPU Time | D9: 261.48348 | E9: 461.7012 | F9: 815.40584 | G9: 1578.2184 | H9: 3032.3646 | I9: 6097.6 | J9: 11862.252
C10: CUDA ant add CPU12 | D10: 1319.3328 | E10: 3638.3506 | F10: 6188.3882 | G10: 10503.271 | H10: 16345.484 | I10: 28278.142 | J10: 48772.638
C11: CUDA ant add CPU_AVX_transp Time | E11: 451.441 | F11: 825.91242 | G11: 1569.361 | H11: 3028.8974 | I11: 6084.653 | J11: 11857.544
C12: Time non CUDA AVX time 4 | D12: 1132.0496 | E12: 2092.464 | F12: 3978.3184 | G12: 7709.4032 | H12: 14043.196 | I12: 26905.33 | J12: 55996.128
C13: Time non CUDA AVX add CPU time 4 | D13: 257.09768 | E13: 441.49018 | F13: 818.33376 | G13: 1549.6212 | H13: 3143.1994 | I13: 6016.169 | J13: 11876.062
C30: 6 | D30: 2 | E30: 4 | F30: 8 | G30: 16 | H30: 32 | I30: 64 | J30: 128 | K30: 256 | L30: 512
D31: 42 | E31: 84 | F31: 168 | G31: 336 | H31: 672 | I31: 1344 | J31: 2688 | K31: 5376 | L31: 10752
C32: Classic ACO | D32: =D3/D$2 -> 149.72672 | E32: =E3/E$2 -> 136.20776 | F32: =F3/F$2 -> 128.26148 | G32: =G3/G$2 -> 126.73564 | H32: =H3/H$2 -> 146.32946 | I32: =I3/I$2 -> 127.68659 | J32: =J3/J$2 -> 124.26923 | K32: =K3/K$2 -> 0 | L32: =L3/L$2 -> 0
C33: non CUDA Time | D33: =D4/D$2 -> 21.115615 | E33: =E4/E$2 -> 19.373836 | F33: =F4/F$2 -> 18.808751 | G33: =G4/G$2 -> 18.428327 | H33: =H4/H$2 -> 18.282884 | I33: =I4/I$2 -> 18.854397 | J33: =J4/J$2 -> 17.315908 | K33: =K4/K$2 -> 0 | L33: =L4/L$2 -> 0
C34: omp | D34: =D5/D$2 -> 19.957855 | E34: =E5/E$2 -> 18.78336 | F34: =F5/F$2 -> 18.395744 | G34: =G5/G$2 -> 18.248692 | H34: =H5/H$2 -> 18.011262 | I34: =I5/I$2 -> 17.840924 | J34: =J5/J$2 -> 17.423298 | K34: =K5/K$2 -> 0 | L34: =L5/L$2 -> 0
C35: non CUDA transp Time | D35: =D6/D$2 -> 21.096341 | E35: =E6/E$2 -> 19.495262 | F35: =F6/F$2 -> 18.757195 | G35: =G6/G$2 -> 18.491419 | H35: =H6/H$2 -> 18.232083 | I35: =I6/I$2 -> 17.979295 | J35: =J6/J$2 -> 17.474943 | K35: =K6/K$2 -> 0 | L35: =L6/L$2 -> 0
C36: non CUDA transp_AVX Time | E36: =E7/E$2 -> 25.329321 | F36: =F7/F$2 -> 24.212082 | G36: =G7/G$2 -> 23.395963 | H36: =H7/H$2 -> 22.312896 | I36: =I7/I$2 -> 19.69126 | J36: =J7/J$2 -> 19.400055 | K36: =K7/K$2 -> 0 | L36: =L7/L$2 -> 0
C37: non CUDA transp_AVX_OMP Time | E37: =E8/E$2 -> 25.237657 | F37: =F8/F$2 -> 24.053192 | G37: =G8/G$2 -> 23.388485 | H37: =H8/H$2 -> 22.286976 | I37: =I8/I$2 -> 19.707161 | J37: =J8/J$2 -> 19.926956 | K37: =K8/K$2 -> 0 | L37: =L8/L$2 -> 0
C38: CUDA ant add CPU Time | D38: =D9/D$2 -> 6.2257971 | E38: =E9/E$2 -> 5.4964429 | F38: =F9/F$2 -> 4.8536062 | G38: =G9/G$2 -> 4.6970786 | H38: =H9/H$2 -> 4.5124473 | I38: =I9/I$2 -> 4.5369048 | J38: =J9/J$2 -> 4.4130402 | K38: =K9/K$2 -> 0 | L38: =L9/L$2 -> 0
C39: CUDA ant add CPU12 | D39: =D10/D$2 -> 31.412686 | E39: =E10/E$2 -> 43.313698 | F39: =F10/F$2 -> 36.835644 | G39: =G10/G$2 -> 31.259736 | H39: =H10/H$2 -> 24.323637 | I39: =I10/I$2 -> 21.040284 | J39: =J10/J$2 -> 18.144583 | K39: =K10/K$2 -> 0 | L39: =L10/L$2 -> 0
C40: CUDA ant add CPU_AVX_transp Time | E40: =E11/E$2 -> 5.3742976 | F40: =F11/F$2 -> 4.9161454 | G40: =G11/G$2 -> 4.6707173 | H40: =H11/H$2 -> 4.5072878 | I40: =I11/I$2 -> 4.5272716 | J40: =J11/J$2 -> 4.4112887 | K40: =K11/K$2 -> 0 | L40: =L11/L$2 -> 0
C41: Time non CUDA AVX time 4 | D41: =D12/D$2 -> 26.953562 | E41: =E12/E$2 -> 24.910286 | F41: =F12/F$2 -> 23.680467 | G41: =G12/G$2 -> 22.944652 | H41: =H12/H$2 -> 20.897613 | I41: =I12/I$2 -> 20.018847 | J41: =J12/J$2 -> 20.831893
C42: Time non CUDA AVX add CPU time 4 | D42: =D13/D$2 -> 6.1213733 | E42: =E13/E$2 -> 5.2558355 | F42: =F13/F$2 -> 4.8710343 | G42: =G13/G$2 -> 4.6119679 | H42: =H13/H$2 -> 4.6773801 | I42: =I13/I$2 -> 4.4763162 | J42: =J13/J$2 -> 4.4181778
C55: 50 | D55: 2 | E55: 4 | F55: 8 | G55: 16 | H55: 32 | I55: 64 | J55: 128 | K55: 256 | L55: 512
D56: 42 | E56: 84 | F56: 168 | G56: 336 | H56: 672 | I56: 1344 | J56: 2688 | K56: 5376 | L56: 10752
C57: Classic ACO | D57: =D$3/D3 -> 1 | E57: =E$3/E3 -> 1 | F57: =F$3/F3 -> 1 | G57: =G$3/G3 -> 1 | H57: =H$3/H3 -> 1 | I57: =I$3/I3 -> 1 | J57: =J$3/J3 -> 1 | K57: =K$3/K3 -> #DIV/0! | L57: =L$3/L3 -> #DIV/0!
C58: non CUDA Time | D58: =D$3/D4 -> 7.0908056 | E58: =E$3/E4 -> 7.0305005 | F58: =F$3/F4 -> 6.8192447 | G58: =G$3/G4 -> 6.8772192 | H58: =H$3/H4 -> 8.0036313 | I58: =I$3/I4 -> 6.7722447 | J58: =J$3/J4 -> 7.1765932 | K58: =K$3/K4 -> #DIV/0! | L58: =L$3/L4 -> #DIV/0!
C59: omp | D59: =D$3/D5 -> 7.5021448 | E59: =E$3/E5 -> 7.2515123 | F59: =F$3/F5 -> 6.9723451 | G59: =G$3/G5 -> 6.9449167 | H59: =H$3/H5 -> 8.1243314 | I59: =I$3/I5 -> 7.1569495 | J59: =J$3/J5 -> 7.1323597
C60: non CUDA transp Time | D60: =D$3/D6 -> 7.0972838 | E60: =E$3/E6 -> 6.9867111 | F60: =F$3/F6 -> 6.837988 | G60: =G$3/G6 -> 6.8537543 | H60: =H$3/H6 -> 8.025932 | I60: =I$3/I6 -> 7.1018688 | J60: =J$3/J6 -> 7.1112809 | K60: =K$3/K6 -> #DIV/0! | L60: =L$3/L6 -> #DIV/0!
C61: non CUDA transp_AVX Time | E61: =E$3/E7 -> 5.3774738 | F61: =F$3/F7 -> 5.2974162 | G61: =G$3/G7 -> 5.4169876 | H61: =H$3/H7 -> 6.5580668 | I61: =I$3/I7 -> 6.4844296 | J61: =J$3/J7 -> 6.405612
C62: non CUDA transp_AVX_OMP Time | E62: =E$3/E8 -> 5.397005 | F62: =F$3/F8 -> 5.3324099 | G62: =G$3/G8 -> 5.4187196 | H62: =H$3/H8 -> 6.5656938 | I62: =I$3/I8 -> 6.4791978 | J62: =J$3/J8 -> 6.2362373
C63: CUDA ant add CPU Time | D63: =D$3/D9 -> 24.049405 | E63: =E$3/E9 -> 24.781075 | F63: =F$3/F9 -> 26.426016 | G63: =G$3/G9 -> 26.981802 | H63: =H$3/H9 -> 32.42796 | I63: =I$3/I9 -> 28.143988 | J63: =J$3/J9 -> 28.15955 | K63: =K$3/K9 -> #DIV/0! | L63: =L$3/L9 -> #DIV/0!
C64: CUDA ant add CPU12 | D64: =D$3/D10 -> 4.7664412 | E64: =E$3/E10 -> 3.144681 | F64: =F$3/F10 -> 3.4819936 | G64: =G$3/G10 -> 4.0542774 | H64: =H$3/H10 -> 6.0159368 | I64: =I$3/I10 -> 6.0686724 | J64: =J$3/J10 -> 6.8488336 | K64: =K$3/K10 -> #DIV/0! | L64: =L$3/L10 -> #DIV/0!
C65: CUDA ant add CPU_AVX_transp Time | E65: =E$3/E11 -> 25.344291 | F65: =F$3/F11 -> 26.089846 | G65: =G$3/G11 -> 27.134086 | H65: =H$3/H11 -> 32.465081 | I65: =I$3/I11 -> 28.203873 | J65: =J$3/J11 -> 28.170731
C66: Time non CUDA AVX time 4 | D66: =D$3/D12 -> 5.5549882 | E66: =E$3/E12 -> 5.4679325 | F66: =F$3/F12 -> 5.4163407 | G66: =G$3/G12 -> 5.5235373 | H66: =H$3/H12 -> 7.0022093 | I66: =I$3/I12 -> 6.3783191 | J66: =J$3/J12 -> 5.9653353
C67: Time non CUDA AVX add CPU time 4 | D67: =D$3/D13 -> 24.459661 | E67: =E$3/E13 -> 25.91553 | F67: =F$3/F13 -> 26.331467 | G67: =G$3/G13 -> 27.479732 | H67: =H$3/H13 -> 31.284492 | I67: =I$3/I13 -> 28.524927 | J67: =J$3/J13 -> 28.126805
C86: Дисперсия
C87: 50 | D87: 2 | E87: 4 | F87: 8 | G87: 16 | H87: 32 | I87: 64 | J87: 128 | K87: 256 | L87: 512
D88: 42 | E88: 84 | F88: 168 | G88: 336 | H88: 672 | I88: 1344 | J88: 2688 | K88: 5376 | L88: 10752
C89: Classic ACO | D89: 23629.637 | E89: 11483.895 | F89: 84715.602 | G89: 314291.08 | H89: 430893.51 | I89: 26330465 | J89: 1999689.6
C90: non CUDA Time | D90: 200.59344 | E90: 114.85142 | F90: 20708.382 | G90: 747.40649 | H90: 8256.2153 | I90: 97128.661 | J90: 50621.517
C91: omp | D91: 100.54556 | E91: 295.8353 | F91: 477.97355 | G91: 356.81963 | H91: 1064.6377 | I91: 3172.4942 | J91: 22078.656
C92: non CUDA transp Time | D92: 537.4466 | E92: 554.36812 | F92: 231.65842 | G92: 1151.4717 | H92: 5983.0203 | I92: 4644.8513 | J92: 302669.26
C93: non CUDA transp_AVX Time | E93: 113.63023 | F93: 1100.334 | G93: 975.64003 | H93: 64976.078 | I93: 12178.92 | J93: 19055708
C94: non CUDA transp_AVX_OMP Time | E94: 259.53063 | F94: 616.71731 | G94: 3560.7066 | H94: 57100.636 | I94: 13831.197 | J94: 19720658
C95: CUDA ant add CPU Time | D95: 240.99721 | E95: 297.49951 | F95: 281.85651 | G95: 271.7819 | H95: 1286.8453 | I95: 38248.232 | J95: 869.25825
C96: CUDA ant add CPU12 | D96: 1524.094 | E96: 43621.362 | F96: 1601730.5 | G96: 1002406.8 | H96: 2435076.7 | I96: 2657196.6 | J96: 65421.18
C97: CUDA ant add CPU_AVX_transp Time | E97: 373.81925 | F97: 525.57634 | G97: 340.53782 | H97: 712.14341 | I97: 4457.6384 | J97: 1922.1838
C98: Time non CUDA AVX time 4 | D98: 287.53108 | E98: 138.54439 | F98: 455.55771 | G98: 4887.4579 | H98: 61519.252 | I98: 339551.92 | J98: 348666.43
C99: Time non CUDA AVX add CPU time 4 | D99: 6.7716818 | E99: 51.450897 | F99: 62.694122 | G99: 241.76451 | H99: 9752.8427 | I99: 8465.0133 | J99: 7016.1266
C109: Доверительный интервал
C110: 50 | D110: 2 | E110: 4 | F110: 8 | G110: 16 | H110: 32 | I110: 64 | J110: 128 | K110: 256 | L110: 512
D111: 42 | E111: 84 | F111: 168 | G111: 336 | H111: 672 | I111: 1344 | J111: 2688 | K111: 5376 | L111: 10752
C112: Classic ACO | D112: 42.608828 | E112: 29.70405 | F112: 80.677563 | G112: 155.39502 | H112: 181.95167 | I112: 1422.3299 | J112: 391.96958
C113: non CUDA Time | D113: 3.9258114 | E113: 2.9705663 | F113: 39.888174 | G113: 7.577911 | H113: 25.186138 | I113: 86.386279 | J113: 62.364672
C114: omp | D114: 2.7794094 | E114: 4.7675589 | F114: 6.0600053 | G114: 5.2359494 | H114: 9.0442381 | I114: 15.612465 | J114: 41.186737
C115: non CUDA transp Time | D115: 6.4259705 | E115: 6.5263475 | F115: 4.21886 | G115: 9.4058423 | H115: 21.440322 | I115: 18.891088 | J115: 152.49487
C116: non CUDA transp_AVX Time | E116: 2.9547314 | F116: 9.1946104 | G116: 8.657966 | H116: 70.6558 | I116: 30.589717 | J116: 1209.9951
C117: non CUDA transp_AVX_OMP Time | E117: 4.4654515 | F117: 6.8835764 | G117: 16.540139 | H117: 66.23561 | I117: 32.598751 | J117: 1230.9255
C118: CUDA ant add CPU Time | D118: 4.3030568 | E118: 4.78095 | F118: 4.6535577 | G118: 4.5696332 | H118: 9.9433848 | I118: 54.209668 | J118: 8.1723222
C119: CUDA ant add CPU12 | D119: 10.821238 | E119: 57.892283 | F119: 350.80501 | G119: 277.51923 | H119: 432.54111 | I119: 451.83817 | J119: 70.897391
C120: CUDA ant add CPU_AVX_transp Time | E120: 5.3592239 | F120: 6.354611 | G120: 5.1150955 | H120: 7.396986 | I120: 18.506466 | J120: 12.152581
C121: Time non CUDA AVX time 4 | D121: 4.7001689 | E121: 3.2626128 | F121: 5.9161989 | G121: 19.378162 | H121: 68.750616 | I121: 161.5192 | J121: 163.67266
C122: Time non CUDA AVX add CPU time 4 | D122: 0.72130566 | E122: 1.9882342 | F122: 2.1947471 | G122: 4.3099015 | H122: 27.3739 | I122: 25.502625 | J122: 23.217731

Sheet 3060LAPTOP 10
B1: 1.96 | C1: 50 | D1: 2 | E1: 4 | F1: 8 | G1: 16 | H1: 32 | I1: 64 | J1: 128 | K1: 256 | L1: 512 | M1: 12th Gen Intel(R) Core(TM) i5-12450H 2.00 GHz
B2: МО | D2: 42 | E2: 84 | F2: 168 | G2: 336 | H2: 672 | I2: 1344 | J2: 2688 | K2: 5376 | L2: 10752 | M2: 16,0 ГБ (доступно: 15,7 ГБ)
A3: 1 | C3: Classic ACO | D3: 6732.0454 | E3: 12795.57 | F3: 24112.532 | G3: 46059.344 | H3: 91907.946 | I3: 184408.08 | J3: 367570.34
C4: non CUDA Time | D4: 565.78236 | E4: 1048.5618 | F4: 1982.69 | G4: 3787.3732 | H4: 7666.159 | I4: 15021.706 | J4: 30206.626
C5: omp | D5: 537.58286 | E5: 1010.2038 | F5: 1940.0652 | G5: 3816.501 | H5: 7811.4766 | I5: 15154.872 | J5: 30090.164
C8: non CUDA transp Time | D8: 568.438 | E8: 1053.3364 | F8: 1978.4418 | G8: 3846.794 | H8: 7448.5196 | I8: 14762.202 | J8: 30250.246
C9: non CUDA transp_AVX Time | E9: 1098.6976 | F9: 2044.9888 | G9: 3966.7574 | H9: 7436.0804 | I9: 14843.796 | J9: 31936.964
C10: non CUDA transp_AVX_OMP Time | E10: 1100.0656 | F10: 2057.818 | G10: 3962.725 | H10: 7628.956 | I10: 14841.382 | J10: 30129.486
C11: CUDA ant add CPU Time | D11: 344.71264 | E11: 563.0046 | F11: 1067.8192 | G11: 2109.8016 | H11: 4311.6994 | I11: 8536.9112 | J11: 16848.092
C12: CUDA ant add CPU12 | D12: 1001.4925 | E12: 1662.8522 | F12: 3342.1846 | G12: 6069.6134 | H12: 11814.46 | I12: 21886.496 | J12: 36632.952
C14: CUDA ant add CPU_AVX_transp Time | E14: 588.2503 | F14: 1023.4705 | G14: 1924.1816 | H14: 3836.9328 | I14: 7876.4872 | J14: 15491.638
C30: 6 | D30: 2 | E30: 4 | F30: 8 | G30: 16 | H30: 32 | I30: 64 | J30: 128 | K30: 256 | L30: 512
D31: 42 | E31: 84 | F31: 168 | G31: 336 | H31: 672 | I31: 1344 | J31: 2688 | K31: 5376 | L31: 10752
C32: Classic ACO | D32: =D3/D$2 -> 160.2868 | E32: =E3/E$2 -> 152.32821 | F32: =F3/F$2 -> 143.52698 | G32: =G3/G$2 -> 137.08138 | H32: =H3/H$2 -> 136.76778 | I32: =I3/I$2 -> 137.20839 | J32: =J3/J$2 -> 136.74492
C33: non CUDA Time | D33: =D4/D$2 -> 13.471009 | E33: =E4/E$2 -> 12.482879 | F33: =F4/F$2 -> 11.801726 | G33: =G4/G$2 -> 11.271944 | H33: =H4/H$2 -> 11.407975 | I33: =I4/I$2 -> 11.176865 | J33: =J4/J$2 -> 11.237584
C34: omp | D34: =D5/D$2 -> 12.799592 | E34: =E5/E$2 -> 12.026236 | F34: =F5/F$2 -> 11.548007 | G34: =G5/G$2 -> 11.358634 | H34: =H5/H$2 -> 11.624221 | I34: =I5/I$2 -> 11.275946 | J34: =J5/J$2 -> 11.194257
C37: non CUDA transp Time | D37: =D8/D$2 -> 13.534238 | E37: =E8/E$2 -> 12.539719 | F37: =F8/F$2 -> 11.776439 | G37: =G8/G$2 -> 11.448792 | H37: =H8/H$2 -> 11.084107 | I37: =I8/I$2 -> 10.983781 | J37: =J8/J$2 -> 11.253812
C38: non CUDA transp_AVX Time | E38: =E9/E$2 -> 13.079733 | F38: =F9/F$2 -> 12.172552 | G38: =G9/G$2 -> 11.805826 | H38: =H9/H$2 -> 11.065596 | I38: =I9/I$2 -> 11.044491 | J38: =J9/J$2 -> 11.881311
C39: non CUDA transp_AVX_OMP Time | E39: =E10/E$2 -> 13.096019 | F39: =F10/F$2 -> 12.248917 | G39: =G10/G$2 -> 11.793824 | H39: =H10/H$2 -> 11.352613 | I39: =I10/I$2 -> 11.042695 | J39: =J10/J$2 -> 11.208886
C40: CUDA ant add CPU Time | D40: =D11/D$2 -> 8.2074438 | E40: =E11/E$2 -> 6.7024357 | F40: =F11/F$2 -> 6.3560667 | G40: =G11/G$2 -> 6.2791714 | H40: =H11/H$2 -> 6.4162193 | I40: =I11/I$2 -> 6.3518685 | J40: =J11/J$2 -> 6.2678914
C41: CUDA ant add CPU12 | D41: =D12/D$2 -> 23.845059 | E41: =E12/E$2 -> 19.79586 | F41: =F12/F$2 -> 19.893956 | G41: =G12/G$2 -> 18.064326 | H41: =H12/H$2 -> 17.581042 | I41: =I12/I$2 -> 16.284595 | J41: =J12/J$2 -> 13.62833
C43: CUDA ant add CPU_AVX_transp Time | E43: =E14/E$2 -> 7.0029798 | F43: =F14/F$2 -> 6.0920863 | G43: =G14/G$2 -> 5.726731 | H43: =H14/H$2 -> 5.7097214 | I43: =I14/I$2 -> 5.8604815 | J43: =J14/J$2 -> 5.7632582
C55: 50 | D55: 2 | E55: 4 | F55: 8 | G55: 16 | H55: 32 | I55: 64 | J55: 128 | K55: 256 | L55: 512
D56: 42 | E56: 84 | F56: 168 | G56: 336 | H56: 672 | I56: 1344 | J56: 2688 | K56: 5376 | L56: 10752
C57: Classic ACO | D57: =D$3/D3 -> 1 | E57: =E$3/E3 -> 1 | F57: =F$3/F3 -> 1 | G57: =G$3/G3 -> 1 | H57: =H$3/H3 -> 1 | I57: =I$3/I3 -> 1 | J57: =J$3/J3 -> 1
C58: non CUDA Time | D58: =D$3/D4 -> 11.898648 | E58: =E$3/E4 -> 12.202972 | F58: =F$3/F4 -> 12.161524 | G58: =G$3/G4 -> 12.16129 | H58: =H$3/H4 -> 11.988787 | I58: =I$3/I4 -> 12.276108 | J58: =J$3/J4 -> 12.168533
C59: omp | D59: =D$3/D5 -> 12.522805 | E59: =E$3/E5 -> 12.666325 | F59: =F$3/F5 -> 12.428722 | G59: =G$3/G5 -> 12.068474 | H59: =H$3/H5 -> 11.765758 | I59: =I$3/I5 -> 12.168237 | J59: =J$3/J5 -> 12.215631
C62: non CUDA transp Time | D62: =D$3/D8 -> 11.84306 | E62: =E$3/E8 -> 12.147658 | F62: =F$3/F8 -> 12.187638 | G62: =G$3/G8 -> 11.973437 | H62: =H$3/H8 -> 12.339089 | I62: =I$3/I8 -> 12.491909 | J62: =J$3/J8 -> 12.150987
C63: non CUDA transp_AVX Time | E63: =E$3/E9 -> 11.646125 | F63: =F$3/F9 -> 11.791034 | G63: =G$3/G9 -> 11.611334 | H63: =H$3/H9 -> 12.35973 | I63: =I$3/I9 -> 12.423243 | J63: =J$3/J9 -> 11.509245
C64: non CUDA transp_AVX_OMP Time | E64: =E$3/E10 -> 11.631643 | F64: =F$3/F10 -> 11.717524 | G64: =G$3/G10 -> 11.623149 | H64: =H$3/H10 -> 12.047251 | I64: =I$3/I10 -> 12.425263 | J64: =J$3/J10 -> 12.199688
C65: CUDA ant add CPU Time | D65: =D$3/D11 -> 19.529442 | E65: =E$3/E11 -> 22.727292 | F65: =F$3/F11 -> 22.5811 | G65: =G$3/G11 -> 21.831126 | H65: =H$3/H11 -> 21.315945 | I65: =I$3/I11 -> 21.601265 | J65: =J$3/J11 -> 21.816734
C66: CUDA ant add CPU12 | D66: =D$3/D12 -> 6.7220129 | E66: =E$3/E12 -> 7.6949533 | F66: =F$3/F12 -> 7.2146021 | G66: =G$3/G12 -> 7.5885136 | H66: =H$3/H12 -> 7.7792761 | I66: =I$3/I12 -> 8.4256557 | J66: =J$3/J12 -> 10.033872
C68: CUDA ant add CPU_AVX_transp Time | E68: =E$3/E14 -> 21.751914 | F68: =F$3/F14 -> 23.559577 | G68: =G$3/G14 -> 23.937109 | H68: =H$3/H14 -> 23.953494 | I68: =I$3/I14 -> 23.412478 | J68: =J$3/J14 -> 23.727016
C86: Дисперсия
C87: 50 | D87: 2 | E87: 4 | F87: 8 | G87: 16 | H87: 32 | I87: 64 | J87: 128 | K87: 256 | L87: 512
D88: 42 | E88: 84 | F88: 168 | G88: 336 | H88: 672 | I88: 1344 | J88: 2688 | K88: 5376 | L88: 10752
C89: Classic ACO | D89: 11498.25 | E89: 3877.876 | F89: 125074.76 | G89: 30221.512 | H89: 3420284 | I89: 7818631.1 | J89: 23987377
C90: non CUDA Time | D90: 225.48721 | E90: 220.0081 | F90: 1291.169 | G90: 1399.9128 | H90: 47035.097 | I90: 13616.933 | J90: 53312.78
C91: omp | D91: 264.68739 | E91: 94.54276 | F91: 69.332746 | G91: 1001.5821 | H91: 3770.8219 | I91: 8019.7253 | J91: 12682.269
C94: non CUDA transp Time | D94: 43.134547 | E94: 195.46966 | F94: 268.65357 | G94: 1479.7701 | H94: 38475.371 | I94: 23028.421 | J94: 934054.55
C95: non CUDA transp_AVX Time | E95: 105.75441 | F95: 377.37005 | G95: 1034.4079 | H95: 7591.898 | I95: 16718.369 | J95: 1830133.8
C96: non CUDA transp_AVX_OMP Time | E96: 108.8113 | F96: 317.37808 | G96: 730.1457 | H96: 124595.32 | I96: 18364.408 | J96: 36667.405
C97: CUDA ant add CPU Time | D97: 420.8037 | E97: 126.2759 | F97: 292.73158 | G97: 135.31768 | H97: 802.54318 | I97: 1230.8643 | J97: 2102.3651
C98: CUDA ant add CPU12 | D98: 208.45225 | E98: 1960.1624 | F98: 1845.6397 | G98: 10605.615 | H98: 71265.123 | I98: 40174.223 | J98: 7111.6786
C100: CUDA ant add CPU_AVX_transp Time | E100: 190.33317 | F100: 11445.276 | G100: 492.28102 | H100: 3908.9473 | I100: 1903.0849 | J100: 3192.6897
C109: Доверительный интервал
C110: 50 | D110: 2 | E110: 4 | F110: 8 | G110: 16 | H110: 32 | I110: 64 | J110: 128 | K110: 256 | L110: 512
D111: 42 | E111: 84 | F111: 168 | G111: 336 | H111: 672 | I111: 1344 | J111: 2688 | K111: 5376 | L111: 10752
C112: Classic ACO | D112: 29.72261 | E112: 17.261082 | F112: 98.029302 | G112: 48.18692 | H112: 512.6278 | I112: 775.06198 | J112: 1357.5707
C113: non CUDA Time | D113: 4.162287 | E113: 4.1114063 | F113: 9.9600752 | G113: 10.371022 | H113: 60.114895 | I113: 32.345265 | J113: 64.000996
C114: omp | D114: 4.5095966 | E114: 2.6951641 | F114: 2.3080237 | G114: 8.7723176 | H114: 17.021157 | I114: 24.822803 | J114: 31.215446
C117: non CUDA transp Time | D117: 1.8204707 | E117: 3.8753483 | F117: 4.5432578 | G117: 10.662725 | H117: 54.370394 | I117: 42.063281 | J117: 267.89042
C118: non CUDA transp_AVX Time | D118: #DIV/0! | E118: 2.8504952 | F118: 5.3846166 | G118: 8.9149103 | H118: 24.151619 | I118: 35.840002 | J118: 374.98378
C119: non CUDA transp_AVX_OMP Time | D119: #DIV/0! | E119: 2.8913993 | F119: 4.938096 | G119: 7.4898968 | H119: 97.841238 | I119: 37.562936 | J119: 53.077585
C120: CUDA ant add CPU Time | D120: 5.6860522 | E120: 3.1148082 | F120: 4.7424838 | G120: 3.2243958 | H120: 7.8524517 | I120: 9.7246987 | J120: 12.709402
C121: CUDA ant add CPU12 | D121: 4.0019749 | E121: 12.27205 | F121: 11.908156 | G121: 28.545588 | H121: 73.996229 | I121: 55.557771 | J121: 23.375297
C123: CUDA ant add CPU_AVX_transp Time | D123: #DIV/0! | E123: 3.8240918 | F123: 29.654063 | G123: 6.1500354 | H123: 17.330096 | I123: 12.092056 | J123: 15.66208

Sheet 3060LAPTOP 100
B1: 1.96 | C1: 50 | D1: 2 | E1: 4 | F1: 8 | G1: 16 | H1: 32 | I1: 64 | J1: 128 | K1: 256 | L1: 512
B2: МО | D2: 12 | E2: 24 | F2: 48 | G2: 96 | H2: 192 | I2: 384 | J2: 768
A3: 1 | C3: Classic ACO | D3: 6150.9388 | E3: 11699.452 | F3: 21907.942 | G3: 42192.442 | H3: 84585.998 | I3: 167119.54 | J3: 334990.88
C4: non CUDA Time | D4: 377.87502 | E4: 628.52904 | F4: 1019.9844 | G4: 1919.3218 | H4: 3993.9212 | I4: 7926.0674 | J4: 14356.124
C5: omp | D5: 292.0631 | E5: 525.01036 | F5: 921.35106 | G5: 1785.4644 | H5: 4317.2568 | I5: 7838.8054 | J5: 14374.004
C6: non CUDA AVX Time | D6: 386.24352 | E6: 608.9138 | F6: 1048.3814 | G6: 1959.4038 | H6: 4448.1824 | I6: 7970.5664 | J6: 14623.532
C7: non CUDA AVX_OMP Time | D7: 261.53294 | E7: 472.43312 | F7: 878.0744 | G7: 1787.109 | H7: 4006.3106 | I7: 7005.3984 | J7: 15607.48
C8: non CUDA transp Time | D8: 361.17894 | E8: 600.7946 | F8: 1048.018 | G8: 1917.3048 | H8: 4471.6644 | I8: 7685.0462 | J8: 16599.42
C9: non CUDA transp_AVX Time | D9: 394.9219 | E9: 633.21774 | F9: 1081.4722 | G9: 2050.7576 | H9: 4547.41 | I9: 7768.6138 | J9: 16659.336
C10: non CUDA transp_AVX_OMP Time | D10: 393.51114 | E10: 632.0437 | F10: 1095.9862 | G10: 2033.1584 | H10: 4555.7548 | I10: 7755.5442 | J10: 16691.11
C11: CUDA ant add CPU Time | D11: 336.78988 | E11: 611.70272 | F11: 1168.2386 | G11: 2308.4162 | H11: 4522.773 | I11: 9210.3068 | J11: 18952.654
C12: CUDA ant add CPU12 | D12: 1219.2482 | E12: 1472.4142 | F12: 1882.087 | G12: 3023.0388 | H12: 7829.219 | I12: 12819.904 | J12: 25264.37
C13: CUDA ant add CPU_AVX Time | D13: 338.06512 | E13: 618.5995 | F13: 1172.96 | G13: 2326.9566 | H13: 4577.7558 | I13: 9264.074 | J13: 19102.474
C14: CUDA ant add CPU_AVX_transp Time | D14: 344.10664 | E14: 643.30742 | F14: 1215.022 | G14: 2403.0542 | H14: 4747.435 | I14: 9580.2356 | J14: 19506.6
C30: 50 | D30: 2 | E30: 4 | F30: 8 | G30: 16 | H30: 32 | I30: 64 | J30: 128 | K30: 256 | L30: 512
D31: 12 | E31: 24 | F31: 48 | G31: 96 | H31: 192 | I31: 384 | J31: 768
C32: Classic ACO | D32: =D3/D$2 -> 512.57823 | E32: =E3/E$2 -> 487.47717 | F32: =F3/F$2 -> 456.41546 | G32: =G3/G$2 -> 439.5046 | H32: =H3/H$2 -> 440.55207 | I32: =I3/I$2 -> 435.20714 | J32: =J3/J$2 -> 436.18604 | K32: =K3/K$2 -> #DIV/0! | L32: =L3/L$2 -> #DIV/0!
C33: non CUDA Time | D33: =D4/D$2 -> 31.489585 | E33: =E4/E$2 -> 26.18871 | F33: =F4/F$2 -> 21.249675 | G33: =G4/G$2 -> 19.992935 | H33: =H4/H$2 -> 20.801673 | I33: =I4/I$2 -> 20.640801 | J33: =J4/J$2 -> 18.69287 | K33: =K4/K$2 -> #DIV/0! | L33: =L4/L$2 -> #DIV/0!
C34: omp | D34: =D5/D$2 -> 24.338592 | E34: =E5/E$2 -> 21.875432 | F34: =F5/F$2 -> 19.194814 | G34: =G5/G$2 -> 18.598588 | H34: =H5/H$2 -> 22.485713 | I34: =I5/I$2 -> 20.413556 | J34: =J5/J$2 -> 18.716151 | K34: =K5/K$2 -> #DIV/0! | L34: =L5/L$2 -> #DIV/0!
C35: non CUDA AVX Time | D35: =D6/D$2 -> 32.18696 | E35: =E6/E$2 -> 25.371408 | F35: =F6/F$2 -> 21.841279 | G35: =G6/G$2 -> 20.410456 | H35: =H6/H$2 -> 23.167617 | I35: =I6/I$2 -> 20.756683 | J35: =J6/J$2 -> 19.041057 | K35: =K6/K$2 -> #DIV/0! | L35: =L6/L$2 -> #DIV/0!
C36: non CUDA AVX_OMP Time | D36: =D7/D$2 -> 21.794412 | E36: =E7/E$2 -> 19.684713 | F36: =F7/F$2 -> 18.293217 | G36: =G7/G$2 -> 18.615719 | H36: =H7/H$2 -> 20.866201 | I36: =I7/I$2 -> 18.243225 | J36: =J7/J$2 -> 20.32224 | K36: =K7/K$2 -> #DIV/0! | L36: =L7/L$2 -> #DIV/0!
C37: non CUDA transp Time | D37: =D8/D$2 -> 30.098245 | E37: =E8/E$2 -> 25.033108 | F37: =F8/F$2 -> 21.833708 | G37: =G8/G$2 -> 19.971925 | H37: =H8/H$2 -> 23.289919 | I37: =I8/I$2 -> 20.013141 | J37: =J8/J$2 -> 21.613828 | K37: =K8/K$2 -> #DIV/0! | L37: =L8/L$2 -> #DIV/0!
C38: non CUDA transp_AVX Time | D38: =D9/D$2 -> 32.910158 | E38: =E9/E$2 -> 26.384073 | F38: =F9/F$2 -> 22.530671 | G38: =G9/G$2 -> 21.362058 | H38: =H9/H$2 -> 23.684427 | I38: =I9/I$2 -> 20.230765 | J38: =J9/J$2 -> 21.691844 | K38: =K9/K$2 -> #DIV/0! | L38: =L9/L$2 -> #DIV/0!
C39: non CUDA transp_AVX_OMP Time | D39: =D10/D$2 -> 32.792595 | E39: =E10/E$2 -> 26.335154 | F39: =F10/F$2 -> 22.833046 | G39: =G10/G$2 -> 21.178733 | H39: =H10/H$2 -> 23.72789 | I39: =I10/I$2 -> 20.19673 | J39: =J10/J$2 -> 21.733216 | K39: =K10/K$2 -> #DIV/0! | L39: =L10/L$2 -> #DIV/0!
C40: CUDA ant add CPU Time | D40: =D11/D$2 -> 28.065823 | E40: =E11/E$2 -> 25.487613 | F40: =F11/F$2 -> 24.338304 | G40: =G11/G$2 -> 24.046002 | H40: =H11/H$2 -> 23.556109 | I40: =I11/I$2 -> 23.985174 | J40: =J11/J$2 -> 24.677935 | K40: =K11/K$2 -> #DIV/0! | L40: =L11/L$2 -> #DIV/0!
C41: CUDA ant add CPU12 | D41: =D12/D$2 -> 101.60402 | E41: =E12/E$2 -> 61.350592 | F41: =F12/F$2 -> 39.210146 | G41: =G12/G$2 -> 31.489988 | H41: =H12/H$2 -> 40.777182 | I41: =I12/I$2 -> 33.385167 | J41: =J12/J$2 -> 32.896315 | K41: =K12/K$2 -> #DIV/0! | L41: =L12/L$2 -> #DIV/0!
C42: CUDA ant add CPU_AVX Time | D42: =D13/D$2 -> 28.172093 | E42: =E13/E$2 -> 25.774979 | F42: =F13/F$2 -> 24.436667 | G42: =G13/G$2 -> 24.239131 | H42: =H13/H$2 -> 23.842478 | I42: =I13/I$2 -> 24.125193 | J42: =J13/J$2 -> 24.873013 | K42: =K13/K$2 -> #DIV/0! | L42: =L13/L$2 -> #DIV/0!
C43: CUDA ant add CPU_AVX_transp Time | D43: =D14/D$2 -> 28.675553 | E43: =E14/E$2 -> 26.804476 | F43: =F14/F$2 -> 25.312958 | G43: =G14/G$2 -> 25.031815 | H43: =H14/H$2 -> 24.726224 | I43: =I14/I$2 -> 24.94853 | J43: =J14/J$2 -> 25.399219 | K43: =K14/K$2 -> #DIV/0! | L43: =L14/L$2 -> #DIV/0!
C55: 50 | D55: 2 | E55: 4 | F55: 8 | G55: 16 | H55: 32 | I55: 64 | J55: 128 | K55: 256 | L55: 512
D56: 12 | E56: 24 | F56: 48 | G56: 96 | H56: 192 | I56: 384 | J56: 768
C57: Classic ACO | D57: =D$3/D3 -> 1 | E57: =E$3/E3 -> 1 | F57: =F$3/F3 -> 1 | G57: =G$3/G3 -> 1 | H57: =H$3/H3 -> 1 | I57: =I$3/I3 -> 1 | J57: =J$3/J3 -> 1 | K57: =K$3/K3 -> #DIV/0! | L57: =L$3/L3 -> #DIV/0!
C58: non CUDA Time | D58: =D$3/D4 -> 16.277707 | E58: =E$3/E4 -> 18.61402 | F58: =F$3/F4 -> 21.478703 | G58: =G$3/G4 -> 21.982995 | H58: =H$3/H4 -> 21.178685 | I58: =I$3/I4 -> 21.084799 | J58: =J$3/J4 -> 23.334354 | K58: =K$3/K4 -> #DIV/0! | L58: =L$3/L4 -> #DIV/0!
C59: omp | D59: =D$3/D5 -> 21.060308 | E59: =E$3/E5 -> 22.284231 | F59: =F$3/F5 -> 23.778061 | G59: =G$3/G5 -> 23.631074 | H59: =H$3/H5 -> 19.592533 | I59: =I$3/I5 -> 21.319516 | J59: =J$3/J5 -> 23.305328
C60: non CUDA AVX Time | D60: =D$3/D6 -> 15.925028 | E60: =E$3/E6 -> 19.213642 | F60: =F$3/F6 -> 20.89692 | G60: =G$3/G6 -> 21.533306 | H60: =H$3/H6 -> 19.015856 | I60: =I$3/I6 -> 20.967085 | J60: =J$3/J6 -> 22.907659 | K60: =K$3/K6 -> #DIV/0! | L60: =L$3/L6 -> #DIV/0!
C61: non CUDA AVX_OMP Time | D61: =D$3/D7 -> 23.518792 | E61: =E$3/E7 -> 24.76425 | F61: =F$3/F7 -> 24.949984 | G61: =G$3/G7 -> 23.609328 | H61: =H$3/H7 -> 21.11319 | I61: =I$3/I7 -> 23.855822 | J61: =J$3/J7 -> 21.463483 | K61: =K$3/K7 -> #DIV/0! | L61: =L$3/L7 -> #DIV/0!
C62: non CUDA transp Time | D62: =D$3/D8 -> 17.03017 | E62: =E$3/E8 -> 19.473298 | F62: =F$3/F8 -> 20.904166 | G62: =G$3/G8 -> 22.006121 | H62: =H$3/H8 -> 18.915999 | I62: =I$3/I8 -> 21.746068 | J62: =J$3/J8 -> 20.180879 | K62: =K$3/K8 -> #DIV/0! | L62: =L$3/L8 -> #DIV/0!
C63: non CUDA transp_AVX Time | D63: =D$3/D9 -> 15.575076 | E63: =E$3/E9 -> 18.476191 | F63: =F$3/F9 -> 20.257517 | G63: =G$3/G9 -> 20.574076 | H63: =H$3/H9 -> 18.600917 | I63: =I$3/I9 -> 21.512144 | J63: =J$3/J9 -> 20.108297 | K63: =K$3/K9 -> #DIV/0! | L63: =L$3/L9 -> #DIV/0!
C64: non CUDA transp_AVX_OMP Time | D64: =D$3/D10 -> 15.630914 | E64: =E$3/E10 -> 18.510511 | F64: =F$3/F10 -> 19.98925 | G64: =G$3/G10 -> 20.752167 | H64: =H$3/H10 -> 18.566846 | I64: =I$3/I10 -> 21.548396 | J64: =J$3/J10 -> 20.070018 | K64: =K$3/K10 -> #DIV/0! | L64: =L$3/L10 -> #DIV/0!
C65: CUDA ant add CPU Time | D65: =D$3/D11 -> 18.263431 | E65: =E$3/E11 -> 19.126042 | F65: =F$3/F11 -> 18.752969 | G65: =G$3/G11 -> 18.277658 | H65: =H$3/H11 -> 18.702243 | I65: =I$3/I11 -> 18.14484 | J65: =J$3/J11 -> 17.675144 | K65: =K$3/K11 -> #DIV/0! | L65: =L$3/L11 -> #DIV/0!
C66: CUDA ant add CPU12 | D66: =D$3/D12 -> 5.0448619 | E66: =E$3/E12 -> 7.9457615 | F66: =F$3/F12 -> 11.640239 | G66: =G$3/G12 -> 13.956963 | H66: =H$3/H12 -> 10.803887 | I66: =I$3/I12 -> 13.035943 | J66: =J$3/J12 -> 13.259419 | K66: =K$3/K12 -> #DIV/0! | L66: =L$3/L12 -> #DIV/0!
C67: CUDA ant add CPU_AVX Time | D67: =D$3/D13 -> 18.194538 | E67: =E$3/E13 -> 18.912805 | F67: =F$3/F13 -> 18.677484 | G67: =G$3/G13 -> 18.132028 | H67: =H$3/H13 -> 18.477613 | I67: =I$3/I13 -> 18.03953 | J67: =J$3/J13 -> 17.536518 | K67: =K$3/K13 -> #DIV/0! | L67: =L$3/L13 -> #DIV/0!
C68: CUDA ant add CPU_AVX_transp Time | D68: =D$3/D14 -> 17.875095 | E68: =E$3/E14 -> 18.186409 | F68: =F$3/F14 -> 18.030901 | G68: =G$3/G14 -> 17.55784 | H68: =H$3/H14 -> 17.8172 | I68: =I$3/I14 -> 17.444199 | J68: =J$3/J14 -> 17.173207 | K68: =K$3/K14 -> #DIV/0! | L68: =L$3/L14 -> #DIV/0!
C86: Дисперсия
C87: 50 | D87: 2 | E87: 4 | F87: 8 | G87: 16 | H87: 32 | I87: 64 | J87: 128 | K87: 256 | L87: 512
D88: 12 | E88: 24 | F88: 48 | G88: 96 | H88: 192 | I88: 384 | J88: 768
C89: Classic ACO | D89: 82524.061 | E89: 140119.72 | F89: 3920098.1 | G89: 140975.12 | H89: 3198827.5 | I89: 180655.35 | J89: 1722287.3
C90: non CUDA Time | D90: 54.50025 | E90: 314.41761 | F90: 236.8143 | G90: 429.34526 | H90: 1410.6061 | I90: 7596.1128 | J90: 27748.65
C91: omp | D91: 31.174635 | E91: 657.97731 | F91: 214.13402 | G91: 698.17734 | H91: 60490.739 | I91: 20606.428 | J91: 20313.995
C92: non CUDA AVX Time | D92: 137.47405 | E92: 142.76359 | F92: 914.33924 | G92: 939.7396 | H92: 2863.4903 | I92: 21486.429 | J92: 29489.809
C93: non CUDA AVX_OMP Time | D93: 24.791762 | E93: 37.961308 | F93: 38.032623 | G93: 207.68942 | H93: 3750.4446 | I93: 13837.626 | J93: 37256.47
C94: non CUDA transp Time | D94: 158.62478 | E94: 447.65971 | F94: 2068.3561 | G94: 319.66861 | H94: 3610.5094 | I94: 2912.4495 | J94: 11029.406
C95: non CUDA transp_AVX Time | D95: 190.80243 | E95: 319.97269 | F95: 500.45157 | G95: 402.95651 | H95: 2156.5096 | I95: 8405.0541 | J95: 13758.363
C96: non CUDA transp_AVX_OMP Time | D96: 210.87891 | E96: 174.32559 | F96: 833.30278 | G96: 406.53628 | H96: 2240.4541 | I96: 3127.7826 | J96: 9121.7606
C97: CUDA ant add CPU Time | D97: 88.155954 | E97: 61.363736 | F97: 84.796345 | G97: 247.67197 | H97: 112.21792 | I97: 369.32544 | J97: 460.71978
C98: CUDA ant add CPU12 | D98: 115.41398 | E98: 338.74373 | F98: 393.02783 | G98: 3754.6782 | H98: 3836579.8 | I98: 16934.921 | J98: 167379.51
C99: CUDA ant add CPU_AVX Time | D99: 61.741553 | E99: 96.899563 | F99: 59.308011 | G99: 35.076847 | H99: 212.04109 | I99: 247.08091 | J99: 241886.08
C100: CUDA ant add CPU_AVX_transp Time | D100: 35.54508 | E100: 137.20989 | F100: 303.86305 | G100: 190.44115 | H100: 130.19889 | I100: 340.23178 | J100: 1858.3006
C109: Доверительный интервал
C110: 50 | D110: 2 | E110: 4 | F110: 8 | G110: 16 | H110: 32 | I110: 64 | J110: 128 | K110: 256 | L110: 512
D111: 42 | E111: 84 | F111: 168 | G111: 336 | H111: 672 | I111: 1344 | J111: 2688 | K111: 5376 | L111: 10752
C112: Classic ACO | D112: 79.627185 | E112: 103.75779 | F112: 548.80687 | G112: 104.07401 | H112: 495.75429 | I112: 117.81389 | J112: 363.76748
C113: non CUDA Time | D113: 11.311722 | E113: 11.570179 | F113: 11.157862 | G113: 12.959429 | H113: 26.157707 | I113: 44.148906 | J113: 67.453153
C114: omp | D114: 1.5476465 | E114: 7.1101134 | F114: 4.056149 | G114: 7.3240946 | H114: 68.173488 | I114: 39.789862 | J114: 39.506517
C115: non CUDA AVX Time | D115: 3.2499856 | E115: 3.3119198 | F115: 8.3815579 | G115: 8.4971803 | H115: 14.832656 | I115: 40.630595 | J115: 47.600011
C116: non CUDA AVX_OMP Time | D116: 1.3801452 | E116: 1.7078183 | F116: 1.7094217 | G116: 3.9946456 | H116: 16.975104 | I116: 32.606325 | J116: 53.502234
C117: non CUDA transp Time | D117: 3.4910542 | E117: 5.8646902 | F117: 12.606187 | G117: 4.9558833 | H117: 16.655409 | I117: 14.958921 | J117: 29.110331
C118: non CUDA transp_AVX Time | D118: 3.828803 | E118: 4.9582398 | F118: 6.2008624 | G118: 5.564167 | H118: 12.872022 | I118: 25.412145 | J118: 32.512805
C119: non CUDA transp_AVX_OMP Time | D119: 4.0252017 | E119: 3.6597519 | F119: 8.0015198 | G119: 5.5888277 | H119: 13.120159 | I119: 15.502058 | J119: 26.473442
C120: CUDA ant add CPU Time | D120: 2.6025369 | E120: 2.1713357 | F120: 2.5524641 | G120: 4.3622394 | H120: 2.9363118 | I120: 5.3269139 | J120: 5.9496237
C121: CUDA ant add CPU12 | D121: 2.9778326 | E121: 5.1016035 | F121: 5.4951901 | G121: 16.984682 | H121: 542.92918 | I121: 36.071371 | J121: 113.40239
C122: CUDA ant add CPU_AVX Time | D122: 2.1780099 | E122: 2.7285504 | F122: 2.1346553 | G122: 1.6416529 | H122: 4.0362781 | I122: 4.3570312 | J122: 136.32531
C123: CUDA ant add CPU_AVX_transp Time | D123: 1.6525736 | E123: 3.2468616 | F123: 4.8318119 | G123: 3.8251764 | H123: 3.1628217 | I123: 5.1127965 | J123: 11.948931

Sheet 3060LAPTOP 1000
B1: 1.96 | C1: 50 | D1: 2 | E1: 4 | F1: 8 | G1: 16 | H1: 32 | I1: 64 | J1: 128 | K1: 256 | L1: 512
B2: МО | D2: 10 | E2: 20 | F2: 40 | G2: 80 | H2: 160 | I2: 320
A3: 1 | C3: Classic ACO | D3: 24196.248 | E3: 47270.152 | F3: 94088.622 | G3: 187213.28
C4: non CUDA Time | D4: 1244.8464 | E4: 1969.7956 | F4: 3308.7164 | G4: 6320.3386
C5: omp | D5: 706.01596 | E5: 1300.9078 | F5: 2619.494 | G5: 5415.8602
C6: non CUDA AVX Time | D6: 1232.2766 | E6: 2026.6084 | F6: 3316.1202 | G6: 6330.1558
C7: non CUDA AVX_OMP Time | D7: 655.69732 | E7: 1322.272 | F7: 2575.1058 | G7: 5197.304
C8: non CUDA transp Time | D8: 787.5217 | E8: 1484.0466 | F8: 2880.6154 | G8: 6286.6398
C9: non CUDA transp_AVX Time | E9: 1505.5848 | F9: 2938.6936 | G9: 6332.683
C10: non CUDA transp_AVX_OMP Time | E10: 1491.7986 | F10: 2913.1618 | G10: 6310.7022
C11: CUDA ant add CPU Time | D11: 1452.3474 | E11: 2854.3486 | F11: 5793.856 | G11: 11851.998
C12: CUDA ant add CPU12 | D12: 5989.4684 | E12: 6519.1558 | F12: 7790.1366 | G12: 10566.86
C13: CUDA ant add CPU_AVX Time | D13: 1445.5902 | E13: 2848.6058 | F13: 5764.5794 | G13: 11761.322
C14: CUDA ant add CPU_AVX_transp Time | E14: 3252.752 | F14: 6539.0816 | G14: 13432.056
C30: 50 | D30: 2 | E30: 4 | F30: 8 | G30: 16 | H30: 32 | I30: 64 | J30: 128 | K30: 256 | L30: 512
D31: 10 | E31: 20 | F31: 40 | G31: 80 | H31: 160 | I31: 320
C32: Classic ACO | D32: =D3/D$2 -> 2419.6248 | E32: =E3/E$2 -> 2363.5076 | F32: =F3/F$2 -> 2352.2155 | G32: =G3/G$2 -> 2340.166 | H32: =H3/H$2 -> 0 | I32: =I3/I$2 -> 0 | J32: =J3/J$2 -> #DIV/0! | K32: =K3/K$2 -> #DIV/0! | L32: =L3/L$2 -> #DIV/0!
C33: non CUDA Time | D33: =D4/D$2 -> 124.48464 | E33: =E4/E$2 -> 98.48978 | F33: =F4/F$2 -> 82.71791 | G33: =G4/G$2 -> 79.004233 | H33: =H4/H$2 -> 0 | I33: =I4/I$2 -> 0 | J33: =J4/J$2 -> #DIV/0! | K33: =K4/K$2 -> #DIV/0! | L33: =L4/L$2 -> #DIV/0!
C34: omp | D34: =D5/D$2 -> 70.601596 | E34: =E5/E$2 -> 65.04539 | F34: =F5/F$2 -> 65.48735 | G34: =G5/G$2 -> 67.698252 | H34: =H5/H$2 -> 0 | I34: =I5/I$2 -> 0 | J34: =J5/J$2 -> #DIV/0! | K34: =K5/K$2 -> #DIV/0! | L34: =L5/L$2 -> #DIV/0!
C35: non CUDA AVX Time | D35: =D6/D$2 -> 123.22766 | E35: =E6/E$2 -> 101.33042 | F35: =F6/F$2 -> 82.903005 | G35: =G6/G$2 -> 79.126947 | H35: =H6/H$2 -> 0 | I35: =I6/I$2 -> 0 | J35: =J6/J$2 -> #DIV/0! | K35: =K6/K$2 -> #DIV/0! | L35: =L6/L$2 -> #DIV/0!
C36: non CUDA AVX_OMP Time | D36: =D7/D$2 -> 65.569732 | E36: =E7/E$2 -> 66.1136 | F36: =F7/F$2 -> 64.377645 | G36: =G7/G$2 -> 64.9663 | H36: =H7/H$2 -> 0 | I36: =I7/I$2 -> 0 | J36: =J7/J$2 -> #DIV/0! | K36: =K7/K$2 -> #DIV/0! | L36: =L7/L$2 -> #DIV/0!
C37: non CUDA transp Time | D37: =D8/D$2 -> 78.75217 | E37: =E8/E$2 -> 74.20233 | F37: =F8/F$2 -> 72.015385 | G37: =G8/G$2 -> 78.582997 | H37: =H8/H$2 -> 0 | I37: =I8/I$2 -> 0 | J37: =J8/J$2 -> #DIV/0! | K37: =K8/K$2 -> #DIV/0! | L37: =L8/L$2 -> #DIV/0!
C38: non CUDA transp_AVX Time | D38: =D9/D$2 -> 0 | E38: =E9/E$2 -> 75.27924 | F38: =F9/F$2 -> 73.46734 | G38: =G9/G$2 -> 79.158538 | H38: =H9/H$2 -> 0 | I38: =I9/I$2 -> 0 | J38: =J9/J$2 -> #DIV/0! | K38: =K9/K$2 -> #DIV/0! | L38: =L9/L$2 -> #DIV/0!
C39: non CUDA transp_AVX_OMP Time | D39: =D10/D$2 -> 0 | E39: =E10/E$2 -> 74.58993 | F39: =F10/F$2 -> 72.829045 | G39: =G10/G$2 -> 78.883777 | H39: =H10/H$2 -> 0 | I39: =I10/I$2 -> 0 | J39: =J10/J$2 -> #DIV/0! | K39: =K10/K$2 -> #DIV/0! | L39: =L10/L$2 -> #DIV/0!
C40: CUDA ant add CPU Time | D40: =D11/D$2 -> 145.23474 | E40: =E11/E$2 -> 142.71743 | F40: =F11/F$2 -> 144.8464 | G40: =G11/G$2 -> 148.14997 | H40: =H11/H$2 -> 0 | I40: =I11/I$2 -> 0 | J40: =J11/J$2 -> #DIV/0! | K40: =K11/K$2 -> #DIV/0! | L40: =L11/L$2 -> #DIV/0!
C41: CUDA ant add CPU12 | D41: =D12/D$2 -> 598.94684 | E41: =E12/E$2 -> 325.95779 | F41: =F12/F$2 -> 194.75341 | G41: =G12/G$2 -> 132.08575 | I41: =I12/I$2 -> 0 | J41: =J12/J$2 -> #DIV/0! | K41: =K12/K$2 -> #DIV/0! | L41: =L12/L$2 -> #DIV/0!
C42: CUDA ant add CPU_AVX Time | D42: =D13/D$2 -> 144.55902 | E42: =E13/E$2 -> 142.43029 | F42: =F13/F$2 -> 144.11449 | G42: =G13/G$2 -> 147.01652 | H42: =H13/H$2 -> 0 | I42: =I13/I$2 -> 0 | J42: =J13/J$2 -> #DIV/0! | K42: =K13/K$2 -> #DIV/0! | L42: =L13/L$2 -> #DIV/0!
C43: CUDA ant add CPU_AVX_transp Time | D43: =D14/D$2 -> 0 | E43: =E14/E$2 -> 162.6376 | F43: =F14/F$2 -> 163.47704 | G43: =G14/G$2 -> 167.9007 | H43: =H14/H$2 -> 0 | I43: =I14/I$2 -> 0 | J43: =J14/J$2 -> #DIV/0! | K43: =K14/K$2 -> #DIV/0! | L43: =L14/L$2 -> #DIV/0!
C55: 50 | D55: 2 | E55: 4 | F55: 8 | G55: 16 | H55: 32 | I55: 64 | J55: 128 | K55: 256 | L55: 512
D56: 10 | E56: 20 | F56: 40 | G56: 80 | H56: 160 | I56: 320
C57: Classic ACO | D57: =D$3/D3 -> 1 | E57: =E$3/E3 -> 1 | F57: =F$3/F3 -> 1 | G57: =G$3/G3 -> 1 | H57: =H$3/H3 -> #DIV/0! | I57: =I$3/I3 -> #DIV/0! | J57: =J$3/J3 -> #DIV/0! | K57: =K$3/K3 -> #DIV/0! | L57: =L$3/L3 -> #DIV/0!
C58: non CUDA Time | D58: =D$3/D4 -> 19.437135 | E58: =E$3/E4 -> 23.997491 | F58: =F$3/F4 -> 28.436593 | G58: =G$3/G4 -> 29.620767 | H58: =H$3/H4 -> #DIV/0! | I58: =I$3/I4 -> #DIV/0! | J58: =J$3/J4 -> #DIV/0! | K58: =K$3/K4 -> #DIV/0! | L58: =L$3/L4 -> #DIV/0!
C59: omp | D59: =D$3/D5 -> 34.271531 | E59: =E$3/E5 -> 36.336281 | F59: =F$3/F5 -> 35.918625 | G59: =G$3/G5 -> 34.567598 | H59: =H$3/H5 -> #DIV/0! | I59: =I$3/I5 -> #DIV/0! | J59: =J$3/J5 -> #DIV/0!
C60: non CUDA AVX Time | D60: =D$3/D6 -> 19.635403 | E60: =E$3/E6 -> 23.324759 | F60: =F$3/F6 -> 28.373104 | G60: =G$3/G6 -> 29.57483 | H60: =H$3/H6 -> #DIV/0! | I60: =I$3/I6 -> #DIV/0! | J60: =J$3/J6 -> #DIV/0! | K60: =K$3/K6 -> #DIV/0! | L60: =L$3/L6 -> #DIV/0!
C61: non CUDA AVX_OMP Time | D61: =D$3/D7 -> 36.901551 | E61: =E$3/E7 -> 35.749189 | F61: =F$3/F7 -> 36.537769 | G61: =G$3/G7 -> 36.021229 | H61: =H$3/H7 -> #DIV/0! | I61: =I$3/I7 -> #DIV/0! | J61: =J$3/J7 -> #DIV/0! | K61: =K$3/K7 -> #DIV/0! | L61: =L$3/L7 -> #DIV/0!
C62: non CUDA transp Time | D62: =D$3/D8 -> 30.724548 | E62: =E$3/E8 -> 31.852202 | F62: =F$3/F8 -> 32.662681 | G62: =G$3/G8 -> 29.779546 | H62: =H$3/H8 -> #DIV/0! | I62: =I$3/I8 -> #DIV/0! | J62: =J$3/J8 -> #DIV/0! | K62: =K$3/K8 -> #DIV/0! | L62: =L$3/L8 -> #DIV/0!
C63: non CUDA transp_AVX Time | E63: =E$3/E9 -> 31.396539 | F63: =F$3/F9 -> 32.01716 | G63: =G$3/G9 -> 29.563027 | H63: =H$3/H9 -> #DIV/0! | I63: =I$3/I9 -> #DIV/0! | J63: =J$3/J9 -> #DIV/0! | K63: =K$3/K9 -> #DIV/0! | L63: =L$3/L9 -> #DIV/0!
C64: non CUDA transp_AVX_OMP Time | E64: =E$3/E10 -> 31.686685 | F64: =F$3/F10 -> 32.297767 | G64: =G$3/G10 -> 29.665998 | H64: =H$3/H10 -> #DIV/0! | I64: =I$3/I10 -> #DIV/0! | J64: =J$3/J10 -> #DIV/0! | K64: =K$3/K10 -> #DIV/0! | L64: =L$3/L10 -> #DIV/0!
C65: CUDA ant add CPU Time | D65: =D$3/D11 -> 16.660097 | E65: =E$3/E11 -> 16.560749 | F65: =F$3/F11 -> 16.239379 | G65: =G$3/G11 -> 15.795926 | H65: =H$3/H11 -> #DIV/0! | I65: =I$3/I11 -> #DIV/0! | J65: =J$3/J11 -> #DIV/0! | K65: =K$3/K11 -> #DIV/0! | L65: =L$3/L11 -> #DIV/0!
C66: CUDA ant add CPU12 | D66: =D$3/D12 -> 4.0397989 | E66: =E$3/E12 -> 7.2509622 | F66: =F$3/F12 -> 12.077917 | G66: =G$3/G12 -> 17.717021 | I66: =I$3/I12 -> #DIV/0! | J66: =J$3/J12 -> #DIV/0! | K66: =K$3/K12 -> #DIV/0! | L66: =L$3/L12 -> #DIV/0!
C67: CUDA ant add CPU_AVX Time | D67: =D$3/D13 -> 16.737972 | E67: =E$3/E13 -> 16.594136 | F67: =F$3/F13 -> 16.321854 | G67: =G$3/G13 -> 15.917707 | H67: =H$3/H13 -> #DIV/0! | I67: =I$3/I13 -> #DIV/0! | J67: =J$3/J13 -> #DIV/0! | K67: =K$3/K13 -> #DIV/0! | L67: =L$3/L13 -> #DIV/0!
C68: CUDA ant add CPU_AVX_transp Time | E68: =E$3/E14 -> 14.532357 | F68: =F$3/F14 -> 14.38866 | G68: =G$3/G14 -> 13.937798 | H68: =H$3/H14 -> #DIV/0! | I68: =I$3/I14 -> #DIV/0! | J68: =J$3/J14 -> #DIV/0! | K68: =K$3/K14 -> #DIV/0! | L68: =L$3/L14 -> #DIV/0!
C86: Дисперсия
C87: 50 | D87: 2 | E87: 4 | F87: 8 | G87: 16 | H87: 32 | I87: 64 | J87: 128 | K87: 256 | L87: 512
D88: 10 | E88: 20 | F88: 40 | G88: 80 | H88: 160 | I88: 320
C89: Classic ACO | D89: 283359.66 | E89: 208658.19 | F89: 5575468.7 | G89: 1202611.9
C90: non CUDA Time | D90: 1398.6757 | E90: 1716.6486 | F90: 7377.3912 | G90: 14446.001
C91: omp | D91: 964.07762 | E91: 767.79211 | F91: 4013.0225 | G91: 47968.229
C92: non CUDA AVX Time | D92: 1739.3788 | E92: 4166.122 | F92: 4105.4809 | G92: 20571.287
C93: non CUDA AVX_OMP Time | D93: 159.21094 | E93: 874.68851 | F93: 3582.4584 | G93: 19912.777
C94: non CUDA transp Time | D94: 216.58551 | E94: 656.31975 | F94: 788.33945 | G94: 5074.7385
C95: non CUDA transp_AVX Time | E95: 748.02947 | F95: 2635.2015 | G95: 8414.9191
C96: non CUDA transp_AVX_OMP Time | E96: 117.03164 | F96: 470.81687 | G96: 10232.247
C97: CUDA ant add CPU Time | D97: 248.92593 | E97: 55.028495 | F97: 115.58729 | G97: 7109.6441
C98: CUDA ant add CPU12 | D98: 10833.328 | E98: 2206.0788 | F98: 2327.6502 | G98: 16297.526
C99: CUDA ant add CPU_AVX Time | D99: 146.85208 | E99: 27.374082 | F99: 101.97513 | G99: 178.85193
C100: CUDA ant add CPU_AVX_transp Time | E100: 36.025234 | F100: 1340.064 | G100: 2213.2386
C109: Доверительный интервал
C110: 50 | D110: 2 | E110: 4 | F110: 8 | G110: 16 | H110: 32 | I110: 64 | J110: 128 | K110: 256 | L110: 512
D111: 10 | E111: 20 | F111: 40 | G111: 80 | H111: 160 | I111: 320 | J111: 2688 | K111: 5376 | L111: 10752
C112: Classic ACO | D112: 147.55029 | E112: 126.61606 | F112: 654.50318 | G112: 303.97216
C113: non CUDA Time | D113: 10.366439 | E113: 11.484492 | F113: 23.807976 | G113: 33.315389
C114: omp | D114: 8.6065099 | E114: 7.6805601 | F114: 17.559287 | G114: 60.708278
C115: non CUDA AVX Time | D115: 11.560275 | E115: 17.891101 | F115: 17.760414 | G115: 39.755919
C116: non CUDA AVX_OMP Time | D116: 3.4974984 | E116: 8.1978087 | F116: 16.590583 | G116: 39.114428
C117: non CUDA transp Time | D117: 4.0793012 | E117: 7.1011519 | F117: 7.7826536 | G117: 19.745944
C118: non CUDA transp_AVX Time | E118: 7.5810686 | F118: 14.229118 | G118: 25.427054
C119: non CUDA transp_AVX_OMP Time | E119: 2.9986288 | F119: 6.0144661 | G119: 28.038617
C120: CUDA ant add CPU Time | D120: 4.3732685 | E120: 2.0561978 | F120: 2.9800676 | G120: 23.371953
C121: CUDA ant add CPU12 | D121: 28.850411 | E121: 13.019118 | F121: 13.373033 | G121: 35.386036
C122: CUDA ant add CPU_AVX Time | D122: 3.3590086 | E122: 1.4502433 | F122: 2.7990986 | G122: 3.7069599
C123: CUDA ant add CPU_AVX_transp Time | E123: 1.6636979 | F123: 10.146911 | G123: 13.040228

Sheet 3060LAPTOP 10000
B1: 1.96 | C1: 50 | D1: 2 | E1: 4 | F1: 8 | G1: 16 | H1: 32 | I1: 64 | J1: 128 | K1: 256 | L1: 512
B2: МО | D2: 8 | E2: 16 | F2: 32
A3: 1 | C3: Classic ACO | D3: 169450.7 | E3: 346403.18 | F3: 725121.66
C4: non CUDA Time | D4: 5066.7536 | E4: 7238.9484 | F4: 21937.48
C5: omp | D5: 3687.1822 | E5: 7295.7898 | F5: 14808.392
C6: non CUDA AVX Time | D6: 5014.2218 | E6: 7224.112 | F6: 21809.186
C7: non CUDA AVX_OMP Time | D7: 3435.3452 | E7: 14552.846 | F7: 14570.166
C8: non CUDA transp Time | D8: 7780.8096 | E8: 14455.904 | F8: 39537.84
C9: non CUDA transp_AVX Time | D9: 7597.5918 | E9: 14385.484 | F9: 38834.562
C10: non CUDA transp_AVX_OMP Time | D10: 7623.8974 | E10: 14368.898 | F10: 38508.324
C11: CUDA ant add CPU Time | D11: 9367.543 | E11: 19058.434 | F11: 38053.312
C12: CUDA ant add CPU12 | D12: 53067.76 | E12: 63940.11 | F12: 64165.308
C13: CUDA ant add CPU_AVX Time | D13: 9142.8876 | E13: 18754.626 | F13: 38021.898
C14: CUDA ant add CPU_AVX_transp Time | D14: 10499.87 | E14: 20981.818 | F14: 45930.826
C30: 50 | D30: 2 | E30: 4 | F30: 8 | G30: 16 | H30: 32 | I30: 64 | J30: 128 | K30: 256 | L30: 512
D31: 8 | E31: 16 | F31: 32
C32: Classic ACO | D32: =D3/D$2 -> 21181.338 | E32: =E3/E$2 -> 21650.199 | F32: =F3/F$2 -> 22660.052 | G32: =G3/G$2 -> #DIV/0! | H32: =H3/H$2 -> #DIV/0! | I32: =I3/I$2 -> #DIV/0! | J32: =J3/J$2 -> #DIV/0! | K32: =K3/K$2 -> #DIV/0! | L32: =L3/L$2 -> #DIV/0!
C33: non CUDA Time | D33: =D4/D$2 -> 633.3442 | E33: =E4/E$2 -> 452.43428 | F33: =F4/F$2 -> 685.54625 | G33: =G4/G$2 -> #DIV/0! | H33: =H4/H$2 -> #DIV/0! | I33: =I4/I$2 -> #DIV/0! | J33: =J4/J$2 -> #DIV/0! | K33: =K4/K$2 -> #DIV/0! | L33: =L4/L$2 -> #DIV/0!
C34: omp | D34: =D5/D$2 -> 460.89777 | E34: =E5/E$2 -> 455.98686 | F34: =F5/F$2 -> 462.76225 | G34: =G5/G$2 -> #DIV/0! | H34: =H5/H$2 -> #DIV/0! | I34: =I5/I$2 -> #DIV/0! | J34: =J5/J$2 -> #DIV/0! | K34: =K5/K$2 -> #DIV/0! | L34: =L5/L$2 -> #DIV/0!
C35: non CUDA AVX Time | D35: =D6/D$2 -> 626.77773 | E35: =E6/E$2 -> 451.507 | F35: =F6/F$2 -> 681.53706 | G35: =G6/G$2 -> #DIV/0! | H35: =H6/H$2 -> #DIV/0! | I35: =I6/I$2 -> #DIV/0! | J35: =J6/J$2 -> #DIV/0! | K35: =K6/K$2 -> #DIV/0! | L35: =L6/L$2 -> #DIV/0!
C36: non CUDA AVX_OMP Time | D36: =D7/D$2 -> 429.41815 | E36: =E7/E$2 -> 909.55288 | F36: =F7/F$2 -> 455.31769 | G36: =G7/G$2 -> #DIV/0! | H36: =H7/H$2 -> #DIV/0! | I36: =I7/I$2 -> #DIV/0! | J36: =J7/J$2 -> #DIV/0! | K36: =K7/K$2 -> #DIV/0! | L36: =L7/L$2 -> #DIV/0!
C37: non CUDA transp Time | D37: =D8/D$2 -> 972.6012 | E37: =E8/E$2 -> 903.494 | F37: =F8/F$2 -> 1235.5575 | G37: =G8/G$2 -> #DIV/0! | H37: =H8/H$2 -> #DIV/0! | I37: =I8/I$2 -> #DIV/0! | J37: =J8/J$2 -> #DIV/0! | K37: =K8/K$2 -> #DIV/0! | L37: =L8/L$2 -> #DIV/0!
C38: non CUDA transp_AVX Time | D38: =D9/D$2 -> 949.69897 | E38: =E9/E$2 -> 899.09275 | F38: =F9/F$2 -> 1213.5801 | G38: =G9/G$2 -> #DIV/0! | H38: =H9/H$2 -> #DIV/0! | I38: =I9/I$2 -> #DIV/0! | J38: =J9/J$2 -> #DIV/0! | K38: =K9/K$2 -> #DIV/0! | L38: =L9/L$2 -> #DIV/0!
C39: non CUDA transp_AVX_OMP Time | D39: =D10/D$2 -> 952.98717 | E39: =E10/E$2 -> 898.05613 | F39: =F10/F$2 -> 1203.3851 | G39: =G10/G$2 -> #DIV/0! | H39: =H10/H$2 -> #DIV/0! | I39: =I10/I$2 -> #DIV/0! | J39: =J10/J$2 -> #DIV/0! | K39: =K10/K$2 -> #DIV/0! | L39: =L10/L$2 -> #DIV/0!
C40: CUDA ant add CPU Time | D40: =D11/D$2 -> 1170.9429 | E40: =E11/E$2 -> 1191.1521 | F40: =F11/F$2 -> 1189.166 | G40: =G11/G$2 -> #DIV/0! | H40: =H11/H$2 -> #DIV/0! | I40: =I11/I$2 -> #DIV/0! | J40: =J11/J$2 -> #DIV/0! | K40: =K11/K$2 -> #DIV/0! | L40: =L11/L$2 -> #DIV/0!
C41: CUDA ant add CPU12 | D41: =D12/D$2 -> 6633.47 | E41: =E12/E$2 -> 3996.2569 | F41: =F12/F$2 -> 2005.1659 | G41: =G12/G$2 -> #DIV/0! | I41: =I12/I$2 -> #DIV/0! | J41: =J12/J$2 -> #DIV/0! | K41: =K12/K$2 -> #DIV/0! | L41: =L12/L$2 -> #DIV/0!
C42: CUDA ant add CPU_AVX Time | D42: =D13/D$2 -> 1142.861 | E42: =E13/E$2 -> 1172.1641 | F42: =F13/F$2 -> 1188.1843 | G42: =G13/G$2 -> #DIV/0! | H42: =H13/H$2 -> #DIV/0! | I42: =I13/I$2 -> #DIV/0! | J42: =J13/J$2 -> #DIV/0! | K42: =K13/K$2 -> #DIV/0! | L42: =L13/L$2 -> #DIV/0!
C43: CUDA ant add CPU_AVX_transp Time | D43: =D14/D$2 -> 1312.4838 | E43: =E14/E$2 -> 1311.3636 | F43: =F14/F$2 -> 1435.3383 | G43: =G14/G$2 -> #DIV/0! | H43: =H14/H$2 -> #DIV/0! | I43: =I14/I$2 -> #DIV/0! | J43: =J14/J$2 -> #DIV/0! | K43: =K14/K$2 -> #DIV/0! | L43: =L14/L$2 -> #DIV/0!
C55: 50 | D55: 2 | E55: 4 | F55: 8 | G55: 16 | H55: 32 | I55: 64 | J55: 128 | K55: 256 | L55: 512
D56: 8 | E56: 16 | F56: 32
C57: Classic ACO | D57: =D$3/D3 -> 1 | E57: =E$3/E3 -> 1 | F57: =F$3/F3 -> 1 | G57: =G$3/G3 -> #DIV/0! | H57: =H$3/H3 -> #DIV/0! | I57: =I$3/I3 -> #DIV/0! | J57: =J$3/J3 -> #DIV/0! | K57: =K$3/K3 -> #DIV/0! | L57: =L$3/L3 -> #DIV/0!
C58: non CUDA Time | D58: =D$3/D4 -> 33.443643 | E58: =E$3/E4 -> 47.852694 | F58: =F$3/F4 -> 33.054009 | G58: =G$3/G4 -> #DIV/0! | H58: =H$3/H4 -> #DIV/0! | I58: =I$3/I4 -> #DIV/0! | J58: =J$3/J4 -> #DIV/0! | K58: =K$3/K4 -> #DIV/0! | L58: =L$3/L4 -> #DIV/0!
C59: omp | D59: =D$3/D5 -> 45.956693 | E59: =E$3/E5 -> 47.479874 | F59: =F$3/F5 -> 48.966941 | G59: =G$3/G5 -> #DIV/0! | H59: =H$3/H5 -> #DIV/0! | I59: =I$3/I5 -> #DIV/0! | J59: =J$3/J5 -> #DIV/0!
C60: non CUDA AVX Time | D60: =D$3/D6 -> 33.794018 | E60: =E$3/E6 -> 47.950971 | F60: =F$3/F6 -> 33.248451 | G60: =G$3/G6 -> #DIV/0! | H60: =H$3/H6 -> #DIV/0! | I60: =I$3/I6 -> #DIV/0! | J60: =J$3/J6 -> #DIV/0! | K60: =K$3/K6 -> #DIV/0! | L60: =L$3/L6 -> #DIV/0!
C61: non CUDA AVX_OMP Time | E61: =E$3/E7 -> 23.803123 | F61: =F$3/F7 -> 49.767563 | G61: =G$3/G7 -> #DIV/0! | H61: =H$3/H7 -> #DIV/0! | I61: =I$3/I7 -> #DIV/0! | J61: =J$3/J7 -> #DIV/0! | K61: =K$3/K7 -> #DIV/0! | L61: =L$3/L7 -> #DIV/0!
C62: non CUDA transp Time | E62: =E$3/E8 -> 23.962748 | F62: =F$3/F8 -> 18.339941 | G62: =G$3/G8 -> #DIV/0! | H62: =H$3/H8 -> #DIV/0! | I62: =I$3/I8 -> #DIV/0! | J62: =J$3/J8 -> #DIV/0! | K62: =K$3/K8 -> #DIV/0! | L62: =L$3/L8 -> #DIV/0!
C63: non CUDA transp_AVX Time | D63: =D$3/D9 -> 22.303212 | E63: =E$3/E9 -> 24.080051 | F63: =F$3/F9 -> 18.67207 | G63: =G$3/G9 -> #DIV/0! | H63: =H$3/H9 -> #DIV/0! | I63: =I$3/I9 -> #DIV/0! | J63: =J$3/J9 -> #DIV/0! | K63: =K$3/K9 -> #DIV/0! | L63: =L$3/L9 -> #DIV/0!
C64: non CUDA transp_AVX_OMP Time | D64: =D$3/D10 -> 22.226257 | E64: =E$3/E10 -> 24.107846 | F64: =F$3/F10 -> 18.830258 | G64: =G$3/G10 -> #DIV/0! | H64: =H$3/H10 -> #DIV/0! | I64: =I$3/I10 -> #DIV/0! | J64: =J$3/J10 -> #DIV/0! | K64: =K$3/K10 -> #DIV/0! | L64: =L$3/L10 -> #DIV/0!
C65: CUDA ant add CPU Time | E65: =E$3/E11 -> 18.175847 | F65: =F$3/F11 -> 19.055415 | G65: =G$3/G11 -> #DIV/0! | H65: =H$3/H11 -> #DIV/0! | I65: =I$3/I11 -> #DIV/0! | J65: =J$3/J11 -> #DIV/0! | K65: =K$3/K11 -> #DIV/0! | L65: =L$3/L11 -> #DIV/0!
C66: CUDA ant add CPU12 | D66: =D$3/D12 -> 3.1931007 | E66: =E$3/E12 -> 5.4176195 | F66: =F$3/F12 -> 11.300837 | G66: =G$3/G12 -> #DIV/0! | I66: =I$3/I12 -> #DIV/0! | J66: =J$3/J12 -> #DIV/0! | K66: =K$3/K12 -> #DIV/0! | L66: =L$3/L12 -> #DIV/0!
C67: CUDA ant add CPU_AVX Time | D67: =D$3/D13 -> 18.533609 | E67: =E$3/E13 -> 18.470279 | F67: =F$3/F13 -> 19.071159 | G67: =G$3/G13 -> #DIV/0! | H67: =H$3/H13 -> #DIV/0! | I67: =I$3/I13 -> #DIV/0! | J67: =J$3/J13 -> #DIV/0! | K67: =K$3/K13 -> #DIV/0! | L67: =L$3/L13 -> #DIV/0!
C68: CUDA ant add CPU_AVX_transp Time | D68: =D$3/D14 -> 16.138362 | E68: =E$3/E14 -> 16.509684 | F68: =F$3/F14 -> 15.787255 | G68: =G$3/G14 -> #DIV/0! | H68: =H$3/H14 -> #DIV/0! | I68: =I$3/I14 -> #DIV/0! | J68: =J$3/J14 -> #DIV/0! | K68: =K$3/K14 -> #DIV/0! | L68: =L$3/L14 -> #DIV/0!
C86: Дисперсия
C87: 50 | D87: 2 | E87: 4 | F87: 8 | G87: 16 | H87: 32 | I87: 64 | J87: 128 | K87: 256 | L87: 512
D88: 8 | E88: 16 | F88: 32
C89: Classic ACO | D89: 1.8597967e+08 | E89: 1.8192014e+09 | F89: 4.227732e+09
C90: non CUDA Time | D90: 49970.222 | E90: 55197.31 | F90: 447808.37
C91: omp | D91: 2756.9614 | E91: 29213.499 | F91: 361978.27
C92: non CUDA AVX Time | D92: 52733.074 | E92: 31147.663 | F92: 694682.56
C93: non CUDA AVX_OMP Time | D93: 9636.626 | E93: 69304.94 | F93: 245488.39
C94: non CUDA transp Time | D94: 54156.584 | E94: 49587.751 | F94: 18931402
C95: non CUDA transp_AVX Time | D95: 44938.232 | E95: 38433.702 | F95: 37095746
C96: non CUDA transp_AVX_OMP Time | D96: 41723.676 | E96: 67330.686 | F96: 8014301.2
C97: CUDA ant add CPU Time | D97: 301.28985 | E97: 168.23559 | F97: 754.25425
C98: CUDA ant add CPU12 | D98: 4555.1707 | E98: 672637.21 | F98: 87192.755
C99: CUDA ant add CPU_AVX Time | D99: 1086.9541 | E99: 1200.9422 | F99: 25161.238
C100: CUDA ant add CPU_AVX_transp Time | D100: 1804.9457 | E100: 3102.3515 | F100: 7193.8728
C109: Доверительный интервал
C110: 50 | D110: 2 | E110: 4 | F110: 8 | G110: 16 | H110: 32 | I110: 64 | J110: 128 | K110: 256 | L110: 512
D111: 8 | E111: 16 | F111: 32 | G111: 80 | H111: 160 | I111: 320 | J111: 2688 | K111: 5376 | L111: 10752
C112: Classic ACO | D112: 3780.1045 | E112: 11822.558 | F112: 18022.905
C113: non CUDA Time | D113: 61.962183 | E113: 65.122344 | F113: 185.48858
C114: omp | D114: 14.554135 | E114: 47.376487 | F114: 166.76785
C115: non CUDA AVX Time | D115: 63.652082 | E115: 48.919702 | F115: 231.02781
C116: non CUDA AVX_OMP Time | D116: 27.210315 | E116: 72.971482 | F116: 137.33668
C117: non CUDA transp Time | D117: 64.505493 | E117: 61.724599 | F117: 1206.0421
C118: non CUDA transp_AVX Time | D118: 58.759631 | E118: 54.340944 | F118: 1688.2359
C119: non CUDA transp_AVX_OMP Time | D119: 56.61902 | E119: 71.924622 | F119: 784.70045
C120: CUDA ant add CPU Time | D120: 4.8113098 | E120: 3.5952576 | F120: 7.6125464
C121: CUDA ant add CPU12 | D121: 18.707829 | E121: 227.33249 | F121: 81.848602
C122: CUDA ant add CPU_AVX Time | D122: 9.1385369 | E122: 9.6057686 | F122: 43.968037
C123: CUDA ant add CPU_AVX_transp Time | D123: 11.776145 | E123: 15.438908 | F123: 23.50999
