Workbook

Sheet 42p stat
A2: CUDA Time | B2: 1 | C2: 25 | D2: Duration Mean: | E2: 0 | F2: 0 | G2: GPU Time 1 Mean: | H2: 386.53794 | I2: 2.09325 | J2: GPU Time 2 Mean: | K2: 385.0516 | L2: 1.955683 | M2: GPU Time 3 Mean: | N2: 17.801709 | O2: 0.003968 | P2: GPU Time 4 Mean: | Q2: 0 | R2: 0 | S2: GPU Time 5 Mean: | T2: 0 | U2: 0 | V2: GPU Time 6 Mean: | W2: 0 | X2: 0 | Y2: GPU Time 7 Mean: | Z2: 0 | AA2: 0 | AB2: GPU Time 8 Mean: | AC2: 0 | AD2: 0 | AE2: Global Min Mean: | AF2: 1 | AG2: 0 | AH2: Global Max Mean: | AI2: 1 | AJ2: 0 | AK2: Hash Fail Count Mean: | AL2: 0 | AM2: 0
A3: CUDA Time | B3: 2 | C3: 50 | D3: Duration Mean: | E3: 0 | F3: 0 | G3: GPU Time 1 Mean: | H3: 773.05815 | I3: 8.481642 | J3: GPU Time 2 Mean: | K3: 770.09287 | L3: 7.866207 | M3: GPU Time 3 Mean: | N3: 35.603427 | O3: 0.015464 | P3: GPU Time 4 Mean: | Q3: 0 | R3: 0 | S3: GPU Time 5 Mean: | T3: 0 | U3: 0 | V3: GPU Time 6 Mean: | W3: 0 | X3: 0 | Y3: GPU Time 7 Mean: | Z3: 0 | AA3: 0 | AB3: GPU Time 8 Mean: | AC3: 0 | AD3: 0 | AE3: Global Min Mean: | AF3: 1 | AG3: 0 | AH3: Global Max Mean: | AI3: 1 | AJ3: 0 | AK3: Hash Fail Count Mean: | AL3: 0 | AM3: 0
A4: CUDA Time | B4: 3 | C4: 75 | D4: Duration Mean: | E4: 0 | F4: 0 | G4: GPU Time 1 Mean: | H4: 1159.5895 | I4: 19.071536 | J4: GPU Time 2 Mean: | K4: 1155.1391 | L4: 17.739904 | M4: GPU Time 3 Mean: | N4: 53.404667 | O4: 0.034409 | P4: GPU Time 4 Mean: | Q4: 0 | R4: 0 | S4: GPU Time 5 Mean: | T4: 0 | U4: 0 | V4: GPU Time 6 Mean: | W4: 0 | X4: 0 | Y4: GPU Time 7 Mean: | Z4: 0 | AA4: 0 | AB4: GPU Time 8 Mean: | AC4: 0 | AD4: 0 | AE4: Global Min Mean: | AF4: 1 | AG4: 0 | AH4: Global Max Mean: | AI4: 1 | AJ4: 0 | AK4: Hash Fail Count Mean: | AL4: 0 | AM4: 0
A5: CUDA Time | B5: 4 | C5: 100 | D5: Duration Mean: | E5: 0 | F5: 0 | G5: GPU Time 1 Mean: | H5: 1546.1119 | I5: 33.973166 | J5: GPU Time 2 Mean: | K5: 1540.1868 | L5: 31.658061 | M5: GPU Time 3 Mean: | N5: 71.207392 | O5: 0.061212 | P5: GPU Time 4 Mean: | Q5: 0 | R5: 0 | S5: GPU Time 5 Mean: | T5: 0 | U5: 0 | V5: GPU Time 6 Mean: | W5: 0 | X5: 0 | Y5: GPU Time 7 Mean: | Z5: 0 | AA5: 0 | AB5: GPU Time 8 Mean: | AC5: 0 | AD5: 0 | AE5: Global Min Mean: | AF5: 1 | AG5: 0 | AH5: Global Max Mean: | AI5: 1 | AJ5: 0 | AK5: Hash Fail Count Mean: | AL5: 0 | AM5: 0
A6: CUDA Time | B6: 5 | C6: 125 | D6: Duration Mean: | E6: 0 | F6: 0 | G6: GPU Time 1 Mean: | H6: 1932.643 | I6: 53.111879 | J6: GPU Time 2 Mean: | K6: 1925.2337 | L6: 49.499845 | M6: GPU Time 3 Mean: | N6: 89.008901 | O6: 0.095782 | P6: GPU Time 4 Mean: | Q6: 0 | R6: 0 | S6: GPU Time 5 Mean: | T6: 0 | U6: 0 | V6: GPU Time 6 Mean: | W6: 0 | X6: 0 | Y6: GPU Time 7 Mean: | Z6: 0 | AA6: 0 | AB6: GPU Time 8 Mean: | AC6: 0 | AD6: 0 | AE6: Global Min Mean: | AF6: 1 | AG6: 0 | AH6: Global Max Mean: | AI6: 1 | AJ6: 0 | AK6: Hash Fail Count Mean: | AL6: 0 | AM6: 0
A7: CUDA Time | B7: 6 | C7: 150 | D7: Duration Mean: | E7: 0 | F7: 0 | G7: GPU Time 1 Mean: | H7: 2319.2309 | I7: 75.928983 | J7: GPU Time 2 Mean: | K7: 2310.289 | L7: 71.338084 | M7: GPU Time 3 Mean: | N7: 106.80972 | O7: 0.137724 | P7: GPU Time 4 Mean: | Q7: 0 | R7: 0 | S7: GPU Time 5 Mean: | T7: 0 | U7: 0 | V7: GPU Time 6 Mean: | W7: 0 | X7: 0 | Y7: GPU Time 7 Mean: | Z7: 0 | AA7: 0 | AB7: GPU Time 8 Mean: | AC7: 0 | AD7: 0 | AE7: Global Min Mean: | AF7: 1 | AG7: 0 | AH7: Global Max Mean: | AI7: 1 | AJ7: 0 | AK7: Hash Fail Count Mean: | AL7: 0 | AM7: 0
A8: CUDA Time | B8: 7 | C8: 175 | D8: Duration Mean: | E8: 0 | F8: 0 | G8: GPU Time 1 Mean: | H8: 2705.773 | I8: 103.31385 | J8: GPU Time 2 Mean: | K8: 2695.338 | L8: 97.113734 | M8: GPU Time 3 Mean: | N8: 124.61137 | O8: 0.187866 | P8: GPU Time 4 Mean: | Q8: 0 | R8: 0 | S8: GPU Time 5 Mean: | T8: 0 | U8: 0 | V8: GPU Time 6 Mean: | W8: 0 | X8: 0 | Y8: GPU Time 7 Mean: | Z8: 0 | AA8: 0 | AB8: GPU Time 8 Mean: | AC8: 0 | AD8: 0 | AE8: Global Min Mean: | AF8: 1 | AG8: 0 | AH8: Global Max Mean: | AI8: 1 | AJ8: 0 | AK8: Hash Fail Count Mean: | AL8: 0 | AM8: 0
A9: CUDA Time | B9: 8 | C9: 200 | D9: Duration Mean: | E9: 0 | F9: 0 | G9: GPU Time 1 Mean: | H9: 3092.3049 | I9: 134.95811 | J9: GPU Time 2 Mean: | K9: 3080.3883 | L9: 126.84346 | M9: GPU Time 3 Mean: | N9: 142.41338 | O9: 0.244917 | P9: GPU Time 4 Mean: | Q9: 0 | R9: 0 | S9: GPU Time 5 Mean: | T9: 0 | U9: 0 | V9: GPU Time 6 Mean: | W9: 0 | X9: 0 | Y9: GPU Time 7 Mean: | Z9: 0 | AA9: 0 | AB9: GPU Time 8 Mean: | AC9: 0 | AD9: 0 | AE9: Global Min Mean: | AF9: 1 | AG9: 0 | AH9: Global Max Mean: | AI9: 1 | AJ9: 0 | AK9: Hash Fail Count Mean: | AL9: 0 | AM9: 0
A10: CUDA Time | B10: 9 | C10: 225 | D10: Duration Mean: | E10: 0 | F10: 0 | G10: GPU Time 1 Mean: | H10: 3478.8361 | I10: 170.91866 | J10: GPU Time 2 Mean: | K10: 3465.4395 | L10: 160.62738 | M10: GPU Time 3 Mean: | N10: 160.21437 | O10: 0.309492 | P10: GPU Time 4 Mean: | Q10: 0 | R10: 0 | S10: GPU Time 5 Mean: | T10: 0 | U10: 0 | V10: GPU Time 6 Mean: | W10: 0 | X10: 0 | Y10: GPU Time 7 Mean: | Z10: 0 | AA10: 0 | AB10: GPU Time 8 Mean: | AC10: 0 | AD10: 0 | AE10: Global Min Mean: | AF10: 1 | AG10: 0 | AH10: Global Max Mean: | AI10: 1 | AJ10: 0 | AK10: Hash Fail Count Mean: | AL10: 0 | AM10: 0
A11: CUDA Time | B11: 10 | C11: 250 | D11: Duration Mean: | E11: 0 | F11: 0 | G11: GPU Time 1 Mean: | H11: 3865.3893 | I11: 210.83109 | J11: GPU Time 2 Mean: | K11: 3850.4974 | L11: 198.29923 | M11: GPU Time 3 Mean: | N11: 178.01702 | O11: 0.382312 | P11: GPU Time 4 Mean: | Q11: 0 | R11: 0 | S11: GPU Time 5 Mean: | T11: 0 | U11: 0 | V11: GPU Time 6 Mean: | W11: 0 | X11: 0 | Y11: GPU Time 7 Mean: | Z11: 0 | AA11: 0 | AB11: GPU Time 8 Mean: | AC11: 0 | AD11: 0 | AE11: Global Min Mean: | AF11: 1 | AG11: 0 | AH11: Global Max Mean: | AI11: 1 | AJ11: 0 | AK11: Hash Fail Count Mean: | AL11: 0 | AM11: 0
A12: CUDA Time | B12: 11 | C12: 275 | D12: Duration Mean: | E12: 0 | F12: 0 | G12: GPU Time 1 Mean: | H12: 4251.9301 | I12: 254.85933 | J12: GPU Time 2 Mean: | K12: 4235.5517 | L12: 239.95853 | M12: GPU Time 3 Mean: | N12: 195.81879 | O12: 0.462784 | P12: GPU Time 4 Mean: | Q12: 0 | R12: 0 | S12: GPU Time 5 Mean: | T12: 0 | U12: 0 | V12: GPU Time 6 Mean: | W12: 0 | X12: 0 | Y12: GPU Time 7 Mean: | Z12: 0 | AA12: 0 | AB12: GPU Time 8 Mean: | AC12: 0 | AD12: 0 | AE12: Global Min Mean: | AF12: 1 | AG12: 0 | AH12: Global Max Mean: | AI12: 1 | AJ12: 0 | AK12: Hash Fail Count Mean: | AL12: 0 | AM12: 0
A13: CUDA Time | B13: 12 | C13: 300 | D13: Duration Mean: | E13: 0 | F13: 0 | G13: GPU Time 1 Mean: | H13: 4638.4879 | I13: 303.09449 | J13: GPU Time 2 Mean: | K13: 4620.6146 | L13: 285.68196 | M13: GPU Time 3 Mean: | N13: 213.62043 | O13: 0.551105 | P13: GPU Time 4 Mean: | Q13: 0 | R13: 0 | S13: GPU Time 5 Mean: | T13: 0 | U13: 0 | V13: GPU Time 6 Mean: | W13: 0 | X13: 0 | Y13: GPU Time 7 Mean: | Z13: 0 | AA13: 0 | AB13: GPU Time 8 Mean: | AC13: 0 | AD13: 0 | AE13: Global Min Mean: | AF13: 1 | AG13: 0 | AH13: Global Max Mean: | AI13: 1 | AJ13: 0 | AK13: Hash Fail Count Mean: | AL13: 0 | AM13: 0
... A1181: CUDA opt ant par | B1181: 20 | C1181: 500 | D1181: Duration Mean: | E1181: 0 | F1181: 0 | G1181: GPU Time 1 Mean: | H1181: 676.00823 | I1181: 0.415945 | J1181: GPU Time 2 Mean: | K1181: 229.08458 | L1181: 0.001306 | M1181: GPU Time 3 Mean: | N1181: 0 | O1181: 0 | P1181: GPU Time 4 Mean: | Q1181: 0 | R1181: 0 | S1181: GPU Time 5 Mean: | T1181: 0 | U1181: 0 | V1181: GPU Time 6 Mean: | W1181: 0 | X1181: 0 | Y1181: GPU Time 7 Mean: | Z1181: 0 | AA1181: 0 | AB1181: GPU Time 8 Mean: | AC1181: 0 | AD1181: 0 | AE1181: Global Min Mean: | AF1181: 32767 | AG1181: 0 | AH1181: Global Max Mean: | AI1181: -32767 | AJ1181: 0 | AK1181: Hash Fail Count Mean: | AL1181: 0 | AM1181: 0

Sheet 42p trace
A1: Device 0: NVIDIA GeForce RTX 3060 Laptop GPU | B1: Max thread in blocks: 1024 Total Global Memory: 6143,5 MB Shared Memory per Block: 49152 bytes Constant Memory: 65536 bytes Registers per Block: 65536 Warp Size: 32 Compute Capability: 8,6 Can Map Host Memory: Yes Clock Rate: 1425 MHz L2 Cache Size: 3145728 bytes Multiprocessor Count: 30 | C1: Max thread in blocks by axis: (1024, 1024, 64) | D1: Max blocks by axis: (2147483647, 65535, 65535) | E1: PARAMETR_SIZE: 336 | F1: PARAMETR_SIZE_ONE_X: 21 | G1: MAX_VALUE_SIZE: 5 | H1: NAME_FILE_GRAPH: Parametr_Graph/test336,txt | I1: ANT_SIZE: 500 | J1: KOL_ITERATION: 500 | K1: KOL_PROGON_STATISTICS: 50 | L1: PARAMETR_Q: 1 | M1: PARAMETR_RO: 0,999 | N1: TYPE_ACO: 1 | O1: ACOCCyN_KOL_ITERATION: 50 | P1: FUNCTION: SHAFFERA
A2: Time CUDA Time: | B2: 8730.12 | C2: 7841.72 | D2: 7744.96 | E2: 7710.12 | F2: 357.41 | G2: 0 | H2: 357.41 | I2: 1 | J2: 1 | K2: 0
A3: Time CUDA Time: | B3: 7767.07 | C3: 7757.79 | D3: 7664.68 | E3: 7631.4 | F3: 354.497 | G3: 0 | H3: 354.497 | I3: 1 | J3: 1 | K3: 0
A4: Time CUDA Time: | B4: 7773.37 | C4: 7764.1 | D4: 7670.92 | E4: 7639.14 | F4: 354.643 | G4: 0 | H4: 354.643 | I4: 1 | J4: 1 | K4: 0
A5: Time CUDA Time: | B5: 7788.66 | C5: 7778.82 | D5: 7696.36 | E5: 7664.05 | F5: 355.001 | G5: 0 | H5: 355.001 | I5: 1 | J5: 1 | K5: 0
A6: Time CUDA Time: | B6: 7787.81 | C6: 7778.41 | D6: 7697.37 | E6: 7664.4 | F6: 355.035 | G6: 0 | H6: 355.035 | I6: 1 | J6: 1 | K6: 0
A7: Time CUDA Time: | B7: 7784.77 | C7: 7775.34 | D7: 7696.62 | E7: 7663.68 | F7: 355.054 | G7: 0 | H7: 355.054 | I7: 1 | J7: 1 | K7: 0
A8: Time CUDA Time: | B8: 7792.52 | C8: 7782.81 | D8: 7691.91 | E8: 7663.21 | F8: 355.017 | G8: 0 | H8: 355.017 | I8: 1 | J8: 1 | K8: 0
A9: Time CUDA Time: | B9: 7791.82 | C9: 7782.46 | D9: 7693.31 | E9: 7663.01 | F9: 355.003 | G9: 0 | H9: 355.003 | I9: 1 | J9: 1 | K9: 0
A10: Time CUDA Time: | B10: 7792.26 | C10: 7782.54 | D10: 7691.94 | E10: 7662.98 | F10: 355.013 | G10: 0 | H10: 355.013 | I10: 1 | J10: 1 | K10: 0
A11: Time CUDA Time: | B11: 7793.79 | C11: 7784.07 | D11: 7692.91 | E11: 7662.98 | F11: 354.975 | G11: 0 | H11: 354.975 | I11: 1 | J11: 1 | K11: 0
A12: Time CUDA Time: | B12: 7798.62 | C12: 7789.47 | D12: 7699.03 | E12: 7669.38 | F12: 355.058 | G12: 0 | H12: 355.058 | I12: 1 | J12: 1 | K12: 0
A13: Time CUDA Time: | B13: 7816.31 | C13: 7806.51 | D13: 7716.88 | E13: 7688.55 | F13: 355.341 | G13: 0 | H13: 355.341 | I13: 1 | J13: 1 | K13: 0
... A54: Time CUDA Time: | B54: 7876.31 | C54: 7864.33 | D54: 7771.38 | E54: 7742.49 | F54: 358.033 | G54: 0 | H54: 358.033 | I54: 1 | J54: 1 | K54: 0
A55: Time CUDA Time: | B55: 7876.12 | C55: 7864.46 | D55: 7771.6 | E55: 7742.43 | F55: 357.846 | G55: 0 | H55: 357.846 | I55: 1 | J55: 1 | K55: 0 | R55: МО | U55: дисп | X55: CI
A56: Time CUDA Time: | B56: 7878.32 | C56: 7866 | D56: 7771.58 | E56: 7742.53 | F56: 357.805 | G56: 0 | H56: 357.805 | I56: 1 | J56: 1 | K56: 0 | R56: =AVERAGE(B7:B56) -> 7828.2978 | S56: =AVERAGE(C7:C56) -> 7818.6338 | U56: =_xlfn.VAR.P(B7:B56) -> 940.97641 | V56: =_xlfn.VAR.P(C7:C56) -> 920.71229 | X56: =1.96*SQRT(U56)/50 -> 1.2024733 | Y56: =1.96*SQRT(V56)/50 -> 1.1894551
A57: Time CUDA time: | B57: 391571.74 | C57: sec
A58: Time CUDA ant par: | B58: 2035.05 | C58: 2023.33 | D58: 1981.91 | E58: 1954.41 | F58: 443.341 | G58: 0.0560092 | H58: 0.931663 | I58: 0
A59: Time CUDA ant par: | B59: 2036.88 | C59: 2025.25 | D59: 1981.6 | E59: 1954.04 | F59: 443.196 | G59: 0.0544409 | H59: 0.958756 | I59: 0
A60: Time CUDA ant par: | B60: 2037.45 | C60: 2024.41 | D60: 1981.38 | E60: 1954.16 | F60: 443.191 | G60: 0.0539097 | H60: 0.931804 | I60: 0
A61: Time CUDA ant par: | B61: 2034.68 | C61: 2023.01 | D61: 1981.32 | E61: 1954.13 | F61: 443.223 | G61: 0.0539956 | H61: 0.931825 | I61: 0
A62: Time CUDA ant par: | B62: 2035.99 | C62: 2024.09 | D62: 1981.53 | E62: 1954.27 | F62: 443.229 | G62: 0.0567785 | H62: 0.931835 | I62: 0
A63: Time CUDA ant par: | B63: 2038.08 | C63: 2028.43 | D63: 1982.58 | E63: 1954.2 | F63: 443.216 | G63: 0.0555479 | H63: 0.931728 | I63: 0
A64: Time CUDA ant par: | B64: 2019.78 | C64: 2008.56 | D64: 1969.41 | E64: 1942.84 | F64: 440.621 | G64: 0.0613343 | H64: 0.931826 | I64: 0
A65: Time CUDA ant par: | B65: 2020.33 | C65: 2008.41 | D65: 1966.51 | E65: 1939.37 | F65: 439.859 | G65: 0.0832557 | H65: 0.958452 | I65: 0
A66: Time CUDA ant par: | B66: 2020.12 | C66: 2008.47 | D66: 1966.55 | E66: 1939.59 | F66: 439.896 | G66: 0.0789526 | H66: 0.93182 | I66: 0
A67: Time CUDA ant par: | B67: 2018.89 | C67: 2009.63 | D67: 1966.85 | E67: 1939.58 | F67: 439.893 | G67: 0.0832745 | H67: 0.932768 | I67: 0
A68: Time CUDA ant par: | B68: 2020.56 | C68: 2008.26 | D68: 1966.52 | E68: 1939.45 | F68: 439.875 | G68: 0.063296 | H68: 0.931809 | I68: 0
A69: Time CUDA ant par: | B69: 2019.99 | C69: 2008.09 | D69: 1966.53 | E69: 1939.51 | F69: 439.9 | G69: 0.0756248 | H69: 0.931641 | I69: 0
... A110: Time CUDA ant par: | B110: 2028.81 | C110: 2018.92 | D110: 1967.26 | E110: 1939.66 | F110: 439.936 | G110: 0.0571507 | H110: 0.931751 | I110: 0
A111: Time CUDA ant par: | B111: 2041.39 | C111: 2032.37 | D111: 1969.35 | E111: 1939.66 | F111: 439.883 | G111: 0.0626461 | H111: 0.943861 | I111: 0 | R111: МО | U111: дисп | X111: CI
A112: Time CUDA ant par: | B112: 2045.62 | C112: 2036.17 | D112: 1967.45 | E112: 1939.49 | F112: 439.896 | G112: 0.0546546 | H112: 0.931834 | I112: 0 | R112: =AVERAGE(B63:B112) -> 2023.2886 | S112: =AVERAGE(C63:C112) -> 2013.0414 | U112: =_xlfn.VAR.P(B63:B112) -> 45.259968 | V112: =_xlfn.VAR.P(C63:C112) -> 48.51026 | X112: =1.96*SQRT(U112)/50 -> 0.26372007 | Y112: =1.96*SQRT(V112)/50 -> 0.27302528
A113: Time CUDA ant par: | B113: 101364.78 | C113: sec
A114: Time CUDA ant add CPU Time: | B114: 2015.55 | C114: 2006.13 | D114: 1969.33 | E114: 1966.65 | F114: 336.812 | G114: 0.0622509 | H114: 0.931799 | I114: 0
A115: Time CUDA ant add CPU Time: | B115: 2009.58 | C115: 2000.22 | D115: 1962.79 | E115: 1966.39 | F115: 338.284 | G115: 0.0566437 | H115: 0.931835 | I115: 0
A116: Time CUDA ant add CPU Time: | B116: 2016.53 | C116: 2007.42 | D116: 1968.93 | E116: 1966.16 | F116: 335.75 | G116: 0.0547874 | H116: 0.931836 | I116: 0
A117: Time CUDA ant add CPU Time: | B117: 2015.94 | C117: 2006.65 | D117: 1971.93 | E117: 1968.27 | F117: 337.587 | G117: 0.074315 | H117: 0.948247 | I117: 0
A118: Time CUDA ant add CPU Time: | B118: 2002.16 | C118: 1992.87 | D118: 1959.53 | E118: 1960.03 | F118: 338.77 | G118: 0.0601529 | H118: 0.947095 | I118: 0
A119: Time CUDA ant add CPU Time: | B119: 2019.37 | C119: 2009.55 | D119: 1966.01 | E119: 1976.55 | F119: 345.004 | G119: 0.060251 | H119: 0.931737 | I119: 0
A120: Time CUDA ant add CPU Time: | B120: 2006.17 | C120: 1996.83 | D120: 1959.9 | E120: 1958.64 | F120: 329.976 | G120: 0.0543244 | H120: 0.931813 | I120: 0
A121: Time CUDA ant add CPU Time: | B121: 2012.16 | C121: 2003.22 | D121: 1965.26 | E121: 1964.53 | F121: 334.758 | G121: 0.0652541 | H121: 0.931283 | I121: 0
A122: Time CUDA ant add CPU Time: | B122: 2021.58 | C122: 2011.84 | D122: 1974.07 | E122: 1971.5 | F122: 336.627 | G122: 0.0551637 | H122: 0.931833 | I122: 0
A123: Time CUDA ant add CPU Time: | B123: 2018.64 | C123: 2008.81 | D123: 1968.43 | E123: 1974.8 | F123: 344.19 | G123: 0.0832556 | H123: 0.931624 | I123: 0
A124: Time CUDA ant add CPU Time: | B124: 2011.43 | C124: 2001.71 | D124: 1963.24 | E124: 1968.11 | F124: 341.612 | G124: 0.0721436 | H124: 0.93124 | I124: 0
A125: Time CUDA ant add CPU Time: | B125: 2017.12 | C125: 2008.12 | D125: 1968.35 | E125: 1968.01 | F125: 337.814 | G125: 0.0545355 | H125: 0.931741 | I125: 0
... A166: Time CUDA ant add CPU Time: | B166: 1990.61 | C166: 1981.15 | D166: 1944.93 | E166: 1953.97 | F166: 337.065 | G166: 0.054212 | H166: 0.931836 | I166: 0
A167: Time CUDA ant add CPU Time: | B167: 1994.54 | C167: 1985.34 | D167: 1949.24 | E167: 1952.75 | F167: 335.104 | G167: 0.0749537 | H167: 0.931837 | I167: 0 | R167: МО | U167: дисп | X167: CI
A168: Time CUDA ant add CPU Time: | B168: 1996.45 | C168: 1986.95 | D168: 1948.05 | E168: 1956.75 | F168: 336.222 | G168: 0.0541802 | H168: 0.931837 | I168: 0 | R168: =AVERAGE(B119:B168) -> 2007.2318 | S168: =AVERAGE(C119:C168) -> 1997.9296 | U168: =_xlfn.VAR.P(B119:B168) -> 135.81267 | V168: =_xlfn.VAR.P(C119:C168) -> 133.45536 | X168: =1.96*SQRT(U168)/50 -> 0.45683169 | Y168: =1.96*SQRT(V168)/50 -> 0.4528497
A169: Time CUDA ant add CPU Time: | B169: 100537.46 | C169: sec
A170: Time CUDA opt Time: | B170: 7817.65 | C170: 7808.14 | D170: 7721.48 | E170: 7333.48 | F170: 0 | G170: 0.5 | H170: 1 | I170: 0
A171: Time CUDA opt Time: | B171: 7816.13 | C171: 7806.67 | D171: 7721.41 | E171: 7332.92 | F171: 0 | G171: 0.5 | H171: 1 | I171: 0
A172: Time CUDA opt Time: | B172: 7844.65 | C172: 7835.24 | D172: 7725.9 | E172: 7332.89 | F172: 0 | G172: 0.5 | H172: 1 | I172: 0
A173: Time CUDA opt Time: | B173: 7832.03 | C173: 7822.6 | D173: 7723.81 | E173: 7332.69 | F173: 0 | G173: 0.5 | H173: 1 | I173: 0
A174: Time CUDA opt Time: | B174: 7853.94 | C174: 7843.63 | D174: 7726.68 | E174: 7332.6 | F174: 0 | G174: 0.5 | H174: 1 | I174: 0
A175: Time CUDA opt Time: | B175: 7833.51 | C175: 7823.92 | D175: 7729.43 | E175: 7338.89 | F175: 0 | G175: 0.5 | H175: 1 | I175: 0
A176: Time CUDA opt Time: | B176: 7884.24 | C176: 7874.66 | D176: 7777.78 | E176: 7385.23 | F176: 0 | G176: 0.5 | H176: 1 | I176: 0
A177: Time CUDA opt Time: | B177: 7887.6 | C177: 7878.05 | D177: 7777.88 | E177: 7385.27 | F177: 0 | G177: 0.5 | H177: 1 | I177: 0
A178: Time CUDA opt Time: | B178: 7886.13 | C178: 7876.39 | D178: 7777.75 | E178: 7385.12 | F178: 0 | G178: 0.5 | H178: 1 | I178: 0
A179: Time CUDA opt Time: | B179: 7882.23 | C179: 7872.74 | D179: 7777.56 | E179: 7385.04 | F179: 0 | G179: 0.5 | H179: 1 | I179: 0
A180: Time CUDA opt Time: | B180: 7883.17 | C180: 7873.44 | D180: 7777.89 | E180: 7385.15 | F180: 0 | G180: 0.5 | H180: 1 | I180: 0
A181: Time CUDA opt Time: | B181: 7888.42 | C181: 7878.65 | D181: 7778.29 | E181: 7384.95 | F181: 0 | G181: 0.5 | H181: 1 | I181: 0
... A222: Time CUDA opt Time: | B222: 7877.34 | C222: 7867.91 | D222: 7779.58 | E222: 7385.11 | F222: 0 | G222: 0.5 | H222: 1 | I222: 0
A223: Time CUDA opt Time: | B223: 7877.44 | C223: 7867.66 | D223: 7775.33 | E223: 7384.9 | F223: 0 | G223: 0.5 | H223: 1 | I223: 0 | R223: МО | U223: дисп | X223: CI
A224: Time CUDA opt Time: | B224: 7878.27 | C224: 7868.45 | D224: 7778.34 | E224: 7384.93 | F224: 0 | G224: 0.5 | H224: 1 | I224: 0 | R224: =AVERAGE(B175:B224) -> 7879.1992 | S224: =AVERAGE(C175:C224) -> 7869.5176 | U224: =_xlfn.VAR.P(B175:B224) -> 58.524995 | V224: =_xlfn.VAR.P(C175:C224) -> 58.19687 | X224: =1.96*SQRT(U224)/50 -> 0.29988639 | Y224: =1.96*SQRT(V224)/50 -> 0.29904454
A225: Time CUDA opt: | B225: 394087.64 | C225: sec
A226: Time CUDA opt ant: | B226: 2090.71 | C226: 2080.84 | D226: 2023.35 | E226: 1548.71 | F226: 0 | G226: 0.115055 | H226: 0.895966 | I226: 0
A227: Time CUDA opt ant: | B227: 2088.62 | C227: 2079.1 | D227: 2022.73 | E227: 1548.46 | F227: 0 | G227: 0.114974 | H227: 0.898403 | I227: 0
A228: Time CUDA opt ant: | B228: 2081.3 | C228: 2071.79 | D228: 2020.49 | E228: 1548.68 | F228: 0 | G228: 0.114963 | H228: 0.895493 | I228: 0
A229: Time CUDA opt ant: | B229: 2084.03 | C229: 2074.8 | D229: 2021.42 | E229: 1548.45 | F229: 0 | G229: 0.114935 | H229: 0.876196 | I229: 0
A230: Time CUDA opt ant: | B230: 2079 | C230: 2069.37 | D230: 2020.93 | E230: 1548.54 | F230: 0 | G230: 0.0864568 | H230: 0.89413 | I230: 0
A231: Time CUDA opt ant: | B231: 2074.03 | C231: 2064.98 | D231: 2019.93 | E231: 1548.61 | F231: 0 | G231: 0.0844005 | H231: 0.89307 | I231: 0
A232: Time CUDA opt ant: | B232: 2068.28 | C232: 2058.92 | D232: 2018.38 | E232: 1548.68 | F232: 0 | G232: 0.114924 | H232: 0.900844 | I232: 0
A233: Time CUDA opt ant: | B233: 2072.15 | C233: 2062.46 | D233: 2018.9 | E233: 1548.69 | F233: 0 | G233: 0.114946 | H233: 0.894958 | I233: 0
A234: Time CUDA opt ant: | B234: 2074.45 | C234: 2065.02 | D234: 2019.61 | E234: 1548.7 | F234: 0 | G234: 0.114952 | H234: 0.90041 | I234: 0
A235: Time CUDA opt ant: | B235: 2068.13 | C235: 2059.04 | D235: 2018.57 | E235: 1549.04 | F235: 0 | G235: 0.115143 | H235: 0.898898 | I235: 0
A236: Time CUDA opt ant: | B236: 2072.84 | C236: 2063.05 | D236: 2018.98 | E236: 1548.95 | F236: 0 | G236: 0.0996943 | H236: 0.900041 | I236: 0
A237: Time CUDA opt ant: | B237: 2072.49 | C237: 2062.49 | D237: 2018.54 | E237: 1548.89 | F237: 0 | G237: 0.0857562 | H237: 0.896756 | I237: 0
... A278: Time CUDA opt ant: | B278: 2064.82 | C278: 2055.07 | D278: 2005.58 | E278: 1537.5 | F278: 0 | G278: 0.0837069 | H278: 0.877462 | I278: 0
A279: Time CUDA opt ant: | B279: 2058.52 | C279: 2048.16 | D279: 2003.79 | E279: 1537.41 | F279: 0 | G279: 0.115005 | H279: 0.898096 | I279: 0 | R279: МО | U279: дисп | X279: CI
A280: Time CUDA opt ant: | B280: 2061.62 | C280: 2051.59 | D280: 2004.76 | E280: 1537.3 | F280: 0 | G280: 0.0850363 | H280: 0.90076 | I280: 0 | R280: =AVERAGE(B231:B280) -> 2068.1136 | S280: =AVERAGE(C231:C280) -> 2058.6366 | U280: =_xlfn.VAR.P(B231:B280) -> 33.510891 | V280: =_xlfn.VAR.P(C231:C280) -> 34.28931 | X280: =1.96*SQRT(U280)/50 -> 0.22692328 | Y280: =1.96*SQRT(V280)/50 -> 0.22954373
A281: Time CUDA opt ant: | B281: 103491.38 | C281: sec
A282: Time CUDA opt ant par: | B282: 2020.04 | C282: 2010.62 | D282: 1965.15 | E282: 1499.29 | F282: 0 | G282: 0.115056 | H282: 0.880943 | I282: 0
A283: Time CUDA opt ant par: | B283: 2019.33 | C283: 2010.32 | D283: 1965.57 | E283: 1499.49 | F283: 0 | G283: 0.114976 | H283: 0.900712 | I283: 0
A284: Time CUDA opt ant par: | B284: 2015.84 | C284: 2006.26 | D284: 1964.2 | E284: 1499.42 | F284: 0 | G284: 0.115043 | H284: 0.874537 | I284: 0
A285: Time CUDA opt ant par: | B285: 2025.32 | C285: 2016.13 | D285: 1966.61 | E285: 1499.56 | F285: 0 | G285: 0.114962 | H285: 0.901057 | I285: 0
A286: Time CUDA opt ant par: | B286: 2021.87 | C286: 2010.98 | D286: 1965.41 | E286: 1499.48 | F286: 0 | G286: 0.0959809 | H286: 0.895744 | I286: 0
A287: Time CUDA opt ant par: | B287: 2018.68 | C287: 2009.38 | D287: 1965.44 | E287: 1499.62 | F287: 0 | G287: 0.114997 | H287: 0.868956 | I287: 0
A288: Time CUDA opt ant par: | B288: 2023.82 | C288: 2013.95 | D288: 1965.84 | E288: 1499.5 | F288: 0 | G288: 0.115103 | H288: 0.899328 | I288: 0
A289: Time CUDA opt ant par: | B289: 2024.91 | C289: 2015.24 | D289: 1965.9 | E289: 1499.59 | F289: 0 | G289: 0.114923 | H289: 0.897954 | I289: 0
A290: Time CUDA opt ant par: | B290: 2029.03 | C290: 2018.75 | D290: 1967.23 | E290: 1499.51 | F290: 0 | G290: 0.115654 | H290: 0.90023 | I290: 0
A291: Time CUDA opt ant par: | B291: 2020.92 | C291: 2011.57 | D291: 1965.09 | E291: 1499.22 | F291: 0 | G291: 0.114979 | H291: 0.899181 | I291: 0
A292: Time CUDA opt ant par: | B292: 2023.76 | C292: 2013.6 | D292: 1965.26 | E292: 1499.4 | F292: 0 | G292: 0.11522 | H292: 0.896463 | I292: 0
A293: Time CUDA opt ant par: | B293: 2025.33 | C293: 2016.35 | D293: 1966.16 | E293: 1499.38 | F293: 0 | G293: 0.11501 | H293: 0.896138 | I293: 0
... A334: Time CUDA opt ant par: | B334: 2022.26 | C334: 2012.89 | D334: 1965.34 | E334: 1499.35 | F334: 0 | G334: 0.11499 | H334: 0.896788 | I334: 0
A335: Time CUDA opt ant par: | B335: 2019.46 | C335: 2010.38 | D335: 1965.08 | E335: 1499.47 | F335: 0 | G335: 0.114945 | H335: 0.868956 | I335: 0 | R335: МО | U335: дисп | X335: CI
A336: Time CUDA opt ant par: | B336: 2017.03 | C336: 2007.54 | D336: 1965.29 | E336: 1499.7 | F336: 0 | G336: 0.106456 | H336: 0.894569 | I336: 0 | R336: =AVERAGE(B287:B336) -> 2023.5202 | S336: =AVERAGE(C287:C336) -> 2014.0572 | U336: =_xlfn.VAR.P(B287:B336) -> 26.520826 | V336: =_xlfn.VAR.P(C287:C336) -> 26.04072 | X336: =1.96*SQRT(U336)/50 -> 0.20187363 | Y336: =1.96*SQRT(V336)/50 -> 0.20003803
A337: Time CUDA opt ant par: | B337: 101264.71 | C337: sec
A338: Time non CUDA_time | B338: 4023.23 | C338: 3957.82 | D338: 3957.67 | E338: 3951.42 | F338: 292.036 | G338: 419.106 | H338: 144.231 | I338: 99.1291 | J338: 147.331 | K338: 3221.03 | L338: 0.0832833 | M338: 0.931666 | N338: 0
A339: Time non CUDA_time | B339: 3979.87 | C339: 3911.39 | D339: 3911.28 | E339: 3905.04 | F339: 286.639 | G339: 408.366 | H339: 139.585 | I339: 97.0398 | J339: 143.722 | K339: 3191.42 | L339: 0.0551875 | M339: 0.93046 | N339: 0
A340: Time non CUDA_time | B340: 3953.97 | C340: 3888.45 | D340: 3888.33 | E340: 3882.19 | F340: 286.095 | G340: 406.301 | H340: 139.114 | I340: 96.449 | J340: 142.37 | K340: 3170.98 | L340: 0.0832892 | M340: 0.958347 | N340: 0
...

Sheet 42 end
D2: T_start | E2: T_Delt | F2: T1 | G2: T2 | H2: T3
A3: 1 | C3: =OFFSET('42p stat'!$A$1,A3*20,0) -> CUDA Time | D3: =OFFSET('42p trace'!$R$56,(A3-1)*56,0)-OFFSET('42p trace'!$S$56,(A3-1)*56,0) -> 9.664 | E3: =OFFSET('42p trace'!$S$56,(A3-1)*56,0)-OFFSET('42p stat'!$H$1,A3*20,0) -> 87.402482 | F3: =OFFSET('42p stat'!$H$1,A3*20,0)-OFFSET('42p stat'!$K$1,A3*20,0) -> 29.659668 | G3: =OFFSET('42p stat'!$K$1,A3*20,0)-OFFSET('42p stat'!$N$1,A3*20,0) -> 7345.5206 | H3: =OFFSET('42p stat'!$N$1,A3*20,0) -> 356.05104
A4: 1 | C4: =OFFSET('42p stat'!$A$1,A4*20,0) -> CUDA Time | D4: =OFFSET('42p trace'!$U$56,(A4-1)*56,0) -> 940.97641 | E4: =OFFSET('42p trace'!$V$56,(A4-1)*56,0) -> 920.71229 | F4: =OFFSET('42p stat'!$H$1,A4*20,1) -> 827.31765 | G4: =OFFSET('42p stat'!$K$1,A4*20,1) -> 782.57434 | H4: =OFFSET('42p stat'!$N$1,A4*20,1) -> 1.523558
A5: 2 | C5: =OFFSET('42p stat'!$A$1,A5*20,0) -> CUDA ant par | D5: =OFFSET('42p trace'!$R$56,(A5-1)*56,0)-OFFSET('42p trace'!$S$56,(A5-1)*56,0) -> 10.2472 | E5: =OFFSET('42p trace'!$S$56,(A5-1)*56,0)-OFFSET('42p stat'!$H$1,A5*20,0) -> 45.059984 | F5: =OFFSET('42p stat'!$H$1,A5*20,0)-OFFSET('42p stat'!$K$1,A5*20,0) -> 27.976372 | G5: =OFFSET('42p stat'!$K$1,A5*20,0)-OFFSET('42p stat'!$N$1,A5*20,0) -> 1500.0074 | H5: =OFFSET('42p stat'!$N$1,A5*20,0) -> 439.99769
A6: 2 | C6: =OFFSET('42p stat'!$A$1,A6*20,0) -> CUDA ant par | D6: =OFFSET('42p trace'!$U$56,(A6-1)*56,0) -> 45.259968 | E6: =OFFSET('42p trace'!$V$56,(A6-1)*56,0) -> 48.51026 | F6: =OFFSET('42p stat'!$H$1,A6*20,1) -> 5.797522 | G6: =OFFSET('42p stat'!$K$1,A6*20,1) -> 4.326119 | H6: =OFFSET('42p stat'!$N$1,A6*20,1) -> 0.222084
A7: 3 | C7: =OFFSET('42p stat'!$A$1,A7*20,0) -> CUDA ant add CPU Time | D7: =OFFSET('42p trace'!$R$56,(A7-1)*56,0)-OFFSET('42p trace'!$S$56,(A7-1)*56,0) -> 9.3022 | E7: =OFFSET('42p trace'!$S$56,(A7-1)*56,0)-OFFSET('42p stat'!$H$1,A7*20,0) -> 38.409078 | F7: =OFFSET('42p stat'!$H$1,A7*20,0)-OFFSET('42p stat'!$K$1,A7*20,0) -> -4.31896 | G7: =OFFSET('42p stat'!$K$1,A7*20,0)-OFFSET('42p stat'!$N$1,A7*20,0) -> 1625.1839 | H7: =OFFSET('42p stat'!$N$1,A7*20,0) -> 338.65558
A8: 3 | C8: =OFFSET('42p stat'!$A$1,A8*20,0) -> CUDA ant add CPU Time | D8: =OFFSET('42p trace'!$U$56,(A8-1)*56,0) -> 135.81267 | E8: =OFFSET('42p trace'!$V$56,(A8-1)*56,0) -> 133.45536 | F8: =OFFSET('42p stat'!$H$1,A8*20,1) -> 133.57545 | G8: =OFFSET('42p stat'!$K$1,A8*20,1) -> 80.0546 | H8: =OFFSET('42p stat'!$N$1,A8*20,1) -> 36.033029
A9: 4 | C9: =OFFSET('42p stat'!$A$1,A9*20,0) -> CUDA opt Time | D9: =OFFSET('42p trace'!$R$56,(A9-1)*56,0)-OFFSET('42p trace'!$S$56,(A9-1)*56,0) -> 9.6816 | E9: =OFFSET('42p trace'!$S$56,(A9-1)*56,0)-OFFSET('42p stat'!$H$1,A9*20,0) -> 93.422541 | F9: =OFFSET('42p stat'!$H$1,A9*20,0)-OFFSET('42p stat'!$K$1,A9*20,0) -> 392.11903 | G9: =OFFSET('42p stat'!$K$1,A9*20,0)-OFFSET('42p stat'!$N$1,A9*20,0) -> 7383.976 | H9: =OFFSET('42p stat'!$N$1,A9*20,0) -> 0
A10: 4 | C10: =OFFSET('42p stat'!$A$1,A10*20,0) -> CUDA opt Time | D10: =OFFSET('42p trace'!$U$56,(A10-1)*56,0) -> 58.524995 | E10: =OFFSET('42p trace'!$V$56,(A10-1)*56,0) -> 58.19687 | F10: =OFFSET('42p stat'!$H$1,A10*20,1) -> 45.498332 | G10: =OFFSET('42p stat'!$K$1,A10*20,1) -> 41.514512 | H10: =OFFSET('42p stat'!$N$1,A10*20,1) -> 0
A11: 5 | C11: =OFFSET('42p stat'!$A$1,A11*20,0) -> CUDA opt ant | D11: =OFFSET('42p trace'!$R$56,(A11-1)*56,0)-OFFSET('42p trace'!$S$56,(A11-1)*56,0) -> 9.477 | E11: =OFFSET('42p trace'!$S$56,(A11-1)*56,0)-OFFSET('42p stat'!$H$1,A11*20,0) -> 43.826678 | F11: =OFFSET('42p stat'!$H$1,A11*20,0)-OFFSET('42p stat'!$K$1,A11*20,0) -> 469.25925 | G11: =OFFSET('42p stat'!$K$1,A11*20,0)-OFFSET('42p stat'!$N$1,A11*20,0) -> 1545.5507 | H11: =OFFSET('42p stat'!$N$1,A11*20,0) -> 0
A12: 5 | C12: =OFFSET('42p stat'!$A$1,A12*20,0) -> CUDA opt ant | D12: =OFFSET('42p trace'!$U$56,(A12-1)*56,0) -> 33.510891 | E12: =OFFSET('42p trace'!$V$56,(A12-1)*56,0) -> 34.28931 | F12: =OFFSET('42p stat'!$H$1,A12*20,1) -> 42.750338 | G12: =OFFSET('42p stat'!$K$1,A12*20,1) -> 26.424057 | H12: =OFFSET('42p stat'!$N$1,A12*20,1) -> 0
A13: 6 | C13: =OFFSET('42p stat'!$A$1,A13*20,0) -> CUDA opt ant par | D13: =OFFSET('42p trace'!$R$56,(A13-1)*56,0)-OFFSET('42p trace'!$S$56,(A13-1)*56,0) -> 9.463 | E13: =OFFSET('42p trace'!$S$56,(A13-1)*56,0)-OFFSET('42p stat'!$H$1,A13*20,0) -> 47.793731 | F13: =OFFSET('42p stat'!$H$1,A13*20,0)-OFFSET('42p stat'!$K$1,A13*20,0) -> 466.8382 | G13: =OFFSET('42p stat'!$K$1,A13*20,0)-OFFSET('42p stat'!$N$1,A13*20,0) -> 1499.4253 | H13: =OFFSET('42p stat'!$N$1,A13*20,0) -> 0
A14: 6 | C14: =OFFSET('42p stat'!$A$1,A14*20,0) -> CUDA opt ant par | D14: =OFFSET('42p trace'!$U$56,(A14-1)*56,0) -> 26.520826 | E14: =OFFSET('42p trace'!$V$56,(A14-1)*56,0) -> 26.04072 | F14: =OFFSET('42p stat'!$H$1,A14*20,1) -> 1.757347 | G14: =OFFSET('42p stat'!$K$1,A14*20,1) -> 0.018233 | H14: =OFFSET('42p stat'!$N$1,A14*20,1) -> 0
A15: 7 | C15: =OFFSET('42p stat'!$A$1,A15*20,0) -> non CUDA Time | D15: =OFFSET('42p trace'!$R$56,(A15-1)*56,0)-OFFSET('42p trace'!$S$56,(A15-1)*56,0) -> 66.085 | E15: =OFFSET('42p trace'!$S$56,(A15-1)*56,0)-OFFSET('42p stat'!$H$1,A15*20,0) -> 0.130058 | F15: =OFFSET('42p stat'!$H$1,A15*20,0)-OFFSET('42p stat'!$K$1,A15*20,0) -> 6.068788 | G15: =OFFSET('42p stat'!$K$1,A15*20,0)-OFFSET('42p stat'!$N$1,A15*20,0) -> 3537.9692 | H15: =OFFSET('42p stat'!$N$1,A15*20,0) -> 280.25292
A16: 7 | C16: =OFFSET('42p stat'!$A$1,A16*20,0) -> non CUDA Time | D16: =OFFSET('42p trace'!$U$56,(A16-1)*56,0) -> 1399.0469 | E16: =OFFSET('42p trace'!$V$56,(A16-1)*56,0) -> 1330.5534 | F16: =OFFSET('42p stat'!$H$1,A16*20,1) -> 1330.004 | G16: =OFFSET('42p stat'!$K$1,A16*20,1) -> 1323.7467 | H16: =OFFSET('42p stat'!$N$1,A16*20,1) -> 12.518395
A17: 8 | C17: =OFFSET('42p stat'!$A$1,A17*20,0) -> Classic ACO | D17: =OFFSET('42p trace'!$R$56,(A17-1)*56,0)-OFFSET('42p trace'!$S$56,(A17-1)*56,0) -> 4926.032 | E17: =OFFSET('42p trace'!$S$56,(A17-1)*56,0)-OFFSET('42p stat'!$H$1,A17*20,0) -> 158.12936 | F17: =OFFSET('42p stat'!$H$1,A17*20,0)-OFFSET('42p stat'!$K$1,A17*20,0) -> 15.129688 | G17: =OFFSET('42p stat'!$K$1,A17*20,0)-OFFSET('42p stat'!$N$1,A17*20,0) -> 45461.14 | H17: =OFFSET('42p stat'!$N$1,A17*20,0) -> 860.27729
A18: 8 | C18: =OFFSET('42p stat'!$A$1,A18*20,0) -> Classic ACO | D18: =OFFSET('42p trace'!$U$56,(A18-1)*56,0) -> 108605.39 | E18: =OFFSET('42p trace'!$V$56,(A18-1)*56,0) -> 86584.612 | F18: =OFFSET('42p stat'!$H$1,A18*20,1) -> 84088.843 | G18: =OFFSET('42p stat'!$K$1,A18*20,1) -> 84009.291 | H18: =OFFSET('42p stat'!$N$1,A18*20,1) -> 33.19657
A19: 9 | C19: =OFFSET('42p stat'!$A$1,A19*20,0) -> omp | D19: =OFFSET('42p trace'!$R$56,(A19-1)*56,0)-OFFSET('42p trace'!$S$56,(A19-1)*56,0) -> 65.2472 | E19: =OFFSET('42p trace'!$S$56,(A19-1)*56,0)-OFFSET('42p stat'!$H$1,A19*20,0) -> 0.127642 | F19: =OFFSET('42p stat'!$H$1,A19*20,0)-OFFSET('42p stat'!$K$1,A19*20,0) -> 5.928082 | G19: =OFFSET('42p stat'!$K$1,A19*20,0)-OFFSET('42p stat'!$N$1,A19*20,0) -> 3502.2859 | H19: =OFFSET('42p stat'!$N$1,A19*20,0) -> 269.89154
A20: 9 | C20: =OFFSET('42p stat'!$A$1,A20*20,0) -> omp | D20: =OFFSET('42p trace'!$U$56,(A20-1)*56,0) -> 191.14522 | E20: =OFFSET('42p trace'!$V$56,(A20-1)*56,0) -> 194.72628 | F20: =OFFSET('42p stat'!$H$1,A20*20,1) -> 194.62458 | G20: =OFFSET('42p stat'!$K$1,A20*20,1) -> 193.6891 | H20: =OFFSET('42p stat'!$N$1,A20*20,1) -> 3.478465
A21: 10 | C21: =OFFSET('42p stat'!$A$1,A21*20,0) -> non CUDA transp Time | D21: =OFFSET('42p trace'!$R$56,(A21-1)*56,0)-OFFSET('42p trace'!$S$56,(A21-1)*56,0) -> 65.8818 | E21: =OFFSET('42p trace'!$S$56,(A21-1)*56,0)-OFFSET('42p stat'!$H$1,A21*20,0) -> 0.126812 | F21: =OFFSET('42p stat'!$H$1,A21*20,0)-OFFSET('42p stat'!$K$1,A21*20,0) -> 8.31423 | G21: =OFFSET('42p stat'!$K$1,A21*20,0)-OFFSET('42p stat'!$N$1,A21*20,0) -> 3545.0774 | H21: =OFFSET('42p stat'!$N$1,A21*20,0) -> 252.77396
A22: 10 | C22: =OFFSET('42p stat'!$A$1,A22*20,0) -> non CUDA transp Time | D22: =OFFSET('42p trace'!$U$56,(A22-1)*56,0) -> 426.60625 | E22: =OFFSET('42p trace'!$V$56,(A22-1)*56,0) -> 446.54765 | F22: =OFFSET('42p stat'!$H$1,A22*20,1) -> 446.21919 | G22: =OFFSET('42p stat'!$K$1,A22*20,1) -> 440.27908 | H22: =OFFSET('42p stat'!$N$1,A22*20,1) -> 35.66168
A23: 11 | C23: =OFFSET('42p stat'!$A$1,A23*20,0) -> non CUDA transp_AVX Time | D23: =OFFSET('42p trace'!$R$56,(A23-1)*56,0)-OFFSET('42p trace'!$S$56,(A23-1)*56,0) -> 65.977 | E23: =OFFSET('42p trace'!$S$56,(A23-1)*56,0)-OFFSET('42p stat'!$H$1,A23*20,0) -> 0.13396 | F23: =OFFSET('42p stat'!$H$1,A23*20,0)-OFFSET('42p stat'!$K$1,A23*20,0) -> 7.40459 | G23: =OFFSET('42p stat'!$K$1,A23*20,0)-OFFSET('42p stat'!$N$1,A23*20,0) -> 3592.1915 | H23: =OFFSET('42p stat'!$N$1,A23*20,0) -> 283.71639
A24: 11 | C24: =OFFSET('42p stat'!$A$1,A24*20,0) -> non CUDA transp_AVX Time | D24: =OFFSET('42p trace'!$U$56,(A24-1)*56,0) -> 395.93107 | E24: =OFFSET('42p trace'!$V$56,(A24-1)*56,0) -> 403.25413 | F24: =OFFSET('42p stat'!$H$1,A24*20,1) -> 402.71958 | G24: =OFFSET('42p stat'!$K$1,A24*20,1) -> 395.34321 | H24: =OFFSET('42p stat'!$N$1,A24*20,1) -> 85.570767
A25: 12 | C25: =OFFSET('42p stat'!$A$1,A25*20,0) -> non CUDA transp_AVX_OMP Time | D25: =OFFSET('42p trace'!$R$56,(A25-1)*56,0)-OFFSET('42p trace'!$S$56,(A25-1)*56,0) -> 66.0206 | E25: =OFFSET('42p trace'!$S$56,(A25-1)*56,0)-OFFSET('42p stat'!$H$1,A25*20,0) -> 0.123762 | F25: =OFFSET('42p stat'!$H$1,A25*20,0)-OFFSET('42p stat'!$K$1,A25*20,0) -> 7.268704 | G25: =OFFSET('42p stat'!$K$1,A25*20,0)-OFFSET('42p stat'!$N$1,A25*20,0) -> 3592.1909 | H25: =OFFSET('42p stat'!$N$1,A25*20,0) -> 281.77306
A26: 12 | C26: =OFFSET('42p stat'!$A$1,A26*20,0) -> non CUDA transp_AVX_OMP Time | D26: =OFFSET('42p trace'!$U$56,(A26-1)*56,0) -> 399.96893 | E26: =OFFSET('42p trace'!$V$56,(A26-1)*56,0) -> 409.81851 | F26: =OFFSET('42p stat'!$H$1,A26*20,1) -> 409.57284 | G26: =OFFSET('42p stat'!$K$1,A26*20,1) -> 403.80651 | H26: =OFFSET('42p stat'!$N$1,A26*20,1) -> 85.482491
A27: 13 | C27: =OFFSET('42p stat'!$A$1,A27*20,0) -> CUDA ant add CPU_AVX_transp Time | D27: =OFFSET('42p trace'!$R$56,(A27-1)*56,0)-OFFSET('42p trace'!$S$56,(A27-1)*56,0) -> 13.8128 | E27: =OFFSET('42p trace'!$S$56,(A27-1)*56,0)-OFFSET('42p stat'!$H$1,A27*20,0) -> 27.952784 | F27: =OFFSET('42p stat'!$H$1,A27*20,0)-OFFSET('42p stat'!$K$1,A27*20,0) -> 6.290891 | G27: =OFFSET('42p stat'!$K$1,A27*20,0)-OFFSET('42p stat'!$N$1,A27*20,0) -> 1602.1602 | H27: =OFFSET('42p stat'!$N$1,A27*20,0) -> 296.41793
A28: 13 | C28: =OFFSET('42p stat'!$A$1,A28*20,0) -> CUDA ant add CPU_AVX_transp Time | D28: =OFFSET('42p trace'!$U$56,(A28-1)*56,0) -> 136.92603 | E28: =OFFSET('42p trace'!$V$56,(A28-1)*56,0) -> 138.15743 | F28: =OFFSET('42p stat'!$H$1,A28*20,1) -> 88.340936 | G28: =OFFSET('42p stat'!$K$1,A28*20,1) -> 78.048129 | H28: =OFFSET('42p stat'!$N$1,A28*20,1) -> 32.52074
K29: 1.96 | L29: 50
D30: T_start | E30: T_Delt | F30: T1 | G30: T2 | H30: T3 | J30: summ | K30: 2 этап/ общее | L30: ДИ
A31: 1 | C31: =OFFSET('42p stat'!$A$1,A31*20,0) -> CUDA Time | D31: =OFFSET('42p trace'!$R$56,(A31-1)*56,0)-OFFSET('42p trace'!$S$56,(A31-1)*56,0) -> 9.664 | E31: =OFFSET('42p trace'!$S$56,(A31-1)*56,0)-OFFSET('42p stat'!$H$1,A31*20,0) -> 87.402482 | F31: =OFFSET('42p stat'!$H$1,A31*20,0)-OFFSET('42p stat'!$K$1,A31*20,0) -> 29.659668 | G31: =OFFSET('42p stat'!$K$1,A31*20,0)-OFFSET('42p stat'!$N$1,A31*20,0) -> 7345.5206 | H31: =OFFSET('42p stat'!$N$1,A31*20,0) -> 356.05104 | J31: =SUM(E31:H31) -> 7818.6338 | K31: =G31/J31 -> 0.93948902 | L31: =$K$29*POWER(K31,2)*SQRT(G178/(POWER(G31,2)*$L$29)+J178/(POWER(J31,2)*$L$29)) -> 0.0020661108
A32: 2 | C32: =OFFSET('42p stat'!$A$1,A32*20,0) -> CUDA ant par | D32: =OFFSET('42p trace'!$R$56,(A32-1)*56,0)-OFFSET('42p trace'!$S$56,(A32-1)*56,0) -> 10.2472 | E32: =OFFSET('42p trace'!$S$56,(A32-1)*56,0)-OFFSET('42p stat'!$H$1,A32*20,0) -> 45.059984 | F32: =OFFSET('42p stat'!$H$1,A32*20,0)-OFFSET('42p stat'!$K$1,A32*20,0) -> 27.976372 | G32: =OFFSET('42p stat'!$K$1,A32*20,0)-OFFSET('42p stat'!$N$1,A32*20,0) -> 1500.0074 | H32: =OFFSET('42p stat'!$N$1,A32*20,0) -> 439.99769 | J32: =SUM(D32:H32) -> 2023.2886 | K32: =G32/J32 -> 0.74137093 | L32: =$K$29*POWER(K32,2)*SQRT(G179/(POWER(G32,2)*$L$29)+J179/(POWER(J32,2)*$L$29)) -> 0.0007968342
A33: 3 | C33: =OFFSET('42p stat'!$A$1,A33*20,0) -> CUDA ant add CPU Time | D33: =OFFSET('42p trace'!$R$56,(A33-1)*56,0)-OFFSET('42p trace'!$S$56,(A33-1)*56,0) -> 9.3022 | E33: =OFFSET('42p trace'!$S$56,(A33-1)*56,0)-OFFSET('42p stat'!$H$1,A33*20,0) -> 38.409078 | F33: =OFFSET('42p stat'!$H$1,A33*20,0)-OFFSET('42p stat'!$K$1,A33*20,0) -> -4.31896 | G33: =OFFSET('42p stat'!$K$1,A33*20,0)-OFFSET('42p stat'!$N$1,A33*20,0) -> 1625.1839 | H33: =OFFSET('42p stat'!$N$1,A33*20,0) -> 338.65558 | J33: =SUM(E33:H33) -> 1997.9296 | K33: =G33/J33 -> 0.81343402 | L33: =$K$29*POWER(K33,2)*SQRT(G180/(POWER(G33,2)*$L$29)+J180/(POWER(J33,2)*$L$29)) -> 0.0023221915
A34: 4 | C34: =OFFSET('42p stat'!$A$1,A34*20,0) -> CUDA opt Time | D34: =OFFSET('42p trace'!$R$56,(A34-1)*56,0)-OFFSET('42p trace'!$S$56,(A34-1)*56,0) -> 9.6816 | E34: =OFFSET('42p trace'!$S$56,(A34-1)*56,0)-OFFSET('42p stat'!$H$1,A34*20,0) -> 93.422541 | F34: =OFFSET('42p stat'!$H$1,A34*20,0)-OFFSET('42p stat'!$K$1,A34*20,0) -> 392.11903 | G34: =OFFSET('42p stat'!$K$1,A34*20,0)-OFFSET('42p stat'!$N$1,A34*20,0) -> 7383.976 | H34: =OFFSET('42p stat'!$N$1,A34*20,0) -> 0 | J34: =SUM(E34:H34) -> 7869.5176 | K34: =G34/J34 -> 0.93830097 | L34: =$K$29*POWER(K34,2)*SQRT(G181/(POWER(G34,2)*$L$29)+J181/(POWER(J34,2)*$L$29)) -> 0.0004911878
A35: 5 | C35: =OFFSET('42p stat'!$A$1,A35*20,0) -> CUDA opt ant | D35: =OFFSET('42p trace'!$R$56,(A35-1)*56,0)-OFFSET('42p trace'!$S$56,(A35-1)*56,0) -> 9.477 | E35: =OFFSET('42p trace'!$S$56,(A35-1)*56,0)-OFFSET('42p stat'!$H$1,A35*20,0) -> 43.826678 | F35: =OFFSET('42p stat'!$H$1,A35*20,0)-OFFSET('42p stat'!$K$1,A35*20,0) -> 469.25925 | G35: =OFFSET('42p stat'!$K$1,A35*20,0)-OFFSET('42p stat'!$N$1,A35*20,0) -> 1545.5507 | H35: =OFFSET('42p stat'!$N$1,A35*20,0) -> 0 | J35: =SUM(E35:H35) -> 2058.6366 | K35: =G35/J35 -> 0.75076421 | L35: =$K$29*POWER(K35,2)*SQRT(E182/(POWER(E35,2)*$L$29)+J182/(POWER(J35,2)*$L$29)) -> 0.020893529
A36: 6 | C36: =OFFSET('42p stat'!$A$1,A36*20,0) -> CUDA opt ant par | D36: =OFFSET('42p trace'!$R$56,(A36-1)*56,0)-OFFSET('42p trace'!$S$56,(A36-1)*56,0) -> 9.463 | E36: =OFFSET('42p trace'!$S$56,(A36-1)*56,0)-OFFSET('42p stat'!$H$1,A36*20,0) -> 47.793731 | F36: =OFFSET('42p stat'!$H$1,A36*20,0)-OFFSET('42p stat'!$K$1,A36*20,0) -> 466.8382 | G36: =OFFSET('42p stat'!$K$1,A36*20,0)-OFFSET('42p stat'!$N$1,A36*20,0) -> 1499.4253 | H36: =OFFSET('42p stat'!$N$1,A36*20,0) -> 0 | J36: =SUM(E36:H36) -> 2014.0572 | K36: =G36/J36 -> 0.74447998 | L36: =$K$29*POWER(K36,2)*SQRT(E183/(POWER(E36,2)*$L$29)+J183/(POWER(J36,2)*$L$29)) -> 0.016412989
A37: 7 | C37: =OFFSET('42p stat'!$A$1,A37*20,0) -> non CUDA Time | D37: =OFFSET('42p trace'!$R$56,(A37-1)*56,0)-OFFSET('42p trace'!$S$56,(A37-1)*56,0) -> 66.085 | E37: =OFFSET('42p trace'!$S$56,(A37-1)*56,0)-OFFSET('42p stat'!$H$1,A37*20,0) -> 0.130058 | F37: =OFFSET('42p stat'!$H$1,A37*20,0)-OFFSET('42p stat'!$K$1,A37*20,0) -> 6.068788 | G37: =OFFSET('42p stat'!$K$1,A37*20,0)-OFFSET('42p stat'!$N$1,A37*20,0) -> 3537.9692 | H37: =OFFSET('42p stat'!$N$1,A37*20,0) -> 280.25292 | J37: =SUM(E37:H37) -> 3824.421 | K37: =G37/J37 -> 0.92509931 | L37: =$K$29*POWER(K37,2)*SQRT(G184/(POWER(G37,2)*$L$29)+J184/(POWER(J37,2)*$L$29)) -> 0.0051682638
A38: 8 | C38: =OFFSET('42p stat'!$A$1,A38*20,0) -> Classic ACO | D38: =OFFSET('42p trace'!$R$56,(A38-1)*56,0)-OFFSET('42p trace'!$S$56,(A38-1)*56,0) -> 4926.032 | E38: =OFFSET('42p trace'!$S$56,(A38-1)*56,0)-OFFSET('42p stat'!$H$1,A38*20,0) -> 158.12936 | F38: =OFFSET('42p stat'!$H$1,A38*20,0)-OFFSET('42p stat'!$K$1,A38*20,0) -> 15.129688 | G38: =OFFSET('42p stat'!$K$1,A38*20,0)-OFFSET('42p stat'!$N$1,A38*20,0) -> 45461.14 | H38: =OFFSET('42p stat'!$N$1,A38*20,0) -> 860.27729 | J38: =SUM(D38:H38) -> 51420.708 | K38: =G38/J38 -> 0.88410178 | L38: =$K$29*POWER(K38,2)*SQRT(G185/(POWER(G38,2)*$L$29)+J185/(POWER(J38,2)*$L$29)) -> 0.0028910515
A39: 9 | C39: =OFFSET('42p stat'!$A$1,A39*20,0) -> omp | D39: =OFFSET('42p trace'!$R$56,(A39-1)*56,0)-OFFSET('42p trace'!$S$56,(A39-1)*56,0) -> 65.2472 | E39: =OFFSET('42p trace'!$S$56,(A39-1)*56,0)-OFFSET('42p stat'!$H$1,A39*20,0) -> 0.127642 | F39: =OFFSET('42p stat'!$H$1,A39*20,0)-OFFSET('42p stat'!$K$1,A39*20,0) -> 5.928082 | G39: =OFFSET('42p stat'!$K$1,A39*20,0)-OFFSET('42p stat'!$N$1,A39*20,0) -> 3502.2859 | H39: =OFFSET('42p stat'!$N$1,A39*20,0) -> 269.89154 | J39: =SUM(E39:H39) -> 3778.2332 | K39: =G39/J39 -> 0.92696394 | L39: =$K$29*POWER(K39,2)*SQRT(G186/(POWER(G39,2)*$L$29)+J186/(POWER(J39,2)*$L$29)) -> 0.0019965266
A40: 10 | C40: =OFFSET('42p stat'!$A$1,A40*20,0) -> non CUDA transp Time | D40: =OFFSET('42p trace'!$R$56,(A40-1)*56,0)-OFFSET('42p trace'!$S$56,(A40-1)*56,0) -> 65.8818 | E40: =OFFSET('42p trace'!$S$56,(A40-1)*56,0)-OFFSET('42p stat'!$H$1,A40*20,0) -> 0.126812 | F40: =OFFSET('42p stat'!$H$1,A40*20,0)-OFFSET('42p stat'!$K$1,A40*20,0) -> 8.31423 | G40: =OFFSET('42p stat'!$K$1,A40*20,0)-OFFSET('42p stat'!$N$1,A40*20,0) -> 3545.0774 | H40: =OFFSET('42p stat'!$N$1,A40*20,0) -> 252.77396 | J40: =SUM(E40:H40) -> 3806.2924 | K40: =G40/J40 -> 0.93137285 | L40: =$K$29*POWER(K40,2)*SQRT(G187/(POWER(G40,2)*$L$29)+J187/(POWER(J40,2)*$L$29)) -> 0.0030314501
A41: 11 | C41: =OFFSET('42p stat'!$A$1,A41*20,0) -> non CUDA transp_AVX Time | D41: =OFFSET('42p trace'!$R$56,(A41-1)*56,0)-OFFSET('42p trace'!$S$56,(A41-1)*56,0) -> 65.977 | E41: =OFFSET('42p trace'!$S$56,(A41-1)*56,0)-OFFSET('42p stat'!$H$1,A41*20,0) -> 0.13396 | F41: =OFFSET('42p stat'!$H$1,A41*20,0)-OFFSET('42p stat'!$K$1,A41*20,0) -> 7.40459 | G41: =OFFSET('42p stat'!$K$1,A41*20,0)-OFFSET('42p stat'!$N$1,A41*20,0) -> 3592.1915 | H41: =OFFSET('42p stat'!$N$1,A41*20,0) -> 283.71639 | J41: =SUM(D41:H41) -> 3949.4234 | K41: =G41/J41 -> 0.90954833 | L41: =$K$29*POWER(K41,2)*SQRT(G188/(POWER(G41,2)*$L$29)+J188/(POWER(J41,2)*$L$29)) -> 0.002698898
A42: 12 | C42: =OFFSET('42p stat'!$A$1,A42*20,0) -> non CUDA transp_AVX_OMP Time | D42: =OFFSET('42p trace'!$R$56,(A42-1)*56,0)-OFFSET('42p trace'!$S$56,(A42-1)*56,0) -> 66.0206 | E42: =OFFSET('42p trace'!$S$56,(A42-1)*56,0)-OFFSET('42p stat'!$H$1,A42*20,0) -> 0.123762 | F42: =OFFSET('42p stat'!$H$1,A42*20,0)-OFFSET('42p stat'!$K$1,A42*20,0) -> 7.268704 | G42: =OFFSET('42p stat'!$K$1,A42*20,0)-OFFSET('42p stat'!$N$1,A42*20,0) -> 3592.1909 | H42: =OFFSET('42p stat'!$N$1,A42*20,0) -> 281.77306 | J42: =SUM(E42:H42) -> 3881.3564 | K42: =G42/J42 -> 0.92549885 | L42: =$K$29*POWER(K42,2)*SQRT(G189/(POWER(G42,2)*$L$29)+J189/(POWER(J42,2)*$L$29)) -> 0.0028561165
A43: 13 | C43: =OFFSET('42p stat'!$A$1,A43*20,0) -> CUDA ant add CPU_AVX_transp Time | D43: =OFFSET('42p trace'!$R$56,(A43-1)*56,0)-OFFSET('42p trace'!$S$56,(A43-1)*56,0) -> 13.8128 | E43: =OFFSET('42p trace'!$S$56,(A43-1)*56,0)-OFFSET('42p stat'!$H$1,A43*20,0) -> 27.952784 | F43: =OFFSET('42p stat'!$H$1,A43*20,0)-OFFSET('42p stat'!$K$1,A43*20,0) -> 6.290891 | G43: =OFFSET('42p stat'!$K$1,A43*20,0)-OFFSET('42p stat'!$N$1,A43*20,0) -> 1602.1602 | H43: =OFFSET('42p stat'!$N$1,A43*20,0) -> 296.41793 | J43: =SUM(E43:H43) -> 1932.8218 | K43: =G43/J43 -> 0.82892287 | L43: =$K$29*POWER(K43,2)*SQRT(G190/(POWER(G43,2)*$L$29)+J190/(POWER(J43,2)*$L$29)) -> 0.0023885902
A44: 14 | C44: =OFFSET('42p stat'!$A$1,A44*20,0) -> CUDA Const | D44: =OFFSET('42p trace'!$R$56,(A44-1)*56,0)-OFFSET('42p trace'!$S$56,(A44-1)*56,0) -> 9.8744 | E44: =OFFSET('42p trace'!$S$56,(A44-1)*56,0)-OFFSET('42p stat'!$H$1,A44*20,0) -> 84.40969 | F44: =OFFSET('42p stat'!$H$1,A44*20,0)-OFFSET('42p stat'!$K$1,A44*20,0) -> 31.520899 | G44: =OFFSET('42p stat'!$K$1,A44*20,0)-OFFSET('42p stat'!$N$1,A44*20,0) -> 7364.8789 | H44: =OFFSET('42p stat'!$N$1,A44*20,0) -> 360.92772 | J44: =SUM(E44:H44) -> 7841.7372 | K44: =G44/J44 -> 0.93918971 | L44: =$K$29*POWER(K44,2)*SQRT(G250/(POWER(G44,2)*$L$29)+J250/(POWER(J44,2)*$L$29)) -> 0
A45: 15 | C45: =OFFSET('42p stat'!$A$1,A45*20,0) -> CUDA ant Const | D45: =OFFSET('42p trace'!$R$56,(A45-1)*56,0)-OFFSET('42p trace'!$S$56,(A45-1)*56,0) -> 13.9814 | E45: =OFFSET('42p trace'!$S$56,(A45-1)*56,0)-OFFSET('42p stat'!$H$1,A45*20,0) -> 45.703287 | F45: =OFFSET('42p stat'!$H$1,A45*20,0)-OFFSET('42p stat'!$K$1,A45*20,0) -> 28.891711 | G45: =OFFSET('42p stat'!$K$1,A45*20,0)-OFFSET('42p stat'!$N$1,A45*20,0) -> 1523.8178 | H45: =OFFSET('42p stat'!$N$1,A45*20,0) -> 444.13901 | J45: =SUM(E45:H45) -> 2042.5518 | K45: =G45/J45 -> 0.7460363 | L45: =$K$29*POWER(K45,2)*SQRT(G251/(POWER(G45,2)*$L$29)+J251/(POWER(J45,2)*$L$29)) -> 0
A46: 16 | C46: =OFFSET('42p stat'!$A$1,A46*20,0) -> CUDA ant par Const | D46: =OFFSET('42p trace'!$R$56,(A46-1)*56,0)-OFFSET('42p trace'!$S$56,(A46-1)*56,0) -> 13.7726 | E46: =OFFSET('42p trace'!$S$56,(A46-1)*56,0)-OFFSET('42p stat'!$H$1,A46*20,0) -> 42.295376 | F46: =OFFSET('42p stat'!$H$1,A46*20,0)-OFFSET('42p stat'!$K$1,A46*20,0) -> 28.077146 | G46: =OFFSET('42p stat'!$K$1,A46*20,0)-OFFSET('42p stat'!$N$1,A46*20,0) -> 1487.2737 | H46: =OFFSET('42p stat'!$N$1,A46*20,0) -> 440.09139 | J46: =SUM(E46:H46) -> 1997.7376 | K46: =G46/J46 -> 0.744479 | L46: =$K$29*POWER(K46,2)*SQRT(G252/(POWER(G46,2)*$L$29)+J252/(POWER(J46,2)*$L$29)) -> 0
A47: 17 | C47: =OFFSET('42p stat'!$A$1,A47*20,0) -> CUDA ant add CPU Const | D47: =OFFSET('42p trace'!$R$56,(A47-1)*56,0)-OFFSET('42p trace'!$S$56,(A47-1)*56,0) -> 13.8342 | E47: =OFFSET('42p trace'!$S$56,(A47-1)*56,0)-OFFSET('42p stat'!$H$1,A47*20,0) -> 28.14247 | F47: =OFFSET('42p stat'!$H$1,A47*20,0)-OFFSET('42p stat'!$K$1,A47*20,0) -> 5.58636 | G47: =OFFSET('42p stat'!$K$1,A47*20,0)-OFFSET('42p stat'!$N$1,A47*20,0) -> 1598.4532 | H47: =OFFSET('42p stat'!$N$1,A47*20,0) -> 334.39596 | J47: =SUM(E47:H47) -> 1966.578 | K47: =G47/J47 -> 0.81280946 | L47: =$K$29*POWER(K47,2)*SQRT(G253/(POWER(G47,2)*$L$29)+J253/(POWER(J47,2)*$L$29)) -> #VALUE!
A48: 18 | C48: =OFFSET('42p stat'!$A$1,A48*20,0) -> CUDA opt Const | D48: =OFFSET('42p trace'!$R$56,(A48-1)*56,0)-OFFSET('42p trace'!$S$56,(A48-1)*56,0) -> 10.098 | E48: =OFFSET('42p trace'!$S$56,(A48-1)*56,0)-OFFSET('42p stat'!$H$1,A48*20,0) -> 92.670707 | F48: =OFFSET('42p stat'!$H$1,A48*20,0)-OFFSET('42p stat'!$K$1,A48*20,0) -> 390.86518 | G48: =OFFSET('42p stat'!$K$1,A48*20,0)-OFFSET('42p stat'!$N$1,A48*20,0) -> 7375.8747 | H48: =OFFSET('42p stat'!$N$1,A48*20,0) -> 0 | J48: =SUM(D48:H48) -> 7869.5086 | K48: =G48/J48 -> 0.93727259 | L48: =$K$29*POWER(K48,2)*SQRT(G254/(POWER(G48,2)*$L$29)+J254/(POWER(J48,2)*$L$29)) -> 9.1929798e-05
A49: 19 | C49: =OFFSET('42p stat'!$A$1,A49*20,0) -> CUDA opt ant Const | D49: =OFFSET('42p trace'!$R$56,(A49-1)*56,0)-OFFSET('42p trace'!$S$56,(A49-1)*56,0) -> 9.8662 | E49: =OFFSET('42p trace'!$S$56,(A49-1)*56,0)-OFFSET('42p stat'!$H$1,A49*20,0) -> 47.355949 | F49: =OFFSET('42p stat'!$H$1,A49*20,0)-OFFSET('42p stat'!$K$1,A49*20,0) -> 469.82667 | G49: =OFFSET('42p stat'!$K$1,A49*20,0)-OFFSET('42p stat'!$N$1,A49*20,0) -> 1531.8682 | H49: =OFFSET('42p stat'!$N$1,A49*20,0) -> 0 | J49: =SUM(E49:H49) -> 2049.0508 | K49: =G49/J49 -> 0.74759893 | L49: =$K$29*POWER(K49,2)*SQRT(G255/(POWER(G49,2)*$L$29)+J255/(POWER(J49,2)*$L$29)) -> 7.6788673e-05
A50: 20 | C50: =OFFSET('42p stat'!$A$1,A50*20,0) -> CUDA opt ant par Const | D50: =OFFSET('42p trace'!$R$56,(A50-1)*56,0)-OFFSET('42p trace'!$S$56,(A50-1)*56,0) -> 9.792 | E50: =OFFSET('42p trace'!$S$56,(A50-1)*56,0)-OFFSET('42p stat'!$H$1,A50*20,0) -> 45.082862 | F50: =OFFSET('42p stat'!$H$1,A50*20,0)-OFFSET('42p stat'!$K$1,A50*20,0) -> 465.74155 | G50: =OFFSET('42p stat'!$K$1,A50*20,0)-OFFSET('42p stat'!$N$1,A50*20,0) -> 1487.0522 | H50: =OFFSET('42p stat'!$N$1,A50*20,0) -> 0 | J50: =SUM(E50:H50) -> 1997.8766 | K50: =G50/J50 -> 0.74431633 | L50: =$K$29*POWER(K50,2)*SQRT(G256/(POWER(G50,2)*$L$29)+J256/(POWER(J50,2)*$L$29)) -> 0.00016262678
A51: 21 | C51: =OFFSET('42p stat'!$A$1,A51*20,0) -> CUDA ant par not f | D51: =OFFSET('42p trace'!$R$56,(A51-1)*56,0)-OFFSET('42p trace'!$S$56,(A51-1)*56,0) -> 9.815 | E51: =OFFSET('42p trace'!$S$56,(A51-1)*56,0)-OFFSET('42p stat'!$H$1,A51*20,0) -> 60.772051 | F51: =OFFSET('42p stat'!$H$1,A51*20,0)-OFFSET('42p stat'!$K$1,A51*20,0) -> 29.270693 | G51: =OFFSET('42p stat'!$K$1,A51*20,0)-OFFSET('42p stat'!$N$1,A51*20,0) -> 3891.6021 | H51: =OFFSET('42p stat'!$N$1,A51*20,0) -> 439.90519 | J51: =SUM(E51:H51) -> 4421.55 | K51: =G51/J51 -> 0.88014431 | L51: =$K$29*POWER(K51,2)*SQRT(G257/(POWER(G51,2)*$L$29)+J257/(POWER(J51,2)*$L$29)) -> 7.373708e-05
A52: 22 | C52: =OFFSET('42p stat'!$A$1,A52*20,0) -> CUDA ant par sort | D52: =OFFSET('42p trace'!$R$56,(A52-1)*56,0)-OFFSET('42p trace'!$S$56,(A52-1)*56,0) -> 14.3718 | E52: =OFFSET('42p trace'!$S$56,(A52-1)*56,0)-OFFSET('42p stat'!$H$1,A52*20,0) -> 45.94624 | F52: =OFFSET('42p stat'!$H$1,A52*20,0)-OFFSET('42p stat'!$K$1,A52*20,0) -> 35.856575 | G52: =OFFSET('42p stat'!$K$1,A52*20,0)-OFFSET('42p stat'!$N$1,A52*20,0) -> 1566.4874 | H52: =OFFSET('42p stat'!$N$1,A52*20,0) -> 440.0298 | J52: =SUM(E52:H52) -> 2088.32 | K52: =G52/J52 -> 0.75011846 | L52: =$K$29*POWER(K52,2)*SQRT(G258/(POWER(G52,2)*$L$29)+J258/(POWER(J52,2)*$L$29)) -> 0.00011884729
A53: 23 | C53: =OFFSET('42p stat'!$A$1,A53*20,0) -> 0 | D53: =OFFSET('42p trace'!$R$56,(A53-1)*56,0)-OFFSET('42p trace'!$S$56,(A53-1)*56,0) -> #DIV/0! | E53: =OFFSET('42p trace'!$S$56,(A53-1)*56,0)-OFFSET('42p stat'!$H$1,A53*20,0) -> #DIV/0! | F53: =OFFSET('42p stat'!$H$1,A53*20,0)-OFFSET('42p stat'!$K$1,A53*20,0) -> 0 | G53: =OFFSET('42p stat'!$K$1,A53*20,0)-OFFSET('42p stat'!$N$1,A53*20,0) -> 0 | H53: =OFFSET('42p stat'!$N$1,A53*20,0) -> 0 | J53: =SUM(E53:H53) -> #DIV/0! | K53: =G53/J53 -> #DIV/0! | L53: =$K$29*POWER(K53,2)*SQRT(G259/(POWER(G53,2)*$L$29)+J259/(POWER(J53,2)*$L$29)) -> #DIV/0!
A54: 24 | C54: =OFFSET('42p stat'!$A$1,A54*20,0) -> 0 | D54: =OFFSET('42p trace'!$R$56,(A54-1)*56,0)-OFFSET('42p trace'!$S$56,(A54-1)*56,0) -> #DIV/0! | E54: =OFFSET('42p trace'!$S$56,(A54-1)*56,0)-OFFSET('42p stat'!$H$1,A54*20,0) -> #DIV/0! | F54: =OFFSET('42p stat'!$H$1,A54*20,0)-OFFSET('42p stat'!$K$1,A54*20,0) -> 0 | G54: =OFFSET('42p stat'!$K$1,A54*20,0)-OFFSET('42p stat'!$N$1,A54*20,0) -> 0 | H54: =OFFSET('42p stat'!$N$1,A54*20,0) -> 0 | J54: =SUM(E54:H54) -> #DIV/0! | K54: =G54/J54 -> #DIV/0! | L54: =$K$29*POWER(K54,2)*SQRT(G260/(POWER(G54,2)*$L$29)+J260/(POWER(J54,2)*$L$29)) -> #DIV/0!
A55: 25 | C55: =OFFSET('42p stat'!$A$1,A55*20,0) -> 0 | D55: =OFFSET('42p trace'!$R$56,(A55-1)*56,0)-OFFSET('42p trace'!$S$56,(A55-1)*56,0) -> #DIV/0! | E55: =OFFSET('42p trace'!$S$56,(A55-1)*56,0)-OFFSET('42p stat'!$H$1,A55*20,0) -> #DIV/0! | F55: =OFFSET('42p stat'!$H$1,A55*20,0)-OFFSET('42p stat'!$K$1,A55*20,0) -> 0 | G55: =OFFSET('42p stat'!$K$1,A55*20,0)-OFFSET('42p stat'!$N$1,A55*20,0) -> 0 | H55: =OFFSET('42p stat'!$N$1,A55*20,0) -> 0 | J55: =SUM(D55:H55) -> #DIV/0! | K55: =G55/J55 -> #DIV/0! | L55: =$K$29*POWER(K55,2)*SQRT(G261/(POWER(G55,2)*$L$29)+J261/(POWER(J55,2)*$L$29)) -> #DIV/0!
A56: 26 | C56: =OFFSET('42p stat'!$A$1,A56*20,0) -> 0 | D56: =OFFSET('42p trace'!$R$56,(A56-1)*56,0)-OFFSET('42p trace'!$S$56,(A56-1)*56,0) -> #DIV/0! | E56: =OFFSET('42p trace'!$S$56,(A56-1)*56,0)-OFFSET('42p stat'!$H$1,A56*20,0) -> #DIV/0! | F56: =OFFSET('42p stat'!$H$1,A56*20,0)-OFFSET('42p stat'!$K$1,A56*20,0) -> 0 | G56: =OFFSET('42p stat'!$K$1,A56*20,0)-OFFSET('42p stat'!$N$1,A56*20,0) -> 0 | H56: =OFFSET('42p stat'!$N$1,A56*20,0) -> 0 | J56: =SUM(E56:H56) -> #DIV/0! | K56: =G56/J56 -> #DIV/0! | L56: =$K$29*POWER(K56,2)*SQRT(G262/(POWER(G56,2)*$L$29)+J262/(POWER(J56,2)*$L$29)) -> #DIV/0!
A57: 27 | C57: =OFFSET('42p stat'!$A$1,A57*20,0) -> 0 | D57: =OFFSET('42p trace'!$R$56,(A57-1)*56,0)-OFFSET('42p trace'!$S$56,(A57-1)*56,0) -> #DIV/0! | E57: =OFFSET('42p trace'!$S$56,(A57-1)*56,0)-OFFSET('42p stat'!$H$1,A57*20,0) -> #DIV/0! | F57: =OFFSET('42p stat'!$H$1,A57*20,0)-OFFSET('42p stat'!$K$1,A57*20,0) -> 0 | G57: =OFFSET('42p stat'!$K$1,A57*20,0)-OFFSET('42p stat'!$N$1,A57*20,0) -> 0 | H57: =OFFSET('42p stat'!$N$1,A57*20,0) -> 0 | J57: =SUM(E57:H57) -> #DIV/0! | K57: =G57/J57 -> #DIV/0! | L57: =$K$29*POWER(K57,2)*SQRT(G263/(POWER(G57,2)*$L$29)+J263/(POWER(J57,2)*$L$29)) -> #DIV/0!
A58: 28 | C58: =OFFSET('42p stat'!$A$1,A58*20,0) -> 0 | D58: =OFFSET('42p trace'!$R$56,(A58-1)*56,0)-OFFSET('42p trace'!$S$56,(A58-1)*56,0) -> #DIV/0! | E58: =OFFSET('42p trace'!$S$56,(A58-1)*56,0)-OFFSET('42p stat'!$H$1,A58*20,0) -> #DIV/0! | F58: =OFFSET('42p stat'!$H$1,A58*20,0)-OFFSET('42p stat'!$K$1,A58*20,0) -> 0 | G58: =OFFSET('42p stat'!$K$1,A58*20,0)-OFFSET('42p stat'!$N$1,A58*20,0) -> 0 | H58: =OFFSET('42p stat'!$N$1,A58*20,0) -> 0 | J58: =SUM(D58:H58) -> #DIV/0! | K58: =G58/J58 -> #DIV/0! | L58: =$K$29*POWER(K58,2)*SQRT(G264/(POWER(G58,2)*$L$29)+J264/(POWER(J58,2)*$L$29)) -> #DIV/0!
A59: 29 | C59: =OFFSET('42p stat'!$A$1,A59*20,0) -> 0 | D59: =OFFSET('42p trace'!$R$56,(A59-1)*56,0)-OFFSET('42p trace'!$S$56,(A59-1)*56,0) -> #DIV/0! | E59: =OFFSET('42p trace'!$S$56,(A59-1)*56,0)-OFFSET('42p stat'!$H$1,A59*20,0) -> #DIV/0! | F59: =OFFSET('42p stat'!$H$1,A59*20,0)-OFFSET('42p stat'!$K$1,A59*20,0) -> 0 | G59: =OFFSET('42p stat'!$K$1,A59*20,0)-OFFSET('42p stat'!$N$1,A59*20,0) -> 0 | H59: =OFFSET('42p stat'!$N$1,A59*20,0) -> 0 | J59: =SUM(E59:H59) -> #DIV/0! | K59: =G59/J59 -> #DIV/0! | L59: =$K$29*POWER(K59,2)*SQRT(G265/(POWER(G59,2)*$L$29)+J265/(POWER(J59,2)*$L$29)) -> #DIV/0!
A60: 30 | C60: =OFFSET('42p stat'!$A$1,A60*20,0) -> 0 | D60: =OFFSET('42p trace'!$R$56,(A60-1)*56,0)-OFFSET('42p trace'!$S$56,(A60-1)*56,0) -> #DIV/0! | E60: =OFFSET('42p trace'!$S$56,(A60-1)*56,0)-OFFSET('42p stat'!$H$1,A60*20,0) -> #DIV/0! | F60: =OFFSET('42p stat'!$H$1,A60*20,0)-OFFSET('42p stat'!$K$1,A60*20,0) -> 0 | G60: =OFFSET('42p stat'!$K$1,A60*20,0)-OFFSET('42p stat'!$N$1,A60*20,0) -> 0 | H60: =OFFSET('42p stat'!$N$1,A60*20,0) -> 0 | J60: =SUM(E60:H60) -> #DIV/0! | K60: =G60/J60 -> #DIV/0! | L60: =$K$29*POWER(K60,2)*SQRT(G266/(POWER(G60,2)*$L$29)+J266/(POWER(J60,2)*$L$29)) -> #DIV/0!
A61: 31 | C61: =OFFSET('42p stat'!$A$1,A61*20,0) -> 0 | D61: =OFFSET('42p trace'!$R$56,(A61-1)*56,0)-OFFSET('42p trace'!$S$56,(A61-1)*56,0) -> #DIV/0! | E61: =OFFSET('42p trace'!$S$56,(A61-1)*56,0)-OFFSET('42p stat'!$H$1,A61*20,0) -> #DIV/0! | F61: =OFFSET('42p stat'!$H$1,A61*20,0)-OFFSET('42p stat'!$K$1,A61*20,0) -> 0 | G61: =OFFSET('42p stat'!$K$1,A61*20,0)-OFFSET('42p stat'!$N$1,A61*20,0) -> 0 | H61: =OFFSET('42p stat'!$N$1,A61*20,0) -> 0 | J61: =SUM(D61:H61) -> #DIV/0! | K61: =G61/J61 -> #DIV/0! | L61: =$K$29*POWER(K61,2)*SQRT(G267/(POWER(G61,2)*$L$29)+J267/(POWER(J61,2)*$L$29)) -> #DIV/0!
A62: 32 | C62: =OFFSET('42p stat'!$A$1,A62*20,0) -> 0 | D62: =OFFSET('42p trace'!$R$56,(A62-1)*56,0)-OFFSET('42p trace'!$S$56,(A62-1)*56,0) -> #DIV/0! | E62: =OFFSET('42p trace'!$S$56,(A62-1)*56,0)-OFFSET('42p stat'!$H$1,A62*20,0) -> #DIV/0! | F62: =OFFSET('42p stat'!$H$1,A62*20,0)-OFFSET('42p stat'!$K$1,A62*20,0) -> 0 | G62: =OFFSET('42p stat'!$K$1,A62*20,0)-OFFSET('42p stat'!$N$1,A62*20,0) -> 0 | H62: =OFFSET('42p stat'!$N$1,A62*20,0) -> 0 | J62: =SUM(E62:H62) -> #DIV/0! | K62: =G62/J62 -> #DIV/0! | L62: =$K$29*POWER(K62,2)*SQRT(G268/(POWER(G62,2)*$L$29)+J268/(POWER(J62,2)*$L$29)) -> #DIV/0!
A63: 33 | C63: =OFFSET('42p stat'!$A$1,A63*20,0) -> 0 | D63: =OFFSET('42p trace'!$R$56,(A63-1)*56,0)-OFFSET('42p trace'!$S$56,(A63-1)*56,0) -> #DIV/0! | E63: =OFFSET('42p trace'!$S$56,(A63-1)*56,0)-OFFSET('42p stat'!$H$1,A63*20,0) -> #DIV/0! | F63: =OFFSET('42p stat'!$H$1,A63*20,0)-OFFSET('42p stat'!$K$1,A63*20,0) -> 0 | G63: =OFFSET('42p stat'!$K$1,A63*20,0)-OFFSET('42p stat'!$N$1,A63*20,0) -> 0 | H63: =OFFSET('42p stat'!$N$1,A63*20,0) -> 0 | J63: =SUM(E63:H63) -> #DIV/0! | K63: =G63/J63 -> #DIV/0! | L63: =$K$29*POWER(K63,2)*SQRT(G269/(POWER(G63,2)*$L$29)+J269/(POWER(J63,2)*$L$29)) -> #DIV/0!
A64: 34 | C64: =OFFSET('42p stat'!$A$1,A64*20,0) -> 0 | D64: =OFFSET('42p trace'!$R$56,(A64-1)*56,0)-OFFSET('42p trace'!$S$56,(A64-1)*56,0) -> #DIV/0! | E64: =OFFSET('42p trace'!$S$56,(A64-1)*56,0)-OFFSET('42p stat'!$H$1,A64*20,0) -> #DIV/0! | F64: =OFFSET('42p stat'!$H$1,A64*20,0)-OFFSET('42p stat'!$K$1,A64*20,0) -> 0 | G64: =OFFSET('42p stat'!$K$1,A64*20,0)-OFFSET('42p stat'!$N$1,A64*20,0) -> 0 | H64: =OFFSET('42p stat'!$N$1,A64*20,0) -> 0 | J64: =SUM(D64:H64) -> #DIV/0! | K64: =G64/J64 -> #DIV/0! | L64: =$K$29*POWER(K64,2)*SQRT(G270/(POWER(G64,2)*$L$29)+J270/(POWER(J64,2)*$L$29)) -> #DIV/0!
A65: 35 | C65: =OFFSET('42p stat'!$A$1,A65*20,0) -> 0 | D65: =OFFSET('42p trace'!$R$56,(A65-1)*56,0)-OFFSET('42p trace'!$S$56,(A65-1)*56,0) -> #DIV/0! | E65: =OFFSET('42p trace'!$S$56,(A65-1)*56,0)-OFFSET('42p stat'!$H$1,A65*20,0) -> #DIV/0! | F65: =OFFSET('42p stat'!$H$1,A65*20,0)-OFFSET('42p stat'!$K$1,A65*20,0) -> 0 | G65: =OFFSET('42p stat'!$K$1,A65*20,0)-OFFSET('42p stat'!$N$1,A65*20,0) -> 0 | H65: =OFFSET('42p stat'!$N$1,A65*20,0) -> 0 | J65: =SUM(E65:H65) -> #DIV/0! | K65: =G65/J65 -> #DIV/0! | L65: =$K$29*POWER(K65,2)*SQRT(G271/(POWER(G65,2)*$L$29)+J271/(POWER(J65,2)*$L$29)) -> #DIV/0!
A66: 36 | C66: =OFFSET('42p stat'!$A$1,A66*20,0) -> CUDA opt_one_GPU | D66: =OFFSET('42p trace'!$R$56,(A66-1)*56,0)-OFFSET('42p trace'!$S$56,(A66-1)*56,0) -> #DIV/0! | E66: =OFFSET('42p trace'!$S$56,(A66-1)*56,0)-OFFSET('42p stat'!$H$1,A66*20,0) -> #DIV/0! | F66: =OFFSET('42p stat'!$H$1,A66*20,0)-OFFSET('42p stat'!$K$1,A66*20,0) -> 0 | G66: =OFFSET('42p stat'!$K$1,A66*20,0)-OFFSET('42p stat'!$N$1,A66*20,0) -> 0 | H66: =OFFSET('42p stat'!$N$1,A66*20,0) -> 0 | J66: =SUM(E66:H66) -> #DIV/0! | K66: =G66/J66 -> #DIV/0! | L66: =$K$29*POWER(K66,2)*SQRT(G272/(POWER(G66,2)*$L$29)+J272/(POWER(J66,2)*$L$29)) -> #DIV/0!
A67: 37 | C67: =OFFSET('42p stat'!$A$1,A67*20,0) -> CUDA opt_one_GPU ant | D67: =OFFSET('42p trace'!$R$56,(A67-1)*56,0)-OFFSET('42p trace'!$S$56,(A67-1)*56,0) -> #DIV/0! | E67: =OFFSET('42p trace'!$S$56,(A67-1)*56,0)-OFFSET('42p stat'!$H$1,A67*20,0) -> #DIV/0! | F67: =OFFSET('42p stat'!$H$1,A67*20,0)-OFFSET('42p stat'!$K$1,A67*20,0) -> 0 | G67: =OFFSET('42p stat'!$K$1,A67*20,0)-OFFSET('42p stat'!$N$1,A67*20,0) -> 0 | H67: =OFFSET('42p stat'!$N$1,A67*20,0) -> 0 | J67: =SUM(E67:H67) -> #DIV/0! | K67: =G67/J67 -> #DIV/0! | L67: =$K$29*POWER(K67,2)*SQRT(G273/(POWER(G67,2)*$L$29)+J273/(POWER(J67,2)*$L$29)) -> #DIV/0!
A68: 38 | C68: =OFFSET('42p stat'!$A$1,A68*20,0) -> CUDA opt_one_GPU ant local | D68: =OFFSET('42p trace'!$R$56,(A68-1)*56,0)-OFFSET('42p trace'!$S$56,(A68-1)*56,0) -> #DIV/0! | E68: =OFFSET('42p trace'!$S$56,(A68-1)*56,0)-OFFSET('42p stat'!$H$1,A68*20,0) -> #DIV/0! | F68: =OFFSET('42p stat'!$H$1,A68*20,0)-OFFSET('42p stat'!$K$1,A68*20,0) -> 0 | G68: =OFFSET('42p stat'!$K$1,A68*20,0)-OFFSET('42p stat'!$N$1,A68*20,0) -> 0 | H68: =OFFSET('42p stat'!$N$1,A68*20,0) -> 0 | J68: =SUM(E68:H68) -> #DIV/0! | K68: =G68/J68 -> #DIV/0! | L68: =$K$29*POWER(K68,2)*SQRT(G274/(POWER(G68,2)*$L$29)+J274/(POWER(J68,2)*$L$29)) -> #DIV/0!
A69: 39 | C69: =OFFSET('42p stat'!$A$1,A69*20,0) -> CUDA Const | D69: =OFFSET('42p trace'!$R$56,(A69-1)*56,0)-OFFSET('42p trace'!$S$56,(A69-1)*56,0) -> #DIV/0! | E69: =OFFSET('42p trace'!$S$56,(A69-1)*56,0)-OFFSET('42p stat'!$H$1,A69*20,0) -> #DIV/0! | F69: =OFFSET('42p stat'!$H$1,A69*20,0)-OFFSET('42p stat'!$K$1,A69*20,0) -> 23.246163 | G69: =OFFSET('42p stat'!$K$1,A69*20,0)-OFFSET('42p stat'!$N$1,A69*20,0) -> 212.80464 | H69: =OFFSET('42p stat'!$N$1,A69*20,0) -> 337.37421 | J69: =SUM(E69:H69) -> #DIV/0! | K69: =G69/J69 -> #DIV/0! | L69: =$K$29*POWER(K69,2)*SQRT(G275/(POWER(G69,2)*$L$29)+J275/(POWER(J69,2)*$L$29)) -> #DIV/0!
A70: 40 | C70: =OFFSET('42p stat'!$A$1,A70*20,0) -> CUDA ant Const | D70: =OFFSET('42p trace'!$R$56,(A70-1)*56,0)-OFFSET('42p trace'!$S$56,(A70-1)*56,0) -> #DIV/0! | E70: =OFFSET('42p trace'!$S$56,(A70-1)*56,0)-OFFSET('42p stat'!$H$1,A70*20,0) -> #DIV/0! | F70: =OFFSET('42p stat'!$H$1,A70*20,0)-OFFSET('42p stat'!$K$1,A70*20,0) -> 21.120618 | G70: =OFFSET('42p stat'!$K$1,A70*20,0)-OFFSET('42p stat'!$N$1,A70*20,0) -> 203.25281 | H70: =OFFSET('42p stat'!$N$1,A70*20,0) -> 429.44203 | J70: =SUM(E70:H70) -> #DIV/0! | K70: =G70/J70 -> #DIV/0! | L70: =$K$29*POWER(K70,2)*SQRT(G276/(POWER(G70,2)*$L$29)+J276/(POWER(J70,2)*$L$29)) -> #DIV/0!
A71: 41 | C71: =OFFSET('42p stat'!$A$1,A71*20,0) -> CUDA ant par Const | D71: =OFFSET('42p trace'!$R$56,(A71-1)*56,0)-OFFSET('42p trace'!$S$56,(A71-1)*56,0) -> #DIV/0! | E71: =OFFSET('42p trace'!$S$56,(A71-1)*56,0)-OFFSET('42p stat'!$H$1,A71*20,0) -> #DIV/0! | F71: =OFFSET('42p stat'!$H$1,A71*20,0)-OFFSET('42p stat'!$K$1,A71*20,0) -> 23.104497 | G71: =OFFSET('42p stat'!$K$1,A71*20,0)-OFFSET('42p stat'!$N$1,A71*20,0) -> 203.24498 | H71: =OFFSET('42p stat'!$N$1,A71*20,0) -> 430.98084 | J71: =SUM(E71:H71) -> #DIV/0! | K71: =G71/J71 -> #DIV/0! | L71: =$K$29*POWER(K71,2)*SQRT(G277/(POWER(G71,2)*$L$29)+J277/(POWER(J71,2)*$L$29)) -> #DIV/0!
A72: 42 | C72: =OFFSET('42p stat'!$A$1,A72*20,0) -> CUDA ant add CPU Const | D72: =OFFSET('42p trace'!$R$56,(A72-1)*56,0)-OFFSET('42p trace'!$S$56,(A72-1)*56,0) -> #DIV/0! | E72: =OFFSET('42p trace'!$S$56,(A72-1)*56,0)-OFFSET('42p stat'!$H$1,A72*20,0) -> #DIV/0! | F72: =OFFSET('42p stat'!$H$1,A72*20,0)-OFFSET('42p stat'!$K$1,A72*20,0) -> 1.217825 | G72: =OFFSET('42p stat'!$K$1,A72*20,0)-OFFSET('42p stat'!$N$1,A72*20,0) -> 244.66191 | H72: =OFFSET('42p stat'!$N$1,A72*20,0) -> 34.273009 | J72: =SUM(E72:H72) -> #DIV/0! | K72: =G72/J72 -> #DIV/0! | L72: =$K$29*POWER(K72,2)*SQRT(G278/(POWER(G72,2)*$L$29)+J278/(POWER(J72,2)*$L$29)) -> #DIV/0!
A73: 43 | C73: =OFFSET('42p stat'!$A$1,A73*20,0) -> CUDA opt Const | D73: =OFFSET('42p trace'!$R$56,(A73-1)*56,0)-OFFSET('42p trace'!$S$56,(A73-1)*56,0) -> #DIV/0! | E73: =OFFSET('42p trace'!$S$56,(A73-1)*56,0)-OFFSET('42p stat'!$H$1,A73*20,0) -> #DIV/0! | F73: =OFFSET('42p stat'!$H$1,A73*20,0)-OFFSET('42p stat'!$K$1,A73*20,0) -> 362.59012 | G73: =OFFSET('42p stat'!$K$1,A73*20,0)-OFFSET('42p stat'!$N$1,A73*20,0) -> 212.72914 | H73: =OFFSET('42p stat'!$N$1,A73*20,0) -> 0 | J73: =SUM(E73:H73) -> #DIV/0! | K73: =G73/J73 -> #DIV/0! | L73: =$K$29*POWER(K73,2)*SQRT(G279/(POWER(G73,2)*$L$29)+J279/(POWER(J73,2)*$L$29)) -> #DIV/0!
A74: 44 | C74: =OFFSET('42p stat'!$A$1,A74*20,0) -> CUDA opt ant Const | D74: =OFFSET('42p trace'!$R$56,(A74-1)*56,0)-OFFSET('42p trace'!$S$56,(A74-1)*56,0) -> #DIV/0! | E74: =OFFSET('42p trace'!$S$56,(A74-1)*56,0)-OFFSET('42p stat'!$H$1,A74*20,0) -> #DIV/0! | F74: =OFFSET('42p stat'!$H$1,A74*20,0)-OFFSET('42p stat'!$K$1,A74*20,0) -> 450.28082 | G74: =OFFSET('42p stat'!$K$1,A74*20,0)-OFFSET('42p stat'!$N$1,A74*20,0) -> 203.16555 | H74: =OFFSET('42p stat'!$N$1,A74*20,0) -> 0 | J74: =SUM(E74:H74) -> #DIV/0! | K74: =G74/J74 -> #DIV/0! | L74: =$K$29*POWER(K74,2)*SQRT(G280/(POWER(G74,2)*$L$29)+J280/(POWER(J74,2)*$L$29)) -> #DIV/0!
A75: 45 | C75: =OFFSET('42p stat'!$A$1,A75*20,0) -> CUDA opt ant par Const | D75: =OFFSET('42p trace'!$R$56,(A75-1)*56,0)-OFFSET('42p trace'!$S$56,(A75-1)*56,0) -> #DIV/0! | E75: =OFFSET('42p trace'!$S$56,(A75-1)*56,0)-OFFSET('42p stat'!$H$1,A75*20,0) -> #DIV/0! | F75: =OFFSET('42p stat'!$H$1,A75*20,0)-OFFSET('42p stat'!$K$1,A75*20,0) -> 453.60196 | G75: =OFFSET('42p stat'!$K$1,A75*20,0)-OFFSET('42p stat'!$N$1,A75*20,0) -> 203.13989 | H75: =OFFSET('42p stat'!$N$1,A75*20,0) -> 0 | J75: =SUM(E75:H75) -> #DIV/0! | K75: =G75/J75 -> #DIV/0! | L75: =$K$29*POWER(K75,2)*SQRT(G281/(POWER(G75,2)*$L$29)+J281/(POWER(J75,2)*$L$29)) -> #DIV/0!
A76: 46 | C76: =OFFSET('42p stat'!$A$1,A76*20,0) -> CUDA ant par global | D76: =OFFSET('42p trace'!$R$56,(A76-1)*56,0)-OFFSET('42p trace'!$S$56,(A76-1)*56,0) -> #DIV/0! | E76: =OFFSET('42p trace'!$S$56,(A76-1)*56,0)-OFFSET('42p stat'!$H$1,A76*20,0) -> #DIV/0! | F76: =OFFSET('42p stat'!$H$1,A76*20,0)-OFFSET('42p stat'!$K$1,A76*20,0) -> 24.188378 | G76: =OFFSET('42p stat'!$K$1,A76*20,0)-OFFSET('42p stat'!$N$1,A76*20,0) -> 206.92703 | H76: =OFFSET('42p stat'!$N$1,A76*20,0) -> 430.99495 | J76: =SUM(E76:H76) -> #DIV/0! | K76: =G76/J76 -> #DIV/0! | L76: =$K$29*POWER(K76,2)*SQRT(G282/(POWER(G76,2)*$L$29)+J282/(POWER(J76,2)*$L$29)) -> #DIV/0!
A77: 47 | C77: =OFFSET('42p stat'!$A$1,A77*20,0) -> CUDA ant add CPU Time global | D77: =OFFSET('42p trace'!$R$56,(A77-1)*56,0)-OFFSET('42p trace'!$S$56,(A77-1)*56,0) -> #DIV/0! | E77: =OFFSET('42p trace'!$S$56,(A77-1)*56,0)-OFFSET('42p stat'!$H$1,A77*20,0) -> #DIV/0! | F77: =OFFSET('42p stat'!$H$1,A77*20,0)-OFFSET('42p stat'!$K$1,A77*20,0) -> -0.341544 | G77: =OFFSET('42p stat'!$K$1,A77*20,0)-OFFSET('42p stat'!$N$1,A77*20,0) -> 255.27593 | H77: =OFFSET('42p stat'!$N$1,A77*20,0) -> 37.991386 | J77: =SUM(E77:H77) -> #DIV/0! | K77: =G77/J77 -> #DIV/0! | L77: =$K$29*POWER(K77,2)*SQRT(G288/(POWER(G77,2)*$L$29)+J288/(POWER(J77,2)*$L$29)) -> #DIV/0!
A78: 48 | C78: =OFFSET('42p stat'!$A$1,A78*20,0) -> CUDA opt ant par global | D78: =OFFSET('42p trace'!$R$56,(A78-1)*56,0)-OFFSET('42p trace'!$S$56,(A78-1)*56,0) -> #DIV/0! | E78: =OFFSET('42p trace'!$S$56,(A78-1)*56,0)-OFFSET('42p stat'!$H$1,A78*20,0) -> #DIV/0! | F78: =OFFSET('42p stat'!$H$1,A78*20,0)-OFFSET('42p stat'!$K$1,A78*20,0) -> 449.34626 | G78: =OFFSET('42p stat'!$K$1,A78*20,0)-OFFSET('42p stat'!$N$1,A78*20,0) -> 204.90231 | H78: =OFFSET('42p stat'!$N$1,A78*20,0) -> 0 | J78: =SUM(E78:H78) -> #DIV/0! | K78: =G78/J78 -> #DIV/0! | L78: =$K$29*POWER(K78,2)*SQRT(G289/(POWER(G78,2)*$L$29)+J289/(POWER(J78,2)*$L$29)) -> #DIV/0!
A79: 49 | C79: =OFFSET('42p stat'!$A$1,A79*20,0) -> Time non CUDA AVX time 4 | D79: =OFFSET('42p trace'!$R$56,(A79-1)*56,0)-OFFSET('42p trace'!$S$56,(A79-1)*56,0) -> #DIV/0! | E79: =OFFSET('42p trace'!$S$56,(A79-1)*56,0)-OFFSET('42p stat'!$H$1,A79*20,0) -> #DIV/0! | F79: =OFFSET('42p stat'!$H$1,A79*20,0)-OFFSET('42p stat'!$K$1,A79*20,0) -> 7.549032 | G79: =OFFSET('42p stat'!$K$1,A79*20,0)-OFFSET('42p stat'!$N$1,A79*20,0) -> 547.63063 | H79: =OFFSET('42p stat'!$N$1,A79*20,0) -> 37.408792 | J79: =SUM(E79:H79) -> #DIV/0! | K79: =G79/J79 -> #DIV/0! | L79: =$K$29*POWER(K79,2)*SQRT(G290/(POWER(G79,2)*$L$29)+J290/(POWER(J79,2)*$L$29)) -> #DIV/0!
A80: 50 | C80: =OFFSET('42p stat'!$A$1,A80*20,0) -> Time non CUDA AVX add CPU time 4 | D80: =OFFSET('42p trace'!$R$56,(A80-1)*56,0)-OFFSET('42p trace'!$S$56,(A80-1)*56,0) -> #DIV/0! | E80: =OFFSET('42p trace'!$S$56,(A80-1)*56,0)-OFFSET('42p stat'!$H$1,A80*20,0) -> #DIV/0! | F80: =OFFSET('42p stat'!$H$1,A80*20,0)-OFFSET('42p stat'!$K$1,A80*20,0) -> 8.31527 | G80: =OFFSET('42p stat'!$K$1,A80*20,0)-OFFSET('42p stat'!$N$1,A80*20,0) -> 252.22426 | H80: =OFFSET('42p stat'!$N$1,A80*20,0) -> 39.108624 | J80: =SUM(E80:H80) -> #DIV/0! | K80: =G80/J80 -> #DIV/0! | L80: =$K$29*POWER(K80,2)*SQRT(G291/(POWER(G80,2)*$L$29)+J291/(POWER(J80,2)*$L$29)) -> #DIV/0!
A81: 51 | C81: =OFFSET('42p stat'!$A$1,A81*20,0) -> Time non CUDA AVX time 4 | D81: =OFFSET('42p trace'!$R$56,(A81-1)*56,0)-OFFSET('42p trace'!$S$56,(A81-1)*56,0) -> #DIV/0! | E81: =OFFSET('42p trace'!$S$56,(A81-1)*56,0)-OFFSET('42p stat'!$H$1,A81*20,0) -> #DIV/0! | F81: =OFFSET('42p stat'!$H$1,A81*20,0)-OFFSET('42p stat'!$K$1,A81*20,0) -> 5.043812 | G81: =OFFSET('42p stat'!$K$1,A81*20,0)-OFFSET('42p stat'!$N$1,A81*20,0) -> 531.9074 | H81: =OFFSET('42p stat'!$N$1,A81*20,0) -> 36.622894 | J81: =SUM(E81:H81) -> #DIV/0! | K81: =G81/J81 -> #DIV/0! | L81: =$K$29*POWER(K81,2)*SQRT(G292/(POWER(G81,2)*$L$29)+J292/(POWER(J81,2)*$L$29)) -> #DIV/0!
A82: 52 | C82: =OFFSET('42p stat'!$A$1,A82*20,0) -> Time non CUDA AVX add CPU time 4 | D82: =OFFSET('42p trace'!$R$56,(A82-1)*56,0)-OFFSET('42p trace'!$S$56,(A82-1)*56,0) -> #DIV/0! | E82: =OFFSET('42p trace'!$S$56,(A82-1)*56,0)-OFFSET('42p stat'!$H$1,A82*20,0) -> #DIV/0! | F82: =OFFSET('42p stat'!$H$1,A82*20,0)-OFFSET('42p stat'!$K$1,A82*20,0) -> 5.959469 | G82: =OFFSET('42p stat'!$K$1,A82*20,0)-OFFSET('42p stat'!$N$1,A82*20,0) -> 249.12584 | H82: =OFFSET('42p stat'!$N$1,A82*20,0) -> 38.011512 | J82: =SUM(E82:H82) -> #DIV/0! | K82: =G82/J82 -> #DIV/0! | L82: =$K$29*POWER(K82,2)*SQRT(G293/(POWER(G82,2)*$L$29)+J293/(POWER(J82,2)*$L$29)) -> #DIV/0!
A83: 53 | C83: =OFFSET('42p stat'!$A$1,A83*20,0) -> CUDA ant par not f | D83: =OFFSET('42p trace'!$R$56,(A83-1)*56,0)-OFFSET('42p trace'!$S$56,(A83-1)*56,0) -> #DIV/0! | E83: =OFFSET('42p trace'!$S$56,(A83-1)*56,0)-OFFSET('42p stat'!$H$1,A83*20,0) -> #DIV/0! | F83: =OFFSET('42p stat'!$H$1,A83*20,0)-OFFSET('42p stat'!$K$1,A83*20,0) -> 22.71633 | G83: =OFFSET('42p stat'!$K$1,A83*20,0)-OFFSET('42p stat'!$N$1,A83*20,0) -> 499.86752 | H83: =OFFSET('42p stat'!$N$1,A83*20,0) -> 289.03066 | J83: =SUM(E83:H83) -> #DIV/0! | K83: =G83/J83 -> #DIV/0! | L83: =$K$29*POWER(K83,2)*SQRT(G294/(POWER(G83,2)*$L$29)+J294/(POWER(J83,2)*$L$29)) -> #DIV/0!
A84: 54 | C84: =OFFSET('42p stat'!$A$1,A84*20,0) -> CUDA ant par sort | D84: =OFFSET('42p trace'!$R$56,(A84-1)*56,0)-OFFSET('42p trace'!$S$56,(A84-1)*56,0) -> #DIV/0! | E84: =OFFSET('42p trace'!$S$56,(A84-1)*56,0)-OFFSET('42p stat'!$H$1,A84*20,0) -> #DIV/0! | F84: =OFFSET('42p stat'!$H$1,A84*20,0)-OFFSET('42p stat'!$K$1,A84*20,0) -> 28.448392 | G84: =OFFSET('42p stat'!$K$1,A84*20,0)-OFFSET('42p stat'!$N$1,A84*20,0) -> 210.54722 | H84: =OFFSET('42p stat'!$N$1,A84*20,0) -> 426.01761 | J84: =SUM(E84:H84) -> #DIV/0! | K84: =G84/J84 -> #DIV/0! | L84: =$K$29*POWER(K84,2)*SQRT(G295/(POWER(G84,2)*$L$29)+J295/(POWER(J84,2)*$L$29)) -> #DIV/0!
A85: 55 | C85: =OFFSET('42p stat'!$A$1,A85*20,0) -> Time CUDA ant par random CPU: | D85: =OFFSET('42p trace'!$R$56,(A85-1)*56,0)-OFFSET('42p trace'!$S$56,(A85-1)*56,0) -> #DIV/0! | E85: =OFFSET('42p trace'!$S$56,(A85-1)*56,0)-OFFSET('42p stat'!$H$1,A85*20,0) -> #DIV/0! | F85: =OFFSET('42p stat'!$H$1,A85*20,0)-OFFSET('42p stat'!$K$1,A85*20,0) -> 23.801443 | G85: =OFFSET('42p stat'!$K$1,A85*20,0)-OFFSET('42p stat'!$N$1,A85*20,0) -> 417.77527 | H85: =OFFSET('42p stat'!$N$1,A85*20,0) -> 428.05797 | J85: =SUM(E85:H85) -> #DIV/0! | K85: =G85/J85 -> #DIV/0! | L85: =$K$29*POWER(K85,2)*SQRT(G296/(POWER(G85,2)*$L$29)+J296/(POWER(J85,2)*$L$29)) -> #DIV/0!
A86: 56 | C86: =OFFSET('42p stat'!$A$1,A86*20,0) -> CUDA Time | D86: =OFFSET('42p trace'!$R$56,(A86-1)*56,0)-OFFSET('42p trace'!$S$56,(A86-1)*56,0) -> #DIV/0! | E86: =OFFSET('42p trace'!$S$56,(A86-1)*56,0)-OFFSET('42p stat'!$H$1,A86*20,0) -> #DIV/0! | F86: =OFFSET('42p stat'!$H$1,A86*20,0)-OFFSET('42p stat'!$K$1,A86*20,0) -> 23.161698 | G86: =OFFSET('42p stat'!$K$1,A86*20,0)-OFFSET('42p stat'!$N$1,A86*20,0) -> 213.56718 | H86: =OFFSET('42p stat'!$N$1,A86*20,0) -> 333.94958 | J86: =SUM(E86:H86) -> #DIV/0! | K86: =G86/J86 -> #DIV/0! | L86: =$K$29*POWER(K86,2)*SQRT(G297/(POWER(G86,2)*$L$29)+J297/(POWER(J86,2)*$L$29)) -> #DIV/0!
A87: 57 | C87: =OFFSET('42p stat'!$A$1,A87*20,0) -> CUDA ant par | D87: =OFFSET('42p trace'!$R$56,(A87-1)*56,0)-OFFSET('42p trace'!$S$56,(A87-1)*56,0) -> #DIV/0! | E87: =OFFSET('42p trace'!$S$56,(A87-1)*56,0)-OFFSET('42p stat'!$H$1,A87*20,0) -> #DIV/0! | F87: =OFFSET('42p stat'!$H$1,A87*20,0)-OFFSET('42p stat'!$K$1,A87*20,0) -> 22.441925 | G87: =OFFSET('42p stat'!$K$1,A87*20,0)-OFFSET('42p stat'!$N$1,A87*20,0) -> 229.10053 | H87: =OFFSET('42p stat'!$N$1,A87*20,0) -> 426.15145 | J87: =SUM(E87:H87) -> #DIV/0! | K87: =G87/J87 -> #DIV/0! | L87: =$K$29*POWER(K87,2)*SQRT(G298/(POWER(G87,2)*$L$29)+J298/(POWER(J87,2)*$L$29)) -> #DIV/0!
A88: 58 | C88: =OFFSET('42p stat'!$A$1,A88*20,0) -> CUDA ant add CPU Time | D88: =OFFSET('42p trace'!$R$56,(A88-1)*56,0)-OFFSET('42p trace'!$S$56,(A88-1)*56,0) -> #DIV/0! | E88: =OFFSET('42p trace'!$S$56,(A88-1)*56,0)-OFFSET('42p stat'!$H$1,A88*20,0) -> #DIV/0! | F88: =OFFSET('42p stat'!$H$1,A88*20,0)-OFFSET('42p stat'!$K$1,A88*20,0) -> 1.717839 | G88: =OFFSET('42p stat'!$K$1,A88*20,0)-OFFSET('42p stat'!$N$1,A88*20,0) -> 269.45388 | H88: =OFFSET('42p stat'!$N$1,A88*20,0) -> 35.820084 | J88: =SUM(E88:H88) -> #DIV/0! | K88: =G88/J88 -> #DIV/0! | L88: =$K$29*POWER(K88,2)*SQRT(G299/(POWER(G88,2)*$L$29)+J299/(POWER(J88,2)*$L$29)) -> #DIV/0!
... A100: 70 | C100: =OFFSET('42p stat'!$A$1,A100*20,0) -> 0 | D100: =OFFSET('42p trace'!$R$56,(A100-1)*56,0)-OFFSET('42p trace'!$S$56,(A100-1)*56,0) -> #DIV/0! | E100: =OFFSET('42p trace'!$S$56,(A100-1)*56,0)-OFFSET('42p stat'!$H$1,A100*20,0) -> #DIV/0! | F100: =OFFSET('42p stat'!$H$1,A100*20,0)-OFFSET('42p stat'!$K$1,A100*20,0) -> 0 | G100: =OFFSET('42p stat'!$K$1,A100*20,0)-OFFSET('42p stat'!$N$1,A100*20,0) -> 0 | H100: =OFFSET('42p stat'!$N$1,A100*20,0) -> 0 | J100: =SUM(E100:H100) -> #DIV/0! | K100: =G100/J100 -> #DIV/0! | L100: =$K$29*POWER(K100,2)*SQRT(G311/(POWER(G100,2)*$L$29)+J311/(POWER(J100,2)*$L$29)) -> #DIV/0!
D102: накопительная
D103: T_start | E103: T_Delt | F103: T1 | G103: T2 | H103: T3
A104: 1 | C104: =OFFSET('42p stat'!$A$1,A104*20,0) -> CUDA Time | D104: =OFFSET('42p trace'!$R$56,(A104-1)*56,0) -> 7828.2978 | E104: =OFFSET('42p trace'!$S$56,(A104-1)*56,0) -> 7818.6338 | F104: =OFFSET('42p stat'!$H$1,A104*20,0) -> 7731.2313 | G104: =OFFSET('42p stat'!$K$1,A104*20,0) -> 7701.5716 | H104: =OFFSET('42p stat'!$N$1,A104*20,0) -> 356.05104
A105: 2 | C105: =OFFSET('42p stat'!$A$1,A105*20,0) -> CUDA ant par | D105: =OFFSET('42p trace'!$R$56,(A105-1)*56,0) -> 2023.2886 | E105: =OFFSET('42p trace'!$S$56,(A105-1)*56,0) -> 2013.0414 | F105: =OFFSET('42p stat'!$H$1,A105*20,0) -> 1967.9814 | G105: =OFFSET('42p stat'!$K$1,A105*20,0) -> 1940.005 | H105: =OFFSET('42p stat'!$N$1,A105*20,0) -> 439.99769
A106: 3 | C106: =OFFSET('42p stat'!$A$1,A106*20,0) -> CUDA ant add CPU Time | D106: =OFFSET('42p trace'!$R$56,(A106-1)*56,0) -> 2007.2318 | E106: =OFFSET('42p trace'!$S$56,(A106-1)*56,0) -> 1997.9296 | F106: =OFFSET('42p stat'!$H$1,A106*20,0) -> 1959.5205 | G106: =OFFSET('42p stat'!$K$1,A106*20,0) -> 1963.8395 | H106: =OFFSET('42p stat'!$N$1,A106*20,0) -> 338.65558
A107: 4 | C107: =OFFSET('42p stat'!$A$1,A107*20,0) -> CUDA opt Time | D107: =OFFSET('42p trace'!$R$56,(A107-1)*56,0) -> 7879.1992 | E107: =OFFSET('42p trace'!$S$56,(A107-1)*56,0) -> 7869.5176 | F107: =OFFSET('42p stat'!$H$1,A107*20,0) -> 7776.0951 | G107: =OFFSET('42p stat'!$K$1,A107*20,0) -> 7383.976 | H107: =OFFSET('42p stat'!$N$1,A107*20,0) -> 0
A108: 5 | C108: =OFFSET('42p stat'!$A$1,A108*20,0) -> CUDA opt ant | D108: =OFFSET('42p trace'!$R$56,(A108-1)*56,0) -> 2068.1136 | E108: =OFFSET('42p trace'!$S$56,(A108-1)*56,0) -> 2058.6366 | F108: =OFFSET('42p stat'!$H$1,A108*20,0) -> 2014.8099 | G108: =OFFSET('42p stat'!$K$1,A108*20,0) -> 1545.5507 | H108: =OFFSET('42p stat'!$N$1,A108*20,0) -> 0
A109: 6 | C109: =OFFSET('42p stat'!$A$1,A109*20,0) -> CUDA opt ant par | D109: =OFFSET('42p trace'!$R$56,(A109-1)*56,0) -> 2023.5202 | E109: =OFFSET('42p trace'!$S$56,(A109-1)*56,0) -> 2014.0572 | F109: =OFFSET('42p stat'!$H$1,A109*20,0) -> 1966.2635 | G109: =OFFSET('42p stat'!$K$1,A109*20,0) -> 1499.4253 | H109: =OFFSET('42p stat'!$N$1,A109*20,0) -> 0
A110: 7 | C110: =OFFSET('42p stat'!$A$1,A110*20,0) -> non CUDA Time | D110: =OFFSET('42p trace'!$R$56,(A110-1)*56,0) -> 3890.506 | E110: =OFFSET('42p trace'!$S$56,(A110-1)*56,0) -> 3824.421 | F110: =OFFSET('42p stat'!$H$1,A110*20,0) -> 3824.2909 | G110: =OFFSET('42p stat'!$K$1,A110*20,0) -> 3818.2222 | H110: =OFFSET('42p stat'!$N$1,A110*20,0) -> 280.25292
A111: 8 | C111: =OFFSET('42p stat'!$A$1,A111*20,0) -> Classic ACO | D111: =OFFSET('42p trace'!$R$56,(A111-1)*56,0) -> 51420.708 | E111: =OFFSET('42p trace'!$S$56,(A111-1)*56,0) -> 46494.676 | F111: =OFFSET('42p stat'!$H$1,A111*20,0) -> 46336.547 | G111: =OFFSET('42p stat'!$K$1,A111*20,0) -> 46321.417 | H111: =OFFSET('42p stat'!$N$1,A111*20,0) -> 860.27729
A112: 9 | C112: =OFFSET('42p stat'!$A$1,A112*20,0) -> omp | D112: =OFFSET('42p trace'!$R$56,(A112-1)*56,0) -> 3843.4804 | E112: =OFFSET('42p trace'!$S$56,(A112-1)*56,0) -> 3778.2332 | F112: =OFFSET('42p stat'!$H$1,A112*20,0) -> 3778.1056 | G112: =OFFSET('42p stat'!$K$1,A112*20,0) -> 3772.1775 | H112: =OFFSET('42p stat'!$N$1,A112*20,0) -> 269.89154
A113: 10 | C113: =OFFSET('42p stat'!$A$1,A113*20,0) -> non CUDA transp Time | D113: =OFFSET('42p trace'!$R$56,(A113-1)*56,0) -> 3872.1742 | E113: =OFFSET('42p trace'!$S$56,(A113-1)*56,0) -> 3806.2924 | F113: =OFFSET('42p stat'!$H$1,A113*20,0) -> 3806.1656 | G113: =OFFSET('42p stat'!$K$1,A113*20,0) -> 3797.8514 | H113: =OFFSET('42p stat'!$N$1,A113*20,0) -> 252.77396
...

Sheet 84p stat
A2: CUDA Time | B2: 1 | C2: 25 | D2: Duration Mean: | E2: 0 | F2: 0 | G2: GPU Time 1 Mean: | H2: 774.03241 | I2: 3.533422 | J2: GPU Time 2 Mean: | K2: 772.38738 | L2: 3.575741 | M2: GPU Time 3 Mean: | N2: 35.653375 | O2: 0.009701 | P2: GPU Time 4 Mean: | Q2: 0 | R2: 0 | S2: GPU Time 5 Mean: | T2: 0 | U2: 0 | V2: GPU Time 6 Mean: | W2: 0 | X2: 0 | Y2: GPU Time 7 Mean: | Z2: 0 | AA2: 0 | AB2: GPU Time 8 Mean: | AC2: 0 | AD2: 0 | AE2: Global Min Mean: | AF2: 1 | AG2: 0 | AH2: Global Max Mean: | AI2: 1 | AJ2: 0 | AK2: Hash Fail Count Mean: | AL2: 0 | AM2: 0
A3: CUDA Time | B3: 2 | C3: 50 | D3: Duration Mean: | E3: 0 | F3: 0 | G3: GPU Time 1 Mean: | H3: 1548.0552 | I3: 14.264774 | J3: GPU Time 2 Mean: | K3: 1544.7685 | L3: 14.307768 | M3: GPU Time 3 Mean: | N3: 71.306167 | O3: 0.03803 | P3: GPU Time 4 Mean: | Q3: 0 | R3: 0 | S3: GPU Time 5 Mean: | T3: 0 | U3: 0 | V3: GPU Time 6 Mean: | W3: 0 | X3: 0 | Y3: GPU Time 7 Mean: | Z3: 0 | AA3: 0 | AB3: GPU Time 8 Mean: | AC3: 0 | AD3: 0 | AE3: Global Min Mean: | AF3: 1 | AG3: 0 | AH3: Global Max Mean: | AI3: 1 | AJ3: 0 | AK3: Hash Fail Count Mean: | AL3: 0 | AM3: 0
A4: CUDA Time | B4: 3 | C4: 75 | D4: Duration Mean: | E4: 0 | F4: 0 | G4: GPU Time 1 Mean: | H4: 2322.0739 | I4: 32.244951 | J4: GPU Time 2 Mean: | K4: 2317.1558 | L4: 32.153304 | M4: GPU Time 3 Mean: | N4: 106.96004 | O4: 0.085243 | P4: GPU Time 4 Mean: | Q4: 0 | R4: 0 | S4: GPU Time 5 Mean: | T4: 0 | U4: 0 | V4: GPU Time 6 Mean: | W4: 0 | X4: 0 | Y4: GPU Time 7 Mean: | Z4: 0 | AA4: 0 | AB4: GPU Time 8 Mean: | AC4: 0 | AD4: 0 | AE4: Global Min Mean: | AF4: 1 | AG4: 0 | AH4: Global Max Mean: | AI4: 1 | AJ4: 0 | AK4: Hash Fail Count Mean: | AL4: 0 | AM4: 0
A5: CUDA Time | B5: 4 | C5: 100 | D5: Duration Mean: | E5: 0 | F5: 0 | G5: GPU Time 1 Mean: | H5: 3096.0992 | I5: 57.136123 | J5: GPU Time 2 Mean: | K5: 3089.5573 | L5: 57.000026 | M5: GPU Time 3 Mean: | N5: 142.61418 | O5: 0.150817 | P5: GPU Time 4 Mean: | Q5: 0 | R5: 0 | S5: GPU Time 5 Mean: | T5: 0 | U5: 0 | V5: GPU Time 6 Mean: | W5: 0 | X5: 0 | Y5: GPU Time 7 Mean: | Z5: 0 | AA5: 0 | AB5: GPU Time 8 Mean: | AC5: 0 | AD5: 0 | AE5: Global Min Mean: | AF5: 1 | AG5: 0 | AH5: Global Max Mean: | AI5: 1 | AJ5: 0 | AK5: Hash Fail Count Mean: | AL5: 0 | AM5: 0
A6: CUDA Time | B6: 5 | C6: 125 | D6: Duration Mean: | E6: 0 | F6: 0 | G6: GPU Time 1 Mean: | H6: 3870.2383 | I6: 85.046265 | J6: GPU Time 2 Mean: | K6: 3862.0684 | L6: 84.632646 | M6: GPU Time 3 Mean: | N6: 178.27412 | O6: 0.224444 | P6: GPU Time 4 Mean: | Q6: 0 | R6: 0 | S6: GPU Time 5 Mean: | T6: 0 | U6: 0 | V6: GPU Time 6 Mean: | W6: 0 | X6: 0 | Y6: GPU Time 7 Mean: | Z6: 0 | AA6: 0 | AB6: GPU Time 8 Mean: | AC6: 0 | AD6: 0 | AE6: Global Min Mean: | AF6: 1 | AG6: 0 | AH6: Global Max Mean: | AI6: 1 | AJ6: 0 | AK6: Hash Fail Count Mean: | AL6: 0 | AM6: 0
A7: CUDA Time | B7: 6 | C7: 150 | D7: Duration Mean: | E7: 0 | F7: 0 | G7: GPU Time 1 Mean: | H7: 4644.389 | I7: 119.18917 | J7: GPU Time 2 Mean: | K7: 4634.5858 | L7: 118.54928 | M7: GPU Time 3 Mean: | N7: 213.93373 | O7: 0.315216 | P7: GPU Time 4 Mean: | Q7: 0 | R7: 0 | S7: GPU Time 5 Mean: | T7: 0 | U7: 0 | V7: GPU Time 6 Mean: | W7: 0 | X7: 0 | Y7: GPU Time 7 Mean: | Z7: 0 | AA7: 0 | AB7: GPU Time 8 Mean: | AC7: 0 | AD7: 0 | AE7: Global Min Mean: | AF7: 1 | AG7: 0 | AH7: Global Max Mean: | AI7: 1 | AJ7: 0 | AK7: Hash Fail Count Mean: | AL7: 0 | AM7: 0
A8: CUDA Time | B8: 7 | C8: 175 | D8: Duration Mean: | E8: 0 | F8: 0 | G8: GPU Time 1 Mean: | H8: 5418.5531 | I8: 159.40052 | J8: GPU Time 2 Mean: | K8: 5407.1097 | L8: 158.64175 | M8: GPU Time 3 Mean: | N8: 249.59357 | O8: 0.421921 | P8: GPU Time 4 Mean: | Q8: 0 | R8: 0 | S8: GPU Time 5 Mean: | T8: 0 | U8: 0 | V8: GPU Time 6 Mean: | W8: 0 | X8: 0 | Y8: GPU Time 7 Mean: | Z8: 0 | AA8: 0 | AB8: GPU Time 8 Mean: | AC8: 0 | AD8: 0 | AE8: Global Min Mean: | AF8: 1 | AG8: 0 | AH8: Global Max Mean: | AI8: 1 | AJ8: 0 | AK8: Hash Fail Count Mean: | AL8: 0 | AM8: 0
A9: CUDA Time | B9: 8 | C9: 200 | D9: Duration Mean: | E9: 0 | F9: 0 | G9: GPU Time 1 Mean: | H9: 6192.7172 | I9: 206.69705 | J9: GPU Time 2 Mean: | K9: 6179.6362 | L9: 205.13276 | M9: GPU Time 3 Mean: | N9: 285.25246 | O9: 0.545086 | P9: GPU Time 4 Mean: | Q9: 0 | R9: 0 | S9: GPU Time 5 Mean: | T9: 0 | U9: 0 | V9: GPU Time 6 Mean: | W9: 0 | X9: 0 | Y9: GPU Time 7 Mean: | Z9: 0 | AA9: 0 | AB9: GPU Time 8 Mean: | AC9: 0 | AD9: 0 | AE9: Global Min Mean: | AF9: 1 | AG9: 0 | AH9: Global Max Mean: | AI9: 1 | AJ9: 0 | AK9: Hash Fail Count Mean: | AL9: 0 | AM9: 0
A10: CUDA Time | B10: 9 | C10: 225 | D10: Duration Mean: | E10: 0 | F10: 0 | G10: GPU Time 1 Mean: | H10: 6966.929 | I10: 260.38645 | J10: GPU Time 2 Mean: | K10: 6952.1693 | L10: 257.94292 | M10: GPU Time 3 Mean: | N10: 320.91194 | O10: 0.685078 | P10: GPU Time 4 Mean: | Q10: 0 | R10: 0 | S10: GPU Time 5 Mean: | T10: 0 | U10: 0 | V10: GPU Time 6 Mean: | W10: 0 | X10: 0 | Y10: GPU Time 7 Mean: | Z10: 0 | AA10: 0 | AB10: GPU Time 8 Mean: | AC10: 0 | AD10: 0 | AE10: Global Min Mean: | AF10: 1 | AG10: 0 | AH10: Global Max Mean: | AI10: 1 | AJ10: 0 | AK10: Hash Fail Count Mean: | AL10: 0 | AM10: 0
A11: CUDA Time | B11: 10 | C11: 250 | D11: Duration Mean: | E11: 0 | F11: 0 | G11: GPU Time 1 Mean: | H11: 7741.0947 | I11: 319.71802 | J11: GPU Time 2 Mean: | K11: 7724.7074 | L11: 316.79376 | M11: GPU Time 3 Mean: | N11: 356.57032 | O11: 0.84196 | P11: GPU Time 4 Mean: | Q11: 0 | R11: 0 | S11: GPU Time 5 Mean: | T11: 0 | U11: 0 | V11: GPU Time 6 Mean: | W11: 0 | X11: 0 | Y11: GPU Time 7 Mean: | Z11: 0 | AA11: 0 | AB11: GPU Time 8 Mean: | AC11: 0 | AD11: 0 | AE11: Global Min Mean: | AF11: 1 | AG11: 0 | AH11: Global Max Mean: | AI11: 1 | AJ11: 0 | AK11: Hash Fail Count Mean: | AL11: 0 | AM11: 0
A12: CUDA Time | B12: 11 | C12: 275 | D12: Duration Mean: | E12: 0 | F12: 0 | G12: GPU Time 1 Mean: | H12: 8515.3297 | I12: 385.14309 | J12: GPU Time 2 Mean: | K12: 8497.2551 | L12: 382.0995 | M12: GPU Time 3 Mean: | N12: 392.23034 | O12: 1.013787 | P12: GPU Time 4 Mean: | Q12: 0 | R12: 0 | S12: GPU Time 5 Mean: | T12: 0 | U12: 0 | V12: GPU Time 6 Mean: | W12: 0 | X12: 0 | Y12: GPU Time 7 Mean: | Z12: 0 | AA12: 0 | AB12: GPU Time 8 Mean: | AC12: 0 | AD12: 0 | AE12: Global Min Mean: | AF12: 1 | AG12: 0 | AH12: Global Max Mean: | AI12: 1 | AJ12: 0 | AK12: Hash Fail Count Mean: | AL12: 0 | AM12: 0
A13: CUDA Time | B13: 12 | C13: 300 | D13: Duration Mean: | E13: 0 | F13: 0 | G13: GPU Time 1 Mean: | H13: 9289.5126 | I13: 457.1399 | J13: GPU Time 2 Mean: | K13: 9269.8081 | L13: 453.4305 | M13: GPU Time 3 Mean: | N13: 427.88953 | O13: 1.199749 | P13: GPU Time 4 Mean: | Q13: 0 | R13: 0 | S13: GPU Time 5 Mean: | T13: 0 | U13: 0 | V13: GPU Time 6 Mean: | W13: 0 | X13: 0 | Y13: GPU Time 7 Mean: | Z13: 0 | AA13: 0 | AB13: GPU Time 8 Mean: | AC13: 0 | AD13: 0 | AE13: Global Min Mean: | AF13: 1 | AG13: 0 | AH13: Global Max Mean: | AI13: 1 | AJ13: 0 | AK13: Hash Fail Count Mean: | AL13: 0 | AM13: 0
... A441: CUDA ant par sort | B441: 20 | C441: 500 | D441: Duration Mean: | E441: 0 | F441: 0 | G441: GPU Time 1 Mean: | H441: 2536.5865 | I441: 0.477619 | J441: GPU Time 2 Mean: | K441: 2500.4842 | L441: 0.016922 | M441: GPU Time 3 Mean: | N441: 875.93986 | O441: 0.00325 | P441: GPU Time 4 Mean: | Q441: 0 | R441: 0 | S441: GPU Time 5 Mean: | T441: 0 | U441: 0 | V441: GPU Time 6 Mean: | W441: 0 | X441: 0 | Y441: GPU Time 7 Mean: | Z441: 0 | AA441: 0 | AB441: GPU Time 8 Mean: | AC441: 0 | AD441: 0 | AE441: Global Min Mean: | AF441: 32767 | AG441: 0 | AH441: Global Max Mean: | AI441: -32767 | AJ441: 0 | AK441: Hash Fail Count Mean: | AL441: 0 | AM441: 0

Sheet 84p trace
A1: Device 0: NVIDIA GeForce RTX 3060 Laptop GPU | B1: Max thread in blocks: 1024 Total Global Memory: 6143,5 MB Shared Memory per Block: 49152 bytes Constant Memory: 65536 bytes Registers per Block: 65536 Warp Size: 32 Compute Capability: 8,6 Can Map Host Memory: Yes Clock Rate: 1425 MHz L2 Cache Size: 3145728 bytes Multiprocessor Count: 30 | C1: Max thread in blocks by axis: (1024, 1024, 64) | D1: Max blocks by axis: (2147483647, 65535, 65535) | E1: PARAMETR_SIZE: 336 | F1: PARAMETR_SIZE_ONE_X: 21 | G1: MAX_VALUE_SIZE: 5 | H1: NAME_FILE_GRAPH: Parametr_Graph/test336,txt | I1: ANT_SIZE: 1000 | J1: KOL_ITERATION: 500 | K1: KOL_PROGON_STATISTICS: 50 | L1: PARAMETR_Q: 1 | M1: PARAMETR_RO: 0,999 | N1: TYPE_ACO: 1 | O1: ACOCCyN_KOL_ITERATION: 50 | P1: FUNCTION: SHAFFERA
A2: Time CUDA Time: | B2: 16103.4 | C2: 15445.1 | D2: 15353.7 | E2: 15319.1 | F2: 708.998 | G2: 0 | H2: 708.998 | I2: 1 | J2: 1 | K2: 0
A3: Time CUDA Time: | B3: 15441.8 | C3: 15431.6 | D3: 15335.6 | E3: 15302.7 | F3: 707.577 | G3: 0 | H3: 707.577 | I3: 1 | J3: 1 | K3: 0
A4: Time CUDA Time: | B4: 15444.4 | C4: 15434.3 | D4: 15337.6 | E4: 15305.1 | F4: 707.625 | G4: 0 | H4: 707.625 | I4: 1 | J4: 1 | K4: 0
A5: Time CUDA Time: | B5: 15465.6 | C5: 15455.5 | D5: 15361.7 | E5: 15328.1 | F5: 707.964 | G5: 0 | H5: 707.964 | I5: 1 | J5: 1 | K5: 0
A6: Time CUDA Time: | B6: 15494.3 | C6: 15484.1 | D6: 15389.2 | E6: 15355.9 | F6: 708.317 | G6: 0 | H6: 708.317 | I6: 1 | J6: 1 | K6: 0
A7: Time CUDA Time: | B7: 15484.7 | C7: 15474.2 | D7: 15387.6 | E7: 15355.4 | F7: 708.296 | G7: 0 | H7: 708.296 | I7: 1 | J7: 1 | K7: 0
A8: Time CUDA Time: | B8: 15495 | C8: 15485.2 | D8: 15387 | E8: 15355.2 | F8: 708.234 | G8: 0 | H8: 708.234 | I8: 1 | J8: 1 | K8: 0
A9: Time CUDA Time: | B9: 15485.6 | C9: 15475.4 | D9: 15386.8 | E9: 15354.9 | F9: 708.259 | G9: 0 | H9: 708.259 | I9: 1 | J9: 1 | K9: 0
A10: Time CUDA Time: | B10: 15487.2 | C10: 15476.8 | D10: 15387.3 | E10: 15354.4 | F10: 708.238 | G10: 0 | H10: 708.238 | I10: 1 | J10: 1 | K10: 0
A11: Time CUDA Time: | B11: 15488.4 | C11: 15478.9 | D11: 15390.1 | E11: 15355.2 | F11: 708.232 | G11: 0 | H11: 708.232 | I11: 1 | J11: 1 | K11: 0
A12: Time CUDA Time: | B12: 15490.1 | C12: 15480.1 | D12: 15387.6 | E12: 15355.4 | F12: 708.277 | G12: 0 | H12: 708.277 | I12: 1 | J12: 1 | K12: 0
A13: Time CUDA Time: | B13: 15575.1 | C13: 15565.2 | D13: 15474.9 | E13: 15443.1 | F13: 712.792 | G13: 0 | H13: 712.792 | I13: 1 | J13: 1 | K13: 0
... A54: Time CUDA Time: | B54: 15592.9 | C54: 15582.5 | D54: 15496.9 | E54: 15464.1 | F54: 713.854 | G54: 0 | H54: 713.854 | I54: 1 | J54: 1 | K54: 0
A55: Time CUDA Time: | B55: 15598 | C55: 15588.2 | D55: 15496.7 | E55: 15463.7 | F55: 713.837 | G55: 0 | H55: 713.837 | I55: 1 | J55: 1 | K55: 0 | R55: МО | U55: дисп | X55: CI
A56: Time CUDA Time: | B56: 15604.4 | C56: 15593.4 | D56: 15496.6 | E56: 15463.6 | F56: 713.836 | G56: 0 | H56: 713.836 | I56: 1 | J56: 1 | K56: 0 | R56: =AVERAGE(B7:B56) -> 15584.634 | S56: =AVERAGE(C7:C56) -> 15574.418 | U56: =_xlfn.VAR.P(B7:B56) -> 1284.723 | V56: =_xlfn.VAR.P(C7:C56) -> 1279.9567 | X56: =1.96*SQRT(U56)/50 -> 1.4050469 | Y56: =1.96*SQRT(V56)/50 -> 1.4024381
A57: Time CUDA time: | B57: 779290.84 | C57: sec
A58: Time CUDA ant par: | B58: 2549.06 | C58: 2539.14 | D58: 2483.34 | E58: 2451.7 | F58: 882.438 | G58: 0.0542287 | H58: 0.931829 | I58: 0
A59: Time CUDA ant par: | B59: 2551.22 | C59: 2537.32 | D59: 2482.86 | E59: 2451.31 | F59: 882.346 | G59: 0.0644604 | H59: 0.958558 | I59: 0
A60: Time CUDA ant par: | B60: 2551.61 | C60: 2535.87 | D60: 2482.85 | E60: 2451.36 | F60: 882.327 | G60: 0.0540895 | H60: 0.930861 | I60: 0
A61: Time CUDA ant par: | B61: 2538.49 | C61: 2524.22 | D61: 2479.53 | E61: 2451.5 | F61: 882.345 | G61: 0.0539825 | H61: 0.931832 | I61: 0
A62: Time CUDA ant par: | B62: 2552.36 | C62: 2538.57 | D62: 2483.14 | E62: 2451.41 | F62: 882.366 | G62: 0.0542993 | H62: 0.93183 | I62: 0
A63: Time CUDA ant par: | B63: 2533.66 | C63: 2519.38 | D63: 2478.7 | E63: 2451.45 | F63: 882.349 | G63: 0.0568099 | H63: 0.931608 | I63: 0
A64: Time CUDA ant par: | B64: 2538.03 | C64: 2523.75 | D64: 2479.25 | E64: 2451.43 | F64: 882.338 | G64: 0.0566913 | H64: 0.931837 | I64: 0
A65: Time CUDA ant par: | B65: 2532.86 | C65: 2518.39 | D65: 2478.43 | E65: 2451.56 | F65: 882.348 | G65: 0.0620742 | H65: 0.956831 | I65: 0
A66: Time CUDA ant par: | B66: 2552.44 | C66: 2538.22 | D66: 2483.63 | E66: 2451.3 | F66: 882.352 | G66: 0.0689381 | H66: 0.957734 | I66: 0
A67: Time CUDA ant par: | B67: 2547.31 | C67: 2534.61 | D67: 2482.42 | E67: 2451.42 | F67: 882.386 | G67: 0.0541843 | H67: 0.941211 | I67: 0
A68: Time CUDA ant par: | B68: 2534.67 | C68: 2519.84 | D68: 2478.98 | E68: 2451.66 | F68: 882.412 | G68: 0.0571245 | H68: 0.95858 | I68: 0
A69: Time CUDA ant par: | B69: 2552.96 | C69: 2538.69 | D69: 2483.23 | E69: 2451.51 | F69: 882.387 | G69: 0.0539387 | H69: 0.942101 | I69: 0
... A110: Time CUDA ant par: | B110: 2526.03 | C110: 2511.07 | D110: 2462.97 | E110: 2433.79 | F110: 875.807 | G110: 0.0540903 | H110: 0.931245 | I110: 0
A111: Time CUDA ant par: | B111: 2523.25 | C111: 2510.56 | D111: 2462.62 | E111: 2434.06 | F111: 875.731 | G111: 0.0605188 | H111: 0.948924 | I111: 0 | R111: МО | U111: дисп | X111: CI
A112: Time CUDA ant par: | B112: 2527.82 | C112: 2513.81 | D112: 2463.14 | E112: 2433.7 | F112: 875.796 | G112: 0.0541333 | H112: 0.931834 | I112: 0 | R112: =AVERAGE(B63:B112) -> 2539.3778 | S112: =AVERAGE(C63:C112) -> 2525.2674 | U112: =_xlfn.VAR.P(B63:B112) -> 51.436229 | V112: =_xlfn.VAR.P(C63:C112) -> 52.961323 | X112: =1.96*SQRT(U112)/50 -> 0.2811387 | Y112: =1.96*SQRT(V112)/50 -> 0.28527616
A113: Time CUDA ant par: | B113: 127072.44 | C113: sec
A114: Time CUDA ant add CPU Time: | B114: 2435.54 | C114: 2420.95 | D114: 2387.05 | E114: 2383.64 | F114: 660.299 | G114: 0.0546762 | H114: 0.947285 | I114: 0
A115: Time CUDA ant add CPU Time: | B115: 2409.44 | C115: 2395.92 | D115: 2360.93 | E115: 2357.77 | F115: 635.09 | G115: 0.0543271 | H115: 0.958909 | I115: 0
A116: Time CUDA ant add CPU Time: | B116: 2439.15 | C116: 2424.35 | D116: 2391.32 | E116: 2387.95 | F116: 664.449 | G116: 0.0545394 | H116: 0.931836 | I116: 0
A117: Time CUDA ant add CPU Time: | B117: 2416.17 | C117: 2401.73 | D117: 2368.96 | E117: 2366.1 | F117: 645.845 | G117: 0.0541316 | H117: 0.931821 | I117: 0
A118: Time CUDA ant add CPU Time: | B118: 2422.81 | C118: 2408.5 | D118: 2377.37 | E118: 2374.81 | F118: 658.271 | G118: 0.0562372 | H118: 0.95658 | I118: 0
A119: Time CUDA ant add CPU Time: | B119: 2387.18 | C119: 2373.35 | D119: 2340.28 | E119: 2338.33 | F119: 622.779 | G119: 0.0539968 | H119: 0.931806 | I119: 0
A120: Time CUDA ant add CPU Time: | B120: 2391.68 | C120: 2377.35 | D120: 2343.56 | E120: 2341.59 | F120: 622.101 | G120: 0.05474 | H120: 0.931403 | I120: 0
A121: Time CUDA ant add CPU Time: | B121: 2427.59 | C121: 2405.02 | D121: 2371.19 | E121: 2368.23 | F121: 648.462 | G121: 0.0545874 | H121: 0.931828 | I121: 0
A122: Time CUDA ant add CPU Time: | B122: 2419.9 | C122: 2405.83 | D122: 2372.85 | E122: 2370.64 | F122: 651.145 | G122: 0.0539142 | H122: 0.93183 | I122: 0
A123: Time CUDA ant add CPU Time: | B123: 2415.64 | C123: 2401.51 | D123: 2369.12 | E123: 2366.45 | F123: 648.48 | G123: 0.0541462 | H123: 0.931836 | I123: 0
A124: Time CUDA ant add CPU Time: | B124: 2426.92 | C124: 2411.55 | D124: 2373.63 | E124: 2369.53 | F124: 639.282 | G124: 0.0542537 | H124: 0.931831 | I124: 0
A125: Time CUDA ant add CPU Time: | B125: 2423.34 | C125: 2409 | D125: 2372.74 | E125: 2369.69 | F125: 644.444 | G125: 0.0542961 | H125: 0.931801 | I125: 0
... A166: Time CUDA ant add CPU Time: | B166: 2417.74 | C166: 2403.62 | D166: 2375.18 | E166: 2372.96 | F166: 663.077 | G166: 0.0542136 | H166: 0.949421 | I166: 0
A167: Time CUDA ant add CPU Time: | B167: 2415.24 | C167: 2401.82 | D167: 2374.75 | E167: 2373.21 | F167: 665.016 | G167: 0.0304879 | H167: 0.93183 | I167: 0 | R167: МО | U167: дисп | X167: CI
A168: Time CUDA ant add CPU Time: | B168: 2441.95 | C168: 2426.82 | D168: 2388.78 | E168: 2384.59 | F168: 656.951 | G168: 0.0602656 | H168: 0.956182 | I168: 0 | R168: =AVERAGE(B119:B168) -> 2418.0768 | S168: =AVERAGE(C119:C168) -> 2403.8318 | U168: =_xlfn.VAR.P(B119:B168) -> 184.32404 | V168: =_xlfn.VAR.P(C119:C168) -> 183.74366 | X168: =1.96*SQRT(U168)/50 -> 0.53220268 | Y168: =1.96*SQRT(V168)/50 -> 0.53136415
A169: Time CUDA ant add CPU Time: | B169: 121006.46 | C169: sec
A170: Time CUDA opt Time: | B170: 15498.6 | C170: 15488.6 | D170: 15393.4 | E170: 14649.1 | F170: 0 | G170: 0.5 | H170: 1 | I170: 0
A171: Time CUDA opt Time: | B171: 15531.6 | C171: 15521.5 | D171: 15420.1 | E171: 14677.7 | F171: 0 | G171: 0.5 | H171: 1 | I171: 0
A172: Time CUDA opt Time: | B172: 15610.9 | C172: 15599.4 | D172: 15499.6 | E172: 14753.8 | F172: 0 | G172: 0.5 | H172: 1 | I172: 0
A173: Time CUDA opt Time: | B173: 15608.1 | C173: 15598 | D173: 15499.8 | E173: 14753.8 | F173: 0 | G173: 0.5 | H173: 1 | I173: 0
A174: Time CUDA opt Time: | B174: 15606.9 | C174: 15596.7 | D174: 15499.2 | E174: 14753.5 | F174: 0 | G174: 0.5 | H174: 1 | I174: 0
A175: Time CUDA opt Time: | B175: 15608.1 | C175: 15597.8 | D175: 15499.3 | E175: 14753.3 | F175: 0 | G175: 0.5 | H175: 1 | I175: 0
A176: Time CUDA opt Time: | B176: 15614.9 | C176: 15604.7 | D176: 15500.7 | E176: 14753.8 | F176: 0 | G176: 0.5 | H176: 1 | I176: 0
A177: Time CUDA opt Time: | B177: 15613.8 | C177: 15603.9 | D177: 15500.4 | E177: 14753.2 | F177: 0 | G177: 0.5 | H177: 1 | I177: 0
A178: Time CUDA opt Time: | B178: 15616.2 | C178: 15606.2 | D178: 15500.2 | E178: 14753 | F178: 0 | G178: 0.5 | H178: 1 | I178: 0
A179: Time CUDA opt Time: | B179: 15615.7 | C179: 15605.2 | D179: 15499.6 | E179: 14753.3 | F179: 0 | G179: 0.5 | H179: 1 | I179: 0
A180: Time CUDA opt Time: | B180: 15609.3 | C180: 15598.9 | D180: 15498.3 | E180: 14752.9 | F180: 0 | G180: 0.5 | H180: 1 | I180: 0
A181: Time CUDA opt Time: | B181: 15608.2 | C181: 15597.8 | D181: 15499.9 | E181: 14752.7 | F181: 0 | G181: 0.5 | H181: 1 | I181: 0
... A222: Time CUDA opt Time: | B222: 15612.1 | C222: 15601.9 | D222: 15499.1 | E222: 14753.1 | F222: 0 | G222: 0.5 | H222: 1 | I222: 0
A223: Time CUDA opt Time: | B223: 15611.3 | C223: 15600.8 | D223: 15500.2 | E223: 14753.4 | F223: 0 | G223: 0.5 | H223: 1 | I223: 0 | R223: МО | U223: дисп | X223: CI
A224: Time CUDA opt Time: | B224: 15611.2 | C224: 15600.8 | D224: 15499.4 | E224: 14753.1 | F224: 0 | G224: 0.5 | H224: 1 | I224: 0 | R224: =AVERAGE(B175:B224) -> 15610.214 | S224: =AVERAGE(C175:C224) -> 15599.986 | U224: =_xlfn.VAR.P(B175:B224) -> 13.307604 | V224: =_xlfn.VAR.P(C175:C224) -> 12.988404 | X224: =1.96*SQRT(U224)/50 -> 0.14299999 | Y224: =1.96*SQRT(V224)/50 -> 0.14127456
A225: Time CUDA opt: | B225: 780576.28 | C225: sec
A226: Time CUDA opt ant: | B226: 2542.48 | C226: 2531.92 | D226: 2481.92 | E226: 1570.06 | F226: 0 | G226: 0.114925 | H226: 0.900278 | I226: 0
A227: Time CUDA opt ant: | B227: 2542.93 | C227: 2532.66 | D227: 2481.84 | E227: 1570.18 | F227: 0 | G227: 0.114923 | H227: 0.894045 | I227: 0
A228: Time CUDA opt ant: | B228: 2547.97 | C228: 2537.8 | D228: 2483.2 | E228: 1569.93 | F228: 0 | G228: 0.114923 | H228: 0.900538 | I228: 0
A229: Time CUDA opt ant: | B229: 2540.54 | C229: 2530.47 | D229: 2481.77 | E229: 1570.33 | F229: 0 | G229: 0.114949 | H229: 0.900041 | I229: 0
A230: Time CUDA opt ant: | B230: 2537.23 | C230: 2527.32 | D230: 2480.48 | E230: 1570.28 | F230: 0 | G230: 0.0881639 | H230: 0.873524 | I230: 0
A231: Time CUDA opt ant: | B231: 2534.01 | C231: 2523.66 | D231: 2480.66 | E231: 1570.03 | F231: 0 | G231: 0.114923 | H231: 0.898436 | I231: 0
A232: Time CUDA opt ant: | B232: 2539.52 | C232: 2529.75 | D232: 2481.54 | E232: 1570.29 | F232: 0 | G232: 0.114923 | H232: 0.90105 | I232: 0
A233: Time CUDA opt ant: | B233: 2533.08 | C233: 2522.52 | D233: 2480.78 | E233: 1570.18 | F233: 0 | G233: 0.114983 | H233: 0.900962 | I233: 0
A234: Time CUDA opt ant: | B234: 2531.92 | C234: 2521.96 | D234: 2480.22 | E234: 1570.19 | F234: 0 | G234: 0.114976 | H234: 0.900939 | I234: 0
A235: Time CUDA opt ant: | B235: 2541.34 | C235: 2530.89 | D235: 2482.77 | E235: 1570.26 | F235: 0 | G235: 0.114926 | H235: 0.900602 | I235: 0
A236: Time CUDA opt ant: | B236: 2541.62 | C236: 2531.77 | D236: 2481.86 | E236: 1570.3 | F236: 0 | G236: 0.114925 | H236: 0.886353 | I236: 0
A237: Time CUDA opt ant: | B237: 2541.06 | C237: 2530.63 | D237: 2481.74 | E237: 1570.1 | F237: 0 | G237: 0.0938884 | H237: 0.899475 | I237: 0
... A278: Time CUDA opt ant: | B278: 2537.94 | C278: 2527.83 | D278: 2481.06 | E278: 1570.42 | F278: 0 | G278: 0.114934 | H278: 0.882121 | I278: 0
A279: Time CUDA opt ant: | B279: 2534.42 | C279: 2524.58 | D279: 2480.53 | E279: 1570.09 | F279: 0 | G279: 0.114926 | H279: 0.868955 | I279: 0 | R279: МО | U279: дисп | X279: CI
A280: Time CUDA opt ant: | B280: 2534.98 | C280: 2524.32 | D280: 2480.04 | E280: 1570.28 | F280: 0 | G280: 0.114928 | H280: 0.893688 | I280: 0 | R280: =AVERAGE(B231:B280) -> 2541.239 | S280: =AVERAGE(C231:C280) -> 2530.9988 | U280: =_xlfn.VAR.P(B231:B280) -> 55.928909 | V280: =_xlfn.VAR.P(C231:C280) -> 56.655587 | X280: =1.96*SQRT(U280)/50 -> 0.29315968 | Y280: =1.96*SQRT(V280)/50 -> 0.29505803
A281: Time CUDA opt ant: | B281: 127146.29 | C281: sec
A282: Time CUDA opt ant par: | B282: 2530.56 | C282: 2520.09 | D282: 2475.98 | E282: 1568.94 | F282: 0 | G282: 0.114923 | H282: 0.900136 | I282: 0
A283: Time CUDA opt ant par: | B283: 2529.61 | C283: 2519.64 | D283: 2476.89 | E283: 1569.39 | F283: 0 | G283: 0.114958 | H283: 0.901078 | I283: 0
A284: Time CUDA opt ant par: | B284: 2531.11 | C284: 2521.13 | D284: 2476.33 | E284: 1569.05 | F284: 0 | G284: 0.11493 | H284: 0.899997 | I284: 0
A285: Time CUDA opt ant par: | B285: 2528 | C285: 2518.3 | D285: 2476.44 | E285: 1569.42 | F285: 0 | G285: 0.115264 | H285: 0.878629 | I285: 0
A286: Time CUDA opt ant par: | B286: 2530.62 | C286: 2520.89 | D286: 2475.65 | E286: 1569.08 | F286: 0 | G286: 0.101964 | H286: 0.931825 | I286: 0
A287: Time CUDA opt ant par: | B287: 2529.68 | C287: 2519.64 | D287: 2476.03 | E287: 1568.99 | F287: 0 | G287: 0.115443 | H287: 0.901066 | I287: 0
A288: Time CUDA opt ant par: | B288: 2532.48 | C288: 2522.71 | D288: 2475.64 | E288: 1568.91 | F288: 0 | G288: 0.114923 | H288: 0.898876 | I288: 0
A289: Time CUDA opt ant par: | B289: 2531.18 | C289: 2521.78 | D289: 2476.19 | E289: 1568.85 | F289: 0 | G289: 0.114934 | H289: 0.900659 | I289: 0
A290: Time CUDA opt ant par: | B290: 2527.24 | C290: 2517.17 | D290: 2475.6 | E290: 1568.96 | F290: 0 | G290: 0.114923 | H290: 0.895056 | I290: 0
A291: Time CUDA opt ant par: | B291: 2528.13 | C291: 2517.89 | D291: 2475.31 | E291: 1569.03 | F291: 0 | G291: 0.115036 | H291: 0.900909 | I291: 0
A292: Time CUDA opt ant par: | B292: 2528.14 | C292: 2518.01 | D292: 2475.08 | E292: 1569 | F292: 0 | G292: 0.114976 | H292: 0.900563 | I292: 0
A293: Time CUDA opt ant par: | B293: 2527.07 | C293: 2516.63 | D293: 2475.34 | E293: 1569.04 | F293: 0 | G293: 0.114954 | H293: 0.900762 | I293: 0
... A334: Time CUDA opt ant par: | B334: 2514.76 | C334: 2504.23 | D334: 2459.11 | E334: 1557.9 | F334: 0 | G334: 0.115007 | H334: 0.90103 | I334: 0
A335: Time CUDA opt ant par: | B335: 2512.64 | C335: 2502.5 | D335: 2458.56 | E335: 1557.96 | F335: 0 | G335: 0.115014 | H335: 0.893884 | I335: 0 | R335: МО | U335: дисп | X335: CI
A336: Time CUDA opt ant par: | B336: 2521.76 | C336: 2511.83 | D336: 2460.18 | E336: 1557.43 | F336: 0 | G336: 0.0867383 | H336: 0.901006 | I336: 0 | R336: =AVERAGE(B287:B336) -> 2524.1914 | S336: =AVERAGE(C287:C336) -> 2513.8724 | U336: =_xlfn.VAR.P(B287:B336) -> 59.798108 | V336: =_xlfn.VAR.P(C287:C336) -> 61.569222 | X336: =1.96*SQRT(U336)/50 -> 0.30313061 | Y336: =1.96*SQRT(V336)/50 -> 0.30758695
A337: Time CUDA opt ant par: | B337: 126293.14 | C337: sec
A338: Time non CUDA_time | B338: 8254.17 | C338: 8187.87 | D338: 8187.67 | E338: 8181.09 | F338: 627.857 | G338: 843.011 | H338: 288.11 | I338: 199.651 | J338: 297.079 | K338: 6672.56 | L338: 0.0539201 | M338: 0.935008 | N338: 0
A339: Time non CUDA_time | B339: 8227.37 | C339: 8163.21 | D339: 8163.02 | E339: 8156.44 | F339: 630.529 | G339: 844.184 | H339: 288.379 | I339: 200.23 | J339: 299.022 | K339: 6643.58 | L339: 0.0569238 | M339: 0.944793 | N339: 0
A340: Time non CUDA_time | B340: 8049.87 | C340: 7987.66 | D340: 7987.47 | E340: 7981.02 | F340: 616.169 | G340: 827.374 | H340: 282.054 | I340: 195.384 | J340: 293.87 | K340: 6500.39 | L340: 0.054055 | M340: 0.947467 | N340: 0
...

Sheet 84 end
D2: T_start | E2: T_Delt | F2: T1 | G2: T2 | H2: T3
A3: 1 | C3: =OFFSET('84p stat'!$A$1,A3*20,0) -> CUDA Time | D3: =OFFSET('84p trace'!$R$56,(A3-1)*56,0)-OFFSET('84p trace'!$S$56,(A3-1)*56,0) -> 10.216 | E3: =OFFSET('84p trace'!$S$56,(A3-1)*56,0)-OFFSET('84p stat'!$H$1,A3*20,0) -> 91.044777 | F3: =OFFSET('84p stat'!$H$1,A3*20,0)-OFFSET('84p stat'!$K$1,A3*20,0) -> 32.917813 | G3: =OFFSET('84p stat'!$K$1,A3*20,0)-OFFSET('84p stat'!$N$1,A3*20,0) -> 14737.291 | H3: =OFFSET('84p stat'!$N$1,A3*20,0) -> 713.16409
A4: 1 | C4: =OFFSET('84p stat'!$A$1,A4*20,0) -> CUDA Time | D4: =OFFSET('84p trace'!$U$56,(A4-1)*56,0) -> 1284.723 | E4: =OFFSET('84p trace'!$V$56,(A4-1)*56,0) -> 1279.9567 | F4: =OFFSET('84p stat'!$H$1,A4*20,1) -> 1258.4984 | G4: =OFFSET('84p stat'!$K$1,A4*20,1) -> 1248.868 | H4: =OFFSET('84p stat'!$N$1,A4*20,1) -> 3.307911
A5: 2 | C5: =OFFSET('84p stat'!$A$1,A5*20,0) -> CUDA ant par | D5: =OFFSET('84p trace'!$R$56,(A5-1)*56,0)-OFFSET('84p trace'!$S$56,(A5-1)*56,0) -> 14.1104 | E5: =OFFSET('84p trace'!$S$56,(A5-1)*56,0)-OFFSET('84p stat'!$H$1,A5*20,0) -> 46.137922 | F5: =OFFSET('84p stat'!$H$1,A5*20,0)-OFFSET('84p stat'!$K$1,A5*20,0) -> 28.517828 | G5: =OFFSET('84p stat'!$K$1,A5*20,0)-OFFSET('84p stat'!$N$1,A5*20,0) -> 1568.5515 | H5: =OFFSET('84p stat'!$N$1,A5*20,0) -> 882.06012
A6: 2 | C6: =OFFSET('84p stat'!$A$1,A6*20,0) -> CUDA ant par | D6: =OFFSET('84p trace'!$U$56,(A6-1)*56,0) -> 51.436229 | E6: =OFFSET('84p trace'!$V$56,(A6-1)*56,0) -> 52.961323 | F6: =OFFSET('84p stat'!$H$1,A6*20,1) -> 19.047014 | G6: =OFFSET('84p stat'!$K$1,A6*20,1) -> 17.951238 | H6: =OFFSET('84p stat'!$N$1,A6*20,1) -> 2.522545
A7: 3 | C7: =OFFSET('84p stat'!$A$1,A7*20,0) -> CUDA ant add CPU Time | D7: =OFFSET('84p trace'!$R$56,(A7-1)*56,0)-OFFSET('84p trace'!$S$56,(A7-1)*56,0) -> 14.245 | E7: =OFFSET('84p trace'!$S$56,(A7-1)*56,0)-OFFSET('84p stat'!$H$1,A7*20,0) -> 32.089896 | F7: =OFFSET('84p stat'!$H$1,A7*20,0)-OFFSET('84p stat'!$K$1,A7*20,0) -> 2.901172 | G7: =OFFSET('84p stat'!$K$1,A7*20,0)-OFFSET('84p stat'!$N$1,A7*20,0) -> 1717.4637 | H7: =OFFSET('84p stat'!$N$1,A7*20,0) -> 651.37699
A8: 3 | C8: =OFFSET('84p stat'!$A$1,A8*20,0) -> CUDA ant add CPU Time | D8: =OFFSET('84p trace'!$U$56,(A8-1)*56,0) -> 184.32404 | E8: =OFFSET('84p trace'!$V$56,(A8-1)*56,0) -> 183.74366 | F8: =OFFSET('84p stat'!$H$1,A8*20,1) -> 147.79574 | G8: =OFFSET('84p stat'!$K$1,A8*20,1) -> 139.34703 | H8: =OFFSET('84p stat'!$N$1,A8*20,1) -> 156.78635
A9: 4 | C9: =OFFSET('84p stat'!$A$1,A9*20,0) -> CUDA opt Time | D9: =OFFSET('84p trace'!$R$56,(A9-1)*56,0)-OFFSET('84p trace'!$S$56,(A9-1)*56,0) -> 10.228 | E9: =OFFSET('84p trace'!$S$56,(A9-1)*56,0)-OFFSET('84p stat'!$H$1,A9*20,0) -> 100.34135 | F9: =OFFSET('84p stat'!$H$1,A9*20,0)-OFFSET('84p stat'!$K$1,A9*20,0) -> 746.58973 | G9: =OFFSET('84p stat'!$K$1,A9*20,0)-OFFSET('84p stat'!$N$1,A9*20,0) -> 14753.055 | H9: =OFFSET('84p stat'!$N$1,A9*20,0) -> 0
A10: 4 | C10: =OFFSET('84p stat'!$A$1,A10*20,0) -> CUDA opt Time | D10: =OFFSET('84p trace'!$U$56,(A10-1)*56,0) -> 13.307604 | E10: =OFFSET('84p trace'!$V$56,(A10-1)*56,0) -> 12.988404 | F10: =OFFSET('84p stat'!$H$1,A10*20,1) -> 1.665515 | G10: =OFFSET('84p stat'!$K$1,A10*20,1) -> 0.052079 | H10: =OFFSET('84p stat'!$N$1,A10*20,1) -> 0
A11: 5 | C11: =OFFSET('84p stat'!$A$1,A11*20,0) -> CUDA opt ant | D11: =OFFSET('84p trace'!$R$56,(A11-1)*56,0)-OFFSET('84p trace'!$S$56,(A11-1)*56,0) -> 10.2402 | E11: =OFFSET('84p trace'!$S$56,(A11-1)*56,0)-OFFSET('84p stat'!$H$1,A11*20,0) -> 48.672301 | F11: =OFFSET('84p stat'!$H$1,A11*20,0)-OFFSET('84p stat'!$K$1,A11*20,0) -> 912.00615 | G11: =OFFSET('84p stat'!$K$1,A11*20,0)-OFFSET('84p stat'!$N$1,A11*20,0) -> 1570.3203 | H11: =OFFSET('84p stat'!$N$1,A11*20,0) -> 0
A12: 5 | C12: =OFFSET('84p stat'!$A$1,A12*20,0) -> CUDA opt ant | D12: =OFFSET('84p trace'!$U$56,(A12-1)*56,0) -> 55.928909 | E12: =OFFSET('84p trace'!$V$56,(A12-1)*56,0) -> 56.655587 | F12: =OFFSET('84p stat'!$H$1,A12*20,1) -> 3.678217 | G12: =OFFSET('84p stat'!$K$1,A12*20,1) -> 0.02121 | H12: =OFFSET('84p stat'!$N$1,A12*20,1) -> 0
A13: 6 | C13: =OFFSET('84p stat'!$A$1,A13*20,0) -> CUDA opt ant par | D13: =OFFSET('84p trace'!$R$56,(A13-1)*56,0)-OFFSET('84p trace'!$S$56,(A13-1)*56,0) -> 10.319 | E13: =OFFSET('84p trace'!$S$56,(A13-1)*56,0)-OFFSET('84p stat'!$H$1,A13*20,0) -> 48.443616 | F13: =OFFSET('84p stat'!$H$1,A13*20,0)-OFFSET('84p stat'!$K$1,A13*20,0) -> 903.72871 | G13: =OFFSET('84p stat'!$K$1,A13*20,0)-OFFSET('84p stat'!$N$1,A13*20,0) -> 1561.7001 | H13: =OFFSET('84p stat'!$N$1,A13*20,0) -> 0
A14: 6 | C14: =OFFSET('84p stat'!$A$1,A14*20,0) -> CUDA opt ant par | D14: =OFFSET('84p trace'!$U$56,(A14-1)*56,0) -> 59.798108 | E14: =OFFSET('84p trace'!$V$56,(A14-1)*56,0) -> 61.569222 | F14: =OFFSET('84p stat'!$H$1,A14*20,1) -> 70.260865 | G14: =OFFSET('84p stat'!$K$1,A14*20,1) -> 30.387581 | H14: =OFFSET('84p stat'!$N$1,A14*20,1) -> 0
A15: 7 | C15: =OFFSET('84p stat'!$A$1,A15*20,0) -> non CUDA Time | D15: =OFFSET('84p trace'!$R$56,(A15-1)*56,0)-OFFSET('84p trace'!$S$56,(A15-1)*56,0) -> 66.53 | E15: =OFFSET('84p trace'!$S$56,(A15-1)*56,0)-OFFSET('84p stat'!$H$1,A15*20,0) -> 0.239796 | F15: =OFFSET('84p stat'!$H$1,A15*20,0)-OFFSET('84p stat'!$K$1,A15*20,0) -> 6.455538 | G15: =OFFSET('84p stat'!$K$1,A15*20,0)-OFFSET('84p stat'!$N$1,A15*20,0) -> 7258.4107 | H15: =OFFSET('84p stat'!$N$1,A15*20,0) -> 621.99135
A16: 7 | C16: =OFFSET('84p stat'!$A$1,A16*20,0) -> non CUDA Time | D16: =OFFSET('84p trace'!$U$56,(A16-1)*56,0) -> 40604.124 | E16: =OFFSET('84p trace'!$V$56,(A16-1)*56,0) -> 39759.793 | F16: =OFFSET('84p stat'!$H$1,A16*20,1) -> 39726.22 | G16: =OFFSET('84p stat'!$K$1,A16*20,1) -> 39591.759 | H16: =OFFSET('84p stat'!$N$1,A16*20,1) -> 1084.4759
A17: 8 | C17: =OFFSET('84p stat'!$A$1,A17*20,0) -> Classic ACO | D17: =OFFSET('84p trace'!$R$56,(A17-1)*56,0)-OFFSET('84p trace'!$S$56,(A17-1)*56,0) -> 5120.874 | E17: =OFFSET('84p trace'!$S$56,(A17-1)*56,0)-OFFSET('84p stat'!$H$1,A17*20,0) -> 271.51469 | F17: =OFFSET('84p stat'!$H$1,A17*20,0)-OFFSET('84p stat'!$K$1,A17*20,0) -> 16.437812 | G17: =OFFSET('84p stat'!$K$1,A17*20,0)-OFFSET('84p stat'!$N$1,A17*20,0) -> 93246.948 | H17: =OFFSET('84p stat'!$N$1,A17*20,0) -> 1775.4497
A18: 8 | C18: =OFFSET('84p stat'!$A$1,A18*20,0) -> Classic ACO | D18: =OFFSET('84p trace'!$U$56,(A18-1)*56,0) -> 2413986.3 | E18: =OFFSET('84p trace'!$V$56,(A18-1)*56,0) -> 2079655.8 | F18: =OFFSET('84p stat'!$H$1,A18*20,1) -> 2040408.2 | G18: =OFFSET('84p stat'!$K$1,A18*20,1) -> 2039304.3 | H18: =OFFSET('84p stat'!$N$1,A18*20,1) -> 974.65361
A19: 9 | C19: =OFFSET('84p stat'!$A$1,A19*20,0) -> omp | D19: =OFFSET('84p trace'!$R$56,(A19-1)*56,0)-OFFSET('84p trace'!$S$56,(A19-1)*56,0) -> 67.3616 | E19: =OFFSET('84p trace'!$S$56,(A19-1)*56,0)-OFFSET('84p stat'!$H$1,A19*20,0) -> 0.229282 | F19: =OFFSET('84p stat'!$H$1,A19*20,0)-OFFSET('84p stat'!$K$1,A19*20,0) -> 6.448598 | G19: =OFFSET('84p stat'!$K$1,A19*20,0)-OFFSET('84p stat'!$N$1,A19*20,0) -> 7150.9396 | H19: =OFFSET('84p stat'!$N$1,A19*20,0) -> 592.9601
A20: 9 | C20: =OFFSET('84p stat'!$A$1,A20*20,0) -> omp | D20: =OFFSET('84p trace'!$U$56,(A20-1)*56,0) -> 583.64778 | E20: =OFFSET('84p trace'!$V$56,(A20-1)*56,0) -> 562.20013 | F20: =OFFSET('84p stat'!$H$1,A20*20,1) -> 562.04383 | G20: =OFFSET('84p stat'!$K$1,A20*20,1) -> 561.61353 | H20: =OFFSET('84p stat'!$N$1,A20*20,1) -> 15.307416
A21: 10 | C21: =OFFSET('84p stat'!$A$1,A21*20,0) -> non CUDA transp Time | D21: =OFFSET('84p trace'!$R$56,(A21-1)*56,0)-OFFSET('84p trace'!$S$56,(A21-1)*56,0) -> 66.5814 | E21: =OFFSET('84p trace'!$S$56,(A21-1)*56,0)-OFFSET('84p stat'!$H$1,A21*20,0) -> 0.202928 | F21: =OFFSET('84p stat'!$H$1,A21*20,0)-OFFSET('84p stat'!$K$1,A21*20,0) -> 10.709038 | G21: =OFFSET('84p stat'!$K$1,A21*20,0)-OFFSET('84p stat'!$N$1,A21*20,0) -> 7255.8001 | H21: =OFFSET('84p stat'!$N$1,A21*20,0) -> 518.78993
A22: 10 | C22: =OFFSET('84p stat'!$A$1,A22*20,0) -> non CUDA transp Time | D22: =OFFSET('84p trace'!$U$56,(A22-1)*56,0) -> 633.21409 | E22: =OFFSET('84p trace'!$V$56,(A22-1)*56,0) -> 619.46084 | F22: =OFFSET('84p stat'!$H$1,A22*20,1) -> 619.20089 | G22: =OFFSET('84p stat'!$K$1,A22*20,1) -> 618.3784 | H22: =OFFSET('84p stat'!$N$1,A22*20,1) -> 63.566309
A23: 11 | C23: =OFFSET('84p stat'!$A$1,A23*20,0) -> non CUDA transp_AVX Time | D23: =OFFSET('84p trace'!$R$56,(A23-1)*56,0)-OFFSET('84p trace'!$S$56,(A23-1)*56,0) -> 67.0332 | E23: =OFFSET('84p trace'!$S$56,(A23-1)*56,0)-OFFSET('84p stat'!$H$1,A23*20,0) -> 0.200128 | F23: =OFFSET('84p stat'!$H$1,A23*20,0)-OFFSET('84p stat'!$K$1,A23*20,0) -> 10.155746 | G23: =OFFSET('84p stat'!$K$1,A23*20,0)-OFFSET('84p stat'!$N$1,A23*20,0) -> 7345.9408 | H23: =OFFSET('84p stat'!$N$1,A23*20,0) -> 568.13728
A24: 11 | C24: =OFFSET('84p stat'!$A$1,A24*20,0) -> non CUDA transp_AVX Time | D24: =OFFSET('84p trace'!$U$56,(A24-1)*56,0) -> 3700.954 | E24: =OFFSET('84p trace'!$V$56,(A24-1)*56,0) -> 3663.2113 | F24: =OFFSET('84p stat'!$H$1,A24*20,1) -> 3661.8433 | G24: =OFFSET('84p stat'!$K$1,A24*20,1) -> 3625.9376 | H24: =OFFSET('84p stat'!$N$1,A24*20,1) -> 122.10625
A25: 12 | C25: =OFFSET('84p stat'!$A$1,A25*20,0) -> non CUDA transp_AVX_OMP Time | D25: =OFFSET('84p trace'!$R$56,(A25-1)*56,0)-OFFSET('84p trace'!$S$56,(A25-1)*56,0) -> 66.4526 | E25: =OFFSET('84p trace'!$S$56,(A25-1)*56,0)-OFFSET('84p stat'!$H$1,A25*20,0) -> 0.218072 | F25: =OFFSET('84p stat'!$H$1,A25*20,0)-OFFSET('84p stat'!$K$1,A25*20,0) -> 9.726978 | G25: =OFFSET('84p stat'!$K$1,A25*20,0)-OFFSET('84p stat'!$N$1,A25*20,0) -> 7335.3862 | H25: =OFFSET('84p stat'!$N$1,A25*20,0) -> 575.84534
A26: 12 | C26: =OFFSET('84p stat'!$A$1,A26*20,0) -> non CUDA transp_AVX_OMP Time | D26: =OFFSET('84p trace'!$U$56,(A26-1)*56,0) -> 943.24594 | E26: =OFFSET('84p trace'!$V$56,(A26-1)*56,0) -> 922.58941 | F26: =OFFSET('84p stat'!$H$1,A26*20,1) -> 922.71139 | G26: =OFFSET('84p stat'!$K$1,A26*20,1) -> 916.27521 | H26: =OFFSET('84p stat'!$N$1,A26*20,1) -> 175.37562
A27: 13 | C27: =OFFSET('84p stat'!$A$1,A27*20,0) -> CUDA ant add CPU_AVX_transp Time | D27: =OFFSET('84p trace'!$R$56,(A27-1)*56,0)-OFFSET('84p trace'!$S$56,(A27-1)*56,0) -> 14.8346 | E27: =OFFSET('84p trace'!$S$56,(A27-1)*56,0)-OFFSET('84p stat'!$H$1,A27*20,0) -> 30.770804 | F27: =OFFSET('84p stat'!$H$1,A27*20,0)-OFFSET('84p stat'!$K$1,A27*20,0) -> 4.041656 | G27: =OFFSET('84p stat'!$K$1,A27*20,0)-OFFSET('84p stat'!$N$1,A27*20,0) -> 1714.0013 | H27: =OFFSET('84p stat'!$N$1,A27*20,0) -> 579.87762
A28: 13 | C28: =OFFSET('84p stat'!$A$1,A28*20,0) -> CUDA ant add CPU_AVX_transp Time | D28: =OFFSET('84p trace'!$U$56,(A28-1)*56,0) -> 173.61033 | E28: =OFFSET('84p trace'!$V$56,(A28-1)*56,0) -> 170.76521 | F28: =OFFSET('84p stat'!$H$1,A28*20,1) -> 129.99797 | G28: =OFFSET('84p stat'!$K$1,A28*20,1) -> 126.34491 | H28: =OFFSET('84p stat'!$N$1,A28*20,1) -> 37.578917
K29: 1.96 | L29: 50
D30: T_start | E30: T_Delt | F30: T1 | G30: T2 | H30: T3 | J30: summ | K30: 2 этап/ общее | L30: ДИ
A31: 1 | C31: =OFFSET('84p stat'!$A$1,A31*20,0) -> CUDA Time | D31: =OFFSET('84p trace'!$R$56,(A31-1)*56,0)-OFFSET('84p trace'!$S$56,(A31-1)*56,0) -> 10.216 | E31: =OFFSET('84p trace'!$S$56,(A31-1)*56,0)-OFFSET('84p stat'!$H$1,A31*20,0) -> 91.044777 | F31: =OFFSET('84p stat'!$H$1,A31*20,0)-OFFSET('84p stat'!$K$1,A31*20,0) -> 32.917813 | G31: =OFFSET('84p stat'!$K$1,A31*20,0)-OFFSET('84p stat'!$N$1,A31*20,0) -> 14737.291 | H31: =OFFSET('84p stat'!$N$1,A31*20,0) -> 713.16409 | J31: =SUM(E31:H31) -> 15574.418 | K31: =G31/J31 -> 0.94624989 | L31: =$K$29*POWER(K31,2)*SQRT(G178/(POWER(G31,2)*$L$29)+J178/(POWER(J31,2)*$L$29)) -> 0.0012818213
A32: 2 | C32: =OFFSET('84p stat'!$A$1,A32*20,0) -> CUDA ant par | D32: =OFFSET('84p trace'!$R$56,(A32-1)*56,0)-OFFSET('84p trace'!$S$56,(A32-1)*56,0) -> 14.1104 | E32: =OFFSET('84p trace'!$S$56,(A32-1)*56,0)-OFFSET('84p stat'!$H$1,A32*20,0) -> 46.137922 | F32: =OFFSET('84p stat'!$H$1,A32*20,0)-OFFSET('84p stat'!$K$1,A32*20,0) -> 28.517828 | G32: =OFFSET('84p stat'!$K$1,A32*20,0)-OFFSET('84p stat'!$N$1,A32*20,0) -> 1568.5515 | H32: =OFFSET('84p stat'!$N$1,A32*20,0) -> 882.06012 | J32: =SUM(D32:H32) -> 2539.3778 | K32: =G32/J32 -> 0.61769128 | L32: =$K$29*POWER(K32,2)*SQRT(G179/(POWER(G32,2)*$L$29)+J179/(POWER(J32,2)*$L$29)) -> 0.00057552791
A33: 3 | C33: =OFFSET('84p stat'!$A$1,A33*20,0) -> CUDA ant add CPU Time | D33: =OFFSET('84p trace'!$R$56,(A33-1)*56,0)-OFFSET('84p trace'!$S$56,(A33-1)*56,0) -> 14.245 | E33: =OFFSET('84p trace'!$S$56,(A33-1)*56,0)-OFFSET('84p stat'!$H$1,A33*20,0) -> 32.089896 | F33: =OFFSET('84p stat'!$H$1,A33*20,0)-OFFSET('84p stat'!$K$1,A33*20,0) -> 2.901172 | G33: =OFFSET('84p stat'!$K$1,A33*20,0)-OFFSET('84p stat'!$N$1,A33*20,0) -> 1717.4637 | H33: =OFFSET('84p stat'!$N$1,A33*20,0) -> 651.37699 | J33: =SUM(E33:H33) -> 2403.8318 | K33: =G33/J33 -> 0.71446918 | L33: =$K$29*POWER(K33,2)*SQRT(G180/(POWER(G33,2)*$L$29)+J180/(POWER(J33,2)*$L$29)) -> 0.00193885
A34: 4 | C34: =OFFSET('84p stat'!$A$1,A34*20,0) -> CUDA opt Time | D34: =OFFSET('84p trace'!$R$56,(A34-1)*56,0)-OFFSET('84p trace'!$S$56,(A34-1)*56,0) -> 10.228 | E34: =OFFSET('84p trace'!$S$56,(A34-1)*56,0)-OFFSET('84p stat'!$H$1,A34*20,0) -> 100.34135 | F34: =OFFSET('84p stat'!$H$1,A34*20,0)-OFFSET('84p stat'!$K$1,A34*20,0) -> 746.58973 | G34: =OFFSET('84p stat'!$K$1,A34*20,0)-OFFSET('84p stat'!$N$1,A34*20,0) -> 14753.055 | H34: =OFFSET('84p stat'!$N$1,A34*20,0) -> 0 | J34: =SUM(E34:H34) -> 15599.986 | K34: =G34/J34 -> 0.9457095 | L34: =$K$29*POWER(K34,2)*SQRT(G181/(POWER(G34,2)*$L$29)+J181/(POWER(J34,2)*$L$29)) -> 8.4197218e-05
A35: 5 | C35: =OFFSET('84p stat'!$A$1,A35*20,0) -> CUDA opt ant | D35: =OFFSET('84p trace'!$R$56,(A35-1)*56,0)-OFFSET('84p trace'!$S$56,(A35-1)*56,0) -> 10.2402 | E35: =OFFSET('84p trace'!$S$56,(A35-1)*56,0)-OFFSET('84p stat'!$H$1,A35*20,0) -> 48.672301 | F35: =OFFSET('84p stat'!$H$1,A35*20,0)-OFFSET('84p stat'!$K$1,A35*20,0) -> 912.00615 | G35: =OFFSET('84p stat'!$K$1,A35*20,0)-OFFSET('84p stat'!$N$1,A35*20,0) -> 1570.3203 | H35: =OFFSET('84p stat'!$N$1,A35*20,0) -> 0 | J35: =SUM(E35:H35) -> 2530.9988 | K35: =G35/J35 -> 0.62043504 | L35: =$K$29*POWER(K35,2)*SQRT(E182/(POWER(E35,2)*$L$29)+J182/(POWER(J35,2)*$L$29)) -> 0.016506993
A36: 6 | C36: =OFFSET('84p stat'!$A$1,A36*20,0) -> CUDA opt ant par | D36: =OFFSET('84p trace'!$R$56,(A36-1)*56,0)-OFFSET('84p trace'!$S$56,(A36-1)*56,0) -> 10.319 | E36: =OFFSET('84p trace'!$S$56,(A36-1)*56,0)-OFFSET('84p stat'!$H$1,A36*20,0) -> 48.443616 | F36: =OFFSET('84p stat'!$H$1,A36*20,0)-OFFSET('84p stat'!$K$1,A36*20,0) -> 903.72871 | G36: =OFFSET('84p stat'!$K$1,A36*20,0)-OFFSET('84p stat'!$N$1,A36*20,0) -> 1561.7001 | H36: =OFFSET('84p stat'!$N$1,A36*20,0) -> 0 | J36: =SUM(E36:H36) -> 2513.8724 | K36: =G36/J36 -> 0.62123283 | L36: =$K$29*POWER(K36,2)*SQRT(E183/(POWER(E36,2)*$L$29)+J183/(POWER(J36,2)*$L$29)) -> 0.017338668
A37: 7 | C37: =OFFSET('84p stat'!$A$1,A37*20,0) -> non CUDA Time | D37: =OFFSET('84p trace'!$R$56,(A37-1)*56,0)-OFFSET('84p trace'!$S$56,(A37-1)*56,0) -> 66.53 | E37: =OFFSET('84p trace'!$S$56,(A37-1)*56,0)-OFFSET('84p stat'!$H$1,A37*20,0) -> 0.239796 | F37: =OFFSET('84p stat'!$H$1,A37*20,0)-OFFSET('84p stat'!$K$1,A37*20,0) -> 6.455538 | G37: =OFFSET('84p stat'!$K$1,A37*20,0)-OFFSET('84p stat'!$N$1,A37*20,0) -> 7258.4107 | H37: =OFFSET('84p stat'!$N$1,A37*20,0) -> 621.99135 | J37: =SUM(E37:H37) -> 7887.0974 | K37: =G37/J37 -> 0.92028922 | L37: =$K$29*POWER(K37,2)*SQRT(G184/(POWER(G37,2)*$L$29)+J184/(POWER(J37,2)*$L$29)) -> 0.013558943
A38: 8 | C38: =OFFSET('84p stat'!$A$1,A38*20,0) -> Classic ACO | D38: =OFFSET('84p trace'!$R$56,(A38-1)*56,0)-OFFSET('84p trace'!$S$56,(A38-1)*56,0) -> 5120.874 | E38: =OFFSET('84p trace'!$S$56,(A38-1)*56,0)-OFFSET('84p stat'!$H$1,A38*20,0) -> 271.51469 | F38: =OFFSET('84p stat'!$H$1,A38*20,0)-OFFSET('84p stat'!$K$1,A38*20,0) -> 16.437812 | G38: =OFFSET('84p stat'!$K$1,A38*20,0)-OFFSET('84p stat'!$N$1,A38*20,0) -> 93246.948 | H38: =OFFSET('84p stat'!$N$1,A38*20,0) -> 1775.4497 | J38: =SUM(D38:H38) -> 100431.22 | K38: =G38/J38 -> 0.92846571 | L38: =$K$29*POWER(K38,2)*SQRT(G185/(POWER(G38,2)*$L$29)+J185/(POWER(J38,2)*$L$29)) -> 0.0078694119
A39: 9 | C39: =OFFSET('84p stat'!$A$1,A39*20,0) -> omp | D39: =OFFSET('84p trace'!$R$56,(A39-1)*56,0)-OFFSET('84p trace'!$S$56,(A39-1)*56,0) -> 67.3616 | E39: =OFFSET('84p trace'!$S$56,(A39-1)*56,0)-OFFSET('84p stat'!$H$1,A39*20,0) -> 0.229282 | F39: =OFFSET('84p stat'!$H$1,A39*20,0)-OFFSET('84p stat'!$K$1,A39*20,0) -> 6.448598 | G39: =OFFSET('84p stat'!$K$1,A39*20,0)-OFFSET('84p stat'!$N$1,A39*20,0) -> 7150.9396 | H39: =OFFSET('84p stat'!$N$1,A39*20,0) -> 592.9601 | J39: =SUM(E39:H39) -> 7750.5776 | K39: =G39/J39 -> 0.92263312 | L39: =$K$29*POWER(K39,2)*SQRT(G186/(POWER(G39,2)*$L$29)+J186/(POWER(J39,2)*$L$29)) -> 0.0016519827
A40: 10 | C40: =OFFSET('84p stat'!$A$1,A40*20,0) -> non CUDA transp Time | D40: =OFFSET('84p trace'!$R$56,(A40-1)*56,0)-OFFSET('84p trace'!$S$56,(A40-1)*56,0) -> 66.5814 | E40: =OFFSET('84p trace'!$S$56,(A40-1)*56,0)-OFFSET('84p stat'!$H$1,A40*20,0) -> 0.202928 | F40: =OFFSET('84p stat'!$H$1,A40*20,0)-OFFSET('84p stat'!$K$1,A40*20,0) -> 10.709038 | G40: =OFFSET('84p stat'!$K$1,A40*20,0)-OFFSET('84p stat'!$N$1,A40*20,0) -> 7255.8001 | H40: =OFFSET('84p stat'!$N$1,A40*20,0) -> 518.78993 | J40: =SUM(E40:H40) -> 7785.502 | K40: =G40/J40 -> 0.93196304 | L40: =$K$29*POWER(K40,2)*SQRT(G187/(POWER(G40,2)*$L$29)+J187/(POWER(J40,2)*$L$29)) -> 0.0017671584
A41: 11 | C41: =OFFSET('84p stat'!$A$1,A41*20,0) -> non CUDA transp_AVX Time | D41: =OFFSET('84p trace'!$R$56,(A41-1)*56,0)-OFFSET('84p trace'!$S$56,(A41-1)*56,0) -> 67.0332 | E41: =OFFSET('84p trace'!$S$56,(A41-1)*56,0)-OFFSET('84p stat'!$H$1,A41*20,0) -> 0.200128 | F41: =OFFSET('84p stat'!$H$1,A41*20,0)-OFFSET('84p stat'!$K$1,A41*20,0) -> 10.155746 | G41: =OFFSET('84p stat'!$K$1,A41*20,0)-OFFSET('84p stat'!$N$1,A41*20,0) -> 7345.9408 | H41: =OFFSET('84p stat'!$N$1,A41*20,0) -> 568.13728 | J41: =SUM(D41:H41) -> 7991.4672 | K41: =G41/J41 -> 0.91922305 | L41: =$K$29*POWER(K41,2)*SQRT(G188/(POWER(G41,2)*$L$29)+J188/(POWER(J41,2)*$L$29)) -> 0.0040467615
A42: 12 | C42: =OFFSET('84p stat'!$A$1,A42*20,0) -> non CUDA transp_AVX_OMP Time | D42: =OFFSET('84p trace'!$R$56,(A42-1)*56,0)-OFFSET('84p trace'!$S$56,(A42-1)*56,0) -> 66.4526 | E42: =OFFSET('84p trace'!$S$56,(A42-1)*56,0)-OFFSET('84p stat'!$H$1,A42*20,0) -> 0.218072 | F42: =OFFSET('84p stat'!$H$1,A42*20,0)-OFFSET('84p stat'!$K$1,A42*20,0) -> 9.726978 | G42: =OFFSET('84p stat'!$K$1,A42*20,0)-OFFSET('84p stat'!$N$1,A42*20,0) -> 7335.3862 | H42: =OFFSET('84p stat'!$N$1,A42*20,0) -> 575.84534 | J42: =SUM(E42:H42) -> 7921.1766 | K42: =G42/J42 -> 0.92604755 | L42: =$K$29*POWER(K42,2)*SQRT(G189/(POWER(G42,2)*$L$29)+J189/(POWER(J42,2)*$L$29)) -> 0.0021110172
A43: 13 | C43: =OFFSET('84p stat'!$A$1,A43*20,0) -> CUDA ant add CPU_AVX_transp Time | D43: =OFFSET('84p trace'!$R$56,(A43-1)*56,0)-OFFSET('84p trace'!$S$56,(A43-1)*56,0) -> 14.8346 | E43: =OFFSET('84p trace'!$S$56,(A43-1)*56,0)-OFFSET('84p stat'!$H$1,A43*20,0) -> 30.770804 | F43: =OFFSET('84p stat'!$H$1,A43*20,0)-OFFSET('84p stat'!$K$1,A43*20,0) -> 4.041656 | G43: =OFFSET('84p stat'!$K$1,A43*20,0)-OFFSET('84p stat'!$N$1,A43*20,0) -> 1714.0013 | H43: =OFFSET('84p stat'!$N$1,A43*20,0) -> 579.87762 | J43: =SUM(E43:H43) -> 2328.6914 | K43: =G43/J43 -> 0.73603626 | L43: =$K$29*POWER(K43,2)*SQRT(G190/(POWER(G43,2)*$L$29)+J190/(POWER(J43,2)*$L$29)) -> 0.0019036833
A44: 14 | C44: =OFFSET('84p stat'!$A$1,A44*20,0) -> CUDA Const | D44: =OFFSET('84p trace'!$R$56,(A44-1)*56,0)-OFFSET('84p trace'!$S$56,(A44-1)*56,0) -> 10.316 | E44: =OFFSET('84p trace'!$S$56,(A44-1)*56,0)-OFFSET('84p stat'!$H$1,A44*20,0) -> 93.489273 | F44: =OFFSET('84p stat'!$H$1,A44*20,0)-OFFSET('84p stat'!$K$1,A44*20,0) -> 33.872852 | G44: =OFFSET('84p stat'!$K$1,A44*20,0)-OFFSET('84p stat'!$N$1,A44*20,0) -> 14749.153 | H44: =OFFSET('84p stat'!$N$1,A44*20,0) -> 724.84915 | J44: =SUM(E44:H44) -> 15601.364 | K44: =G44/J44 -> 0.94537585 | L44: =$K$29*POWER(K44,2)*SQRT(G191/(POWER(G44,2)*$L$29)+J191/(POWER(J44,2)*$L$29)) -> 0.00054768909
A45: 15 | C45: =OFFSET('84p stat'!$A$1,A45*20,0) -> CUDA ant Const | D45: =OFFSET('84p trace'!$R$56,(A45-1)*56,0)-OFFSET('84p trace'!$S$56,(A45-1)*56,0) -> 15.207 | E45: =OFFSET('84p trace'!$S$56,(A45-1)*56,0)-OFFSET('84p stat'!$H$1,A45*20,0) -> 51.786946 | F45: =OFFSET('84p stat'!$H$1,A45*20,0)-OFFSET('84p stat'!$K$1,A45*20,0) -> 29.500328 | G45: =OFFSET('84p stat'!$K$1,A45*20,0)-OFFSET('84p stat'!$N$1,A45*20,0) -> 1559.5171 | H45: =OFFSET('84p stat'!$N$1,A45*20,0) -> 888.08241 | J45: =SUM(E45:H45) -> 2528.8868 | K45: =G45/J45 -> 0.61668127 | L45: =$K$29*POWER(K45,2)*SQRT(G192/(POWER(G45,2)*$L$29)+J192/(POWER(J45,2)*$L$29)) -> 0.00044693879
A46: 16 | C46: =OFFSET('84p stat'!$A$1,A46*20,0) -> CUDA ant par Const | D46: =OFFSET('84p trace'!$R$56,(A46-1)*56,0)-OFFSET('84p trace'!$S$56,(A46-1)*56,0) -> 14.7024 | E46: =OFFSET('84p trace'!$S$56,(A46-1)*56,0)-OFFSET('84p stat'!$H$1,A46*20,0) -> 58.948436 | F46: =OFFSET('84p stat'!$H$1,A46*20,0)-OFFSET('84p stat'!$K$1,A46*20,0) -> 29.22354 | G46: =OFFSET('84p stat'!$K$1,A46*20,0)-OFFSET('84p stat'!$N$1,A46*20,0) -> 1549.3054 | H46: =OFFSET('84p stat'!$N$1,A46*20,0) -> 876.47926 | J46: =SUM(E46:H46) -> 2513.9566 | K46: =G46/J46 -> 0.61628167 | L46: =$K$29*POWER(K46,2)*SQRT(G193/(POWER(G46,2)*$L$29)+J193/(POWER(J46,2)*$L$29)) -> 0.00077656706
A47: 17 | C47: =OFFSET('84p stat'!$A$1,A47*20,0) -> CUDA ant add CPU Const | D47: =OFFSET('84p trace'!$R$56,(A47-1)*56,0)-OFFSET('84p trace'!$S$56,(A47-1)*56,0) -> 15.3428 | E47: =OFFSET('84p trace'!$S$56,(A47-1)*56,0)-OFFSET('84p stat'!$H$1,A47*20,0) -> 32.306982 | F47: =OFFSET('84p stat'!$H$1,A47*20,0)-OFFSET('84p stat'!$K$1,A47*20,0) -> 2.274619 | G47: =OFFSET('84p stat'!$K$1,A47*20,0)-OFFSET('84p stat'!$N$1,A47*20,0) -> 1723.9567 | H47: =OFFSET('84p stat'!$N$1,A47*20,0) -> 663.04713 | J47: =SUM(E47:H47) -> 2421.5854 | K47: =G47/J47 -> 0.7119124 | L47: =$K$29*POWER(K47,2)*SQRT(G194/(POWER(G47,2)*$L$29)+J194/(POWER(J47,2)*$L$29)) -> 0.0033499763
A48: 18 | C48: =OFFSET('84p stat'!$A$1,A48*20,0) -> CUDA opt Const | D48: =OFFSET('84p trace'!$R$56,(A48-1)*56,0)-OFFSET('84p trace'!$S$56,(A48-1)*56,0) -> 10.512 | E48: =OFFSET('84p trace'!$S$56,(A48-1)*56,0)-OFFSET('84p stat'!$H$1,A48*20,0) -> 101.87406 | F48: =OFFSET('84p stat'!$H$1,A48*20,0)-OFFSET('84p stat'!$K$1,A48*20,0) -> 757.29027 | G48: =OFFSET('84p stat'!$K$1,A48*20,0)-OFFSET('84p stat'!$N$1,A48*20,0) -> 14751.35 | H48: =OFFSET('84p stat'!$N$1,A48*20,0) -> 0 | J48: =SUM(D48:H48) -> 15621.026 | K48: =G48/J48 -> 0.94432655 | L48: =$K$29*POWER(K48,2)*SQRT(G195/(POWER(G48,2)*$L$29)+J195/(POWER(J48,2)*$L$29)) -> 9.120832e-05
A49: 19 | C49: =OFFSET('84p stat'!$A$1,A49*20,0) -> CUDA opt ant Const | D49: =OFFSET('84p trace'!$R$56,(A49-1)*56,0)-OFFSET('84p trace'!$S$56,(A49-1)*56,0) -> 10.497 | E49: =OFFSET('84p trace'!$S$56,(A49-1)*56,0)-OFFSET('84p stat'!$H$1,A49*20,0) -> 63.407221 | F49: =OFFSET('84p stat'!$H$1,A49*20,0)-OFFSET('84p stat'!$K$1,A49*20,0) -> 912.42725 | G49: =OFFSET('84p stat'!$K$1,A49*20,0)-OFFSET('84p stat'!$N$1,A49*20,0) -> 1560.5859 | H49: =OFFSET('84p stat'!$N$1,A49*20,0) -> 0 | J49: =SUM(E49:H49) -> 2536.4204 | K49: =G49/J49 -> 0.615271 | L49: =$K$29*POWER(K49,2)*SQRT(G196/(POWER(G49,2)*$L$29)+J196/(POWER(J49,2)*$L$29)) -> 0.0004117505
A50: 20 | C50: =OFFSET('84p stat'!$A$1,A50*20,0) -> CUDA opt ant par Const | D50: =OFFSET('84p trace'!$R$56,(A50-1)*56,0)-OFFSET('84p trace'!$S$56,(A50-1)*56,0) -> 10.2268 | E50: =OFFSET('84p trace'!$S$56,(A50-1)*56,0)-OFFSET('84p stat'!$H$1,A50*20,0) -> 67.191491 | F50: =OFFSET('84p stat'!$H$1,A50*20,0)-OFFSET('84p stat'!$K$1,A50*20,0) -> 902.18542 | G50: =OFFSET('84p stat'!$K$1,A50*20,0)-OFFSET('84p stat'!$N$1,A50*20,0) -> 1548.5567 | H50: =OFFSET('84p stat'!$N$1,A50*20,0) -> 0 | J50: =SUM(E50:H50) -> 2517.9336 | K50: =G50/J50 -> 0.61501093 | L50: =$K$29*POWER(K50,2)*SQRT(G197/(POWER(G50,2)*$L$29)+J197/(POWER(J50,2)*$L$29)) -> 0.00046023113
A51: 21 | C51: =OFFSET('84p stat'!$A$1,A51*20,0) -> CUDA ant par not f | D51: =OFFSET('84p trace'!$R$56,(A51-1)*56,0)-OFFSET('84p trace'!$S$56,(A51-1)*56,0) -> 10.04 | E51: =OFFSET('84p trace'!$S$56,(A51-1)*56,0)-OFFSET('84p stat'!$H$1,A51*20,0) -> 75.3538 | F51: =OFFSET('84p stat'!$H$1,A51*20,0)-OFFSET('84p stat'!$K$1,A51*20,0) -> 30.555488 | G51: =OFFSET('84p stat'!$K$1,A51*20,0)-OFFSET('84p stat'!$N$1,A51*20,0) -> 3953.5677 | H51: =OFFSET('84p stat'!$N$1,A51*20,0) -> 875.49223 | J51: =SUM(E51:H51) -> 4934.9692 | K51: =G51/J51 -> 0.8011332 | L51: =$K$29*POWER(K51,2)*SQRT(G198/(POWER(G51,2)*$L$29)+J198/(POWER(J51,2)*$L$29)) -> 0.00017584967
A52: 22 | C52: =OFFSET('84p stat'!$A$1,A52*20,0) -> CUDA ant par sort | D52: =OFFSET('84p trace'!$R$56,(A52-1)*56,0)-OFFSET('84p trace'!$S$56,(A52-1)*56,0) -> 14.4608 | E52: =OFFSET('84p trace'!$S$56,(A52-1)*56,0)-OFFSET('84p stat'!$H$1,A52*20,0) -> 68.035506 | F52: =OFFSET('84p stat'!$H$1,A52*20,0)-OFFSET('84p stat'!$K$1,A52*20,0) -> 36.102256 | G52: =OFFSET('84p stat'!$K$1,A52*20,0)-OFFSET('84p stat'!$N$1,A52*20,0) -> 1624.5444 | H52: =OFFSET('84p stat'!$N$1,A52*20,0) -> 875.93986 | J52: =SUM(E52:H52) -> 2604.622 | K52: =G52/J52 -> 0.62371599 | L52: =$K$29*POWER(K52,2)*SQRT(G199/(POWER(G52,2)*$L$29)+J199/(POWER(J52,2)*$L$29)) -> 0.00016599493
A53: 23 | C53: =OFFSET('84p stat'!$A$1,A53*20,0) -> 0 | D53: =OFFSET('84p trace'!$R$56,(A53-1)*56,0)-OFFSET('84p trace'!$S$56,(A53-1)*56,0) -> #DIV/0! | E53: =OFFSET('84p trace'!$S$56,(A53-1)*56,0)-OFFSET('84p stat'!$H$1,A53*20,0) -> #DIV/0! | F53: =OFFSET('84p stat'!$H$1,A53*20,0)-OFFSET('84p stat'!$K$1,A53*20,0) -> 0 | G53: =OFFSET('84p stat'!$K$1,A53*20,0)-OFFSET('84p stat'!$N$1,A53*20,0) -> 0 | H53: =OFFSET('84p stat'!$N$1,A53*20,0) -> 0 | J53: =SUM(E53:H53) -> #DIV/0! | K53: =G53/J53 -> #DIV/0! | L53: =$K$29*POWER(K53,2)*SQRT(G200/(POWER(G53,2)*$L$29)+J200/(POWER(J53,2)*$L$29)) -> #DIV/0!
A54: 24 | C54: =OFFSET('84p stat'!$A$1,A54*20,0) -> 0 | D54: =OFFSET('84p trace'!$R$56,(A54-1)*56,0)-OFFSET('84p trace'!$S$56,(A54-1)*56,0) -> #DIV/0! | E54: =OFFSET('84p trace'!$S$56,(A54-1)*56,0)-OFFSET('84p stat'!$H$1,A54*20,0) -> #DIV/0! | F54: =OFFSET('84p stat'!$H$1,A54*20,0)-OFFSET('84p stat'!$K$1,A54*20,0) -> 0 | G54: =OFFSET('84p stat'!$K$1,A54*20,0)-OFFSET('84p stat'!$N$1,A54*20,0) -> 0 | H54: =OFFSET('84p stat'!$N$1,A54*20,0) -> 0 | J54: =SUM(E54:H54) -> #DIV/0! | K54: =G54/J54 -> #DIV/0! | L54: =$K$29*POWER(K54,2)*SQRT(G201/(POWER(G54,2)*$L$29)+J201/(POWER(J54,2)*$L$29)) -> #DIV/0!
A55: 25 | C55: =OFFSET('84p stat'!$A$1,A55*20,0) -> 0 | D55: =OFFSET('84p trace'!$R$56,(A55-1)*56,0)-OFFSET('84p trace'!$S$56,(A55-1)*56,0) -> #DIV/0! | E55: =OFFSET('84p trace'!$S$56,(A55-1)*56,0)-OFFSET('84p stat'!$H$1,A55*20,0) -> #DIV/0! | F55: =OFFSET('84p stat'!$H$1,A55*20,0)-OFFSET('84p stat'!$K$1,A55*20,0) -> 0 | G55: =OFFSET('84p stat'!$K$1,A55*20,0)-OFFSET('84p stat'!$N$1,A55*20,0) -> 0 | H55: =OFFSET('84p stat'!$N$1,A55*20,0) -> 0 | J55: =SUM(D55:H55) -> #DIV/0! | K55: =G55/J55 -> #DIV/0! | L55: =$K$29*POWER(K55,2)*SQRT(G202/(POWER(G55,2)*$L$29)+J202/(POWER(J55,2)*$L$29)) -> #DIV/0!
A56: 26 | C56: =OFFSET('84p stat'!$A$1,A56*20,0) -> 0 | D56: =OFFSET('84p trace'!$R$56,(A56-1)*56,0)-OFFSET('84p trace'!$S$56,(A56-1)*56,0) -> #DIV/0! | E56: =OFFSET('84p trace'!$S$56,(A56-1)*56,0)-OFFSET('84p stat'!$H$1,A56*20,0) -> #DIV/0! | F56: =OFFSET('84p stat'!$H$1,A56*20,0)-OFFSET('84p stat'!$K$1,A56*20,0) -> 0 | G56: =OFFSET('84p stat'!$K$1,A56*20,0)-OFFSET('84p stat'!$N$1,A56*20,0) -> 0 | H56: =OFFSET('84p stat'!$N$1,A56*20,0) -> 0 | J56: =SUM(E56:H56) -> #DIV/0! | K56: =G56/J56 -> #DIV/0! | L56: =$K$29*POWER(K56,2)*SQRT(G203/(POWER(G56,2)*$L$29)+J203/(POWER(J56,2)*$L$29)) -> #DIV/0!
A57: 27 | C57: =OFFSET('84p stat'!$A$1,A57*20,0) -> 0 | D57: =OFFSET('84p trace'!$R$56,(A57-1)*56,0)-OFFSET('84p trace'!$S$56,(A57-1)*56,0) -> #DIV/0! | E57: =OFFSET('84p trace'!$S$56,(A57-1)*56,0)-OFFSET('84p stat'!$H$1,A57*20,0) -> #DIV/0! | F57: =OFFSET('84p stat'!$H$1,A57*20,0)-OFFSET('84p stat'!$K$1,A57*20,0) -> 0 | G57: =OFFSET('84p stat'!$K$1,A57*20,0)-OFFSET('84p stat'!$N$1,A57*20,0) -> 0 | H57: =OFFSET('84p stat'!$N$1,A57*20,0) -> 0 | J57: =SUM(E57:H57) -> #DIV/0! | K57: =G57/J57 -> #DIV/0! | L57: =$K$29*POWER(K57,2)*SQRT(G204/(POWER(G57,2)*$L$29)+J204/(POWER(J57,2)*$L$29)) -> #DIV/0!
A58: 28 | C58: =OFFSET('84p stat'!$A$1,A58*20,0) -> 0 | D58: =OFFSET('84p trace'!$R$56,(A58-1)*56,0)-OFFSET('84p trace'!$S$56,(A58-1)*56,0) -> #DIV/0! | E58: =OFFSET('84p trace'!$S$56,(A58-1)*56,0)-OFFSET('84p stat'!$H$1,A58*20,0) -> #DIV/0! | F58: =OFFSET('84p stat'!$H$1,A58*20,0)-OFFSET('84p stat'!$K$1,A58*20,0) -> 0 | G58: =OFFSET('84p stat'!$K$1,A58*20,0)-OFFSET('84p stat'!$N$1,A58*20,0) -> 0 | H58: =OFFSET('84p stat'!$N$1,A58*20,0) -> 0 | J58: =SUM(D58:H58) -> #DIV/0! | K58: =G58/J58 -> #DIV/0! | L58: =$K$29*POWER(K58,2)*SQRT(G205/(POWER(G58,2)*$L$29)+J205/(POWER(J58,2)*$L$29)) -> #DIV/0!
A59: 29 | C59: =OFFSET('84p stat'!$A$1,A59*20,0) -> 0 | D59: =OFFSET('84p trace'!$R$56,(A59-1)*56,0)-OFFSET('84p trace'!$S$56,(A59-1)*56,0) -> #DIV/0! | E59: =OFFSET('84p trace'!$S$56,(A59-1)*56,0)-OFFSET('84p stat'!$H$1,A59*20,0) -> #DIV/0! | F59: =OFFSET('84p stat'!$H$1,A59*20,0)-OFFSET('84p stat'!$K$1,A59*20,0) -> 0 | G59: =OFFSET('84p stat'!$K$1,A59*20,0)-OFFSET('84p stat'!$N$1,A59*20,0) -> 0 | H59: =OFFSET('84p stat'!$N$1,A59*20,0) -> 0 | J59: =SUM(E59:H59) -> #DIV/0! | K59: =G59/J59 -> #DIV/0! | L59: =$K$29*POWER(K59,2)*SQRT(G206/(POWER(G59,2)*$L$29)+J206/(POWER(J59,2)*$L$29)) -> #DIV/0!
A60: 30 | C60: =OFFSET('84p stat'!$A$1,A60*20,0) -> 0 | D60: =OFFSET('84p trace'!$R$56,(A60-1)*56,0)-OFFSET('84p trace'!$S$56,(A60-1)*56,0) -> #DIV/0! | E60: =OFFSET('84p trace'!$S$56,(A60-1)*56,0)-OFFSET('84p stat'!$H$1,A60*20,0) -> #DIV/0! | F60: =OFFSET('84p stat'!$H$1,A60*20,0)-OFFSET('84p stat'!$K$1,A60*20,0) -> 0 | G60: =OFFSET('84p stat'!$K$1,A60*20,0)-OFFSET('84p stat'!$N$1,A60*20,0) -> 0 | H60: =OFFSET('84p stat'!$N$1,A60*20,0) -> 0 | J60: =SUM(E60:H60) -> #DIV/0! | K60: =G60/J60 -> #DIV/0! | L60: =$K$29*POWER(K60,2)*SQRT(G248/(POWER(G60,2)*$L$29)+J248/(POWER(J60,2)*$L$29)) -> #DIV/0!
A61: 31 | C61: =OFFSET('84p stat'!$A$1,A61*20,0) -> 0 | D61: =OFFSET('84p trace'!$R$56,(A61-1)*56,0)-OFFSET('84p trace'!$S$56,(A61-1)*56,0) -> #DIV/0! | E61: =OFFSET('84p trace'!$S$56,(A61-1)*56,0)-OFFSET('84p stat'!$H$1,A61*20,0) -> #DIV/0! | F61: =OFFSET('84p stat'!$H$1,A61*20,0)-OFFSET('84p stat'!$K$1,A61*20,0) -> 0 | G61: =OFFSET('84p stat'!$K$1,A61*20,0)-OFFSET('84p stat'!$N$1,A61*20,0) -> 0 | H61: =OFFSET('84p stat'!$N$1,A61*20,0) -> 0 | J61: =SUM(D61:H61) -> #DIV/0! | K61: =G61/J61 -> #DIV/0! | L61: =$K$29*POWER(K61,2)*SQRT(G249/(POWER(G61,2)*$L$29)+J249/(POWER(J61,2)*$L$29)) -> #DIV/0!
A62: 32 | C62: =OFFSET('84p stat'!$A$1,A62*20,0) -> 0 | D62: =OFFSET('84p trace'!$R$56,(A62-1)*56,0)-OFFSET('84p trace'!$S$56,(A62-1)*56,0) -> #DIV/0! | E62: =OFFSET('84p trace'!$S$56,(A62-1)*56,0)-OFFSET('84p stat'!$H$1,A62*20,0) -> #DIV/0! | F62: =OFFSET('84p stat'!$H$1,A62*20,0)-OFFSET('84p stat'!$K$1,A62*20,0) -> 0 | G62: =OFFSET('84p stat'!$K$1,A62*20,0)-OFFSET('84p stat'!$N$1,A62*20,0) -> 0 | H62: =OFFSET('84p stat'!$N$1,A62*20,0) -> 0 | J62: =SUM(E62:H62) -> #DIV/0! | K62: =G62/J62 -> #DIV/0! | L62: =$K$29*POWER(K62,2)*SQRT(G250/(POWER(G62,2)*$L$29)+J250/(POWER(J62,2)*$L$29)) -> #DIV/0!
A63: 33 | C63: =OFFSET('84p stat'!$A$1,A63*20,0) -> 0 | D63: =OFFSET('84p trace'!$R$56,(A63-1)*56,0)-OFFSET('84p trace'!$S$56,(A63-1)*56,0) -> #DIV/0! | E63: =OFFSET('84p trace'!$S$56,(A63-1)*56,0)-OFFSET('84p stat'!$H$1,A63*20,0) -> #DIV/0! | F63: =OFFSET('84p stat'!$H$1,A63*20,0)-OFFSET('84p stat'!$K$1,A63*20,0) -> 0 | G63: =OFFSET('84p stat'!$K$1,A63*20,0)-OFFSET('84p stat'!$N$1,A63*20,0) -> 0 | H63: =OFFSET('84p stat'!$N$1,A63*20,0) -> 0 | J63: =SUM(E63:H63) -> #DIV/0! | K63: =G63/J63 -> #DIV/0! | L63: =$K$29*POWER(K63,2)*SQRT(G251/(POWER(G63,2)*$L$29)+J251/(POWER(J63,2)*$L$29)) -> #DIV/0!
A64: 34 | C64: =OFFSET('84p stat'!$A$1,A64*20,0) -> 0 | D64: =OFFSET('84p trace'!$R$56,(A64-1)*56,0)-OFFSET('84p trace'!$S$56,(A64-1)*56,0) -> #DIV/0! | E64: =OFFSET('84p trace'!$S$56,(A64-1)*56,0)-OFFSET('84p stat'!$H$1,A64*20,0) -> #DIV/0! | F64: =OFFSET('84p stat'!$H$1,A64*20,0)-OFFSET('84p stat'!$K$1,A64*20,0) -> 0 | G64: =OFFSET('84p stat'!$K$1,A64*20,0)-OFFSET('84p stat'!$N$1,A64*20,0) -> 0 | H64: =OFFSET('84p stat'!$N$1,A64*20,0) -> 0 | J64: =SUM(D64:H64) -> #DIV/0! | K64: =G64/J64 -> #DIV/0! | L64: =$K$29*POWER(K64,2)*SQRT(G252/(POWER(G64,2)*$L$29)+J252/(POWER(J64,2)*$L$29)) -> #DIV/0!
A65: 35 | C65: =OFFSET('84p stat'!$A$1,A65*20,0) -> 0 | D65: =OFFSET('84p trace'!$R$56,(A65-1)*56,0)-OFFSET('84p trace'!$S$56,(A65-1)*56,0) -> #DIV/0! | E65: =OFFSET('84p trace'!$S$56,(A65-1)*56,0)-OFFSET('84p stat'!$H$1,A65*20,0) -> #DIV/0! | F65: =OFFSET('84p stat'!$H$1,A65*20,0)-OFFSET('84p stat'!$K$1,A65*20,0) -> 0 | G65: =OFFSET('84p stat'!$K$1,A65*20,0)-OFFSET('84p stat'!$N$1,A65*20,0) -> 0 | H65: =OFFSET('84p stat'!$N$1,A65*20,0) -> 0 | J65: =SUM(E65:H65) -> #DIV/0! | K65: =G65/J65 -> #DIV/0! | L65: =$K$29*POWER(K65,2)*SQRT(G253/(POWER(G65,2)*$L$29)+J253/(POWER(J65,2)*$L$29)) -> #DIV/0!
A66: 36 | C66: =OFFSET('84p stat'!$A$1,A66*20,0) -> 0 | D66: =OFFSET('84p trace'!$R$56,(A66-1)*56,0)-OFFSET('84p trace'!$S$56,(A66-1)*56,0) -> #DIV/0! | E66: =OFFSET('84p trace'!$S$56,(A66-1)*56,0)-OFFSET('84p stat'!$H$1,A66*20,0) -> #DIV/0! | F66: =OFFSET('84p stat'!$H$1,A66*20,0)-OFFSET('84p stat'!$K$1,A66*20,0) -> 0 | G66: =OFFSET('84p stat'!$K$1,A66*20,0)-OFFSET('84p stat'!$N$1,A66*20,0) -> 0 | H66: =OFFSET('84p stat'!$N$1,A66*20,0) -> 0 | J66: =SUM(E66:H66) -> #DIV/0! | K66: =G66/J66 -> #DIV/0! | L66: =$K$29*POWER(K66,2)*SQRT(G254/(POWER(G66,2)*$L$29)+J254/(POWER(J66,2)*$L$29)) -> #DIV/0!
A67: 37 | C67: =OFFSET('84p stat'!$A$1,A67*20,0) -> 0 | D67: =OFFSET('84p trace'!$R$56,(A67-1)*56,0)-OFFSET('84p trace'!$S$56,(A67-1)*56,0) -> #DIV/0! | E67: =OFFSET('84p trace'!$S$56,(A67-1)*56,0)-OFFSET('84p stat'!$H$1,A67*20,0) -> #DIV/0! | F67: =OFFSET('84p stat'!$H$1,A67*20,0)-OFFSET('84p stat'!$K$1,A67*20,0) -> 0 | G67: =OFFSET('84p stat'!$K$1,A67*20,0)-OFFSET('84p stat'!$N$1,A67*20,0) -> 0 | H67: =OFFSET('84p stat'!$N$1,A67*20,0) -> 0 | J67: =SUM(E67:H67) -> #DIV/0! | K67: =G67/J67 -> #DIV/0! | L67: =$K$29*POWER(K67,2)*SQRT(G255/(POWER(G67,2)*$L$29)+J255/(POWER(J67,2)*$L$29)) -> #DIV/0!
A68: 38 | C68: =OFFSET('84p stat'!$A$1,A68*20,0) -> 0 | D68: =OFFSET('84p trace'!$R$56,(A68-1)*56,0)-OFFSET('84p trace'!$S$56,(A68-1)*56,0) -> #DIV/0! | E68: =OFFSET('84p trace'!$S$56,(A68-1)*56,0)-OFFSET('84p stat'!$H$1,A68*20,0) -> #DIV/0! | F68: =OFFSET('84p stat'!$H$1,A68*20,0)-OFFSET('84p stat'!$K$1,A68*20,0) -> 0 | G68: =OFFSET('84p stat'!$K$1,A68*20,0)-OFFSET('84p stat'!$N$1,A68*20,0) -> 0 | H68: =OFFSET('84p stat'!$N$1,A68*20,0) -> 0 | J68: =SUM(E68:H68) -> #DIV/0! | K68: =G68/J68 -> #DIV/0! | L68: =$K$29*POWER(K68,2)*SQRT(G256/(POWER(G68,2)*$L$29)+J256/(POWER(J68,2)*$L$29)) -> #DIV/0!
A69: 39 | C69: =OFFSET('84p stat'!$A$1,A69*20,0) -> 0 | D69: =OFFSET('84p trace'!$R$56,(A69-1)*56,0)-OFFSET('84p trace'!$S$56,(A69-1)*56,0) -> #DIV/0! | E69: =OFFSET('84p trace'!$S$56,(A69-1)*56,0)-OFFSET('84p stat'!$H$1,A69*20,0) -> #DIV/0! | F69: =OFFSET('84p stat'!$H$1,A69*20,0)-OFFSET('84p stat'!$K$1,A69*20,0) -> 0 | G69: =OFFSET('84p stat'!$K$1,A69*20,0)-OFFSET('84p stat'!$N$1,A69*20,0) -> 0 | H69: =OFFSET('84p stat'!$N$1,A69*20,0) -> 0 | J69: =SUM(E69:H69) -> #DIV/0! | K69: =G69/J69 -> #DIV/0! | L69: =$K$29*POWER(K69,2)*SQRT(G257/(POWER(G69,2)*$L$29)+J257/(POWER(J69,2)*$L$29)) -> #DIV/0!
A70: 40 | C70: =OFFSET('84p stat'!$A$1,A70*20,0) -> 0 | D70: =OFFSET('84p trace'!$R$56,(A70-1)*56,0)-OFFSET('84p trace'!$S$56,(A70-1)*56,0) -> #DIV/0! | E70: =OFFSET('84p trace'!$S$56,(A70-1)*56,0)-OFFSET('84p stat'!$H$1,A70*20,0) -> #DIV/0! | F70: =OFFSET('84p stat'!$H$1,A70*20,0)-OFFSET('84p stat'!$K$1,A70*20,0) -> 0 | G70: =OFFSET('84p stat'!$K$1,A70*20,0)-OFFSET('84p stat'!$N$1,A70*20,0) -> 0 | H70: =OFFSET('84p stat'!$N$1,A70*20,0) -> 0 | J70: =SUM(E70:H70) -> #DIV/0! | K70: =G70/J70 -> #DIV/0! | L70: =$K$29*POWER(K70,2)*SQRT(G258/(POWER(G70,2)*$L$29)+J258/(POWER(J70,2)*$L$29)) -> #DIV/0!
A71: 41 | C71: =OFFSET('84p stat'!$A$1,A71*20,0) -> 0 | D71: =OFFSET('84p trace'!$R$56,(A71-1)*56,0)-OFFSET('84p trace'!$S$56,(A71-1)*56,0) -> #DIV/0! | E71: =OFFSET('84p trace'!$S$56,(A71-1)*56,0)-OFFSET('84p stat'!$H$1,A71*20,0) -> #DIV/0! | F71: =OFFSET('84p stat'!$H$1,A71*20,0)-OFFSET('84p stat'!$K$1,A71*20,0) -> 0 | G71: =OFFSET('84p stat'!$K$1,A71*20,0)-OFFSET('84p stat'!$N$1,A71*20,0) -> 0 | H71: =OFFSET('84p stat'!$N$1,A71*20,0) -> 0 | J71: =SUM(E71:H71) -> #DIV/0! | K71: =G71/J71 -> #DIV/0! | L71: =$K$29*POWER(K71,2)*SQRT(G259/(POWER(G71,2)*$L$29)+J259/(POWER(J71,2)*$L$29)) -> #DIV/0!
A72: 42 | C72: =OFFSET('84p stat'!$A$1,A72*20,0) -> 0 | D72: =OFFSET('84p trace'!$R$56,(A72-1)*56,0)-OFFSET('84p trace'!$S$56,(A72-1)*56,0) -> #DIV/0! | E72: =OFFSET('84p trace'!$S$56,(A72-1)*56,0)-OFFSET('84p stat'!$H$1,A72*20,0) -> #DIV/0! | F72: =OFFSET('84p stat'!$H$1,A72*20,0)-OFFSET('84p stat'!$K$1,A72*20,0) -> 0 | G72: =OFFSET('84p stat'!$K$1,A72*20,0)-OFFSET('84p stat'!$N$1,A72*20,0) -> 0 | H72: =OFFSET('84p stat'!$N$1,A72*20,0) -> 0 | J72: =SUM(E72:H72) -> #DIV/0! | K72: =G72/J72 -> #DIV/0! | L72: =$K$29*POWER(K72,2)*SQRT(G260/(POWER(G72,2)*$L$29)+J260/(POWER(J72,2)*$L$29)) -> #DIV/0!
A73: 43 | C73: =OFFSET('84p stat'!$A$1,A73*20,0) -> 0 | D73: =OFFSET('84p trace'!$R$56,(A73-1)*56,0)-OFFSET('84p trace'!$S$56,(A73-1)*56,0) -> #DIV/0! | E73: =OFFSET('84p trace'!$S$56,(A73-1)*56,0)-OFFSET('84p stat'!$H$1,A73*20,0) -> #DIV/0! | F73: =OFFSET('84p stat'!$H$1,A73*20,0)-OFFSET('84p stat'!$K$1,A73*20,0) -> 0 | G73: =OFFSET('84p stat'!$K$1,A73*20,0)-OFFSET('84p stat'!$N$1,A73*20,0) -> 0 | H73: =OFFSET('84p stat'!$N$1,A73*20,0) -> 0 | J73: =SUM(E73:H73) -> #DIV/0! | K73: =G73/J73 -> #DIV/0! | L73: =$K$29*POWER(K73,2)*SQRT(G261/(POWER(G73,2)*$L$29)+J261/(POWER(J73,2)*$L$29)) -> #DIV/0!
A74: 44 | C74: =OFFSET('84p stat'!$A$1,A74*20,0) -> 0 | D74: =OFFSET('84p trace'!$R$56,(A74-1)*56,0)-OFFSET('84p trace'!$S$56,(A74-1)*56,0) -> #DIV/0! | E74: =OFFSET('84p trace'!$S$56,(A74-1)*56,0)-OFFSET('84p stat'!$H$1,A74*20,0) -> #DIV/0! | F74: =OFFSET('84p stat'!$H$1,A74*20,0)-OFFSET('84p stat'!$K$1,A74*20,0) -> 0 | G74: =OFFSET('84p stat'!$K$1,A74*20,0)-OFFSET('84p stat'!$N$1,A74*20,0) -> 0 | H74: =OFFSET('84p stat'!$N$1,A74*20,0) -> 0 | J74: =SUM(E74:H74) -> #DIV/0! | K74: =G74/J74 -> #DIV/0! | L74: =$K$29*POWER(K74,2)*SQRT(G262/(POWER(G74,2)*$L$29)+J262/(POWER(J74,2)*$L$29)) -> #DIV/0!
A75: 45 | C75: =OFFSET('84p stat'!$A$1,A75*20,0) -> 0 | D75: =OFFSET('84p trace'!$R$56,(A75-1)*56,0)-OFFSET('84p trace'!$S$56,(A75-1)*56,0) -> #DIV/0! | E75: =OFFSET('84p trace'!$S$56,(A75-1)*56,0)-OFFSET('84p stat'!$H$1,A75*20,0) -> #DIV/0! | F75: =OFFSET('84p stat'!$H$1,A75*20,0)-OFFSET('84p stat'!$K$1,A75*20,0) -> 0 | G75: =OFFSET('84p stat'!$K$1,A75*20,0)-OFFSET('84p stat'!$N$1,A75*20,0) -> 0 | H75: =OFFSET('84p stat'!$N$1,A75*20,0) -> 0 | J75: =SUM(E75:H75) -> #DIV/0! | K75: =G75/J75 -> #DIV/0! | L75: =$K$29*POWER(K75,2)*SQRT(G263/(POWER(G75,2)*$L$29)+J263/(POWER(J75,2)*$L$29)) -> #DIV/0!
A76: 46 | C76: =OFFSET('84p stat'!$A$1,A76*20,0) -> 0 | D76: =OFFSET('84p trace'!$R$56,(A76-1)*56,0)-OFFSET('84p trace'!$S$56,(A76-1)*56,0) -> #DIV/0! | E76: =OFFSET('84p trace'!$S$56,(A76-1)*56,0)-OFFSET('84p stat'!$H$1,A76*20,0) -> #DIV/0! | F76: =OFFSET('84p stat'!$H$1,A76*20,0)-OFFSET('84p stat'!$K$1,A76*20,0) -> 0 | G76: =OFFSET('84p stat'!$K$1,A76*20,0)-OFFSET('84p stat'!$N$1,A76*20,0) -> 0 | H76: =OFFSET('84p stat'!$N$1,A76*20,0) -> 0 | J76: =SUM(E76:H76) -> #DIV/0! | K76: =G76/J76 -> #DIV/0! | L76: =$K$29*POWER(K76,2)*SQRT(G264/(POWER(G76,2)*$L$29)+J264/(POWER(J76,2)*$L$29)) -> #DIV/0!
... A100: 70 | C100: =OFFSET('84p stat'!$A$1,A100*20,0) -> 0 | D100: =OFFSET('84p trace'!$R$56,(A100-1)*56,0)-OFFSET('84p trace'!$S$56,(A100-1)*56,0) -> #DIV/0! | E100: =OFFSET('84p trace'!$S$56,(A100-1)*56,0)-OFFSET('84p stat'!$H$1,A100*20,0) -> #DIV/0! | F100: =OFFSET('84p stat'!$H$1,A100*20,0)-OFFSET('84p stat'!$K$1,A100*20,0) -> 0 | G100: =OFFSET('84p stat'!$K$1,A100*20,0)-OFFSET('84p stat'!$N$1,A100*20,0) -> 0 | H100: =OFFSET('84p stat'!$N$1,A100*20,0) -> 0 | J100: =SUM(E100:H100) -> #DIV/0! | K100: =G100/J100 -> #DIV/0! | L100: =$K$29*POWER(K100,2)*SQRT(G288/(POWER(G100,2)*$L$29)+J288/(POWER(J100,2)*$L$29)) -> #DIV/0!
D102: накопительная
D103: T_start | E103: T_Delt | F103: T1 | G103: T2 | H103: T3
A104: 1 | C104: =OFFSET('84p stat'!$A$1,A104*20,0) -> CUDA Time | D104: =OFFSET('84p trace'!$R$56,(A104-1)*56,0) -> 15584.634 | E104: =OFFSET('84p trace'!$S$56,(A104-1)*56,0) -> 15574.418 | F104: =OFFSET('84p stat'!$H$1,A104*20,0) -> 15483.373 | G104: =OFFSET('84p stat'!$K$1,A104*20,0) -> 15450.455 | H104: =OFFSET('84p stat'!$N$1,A104*20,0) -> 713.16409
A105: 2 | C105: =OFFSET('84p stat'!$A$1,A105*20,0) -> CUDA ant par | D105: =OFFSET('84p trace'!$R$56,(A105-1)*56,0) -> 2539.3778 | E105: =OFFSET('84p trace'!$S$56,(A105-1)*56,0) -> 2525.2674 | F105: =OFFSET('84p stat'!$H$1,A105*20,0) -> 2479.1295 | G105: =OFFSET('84p stat'!$K$1,A105*20,0) -> 2450.6116 | H105: =OFFSET('84p stat'!$N$1,A105*20,0) -> 882.06012
A106: 3 | C106: =OFFSET('84p stat'!$A$1,A106*20,0) -> CUDA ant add CPU Time | D106: =OFFSET('84p trace'!$R$56,(A106-1)*56,0) -> 2418.0768 | E106: =OFFSET('84p trace'!$S$56,(A106-1)*56,0) -> 2403.8318 | F106: =OFFSET('84p stat'!$H$1,A106*20,0) -> 2371.7419 | G106: =OFFSET('84p stat'!$K$1,A106*20,0) -> 2368.8407 | H106: =OFFSET('84p stat'!$N$1,A106*20,0) -> 651.37699
A107: 4 | C107: =OFFSET('84p stat'!$A$1,A107*20,0) -> CUDA opt Time | D107: =OFFSET('84p trace'!$R$56,(A107-1)*56,0) -> 15610.214 | E107: =OFFSET('84p trace'!$S$56,(A107-1)*56,0) -> 15599.986 | F107: =OFFSET('84p stat'!$H$1,A107*20,0) -> 15499.645 | G107: =OFFSET('84p stat'!$K$1,A107*20,0) -> 14753.055 | H107: =OFFSET('84p stat'!$N$1,A107*20,0) -> 0
A108: 5 | C108: =OFFSET('84p stat'!$A$1,A108*20,0) -> CUDA opt ant | D108: =OFFSET('84p trace'!$R$56,(A108-1)*56,0) -> 2541.239 | E108: =OFFSET('84p trace'!$S$56,(A108-1)*56,0) -> 2530.9988 | F108: =OFFSET('84p stat'!$H$1,A108*20,0) -> 2482.3265 | G108: =OFFSET('84p stat'!$K$1,A108*20,0) -> 1570.3203 | H108: =OFFSET('84p stat'!$N$1,A108*20,0) -> 0
A109: 6 | C109: =OFFSET('84p stat'!$A$1,A109*20,0) -> CUDA opt ant par | D109: =OFFSET('84p trace'!$R$56,(A109-1)*56,0) -> 2524.1914 | E109: =OFFSET('84p trace'!$S$56,(A109-1)*56,0) -> 2513.8724 | F109: =OFFSET('84p stat'!$H$1,A109*20,0) -> 2465.4288 | G109: =OFFSET('84p stat'!$K$1,A109*20,0) -> 1561.7001 | H109: =OFFSET('84p stat'!$N$1,A109*20,0) -> 0
A110: 7 | C110: =OFFSET('84p stat'!$A$1,A110*20,0) -> non CUDA Time | D110: =OFFSET('84p trace'!$R$56,(A110-1)*56,0) -> 7953.6274 | E110: =OFFSET('84p trace'!$S$56,(A110-1)*56,0) -> 7887.0974 | F110: =OFFSET('84p stat'!$H$1,A110*20,0) -> 7886.8576 | G110: =OFFSET('84p stat'!$K$1,A110*20,0) -> 7880.4021 | H110: =OFFSET('84p stat'!$N$1,A110*20,0) -> 621.99135
A111: 8 | C111: =OFFSET('84p stat'!$A$1,A111*20,0) -> Classic ACO | D111: =OFFSET('84p trace'!$R$56,(A111-1)*56,0) -> 100431.22 | E111: =OFFSET('84p trace'!$S$56,(A111-1)*56,0) -> 95310.35 | F111: =OFFSET('84p stat'!$H$1,A111*20,0) -> 95038.835 | G111: =OFFSET('84p stat'!$K$1,A111*20,0) -> 95022.398 | H111: =OFFSET('84p stat'!$N$1,A111*20,0) -> 1775.4497
A112: 9 | C112: =OFFSET('84p stat'!$A$1,A112*20,0) -> omp | D112: =OFFSET('84p trace'!$R$56,(A112-1)*56,0) -> 7817.9392 | E112: =OFFSET('84p trace'!$S$56,(A112-1)*56,0) -> 7750.5776 | F112: =OFFSET('84p stat'!$H$1,A112*20,0) -> 7750.3483 | G112: =OFFSET('84p stat'!$K$1,A112*20,0) -> 7743.8997 | H112: =OFFSET('84p stat'!$N$1,A112*20,0) -> 592.9601
A113: 10 | C113: =OFFSET('84p stat'!$A$1,A113*20,0) -> non CUDA transp Time | D113: =OFFSET('84p trace'!$R$56,(A113-1)*56,0) -> 7852.0834 | E113: =OFFSET('84p trace'!$S$56,(A113-1)*56,0) -> 7785.502 | F113: =OFFSET('84p stat'!$H$1,A113*20,0) -> 7785.2991 | G113: =OFFSET('84p stat'!$K$1,A113*20,0) -> 7774.59 | H113: =OFFSET('84p stat'!$N$1,A113*20,0) -> 518.78993
A114: 11 | C114: =OFFSET('84p stat'!$A$1,A114*20,0) -> non CUDA transp_AVX Time | D114: =OFFSET('84p trace'!$R$56,(A114-1)*56,0) -> 7991.4672 | E114: =OFFSET('84p trace'!$S$56,(A114-1)*56,0) -> 7924.434 | F114: =OFFSET('84p stat'!$H$1,A114*20,0) -> 7924.2339 | G114: =OFFSET('84p stat'!$K$1,A114*20,0) -> 7914.0781 | H114: =OFFSET('84p stat'!$N$1,A114*20,0) -> 568.13728
A115: 12 | C115: =OFFSET('84p stat'!$A$1,A115*20,0) -> non CUDA transp_AVX_OMP Time | D115: =OFFSET('84p trace'!$R$56,(A115-1)*56,0) -> 7987.6292 | E115: =OFFSET('84p trace'!$S$56,(A115-1)*56,0) -> 7921.1766 | F115: =OFFSET('84p stat'!$H$1,A115*20,0) -> 7920.9585 | G115: =OFFSET('84p stat'!$K$1,A115*20,0) -> 7911.2316 | H115: =OFFSET('84p stat'!$N$1,A115*20,0) -> 575.84534
... A173: 70 | C173: =OFFSET('84p stat'!$A$1,A173*20,0) -> 0 | D173: =OFFSET('84p trace'!$R$56,(A173-1)*56,0) -> #DIV/0! | E173: =OFFSET('84p trace'!$S$56,(A173-1)*56,0) -> #DIV/0! | F173: =OFFSET('84p stat'!$H$1,A173*20,0) -> 0 | G173: =OFFSET('84p stat'!$K$1,A173*20,0) -> 0 | H173: =OFFSET('84p stat'!$N$1,A173*20,0) -> 0
C176: Дисперсия
D177: T_start | E177: T_Delt | F177: T1 | G177: T2 | H177: T3 | J177: summ
A178: 1 | C178: =OFFSET('84p stat'!$A$1,A178*20,0) -> CUDA Time | D178: =OFFSET('84p trace'!$U$56,(A31-1)*56,0) -> 1284.723 | E178: =OFFSET('84p trace'!$V$56,(A31-1)*56,0) -> 1279.9567 | F178: =OFFSET('84p stat'!$H$1,A178*20,1) -> 1258.4984 | G178: =OFFSET('84p stat'!$K$1,A178*20,1) -> 1248.868 | H178: =OFFSET('84p stat'!$N$1,A178*20,1) -> 3.307911 | J178: =SUM(D178:H178) -> 5075.354
A179: 2 | C179: =OFFSET('84p stat'!$A$1,A179*20,0) -> CUDA ant par | D179: =OFFSET('84p trace'!$U$56,(A32-1)*56,0) -> 51.436229 | E179: =OFFSET('84p trace'!$V$56,(A32-1)*56,0) -> 52.961323 | F179: =OFFSET('84p stat'!$H$1,A179*20,1) -> 19.047014 | G179: =OFFSET('84p stat'!$K$1,A179*20,1) -> 17.951238 | H179: =OFFSET('84p stat'!$N$1,A179*20,1) -> 2.522545 | J179: =SUM(D179:H179) -> 143.91835
A180: 3 | C180: =OFFSET('84p stat'!$A$1,A180*20,0) -> CUDA ant add CPU Time | D180: =OFFSET('84p trace'!$U$56,(A33-1)*56,0) -> 184.32404 | E180: =OFFSET('84p trace'!$V$56,(A33-1)*56,0) -> 183.74366 | F180: =OFFSET('84p stat'!$H$1,A180*20,1) -> 147.79574 | G180: =OFFSET('84p stat'!$K$1,A180*20,1) -> 139.34703 | H180: =OFFSET('84p stat'!$N$1,A180*20,1) -> 156.78635 | J180: =SUM(D180:H180) -> 811.99682
A181: 4 | C181: =OFFSET('84p stat'!$A$1,A181*20,0) -> CUDA opt Time | D181: =OFFSET('84p trace'!$U$56,(A34-1)*56,0) -> 13.307604 | E181: =OFFSET('84p trace'!$V$56,(A34-1)*56,0) -> 12.988404 | F181: =OFFSET('84p stat'!$H$1,A181*20,1) -> 1.665515 | G181: =OFFSET('84p stat'!$K$1,A181*20,1) -> 0.052079 | H181: =OFFSET('84p stat'!$N$1,A181*20,1) -> 0 | J181: =SUM(D181:H181) -> 28.013602
A182: 5 | C182: =OFFSET('84p stat'!$A$1,A182*20,0) -> CUDA opt ant | D182: =OFFSET('84p trace'!$U$56,(A35-1)*56,0) -> 55.928909 | E182: =OFFSET('84p trace'!$V$56,(A35-1)*56,0) -> 56.655587 | F182: =OFFSET('84p stat'!$H$1,A182*20,1) -> 3.678217 | G182: =OFFSET('84p stat'!$K$1,A182*20,1) -> 0.02121 | H182: =OFFSET('84p stat'!$N$1,A182*20,1) -> 0 | J182: =SUM(D182:H182) -> 116.28392
A183: 6 | C183: =OFFSET('84p stat'!$A$1,A183*20,0) -> CUDA opt ant par | D183: =OFFSET('84p trace'!$U$56,(A36-1)*56,0) -> 59.798108 | E183: =OFFSET('84p trace'!$V$56,(A36-1)*56,0) -> 61.569222 | F183: =OFFSET('84p stat'!$H$1,A183*20,1) -> 70.260865 | G183: =OFFSET('84p stat'!$K$1,A183*20,1) -> 30.387581 | H183: =OFFSET('84p stat'!$N$1,A183*20,1) -> 0 | J183: =SUM(D183:H183) -> 222.01578
A184: 7 | C184: =OFFSET('84p stat'!$A$1,A184*20,0) -> non CUDA Time | D184: =OFFSET('84p trace'!$U$56,(A37-1)*56,0) -> 40604.124 | E184: =OFFSET('84p trace'!$V$56,(A37-1)*56,0) -> 39759.793 | F184: =OFFSET('84p stat'!$H$1,A184*20,1) -> 39726.22 | G184: =OFFSET('84p stat'!$K$1,A184*20,1) -> 39591.759 | H184: =OFFSET('84p stat'!$N$1,A184*20,1) -> 1084.4759 | J184: =SUM(D184:H184) -> 160766.37
...

Sheet 168p stat
A2: CUDA Time | B2: 1 | C2: 25 | D2: Duration Mean: | E2: 0 | F2: 0 | G2: GPU Time 1 Mean: | H2: 1151.1249 | I2: 0.315481 | J2: GPU Time 2 Mean: | K2: 1149.474 | L2: 0.303905 | M2: GPU Time 3 Mean: | N2: 53.753364 | O2: 0.21084 | P2: GPU Time 4 Mean: | Q2: 0 | R2: 0 | S2: GPU Time 5 Mean: | T2: 0 | U2: 0 | V2: GPU Time 6 Mean: | W2: 0 | X2: 0 | Y2: GPU Time 7 Mean: | Z2: 0 | AA2: 0 | AB2: GPU Time 8 Mean: | AC2: 0 | AD2: 0 | AE2: Global Min Mean: | AF2: 1 | AG2: 0 | AH2: Global Max Mean: | AI2: 1 | AJ2: 0 | AK2: Hash Fail Count Mean: | AL2: 0 | AM2: 0
A3: CUDA Time | B3: 2 | C3: 50 | D3: Duration Mean: | E3: 0 | F3: 0 | G3: GPU Time 1 Mean: | H3: 2302.2513 | I3: 0.54625 | J3: GPU Time 2 Mean: | K3: 2298.9453 | L3: 0.571587 | M3: GPU Time 3 Mean: | N3: 107.48882 | O3: 0.462156 | P3: GPU Time 4 Mean: | Q3: 0 | R3: 0 | S3: GPU Time 5 Mean: | T3: 0 | U3: 0 | V3: GPU Time 6 Mean: | W3: 0 | X3: 0 | Y3: GPU Time 7 Mean: | Z3: 0 | AA3: 0 | AB3: GPU Time 8 Mean: | AC3: 0 | AD3: 0 | AE3: Global Min Mean: | AF3: 1 | AG3: 0 | AH3: Global Max Mean: | AI3: 1 | AJ3: 0 | AK3: Hash Fail Count Mean: | AL3: 0 | AM3: 0
A4: CUDA Time | B4: 3 | C4: 75 | D4: Duration Mean: | E4: 0 | F4: 0 | G4: GPU Time 1 Mean: | H4: 3453.3248 | I4: 0.862577 | J4: GPU Time 2 Mean: | K4: 3448.3819 | L4: 0.981366 | M4: GPU Time 3 Mean: | N4: 161.18373 | O4: 0.742235 | P4: GPU Time 4 Mean: | Q4: 0 | R4: 0 | S4: GPU Time 5 Mean: | T4: 0 | U4: 0 | V4: GPU Time 6 Mean: | W4: 0 | X4: 0 | Y4: GPU Time 7 Mean: | Z4: 0 | AA4: 0 | AB4: GPU Time 8 Mean: | AC4: 0 | AD4: 0 | AE4: Global Min Mean: | AF4: 1 | AG4: 0 | AH4: Global Max Mean: | AI4: 1 | AJ4: 0 | AK4: Hash Fail Count Mean: | AL4: 0 | AM4: 0
A5: CUDA Time | B5: 4 | C5: 100 | D5: Duration Mean: | E5: 0 | F5: 0 | G5: GPU Time 1 Mean: | H5: 4604.5064 | I5: 1.339886 | J5: GPU Time 2 Mean: | K5: 4597.9008 | L5: 1.524359 | M5: GPU Time 3 Mean: | N5: 214.79533 | O5: 0.786955 | P5: GPU Time 4 Mean: | Q5: 0 | R5: 0 | S5: GPU Time 5 Mean: | T5: 0 | U5: 0 | V5: GPU Time 6 Mean: | W5: 0 | X5: 0 | Y5: GPU Time 7 Mean: | Z5: 0 | AA5: 0 | AB5: GPU Time 8 Mean: | AC5: 0 | AD5: 0 | AE5: Global Min Mean: | AF5: 1 | AG5: 0 | AH5: Global Max Mean: | AI5: 1 | AJ5: 0 | AK5: Hash Fail Count Mean: | AL5: 0 | AM5: 0
A6: CUDA Time | B6: 5 | C6: 125 | D6: Duration Mean: | E6: 0 | F6: 0 | G6: GPU Time 1 Mean: | H6: 5755.7308 | I6: 1.944628 | J6: GPU Time 2 Mean: | K6: 5747.4703 | L6: 1.946508 | M6: GPU Time 3 Mean: | N6: 268.50128 | O6: 0.973136 | P6: GPU Time 4 Mean: | Q6: 0 | R6: 0 | S6: GPU Time 5 Mean: | T6: 0 | U6: 0 | V6: GPU Time 6 Mean: | W6: 0 | X6: 0 | Y6: GPU Time 7 Mean: | Z6: 0 | AA6: 0 | AB6: GPU Time 8 Mean: | AC6: 0 | AD6: 0 | AE6: Global Min Mean: | AF6: 1 | AG6: 0 | AH6: Global Max Mean: | AI6: 1 | AJ6: 0 | AK6: Hash Fail Count Mean: | AL6: 0 | AM6: 0
A7: CUDA Time | B7: 6 | C7: 150 | D7: Duration Mean: | E7: 0 | F7: 0 | G7: GPU Time 1 Mean: | H7: 6906.8741 | I7: 2.835732 | J7: GPU Time 2 Mean: | K7: 6896.9756 | L7: 2.747771 | M7: GPU Time 3 Mean: | N7: 322.2865 | O7: 1.151828 | P7: GPU Time 4 Mean: | Q7: 0 | R7: 0 | S7: GPU Time 5 Mean: | T7: 0 | U7: 0 | V7: GPU Time 6 Mean: | W7: 0 | X7: 0 | Y7: GPU Time 7 Mean: | Z7: 0 | AA7: 0 | AB7: GPU Time 8 Mean: | AC7: 0 | AD7: 0 | AE7: Global Min Mean: | AF7: 1 | AG7: 0 | AH7: Global Max Mean: | AI7: 1 | AJ7: 0 | AK7: Hash Fail Count Mean: | AL7: 0 | AM7: 0
A8: CUDA Time | B8: 7 | C8: 175 | D8: Duration Mean: | E8: 0 | F8: 0 | G8: GPU Time 1 Mean: | H8: 8057.9714 | I8: 3.660753 | J8: GPU Time 2 Mean: | K8: 8046.4224 | L8: 3.604572 | M8: GPU Time 3 Mean: | N8: 376.01883 | O8: 1.183325 | P8: GPU Time 4 Mean: | Q8: 0 | R8: 0 | S8: GPU Time 5 Mean: | T8: 0 | U8: 0 | V8: GPU Time 6 Mean: | W8: 0 | X8: 0 | Y8: GPU Time 7 Mean: | Z8: 0 | AA8: 0 | AB8: GPU Time 8 Mean: | AC8: 0 | AD8: 0 | AE8: Global Min Mean: | AF8: 1 | AG8: 0 | AH8: Global Max Mean: | AI8: 1 | AJ8: 0 | AK8: Hash Fail Count Mean: | AL8: 0 | AM8: 0
A9: CUDA Time | B9: 8 | C9: 200 | D9: Duration Mean: | E9: 0 | F9: 0 | G9: GPU Time 1 Mean: | H9: 9209.1844 | I9: 4.826801 | J9: GPU Time 2 Mean: | K9: 9196.0034 | L9: 4.699881 | M9: GPU Time 3 Mean: | N9: 429.75203 | O9: 1.420177 | P9: GPU Time 4 Mean: | Q9: 0 | R9: 0 | S9: GPU Time 5 Mean: | T9: 0 | U9: 0 | V9: GPU Time 6 Mean: | W9: 0 | X9: 0 | Y9: GPU Time 7 Mean: | Z9: 0 | AA9: 0 | AB9: GPU Time 8 Mean: | AC9: 0 | AD9: 0 | AE9: Global Min Mean: | AF9: 1 | AG9: 0 | AH9: Global Max Mean: | AI9: 1 | AJ9: 0 | AK9: Hash Fail Count Mean: | AL9: 0 | AM9: 0
A10: CUDA Time | B10: 9 | C10: 225 | D10: Duration Mean: | E10: 0 | F10: 0 | G10: GPU Time 1 Mean: | H10: 10360.351 | I10: 5.492126 | J10: GPU Time 2 Mean: | K10: 10345.506 | L10: 5.196565 | M10: GPU Time 3 Mean: | N10: 483.55595 | O10: 1.5455 | P10: GPU Time 4 Mean: | Q10: 0 | R10: 0 | S10: GPU Time 5 Mean: | T10: 0 | U10: 0 | V10: GPU Time 6 Mean: | W10: 0 | X10: 0 | Y10: GPU Time 7 Mean: | Z10: 0 | AA10: 0 | AB10: GPU Time 8 Mean: | AC10: 0 | AD10: 0 | AE10: Global Min Mean: | AF10: 1 | AG10: 0 | AH10: Global Max Mean: | AI10: 1 | AJ10: 0 | AK10: Hash Fail Count Mean: | AL10: 0 | AM10: 0
A11: CUDA Time | B11: 10 | C11: 250 | D11: Duration Mean: | E11: 0 | F11: 0 | G11: GPU Time 1 Mean: | H11: 11511.616 | I11: 6.108357 | J11: GPU Time 2 Mean: | K11: 11495.116 | L11: 5.890319 | M11: GPU Time 3 Mean: | N11: 537.28378 | O11: 1.700433 | P11: GPU Time 4 Mean: | Q11: 0 | R11: 0 | S11: GPU Time 5 Mean: | T11: 0 | U11: 0 | V11: GPU Time 6 Mean: | W11: 0 | X11: 0 | Y11: GPU Time 7 Mean: | Z11: 0 | AA11: 0 | AB11: GPU Time 8 Mean: | AC11: 0 | AD11: 0 | AE11: Global Min Mean: | AF11: 1 | AG11: 0 | AH11: Global Max Mean: | AI11: 1 | AJ11: 0 | AK11: Hash Fail Count Mean: | AL11: 0 | AM11: 0
A12: CUDA Time | B12: 11 | C12: 275 | D12: Duration Mean: | E12: 0 | F12: 0 | G12: GPU Time 1 Mean: | H12: 12662.833 | I12: 7.891587 | J12: GPU Time 2 Mean: | K12: 12644.674 | L12: 7.579528 | M12: GPU Time 3 Mean: | N12: 591.01741 | O12: 1.905552 | P12: GPU Time 4 Mean: | Q12: 0 | R12: 0 | S12: GPU Time 5 Mean: | T12: 0 | U12: 0 | V12: GPU Time 6 Mean: | W12: 0 | X12: 0 | Y12: GPU Time 7 Mean: | Z12: 0 | AA12: 0 | AB12: GPU Time 8 Mean: | AC12: 0 | AD12: 0 | AE12: Global Min Mean: | AF12: 1 | AG12: 0 | AH12: Global Max Mean: | AI12: 1 | AJ12: 0 | AK12: Hash Fail Count Mean: | AL12: 0 | AM12: 0
A13: CUDA Time | B13: 12 | C13: 300 | D13: Duration Mean: | E13: 0 | F13: 0 | G13: GPU Time 1 Mean: | H13: 13814.111 | I13: 9.788205 | J13: GPU Time 2 Mean: | K13: 13794.306 | L13: 9.269618 | M13: GPU Time 3 Mean: | N13: 644.76022 | O13: 2.305521 | P13: GPU Time 4 Mean: | Q13: 0 | R13: 0 | S13: GPU Time 5 Mean: | T13: 0 | U13: 0 | V13: GPU Time 6 Mean: | W13: 0 | X13: 0 | Y13: GPU Time 7 Mean: | Z13: 0 | AA13: 0 | AB13: GPU Time 8 Mean: | AC13: 0 | AD13: 0 | AE13: Global Min Mean: | AF13: 1 | AG13: 0 | AH13: Global Max Mean: | AI13: 1 | AJ13: 0 | AK13: Hash Fail Count Mean: | AL13: 0 | AM13: 0
... A441: CUDA ant par sort | B441: 20 | C441: 500 | D441: Duration Mean: | E441: 0 | F441: 0 | G441: GPU Time 1 Mean: | H441: 2979.776 | I441: 7.725264 | J441: GPU Time 2 Mean: | K441: 2944.5573 | L441: 0.014158 | M441: GPU Time 3 Mean: | N441: 1310.7056 | O441: 0.006611 | P441: GPU Time 4 Mean: | Q441: 0 | R441: 0 | S441: GPU Time 5 Mean: | T441: 0 | U441: 0 | V441: GPU Time 6 Mean: | W441: 0 | X441: 0 | Y441: GPU Time 7 Mean: | Z441: 0 | AA441: 0 | AB441: GPU Time 8 Mean: | AC441: 0 | AD441: 0 | AE441: Global Min Mean: | AF441: 32767 | AG441: 0 | AH441: Global Max Mean: | AI441: -32767 | AJ441: 0 | AK441: Hash Fail Count Mean: | AL441: 0 | AM441: 0

Sheet 168p trace
A1: Device 0: NVIDIA GeForce RTX 3060 Laptop GPU | B1: Max thread in blocks: 1024 Total Global Memory: 6143,5 MB Shared Memory per Block: 49152 bytes Constant Memory: 65536 bytes Registers per Block: 65536 Warp Size: 32 Compute Capability: 8,6 Can Map Host Memory: Yes Clock Rate: 1425 MHz L2 Cache Size: 3145728 bytes Multiprocessor Count: 30 | C1: Max thread in blocks by axis: (1024, 1024, 64) | D1: Max blocks by axis: (2147483647, 65535, 65535) | E1: PARAMETR_SIZE: 336 | F1: PARAMETR_SIZE_ONE_X: 21 | G1: MAX_VALUE_SIZE: 5 | H1: NAME_FILE_GRAPH: Parametr_Graph/test336,txt | I1: ANT_SIZE: 1500 | J1: KOL_ITERATION: 500 | K1: KOL_PROGON_STATISTICS: 50 | L1: PARAMETR_Q: 1 | M1: PARAMETR_RO: 0,999 | N1: TYPE_ACO: 1 | O1: ACOCCyN_KOL_ITERATION: 50 | P1: FUNCTION: SHAFFERA
A2: Time CUDA Time: | B2: 23914.2 | C2: 22998.6 | D2: 22901.9 | E2: 22866.6 | F2: 1070.62 | G2: 0 | H2: 1070.62 | I2: 1 | J2: 1 | K2: 0
A3: Time CUDA Time: | B3: 22951.3 | C3: 22940.6 | D3: 22854.8 | E3: 22822.2 | F3: 1065.95 | G3: 0 | H3: 1065.95 | I3: 1 | J3: 1 | K3: 0
A4: Time CUDA Time: | B4: 23120.5 | C4: 23109.8 | D4: 23024.4 | E4: 22991.9 | F4: 1075.68 | G4: 0 | H4: 1075.68 | I4: 1 | J4: 1 | K4: 0
A5: Time CUDA Time: | B5: 23128.8 | C5: 23117.6 | D5: 23022.6 | E5: 22989.7 | F5: 1073.54 | G5: 0 | H5: 1073.54 | I5: 1 | J5: 1 | K5: 0
A6: Time CUDA Time: | B6: 23135.4 | C6: 23124.3 | D6: 23030 | E6: 22996.7 | F6: 1075.33 | G6: 0 | H6: 1075.33 | I6: 1 | J6: 1 | K6: 0
A7: Time CUDA Time: | B7: 23136.8 | C7: 23125.9 | D7: 23030.4 | E7: 22996.8 | F7: 1075.45 | G7: 0 | H7: 1075.45 | I7: 1 | J7: 1 | K7: 0
A8: Time CUDA Time: | B8: 23122.6 | C8: 23111.6 | D8: 23021.7 | E8: 22989.5 | F8: 1073.87 | G8: 0 | H8: 1073.87 | I8: 1 | J8: 1 | K8: 0
A9: Time CUDA Time: | B9: 23127 | C9: 23116.2 | D9: 23025.4 | E9: 22991.9 | F9: 1072.81 | G9: 0 | H9: 1072.81 | I9: 1 | J9: 1 | K9: 0
A10: Time CUDA Time: | B10: 23129.9 | C10: 23119.3 | D10: 23026.2 | E10: 22989.9 | F10: 1072.72 | G10: 0 | H10: 1072.72 | I10: 1 | J10: 1 | K10: 0
A11: Time CUDA Time: | B11: 23138.6 | C11: 23128 | D11: 23033.6 | E11: 22996.8 | F11: 1077.95 | G11: 0 | H11: 1077.95 | I11: 1 | J11: 1 | K11: 0
A12: Time CUDA Time: | B12: 23127.8 | C12: 23116.9 | D12: 23023.2 | E12: 22991.3 | F12: 1071.85 | G12: 0 | H12: 1071.85 | I12: 1 | J12: 1 | K12: 0
A13: Time CUDA Time: | B13: 23128.7 | C13: 23112.8 | D13: 23028.3 | E13: 22996.9 | F13: 1075.92 | G13: 0 | H13: 1075.92 | I13: 1 | J13: 1 | K13: 0
... A54: Time CUDA Time: | B54: 23122.7 | C54: 23112.2 | D54: 23024.2 | E54: 22992.9 | F54: 1075.44 | G54: 0 | H54: 1075.44 | I54: 1 | J54: 1 | K54: 0
A55: Time CUDA Time: | B55: 23122 | C55: 23111.1 | D55: 23024.6 | E55: 22993 | F55: 1073.13 | G55: 0 | H55: 1073.13 | I55: 1 | J55: 1 | K55: 0 | R55: МО | U55: дисп | X55: CI
A56: Time CUDA Time: | B56: 23115.2 | C56: 23104.7 | D56: 23020.5 | E56: 22989.1 | F56: 1076.84 | G56: 0 | H56: 1076.84 | I56: 1 | J56: 1 | K56: 0 | R56: =AVERAGE(B7:B56) -> 23125.88 | S56: =AVERAGE(C7:C56) -> 23115.064 | U56: =_xlfn.VAR.P(B7:B56) -> 49.364 | V56: =_xlfn.VAR.P(C7:C56) -> 49.299104 | X56: =1.96*SQRT(U56)/50 -> 0.27541731 | Y56: =1.96*SQRT(V56)/50 -> 0.27523622
A57: Time CUDA time: | B57: 1156356.1 | C57: sec
A58: Time CUDA ant par: | B58: 3010.05 | C58: 2999.03 | D58: 2951.89 | E58: 2923.68 | F58: 1333.91 | G58: 0.0548003 | H58: 0.931836 | I58: 0
A59: Time CUDA ant par: | B59: 3019.18 | C59: 3008.96 | D59: 2953.99 | E59: 2924.55 | F59: 1335.61 | G59: 0.0541929 | H59: 0.931758 | I59: 0
A60: Time CUDA ant par: | B60: 3016.37 | C60: 3005.37 | D60: 2952.93 | E60: 2924.26 | F60: 1335.32 | G60: 0.0539121 | H60: 0.958375 | I60: 0
A61: Time CUDA ant par: | B61: 3012.79 | C61: 3002.37 | D61: 2952.64 | E61: 2924.36 | F61: 1334.97 | G61: 0.0540519 | H61: 0.957792 | I61: 0
A62: Time CUDA ant par: | B62: 3023.01 | C62: 3012.76 | D62: 2954.65 | E62: 2924.65 | F62: 1336.26 | G62: 0.0539132 | H62: 0.940977 | I62: 0
A63: Time CUDA ant par: | B63: 3016.36 | C63: 3005.36 | D63: 2954.41 | E63: 2924.32 | F63: 1335.43 | G63: 0.0540954 | H63: 0.931804 | I63: 0
A64: Time CUDA ant par: | B64: 3045.71 | C64: 3032.4 | D64: 2962.01 | E64: 2930.12 | F64: 1340.23 | G64: 0.0561574 | H64: 0.931833 | I64: 0
A65: Time CUDA ant par: | B65: 3054 | C65: 3043.03 | D65: 2963.72 | E65: 2930.04 | F65: 1338.18 | G65: 0.0467062 | H65: 0.956692 | I65: 0
A66: Time CUDA ant par: | B66: 3029.62 | C66: 3017.87 | D66: 2957.11 | E66: 2926.37 | F66: 1337.56 | G66: 0.034488 | H66: 0.952515 | I66: 0
A67: Time CUDA ant par: | B67: 3021.96 | C67: 3010.85 | D67: 2956.95 | E67: 2927.38 | F67: 1338.33 | G67: 0.0319379 | H67: 0.939164 | I67: 0
A68: Time CUDA ant par: | B68: 3030.44 | C68: 3017.84 | D68: 2957.46 | E68: 2927.77 | F68: 1335.93 | G68: 0.0544283 | H68: 0.931835 | I68: 0
A69: Time CUDA ant par: | B69: 3041.33 | C69: 3028.62 | D69: 2959.48 | E69: 2929.52 | F69: 1337.71 | G69: 0.0545099 | H69: 0.952965 | I69: 0
... A110: Time CUDA ant par: | B110: 2982.09 | C110: 2971.66 | D110: 2927.28 | E110: 2900.62 | F110: 1322.21 | G110: 0.0545657 | H110: 0.931824 | I110: 0
A111: Time CUDA ant par: | B111: 2984.23 | C111: 2972.89 | D111: 2928.16 | E111: 2900.98 | F111: 1323.34 | G111: 0.0684933 | H111: 0.931745 | I111: 0 | R111: МО | U111: дисп | X111: CI
A112: Time CUDA ant par: | B112: 2981.52 | C112: 2970.54 | D112: 2927.81 | E112: 2900.67 | F112: 1323.03 | G112: 0.0459342 | H112: 0.931837 | I112: 0 | R112: =AVERAGE(B63:B112) -> 3016.0826 | S112: =AVERAGE(C63:C112) -> 3004.938 | U112: =_xlfn.VAR.P(B63:B112) -> 408.43705 | V112: =_xlfn.VAR.P(C63:C112) -> 397.65164 | X112: =1.96*SQRT(U112)/50 -> 0.79222516 | Y112: =1.96*SQRT(V112)/50 -> 0.78169522
A113: Time CUDA ant par: | B113: 150938.08 | C113: sec
A114: Time CUDA ant add CPU Time: | B114: 2814.38 | C114: 2803.46 | D114: 2764.37 | E114: 2764.39 | F114: 975.039 | G114: 0.0545503 | H114: 0.931835 | I114: 0
A115: Time CUDA ant add CPU Time: | B115: 2834.01 | C115: 2821.77 | D115: 2781.89 | E115: 2778.92 | F115: 989.756 | G115: 0.0540343 | H115: 0.931791 | I115: 0
A116: Time CUDA ant add CPU Time: | B116: 2807.65 | C116: 2796.75 | D116: 2766.26 | E116: 2766.51 | F116: 997.032 | G116: 0.0546097 | H116: 0.945345 | I116: 0
A117: Time CUDA ant add CPU Time: | B117: 2814.72 | C117: 2803.52 | D117: 2759.27 | E117: 2755.12 | F117: 958.307 | G117: 0.0545614 | H117: 0.94911 | I117: 0
A118: Time CUDA ant add CPU Time: | B118: 2814.26 | C118: 2802.65 | D118: 2771.16 | E118: 2771.61 | F118: 998.907 | G118: 0.0539269 | H118: 0.955618 | I118: 0
A119: Time CUDA ant add CPU Time: | B119: 2785.93 | C119: 2774.56 | D119: 2746.66 | E119: 2747.74 | F119: 983.558 | G119: 0.0556467 | H119: 0.956204 | I119: 0
A120: Time CUDA ant add CPU Time: | B120: 2779.94 | C120: 2767.66 | D120: 2741.23 | E120: 2741.72 | F120: 980.747 | G120: 0.0539537 | H120: 0.954386 | I120: 0
A121: Time CUDA ant add CPU Time: | B121: 2790.76 | C121: 2778.92 | D121: 2751.65 | E121: 2750.09 | F121: 986.17 | G121: 0.0540274 | H121: 0.931743 | I121: 0
A122: Time CUDA ant add CPU Time: | B122: 2780.68 | C122: 2769.45 | D122: 2744.54 | E122: 2745.6 | F122: 987.032 | G122: 0.0543527 | H122: 0.931836 | I122: 0
A123: Time CUDA ant add CPU Time: | B123: 2758.83 | C123: 2747.46 | D123: 2721.66 | E123: 2723.03 | F123: 964.066 | G123: 0.0570353 | H123: 0.931834 | I123: 0
A124: Time CUDA ant add CPU Time: | B124: 2765.62 | C124: 2754.25 | D124: 2726.54 | E124: 2726.21 | F124: 956.088 | G124: 0.0539382 | H124: 0.957172 | I124: 0
A125: Time CUDA ant add CPU Time: | B125: 2780.75 | C125: 2769.13 | D125: 2739.36 | E125: 2739.26 | F125: 973.992 | G125: 0.0539856 | H125: 0.931709 | I125: 0
... A166: Time CUDA ant add CPU Time: | B166: 2812.55 | C166: 2801.48 | D166: 2770.77 | E166: 2770.26 | F166: 1000.39 | G166: 0.0568156 | H166: 0.958783 | I166: 0
A167: Time CUDA ant add CPU Time: | B167: 2805.6 | C167: 2793.36 | D167: 2764.49 | E167: 2764.88 | F167: 995.878 | G167: 0.0539111 | H167: 0.931614 | I167: 0 | R167: МО | U167: дисп | X167: CI
A168: Time CUDA ant add CPU Time: | B168: 2814.05 | C168: 2802.05 | D168: 2770.31 | E168: 2770.18 | F168: 994.467 | G168: 0.054401 | H168: 0.931831 | I168: 0 | R168: =AVERAGE(B119:B168) -> 2785.7786 | S168: =AVERAGE(C119:C168) -> 2774.2722 | U168: =_xlfn.VAR.P(B119:B168) -> 601.6927 | V168: =_xlfn.VAR.P(C119:C168) -> 599.33881 | X168: =1.96*SQRT(U168)/50 -> 0.96155347 | Y168: =1.96*SQRT(V168)/50 -> 0.95967077
A169: Time CUDA ant add CPU Time: | B169: 139406.07 | C169: sec
A170: Time CUDA opt Time: | B170: 23201.9 | C170: 23191.1 | D170: 23092.5 | E170: 21977.4 | F170: 0 | G170: 0.5 | H170: 1 | I170: 0
A171: Time CUDA opt Time: | B171: 23196.3 | C171: 23185 | D171: 23087.9 | E171: 21975.7 | F171: 0 | G171: 0.5 | H171: 1 | I171: 0
A172: Time CUDA opt Time: | B172: 23345.8 | C172: 23334.6 | D172: 23232.5 | E172: 22108.6 | F172: 0 | G172: 0.5 | H172: 1 | I172: 0
A173: Time CUDA opt Time: | B173: 23375.9 | C173: 23364.9 | D173: 23260.3 | E173: 22138.1 | F173: 0 | G173: 0.5 | H173: 1 | I173: 0
A174: Time CUDA opt Time: | B174: 23367.7 | C174: 23356.9 | D174: 23261 | E174: 22132.4 | F174: 0 | G174: 0.5 | H174: 1 | I174: 0
A175: Time CUDA opt Time: | B175: 23370.7 | C175: 23359.3 | D175: 23262.5 | E175: 22139.4 | F175: 0 | G175: 0.5 | H175: 1 | I175: 0
A176: Time CUDA opt Time: | B176: 23355.5 | C176: 23344.7 | D176: 23254.4 | E176: 22131.2 | F176: 0 | G176: 0.5 | H176: 1 | I176: 0
A177: Time CUDA opt Time: | B177: 23366.5 | C177: 23355.5 | D177: 23260.4 | E177: 22135.1 | F177: 0 | G177: 0.5 | H177: 1 | I177: 0
A178: Time CUDA opt Time: | B178: 23376.4 | C178: 23364.8 | D178: 23263.4 | E178: 22144.9 | F178: 0 | G178: 0.5 | H178: 1 | I178: 0
A179: Time CUDA opt Time: | B179: 23373.9 | C179: 23362.5 | D179: 23265.2 | E179: 22147.3 | F179: 0 | G179: 0.5 | H179: 1 | I179: 0
A180: Time CUDA opt Time: | B180: 23361.5 | C180: 23349.9 | D180: 23255.5 | E180: 22137.5 | F180: 0 | G180: 0.5 | H180: 1 | I180: 0
A181: Time CUDA opt Time: | B181: 23365.1 | C181: 23354.4 | D181: 23254.1 | E181: 22127.8 | F181: 0 | G181: 0.5 | H181: 1 | I181: 0
... A222: Time CUDA opt Time: | B222: 23376.1 | C222: 23365.4 | D222: 23262.3 | E222: 22140.4 | F222: 0 | G222: 0.5 | H222: 1 | I222: 0
A223: Time CUDA opt Time: | B223: 23365.2 | C223: 23353.8 | D223: 23254.9 | E223: 22131.6 | F223: 0 | G223: 0.5 | H223: 1 | I223: 0 | R223: МО | U223: дисп | X223: CI
A224: Time CUDA opt Time: | B224: 23357.1 | C224: 23346 | D224: 23255.9 | E224: 22129.1 | F224: 0 | G224: 0.5 | H224: 1 | I224: 0 | R224: =AVERAGE(B175:B224) -> 23371.874 | S224: =AVERAGE(C175:C224) -> 23360.68 | U224: =_xlfn.VAR.P(B175:B224) -> 78.567124 | V224: =_xlfn.VAR.P(C175:C224) -> 78.0356 | X224: =1.96*SQRT(U224)/50 -> 0.34746134 | Y224: =1.96*SQRT(V224)/50 -> 0.34628402
A225: Time CUDA opt: | B225: 1168690 | C225: sec
A226: Time CUDA opt ant: | B226: 3024.57 | C226: 3013.46 | D226: 2956.1 | E226: 1591.55 | F226: 0 | G226: 0.114928 | H226: 0.897672 | I226: 0
A227: Time CUDA opt ant: | B227: 3034.9 | C227: 3024.13 | D227: 2958.94 | E227: 1590.58 | F227: 0 | G227: 0.11494 | H227: 0.899234 | I227: 0
A228: Time CUDA opt ant: | B228: 3010.12 | C228: 2998.61 | D228: 2952.2 | E228: 1591.23 | F228: 0 | G228: 0.114953 | H228: 0.899267 | I228: 0
A229: Time CUDA opt ant: | B229: 3025.24 | C229: 3014.55 | D229: 2956.99 | E229: 1591.93 | F229: 0 | G229: 0.0869948 | H229: 0.900964 | I229: 0
A230: Time CUDA opt ant: | B230: 3029.25 | C230: 3018.29 | D230: 2957.8 | E230: 1591.05 | F230: 0 | G230: 0.115025 | H230: 0.897843 | I230: 0
A231: Time CUDA opt ant: | B231: 3025.35 | C231: 3014.11 | D231: 2956.54 | E231: 1590.58 | F231: 0 | G231: 0.114924 | H231: 0.89805 | I231: 0
A232: Time CUDA opt ant: | B232: 3017.15 | C232: 3005.9 | D232: 2954.18 | E232: 1591.49 | F232: 0 | G232: 0.114954 | H232: 0.897541 | I232: 0
A233: Time CUDA opt ant: | B233: 3011.56 | C233: 3001.14 | D233: 2952.46 | E233: 1591.49 | F233: 0 | G233: 0.114925 | H233: 0.900075 | I233: 0
A234: Time CUDA opt ant: | B234: 3005.76 | C234: 2994.91 | D234: 2951.65 | E234: 1590.56 | F234: 0 | G234: 0.114933 | H234: 0.868954 | I234: 0
A235: Time CUDA opt ant: | B235: 3004.8 | C235: 2993.43 | D235: 2951.21 | E235: 1590.64 | F235: 0 | G235: 0.114923 | H235: 0.896335 | I235: 0
A236: Time CUDA opt ant: | B236: 3002.57 | C236: 2991.68 | D236: 2950.39 | E236: 1591.83 | F236: 0 | G236: 0.114924 | H236: 0.900234 | I236: 0
A237: Time CUDA opt ant: | B237: 3005.27 | C237: 2994.22 | D237: 2952.13 | E237: 1590.93 | F237: 0 | G237: 0.114933 | H237: 0.896599 | I237: 0
... A278: Time CUDA opt ant: | B278: 3023.46 | C278: 3012.08 | D278: 2956.36 | E278: 1589.57 | F278: 0 | G278: 0.114926 | H278: 0.900152 | I278: 0
A279: Time CUDA opt ant: | B279: 3025.39 | C279: 3014.15 | D279: 2957.56 | E279: 1588.02 | F279: 0 | G279: 0.114927 | H279: 0.898682 | I279: 0 | R279: МО | U279: дисп | X279: CI
A280: Time CUDA opt ant: | B280: 3022.91 | C280: 3011.52 | D280: 2955.72 | E280: 1590.3 | F280: 0 | G280: 0.114928 | H280: 0.890951 | I280: 0 | R280: =AVERAGE(B231:B280) -> 3017.4474 | S280: =AVERAGE(C231:C280) -> 3006.363 | U280: =_xlfn.VAR.P(B231:B280) -> 104.30058 | V280: =_xlfn.VAR.P(C231:C280) -> 103.79394 | X280: =1.96*SQRT(U280)/50 -> 0.4003404 | Y280: =1.96*SQRT(V280)/50 -> 0.3993669
A281: Time CUDA opt ant: | B281: 150986.22 | C281: sec
A282: Time CUDA opt ant par: | B282: 3015.55 | C282: 3004.9 | D282: 2950.3 | E282: 1588.29 | F282: 0 | G282: 0.114932 | H282: 0.900885 | I282: 0
A283: Time CUDA opt ant par: | B283: 3024.26 | C283: 3012.84 | D283: 2951.56 | E283: 1589.23 | F283: 0 | G283: 0.114973 | H283: 0.901077 | I283: 0
A284: Time CUDA opt ant par: | B284: 3014.56 | C284: 3003.52 | D284: 2949.5 | E284: 1589.17 | F284: 0 | G284: 0.114981 | H284: 0.885255 | I284: 0
A285: Time CUDA opt ant par: | B285: 3009.94 | C285: 2998.9 | D285: 2947.84 | E285: 1587.76 | F285: 0 | G285: 0.114935 | H285: 0.899223 | I285: 0
A286: Time CUDA opt ant par: | B286: 3024.6 | C286: 3013.09 | D286: 2951.74 | E286: 1590.13 | F286: 0 | G286: 0.114932 | H286: 0.900151 | I286: 0
A287: Time CUDA opt ant par: | B287: 3018.64 | C287: 3006.88 | D287: 2949.76 | E287: 1589.73 | F287: 0 | G287: 0.0987211 | H287: 0.897846 | I287: 0
A288: Time CUDA opt ant par: | B288: 3025.54 | C288: 3014.93 | D288: 2954.55 | E288: 1589.52 | F288: 0 | G288: 0.114929 | H288: 0.900626 | I288: 0
A289: Time CUDA opt ant par: | B289: 3018.7 | C289: 3007.54 | D289: 2950.37 | E289: 1588.26 | F289: 0 | G289: 0.114992 | H289: 0.897973 | I289: 0
A290: Time CUDA opt ant par: | B290: 3001.34 | C290: 2990.52 | D290: 2931.56 | E290: 1577.04 | F290: 0 | G290: 0.11493 | H290: 0.892393 | I290: 0
A291: Time CUDA opt ant par: | B291: 2990.09 | C291: 2979.14 | D291: 2926.46 | E291: 1576.47 | F291: 0 | G291: 0.0950742 | H291: 0.900353 | I291: 0
A292: Time CUDA opt ant par: | B292: 2987.1 | C292: 2975.79 | D292: 2926.38 | E292: 1577.39 | F292: 0 | G292: 0.114958 | H292: 0.893978 | I292: 0
A293: Time CUDA opt ant par: | B293: 2987.38 | C293: 2976.81 | D293: 2926.63 | E293: 1578.39 | F293: 0 | G293: 0.114929 | H293: 0.896116 | I293: 0
... A334: Time CUDA opt ant par: | B334: 2999.16 | C334: 2988.43 | D334: 2928.88 | E334: 1577.49 | F334: 0 | G334: 0.114924 | H334: 0.868956 | I334: 0
A335: Time CUDA opt ant par: | B335: 2989.66 | C335: 2978.41 | D335: 2927.2 | E335: 1578.43 | F335: 0 | G335: 0.114965 | H335: 0.900446 | I335: 0 | R335: МО | U335: дисп | X335: CI
A336: Time CUDA opt ant par: | B336: 2998.24 | C336: 2987.54 | D336: 2929.54 | E336: 1579.84 | F336: 0 | G336: 0.114937 | H336: 0.899893 | I336: 0 | R336: =AVERAGE(B287:B336) -> 2991.9018 | S336: =AVERAGE(C287:C336) -> 2980.8574 | U336: =_xlfn.VAR.P(B287:B336) -> 94.881407 | V336: =_xlfn.VAR.P(C287:C336) -> 94.670807 | X336: =1.96*SQRT(U336)/50 -> 0.38183578 | Y336: =1.96*SQRT(V336)/50 -> 0.38141178
A337: Time CUDA opt ant par: | B337: 149727.92 | C337: sec
A338: Time non CUDA_time | B338: 12238.3 | C338: 12161.4 | D338: 12161.1 | E338: 12154.5 | F338: 1013.86 | G338: 1271.89 | H338: 423.055 | I338: 293.663 | J338: 469.718 | K338: 9813.32 | L338: 0.0581477 | M338: 0.931834 | N338: 0
A339: Time non CUDA_time | B339: 12088 | C339: 12018.8 | D339: 12018.5 | E339: 12011.9 | F339: 996.892 | G339: 1255.02 | H339: 416.913 | I339: 290.601 | J339: 464.325 | K339: 9705.11 | L339: 0.0541297 | M339: 0.931794 | N339: 0
A340: Time non CUDA_time | B340: 11995.5 | C340: 11929 | D340: 11928.7 | E340: 11922.1 | F340: 983.458 | G340: 1247.17 | H340: 415.406 | I340: 291.352 | J340: 458.196 | K340: 9637.38 | L340: 0.0539841 | M340: 0.931816 | N340: 0
...

Sheet 168 end
D2: T_start | E2: T_Delt | F2: T1 | G2: T2 | H2: T3
A3: 1 | C3: =OFFSET('168p stat'!$A$1,A3*20,0) -> CUDA Time | D3: =OFFSET('168p trace'!$M$56,(A3-1)*56,0)-OFFSET('168p trace'!$N$56,(A3-1)*56,0) -> 0 | E3: =OFFSET('168p trace'!$N$56,(A3-1)*56,0)-OFFSET('168p stat'!$H$1,A3*20,0) -> -23024.63 | F3: =OFFSET('168p stat'!$H$1,A3*20,0)-OFFSET('168p stat'!$K$1,A3*20,0) -> 32.888046 | G3: =OFFSET('168p stat'!$K$1,A3*20,0)-OFFSET('168p stat'!$N$1,A3*20,0) -> 21917.098 | H3: =OFFSET('168p stat'!$N$1,A3*20,0) -> 1074.6442
A4: 1 | C4: =OFFSET('168p stat'!$A$1,A4*20,0) -> CUDA Time | D4: =OFFSET('168p trace'!$P$56,(A4-1)*56,0) -> 0 | E4: =OFFSET('168p trace'!$Q$56,(A4-1)*56,0) -> 0 | F4: =OFFSET('168p stat'!$H$1,A4*20,1) -> 25.862037 | G4: =OFFSET('168p stat'!$K$1,A4*20,1) -> 26.309209 | H4: =OFFSET('168p stat'!$N$1,A4*20,1) -> 3.540068
A5: 2 | C5: =OFFSET('168p stat'!$A$1,A5*20,0) -> CUDA ant par | D5: =OFFSET('168p trace'!$M$56,(A5-1)*56,0)-OFFSET('168p trace'!$N$56,(A5-1)*56,0) -> 0 | E5: =OFFSET('168p trace'!$N$56,(A5-1)*56,0)-OFFSET('168p stat'!$H$1,A5*20,0) -> -2947.2139 | F5: =OFFSET('168p stat'!$H$1,A5*20,0)-OFFSET('168p stat'!$K$1,A5*20,0) -> 29.63979 | G5: =OFFSET('168p stat'!$K$1,A5*20,0)-OFFSET('168p stat'!$N$1,A5*20,0) -> 1585.5038 | H5: =OFFSET('168p stat'!$N$1,A5*20,0) -> 1332.0704
A6: 2 | C6: =OFFSET('168p stat'!$A$1,A6*20,0) -> CUDA ant par | D6: =OFFSET('168p trace'!$P$56,(A6-1)*56,0) -> 0 | E6: =OFFSET('168p trace'!$Q$56,(A6-1)*56,0) -> 0 | F6: =OFFSET('168p stat'!$H$1,A6*20,1) -> 145.04523 | G6: =OFFSET('168p stat'!$K$1,A6*20,1) -> 126.71304 | H6: =OFFSET('168p stat'!$N$1,A6*20,1) -> 33.59057
A7: 3 | C7: =OFFSET('168p stat'!$A$1,A7*20,0) -> CUDA ant add CPU Time | D7: =OFFSET('168p trace'!$M$56,(A7-1)*56,0)-OFFSET('168p trace'!$N$56,(A7-1)*56,0) -> 0 | E7: =OFFSET('168p trace'!$N$56,(A7-1)*56,0)-OFFSET('168p stat'!$H$1,A7*20,0) -> -2743.7834 | F7: =OFFSET('168p stat'!$H$1,A7*20,0)-OFFSET('168p stat'!$K$1,A7*20,0) -> 0.391528 | G7: =OFFSET('168p stat'!$K$1,A7*20,0)-OFFSET('168p stat'!$N$1,A7*20,0) -> 1769.9691 | H7: =OFFSET('168p stat'!$N$1,A7*20,0) -> 973.42276
A8: 3 | C8: =OFFSET('168p stat'!$A$1,A8*20,0) -> CUDA ant add CPU Time | D8: =OFFSET('168p trace'!$P$56,(A8-1)*56,0) -> 0 | E8: =OFFSET('168p trace'!$Q$56,(A8-1)*56,0) -> 0 | F8: =OFFSET('168p stat'!$H$1,A8*20,1) -> 512.25633 | G8: =OFFSET('168p stat'!$K$1,A8*20,1) -> 502.68653 | H8: =OFFSET('168p stat'!$N$1,A8*20,1) -> 378.04101
A9: 4 | C9: =OFFSET('168p stat'!$A$1,A9*20,0) -> CUDA opt Time | D9: =OFFSET('168p trace'!$M$56,(A9-1)*56,0)-OFFSET('168p trace'!$N$56,(A9-1)*56,0) -> 0 | E9: =OFFSET('168p trace'!$N$56,(A9-1)*56,0)-OFFSET('168p stat'!$H$1,A9*20,0) -> -23262.624 | F9: =OFFSET('168p stat'!$H$1,A9*20,0)-OFFSET('168p stat'!$K$1,A9*20,0) -> 1123.2348 | G9: =OFFSET('168p stat'!$K$1,A9*20,0)-OFFSET('168p stat'!$N$1,A9*20,0) -> 22139.389 | H9: =OFFSET('168p stat'!$N$1,A9*20,0) -> 0
A10: 4 | C10: =OFFSET('168p stat'!$A$1,A10*20,0) -> CUDA opt Time | D10: =OFFSET('168p trace'!$P$56,(A10-1)*56,0) -> 0 | E10: =OFFSET('168p trace'!$Q$56,(A10-1)*56,0) -> 0 | F10: =OFFSET('168p stat'!$H$1,A10*20,1) -> 49.279097 | G10: =OFFSET('168p stat'!$K$1,A10*20,1) -> 57.871622 | H10: =OFFSET('168p stat'!$N$1,A10*20,1) -> 0
A11: 5 | C11: =OFFSET('168p stat'!$A$1,A11*20,0) -> CUDA opt ant | D11: =OFFSET('168p trace'!$M$56,(A11-1)*56,0)-OFFSET('168p trace'!$N$56,(A11-1)*56,0) -> 0 | E11: =OFFSET('168p trace'!$N$56,(A11-1)*56,0)-OFFSET('168p stat'!$H$1,A11*20,0) -> -2954.0064 | F11: =OFFSET('168p stat'!$H$1,A11*20,0)-OFFSET('168p stat'!$K$1,A11*20,0) -> 1363.3196 | G11: =OFFSET('168p stat'!$K$1,A11*20,0)-OFFSET('168p stat'!$N$1,A11*20,0) -> 1590.6869 | H11: =OFFSET('168p stat'!$N$1,A11*20,0) -> 0
A12: 5 | C12: =OFFSET('168p stat'!$A$1,A12*20,0) -> CUDA opt ant | D12: =OFFSET('168p trace'!$P$56,(A12-1)*56,0) -> 0 | E12: =OFFSET('168p trace'!$Q$56,(A12-1)*56,0) -> 0 | F12: =OFFSET('168p stat'!$H$1,A12*20,1) -> 4.294374 | G12: =OFFSET('168p stat'!$K$1,A12*20,1) -> 0.774748 | H12: =OFFSET('168p stat'!$N$1,A12*20,1) -> 0
A13: 6 | C13: =OFFSET('168p stat'!$A$1,A13*20,0) -> CUDA opt ant par | D13: =OFFSET('168p trace'!$M$56,(A13-1)*56,0)-OFFSET('168p trace'!$N$56,(A13-1)*56,0) -> 0 | E13: =OFFSET('168p trace'!$N$56,(A13-1)*56,0)-OFFSET('168p stat'!$H$1,A13*20,0) -> -2928.5847 | F13: =OFFSET('168p stat'!$H$1,A13*20,0)-OFFSET('168p stat'!$K$1,A13*20,0) -> 1349.6608 | G13: =OFFSET('168p stat'!$K$1,A13*20,0)-OFFSET('168p stat'!$N$1,A13*20,0) -> 1578.9239 | H13: =OFFSET('168p stat'!$N$1,A13*20,0) -> 0
A14: 6 | C14: =OFFSET('168p stat'!$A$1,A14*20,0) -> CUDA opt ant par | D14: =OFFSET('168p trace'!$P$56,(A14-1)*56,0) -> 0 | E14: =OFFSET('168p trace'!$Q$56,(A14-1)*56,0) -> 0 | F14: =OFFSET('168p stat'!$H$1,A14*20,1) -> 36.990532 | G14: =OFFSET('168p stat'!$K$1,A14*20,1) -> 7.487921 | H14: =OFFSET('168p stat'!$N$1,A14*20,1) -> 0
A15: 7 | C15: =OFFSET('168p stat'!$A$1,A15*20,0) -> non CUDA Time | D15: =OFFSET('168p trace'!$M$56,(A15-1)*56,0)-OFFSET('168p trace'!$N$56,(A15-1)*56,0) -> 0.958746 | E15: =OFFSET('168p trace'!$N$56,(A15-1)*56,0)-OFFSET('168p stat'!$H$1,A15*20,0) -> -11732.039 | F15: =OFFSET('168p stat'!$H$1,A15*20,0)-OFFSET('168p stat'!$K$1,A15*20,0) -> 6.430202 | G15: =OFFSET('168p stat'!$K$1,A15*20,0)-OFFSET('168p stat'!$N$1,A15*20,0) -> 10767.529 | H15: =OFFSET('168p stat'!$N$1,A15*20,0) -> 958.07976
A16: 7 | C16: =OFFSET('168p stat'!$A$1,A16*20,0) -> non CUDA Time | D16: =OFFSET('168p trace'!$P$56,(A16-1)*56,0) -> 0 | E16: =OFFSET('168p trace'!$Q$56,(A16-1)*56,0) -> 0 | F16: =OFFSET('168p stat'!$H$1,A16*20,1) -> 22189.257 | G16: =OFFSET('168p stat'!$K$1,A16*20,1) -> 22157.448 | H16: =OFFSET('168p stat'!$N$1,A16*20,1) -> 454.86456
A17: 8 | C17: =OFFSET('168p stat'!$A$1,A17*20,0) -> Classic ACO | D17: =OFFSET('168p trace'!$M$56,(A17-1)*56,0)-OFFSET('168p trace'!$N$56,(A17-1)*56,0) -> 0 | E17: =OFFSET('168p trace'!$N$56,(A17-1)*56,0)-OFFSET('168p stat'!$H$1,A17*20,0) -> -141244.66 | F17: =OFFSET('168p stat'!$H$1,A17*20,0)-OFFSET('168p stat'!$K$1,A17*20,0) -> 17.001874 | G17: =OFFSET('168p stat'!$K$1,A17*20,0)-OFFSET('168p stat'!$N$1,A17*20,0) -> 138582.29 | H17: =OFFSET('168p stat'!$N$1,A17*20,0) -> 2645.3705
A18: 8 | C18: =OFFSET('168p stat'!$A$1,A18*20,0) -> Classic ACO | D18: =OFFSET('168p trace'!$P$56,(A18-1)*56,0) -> 0 | E18: =OFFSET('168p trace'!$Q$56,(A18-1)*56,0) -> 0 | F18: =OFFSET('168p stat'!$H$1,A18*20,1) -> 3712092.7 | G18: =OFFSET('168p stat'!$K$1,A18*20,1) -> 3711072 | H18: =OFFSET('168p stat'!$N$1,A18*20,1) -> 1305.3124
A19: 9 | C19: =OFFSET('168p stat'!$A$1,A19*20,0) -> omp | D19: =OFFSET('168p trace'!$M$56,(A19-1)*56,0)-OFFSET('168p trace'!$N$56,(A19-1)*56,0) -> 0 | E19: =OFFSET('168p trace'!$N$56,(A19-1)*56,0)-OFFSET('168p stat'!$H$1,A19*20,0) -> -11594.205 | F19: =OFFSET('168p stat'!$H$1,A19*20,0)-OFFSET('168p stat'!$K$1,A19*20,0) -> 6.547998 | G19: =OFFSET('168p stat'!$K$1,A19*20,0)-OFFSET('168p stat'!$N$1,A19*20,0) -> 10675.312 | H19: =OFFSET('168p stat'!$N$1,A19*20,0) -> 912.34527
A20: 9 | C20: =OFFSET('168p stat'!$A$1,A20*20,0) -> omp | D20: =OFFSET('168p trace'!$P$56,(A20-1)*56,0) -> 0 | E20: =OFFSET('168p trace'!$Q$56,(A20-1)*56,0) -> 0 | F20: =OFFSET('168p stat'!$H$1,A20*20,1) -> 51940.001 | G20: =OFFSET('168p stat'!$K$1,A20*20,1) -> 51838.681 | H20: =OFFSET('168p stat'!$N$1,A20*20,1) -> 511.57017
A21: 10 | C21: =OFFSET('168p stat'!$A$1,A21*20,0) -> non CUDA transp Time | D21: =OFFSET('168p trace'!$M$56,(A21-1)*56,0)-OFFSET('168p trace'!$N$56,(A21-1)*56,0) -> 0.931813 | E21: =OFFSET('168p trace'!$N$56,(A21-1)*56,0)-OFFSET('168p stat'!$H$1,A21*20,0) -> -11485.103 | F21: =OFFSET('168p stat'!$H$1,A21*20,0)-OFFSET('168p stat'!$K$1,A21*20,0) -> 10.93852 | G21: =OFFSET('168p stat'!$K$1,A21*20,0)-OFFSET('168p stat'!$N$1,A21*20,0) -> 10700.694 | H21: =OFFSET('168p stat'!$N$1,A21*20,0) -> 773.47076
A22: 10 | C22: =OFFSET('168p stat'!$A$1,A22*20,0) -> non CUDA transp Time | D22: =OFFSET('168p trace'!$P$56,(A22-1)*56,0) -> 0 | E22: =OFFSET('168p trace'!$Q$56,(A22-1)*56,0) -> 0 | F22: =OFFSET('168p stat'!$H$1,A22*20,1) -> 8836.9169 | G22: =OFFSET('168p stat'!$K$1,A22*20,1) -> 8802.7607 | H22: =OFFSET('168p stat'!$N$1,A22*20,1) -> 103.96671
A23: 11 | C23: =OFFSET('168p stat'!$A$1,A23*20,0) -> non CUDA transp_AVX Time | D23: =OFFSET('168p trace'!$M$56,(A23-1)*56,0)-OFFSET('168p trace'!$N$56,(A23-1)*56,0) -> 0.940146 | E23: =OFFSET('168p trace'!$N$56,(A23-1)*56,0)-OFFSET('168p stat'!$H$1,A23*20,0) -> -11490.41 | F23: =OFFSET('168p stat'!$H$1,A23*20,0)-OFFSET('168p stat'!$K$1,A23*20,0) -> 8.974134 | G23: =OFFSET('168p stat'!$K$1,A23*20,0)-OFFSET('168p stat'!$N$1,A23*20,0) -> 10659.626 | H23: =OFFSET('168p stat'!$N$1,A23*20,0) -> 821.80994
A24: 11 | C24: =OFFSET('168p stat'!$A$1,A24*20,0) -> non CUDA transp_AVX Time | D24: =OFFSET('168p trace'!$P$56,(A24-1)*56,0) -> 0 | E24: =OFFSET('168p trace'!$Q$56,(A24-1)*56,0) -> 0 | F24: =OFFSET('168p stat'!$H$1,A24*20,1) -> 11302.063 | G24: =OFFSET('168p stat'!$K$1,A24*20,1) -> 11163.254 | H24: =OFFSET('168p stat'!$N$1,A24*20,1) -> 191.55266
A25: 12 | C25: =OFFSET('168p stat'!$A$1,A25*20,0) -> non CUDA transp_AVX_OMP Time | D25: =OFFSET('168p trace'!$M$56,(A25-1)*56,0)-OFFSET('168p trace'!$N$56,(A25-1)*56,0) -> 0.95809 | E25: =OFFSET('168p trace'!$N$56,(A25-1)*56,0)-OFFSET('168p stat'!$H$1,A25*20,0) -> -11436.935 | F25: =OFFSET('168p stat'!$H$1,A25*20,0)-OFFSET('168p stat'!$K$1,A25*20,0) -> 8.269324 | G25: =OFFSET('168p stat'!$K$1,A25*20,0)-OFFSET('168p stat'!$N$1,A25*20,0) -> 10611.266 | H25: =OFFSET('168p stat'!$N$1,A25*20,0) -> 817.39992
A26: 12 | C26: =OFFSET('168p stat'!$A$1,A26*20,0) -> non CUDA transp_AVX_OMP Time | D26: =OFFSET('168p trace'!$P$56,(A26-1)*56,0) -> 0 | E26: =OFFSET('168p trace'!$Q$56,(A26-1)*56,0) -> 0 | F26: =OFFSET('168p stat'!$H$1,A26*20,1) -> 1785.3215 | G26: =OFFSET('168p stat'!$K$1,A26*20,1) -> 1773.8085 | H26: =OFFSET('168p stat'!$N$1,A26*20,1) -> 147.50056
A27: 13 | C27: =OFFSET('168p stat'!$A$1,A27*20,0) -> CUDA ant add CPU_AVX_transp Time | D27: =OFFSET('168p trace'!$M$56,(A27-1)*56,0)-OFFSET('168p trace'!$N$56,(A27-1)*56,0) -> 0 | E27: =OFFSET('168p trace'!$N$56,(A27-1)*56,0)-OFFSET('168p stat'!$H$1,A27*20,0) -> -2586.7677 | F27: =OFFSET('168p stat'!$H$1,A27*20,0)-OFFSET('168p stat'!$K$1,A27*20,0) -> 2.671235 | G27: =OFFSET('168p stat'!$K$1,A27*20,0)-OFFSET('168p stat'!$N$1,A27*20,0) -> 1740.2591 | H27: =OFFSET('168p stat'!$N$1,A27*20,0) -> 843.83735
A28: 13 | C28: =OFFSET('168p stat'!$A$1,A28*20,0) -> CUDA ant add CPU_AVX_transp Time | D28: =OFFSET('168p trace'!$P$56,(A28-1)*56,0) -> 0 | E28: =OFFSET('168p trace'!$Q$56,(A28-1)*56,0) -> 0 | F28: =OFFSET('168p stat'!$H$1,A28*20,1) -> 321.16228 | G28: =OFFSET('168p stat'!$K$1,A28*20,1) -> 282.0456 | H28: =OFFSET('168p stat'!$N$1,A28*20,1) -> 313.0319
K29: 1.96 | L29: 50
D30: T_start | E30: T_Delt | F30: T1 | G30: T2 | H30: T3 | J30: summ | K30: 2 этап/ общее | L30: ДИ
A31: 1 | C31: =OFFSET('168p stat'!$A$1,A31*20,0) -> CUDA Time | D31: =OFFSET('168p trace'!$R$56,(A31-1)*56,0)-OFFSET('168p trace'!$S$56,(A31-1)*56,0) -> 10.816 | E31: =OFFSET('168p trace'!$S$56,(A31-1)*56,0)-OFFSET('168p stat'!$H$1,A31*20,0) -> 90.433766 | F31: =OFFSET('168p stat'!$H$1,A31*20,0)-OFFSET('168p stat'!$K$1,A31*20,0) -> 32.888046 | G31: =OFFSET('168p stat'!$K$1,A31*20,0)-OFFSET('168p stat'!$N$1,A31*20,0) -> 21917.098 | H31: =OFFSET('168p stat'!$N$1,A31*20,0) -> 1074.6442 | J31: =SUM(E31:H31) -> 23115.064 | K31: =G31/J31 -> 0.9481738 | L31: =$K$29*POWER(K31,2)*SQRT(G179/(POWER(G31,2)*$L$29)+J179/(POWER(J31,2)*$L$29)) -> 0.00014609438
A32: 2 | C32: =OFFSET('168p stat'!$A$1,A32*20,0) -> CUDA ant par | D32: =OFFSET('168p trace'!$R$56,(A32-1)*56,0)-OFFSET('168p trace'!$S$56,(A32-1)*56,0) -> 11.1446 | E32: =OFFSET('168p trace'!$S$56,(A32-1)*56,0)-OFFSET('168p stat'!$H$1,A32*20,0) -> 57.724074 | F32: =OFFSET('168p stat'!$H$1,A32*20,0)-OFFSET('168p stat'!$K$1,A32*20,0) -> 29.63979 | G32: =OFFSET('168p stat'!$K$1,A32*20,0)-OFFSET('168p stat'!$N$1,A32*20,0) -> 1585.5038 | H32: =OFFSET('168p stat'!$N$1,A32*20,0) -> 1332.0704 | J32: =SUM(D32:H32) -> 3016.0826 | K32: =G32/J32 -> 0.52568314 | L32: =$K$29*POWER(K32,2)*SQRT(G180/(POWER(G32,2)*$L$29)+J180/(POWER(J32,2)*$L$29)) -> 0.0010062875
A33: 3 | C33: =OFFSET('168p stat'!$A$1,A33*20,0) -> CUDA ant add CPU Time | D33: =OFFSET('168p trace'!$R$56,(A33-1)*56,0)-OFFSET('168p trace'!$S$56,(A33-1)*56,0) -> 11.5064 | E33: =OFFSET('168p trace'!$S$56,(A33-1)*56,0)-OFFSET('168p stat'!$H$1,A33*20,0) -> 30.488758 | F33: =OFFSET('168p stat'!$H$1,A33*20,0)-OFFSET('168p stat'!$K$1,A33*20,0) -> 0.391528 | G33: =OFFSET('168p stat'!$K$1,A33*20,0)-OFFSET('168p stat'!$N$1,A33*20,0) -> 1769.9691 | H33: =OFFSET('168p stat'!$N$1,A33*20,0) -> 973.42276 | J33: =SUM(E33:H33) -> 2774.2722 | K33: =G33/J33 -> 0.63799405 | L33: =$K$29*POWER(K33,2)*SQRT(G181/(POWER(G33,2)*$L$29)+J181/(POWER(J33,2)*$L$29)) -> 0.0025165081
A34: 4 | C34: =OFFSET('168p stat'!$A$1,A34*20,0) -> CUDA opt Time | D34: =OFFSET('168p trace'!$R$56,(A34-1)*56,0)-OFFSET('168p trace'!$S$56,(A34-1)*56,0) -> 11.194 | E34: =OFFSET('168p trace'!$S$56,(A34-1)*56,0)-OFFSET('168p stat'!$H$1,A34*20,0) -> 98.056328 | F34: =OFFSET('168p stat'!$H$1,A34*20,0)-OFFSET('168p stat'!$K$1,A34*20,0) -> 1123.2348 | G34: =OFFSET('168p stat'!$K$1,A34*20,0)-OFFSET('168p stat'!$N$1,A34*20,0) -> 22139.389 | H34: =OFFSET('168p stat'!$N$1,A34*20,0) -> 0 | J34: =SUM(E34:H34) -> 23360.68 | K34: =G34/J34 -> 0.94772022 | L34: =$K$29*POWER(K34,2)*SQRT(G182/(POWER(G34,2)*$L$29)+J182/(POWER(J34,2)*$L$29)) -> 0.00019306605
A35: 5 | C35: =OFFSET('168p stat'!$A$1,A35*20,0) -> CUDA opt ant | D35: =OFFSET('168p trace'!$R$56,(A35-1)*56,0)-OFFSET('168p trace'!$S$56,(A35-1)*56,0) -> 11.0844 | E35: =OFFSET('168p trace'!$S$56,(A35-1)*56,0)-OFFSET('168p stat'!$H$1,A35*20,0) -> 52.35655 | F35: =OFFSET('168p stat'!$H$1,A35*20,0)-OFFSET('168p stat'!$K$1,A35*20,0) -> 1363.3196 | G35: =OFFSET('168p stat'!$K$1,A35*20,0)-OFFSET('168p stat'!$N$1,A35*20,0) -> 1590.6869 | H35: =OFFSET('168p stat'!$N$1,A35*20,0) -> 0 | J35: =SUM(E35:H35) -> 3006.363 | K35: =G35/J35 -> 0.52910672 | L35: =$K$29*POWER(K35,2)*SQRT(E183/(POWER(E35,2)*$L$29)+J183/(POWER(J35,2)*$L$29)) -> 0.015104551
A36: 6 | C36: =OFFSET('168p stat'!$A$1,A36*20,0) -> CUDA opt ant par | D36: =OFFSET('168p trace'!$R$56,(A36-1)*56,0)-OFFSET('168p trace'!$S$56,(A36-1)*56,0) -> 11.0444 | E36: =OFFSET('168p trace'!$S$56,(A36-1)*56,0)-OFFSET('168p stat'!$H$1,A36*20,0) -> 52.272664 | F36: =OFFSET('168p stat'!$H$1,A36*20,0)-OFFSET('168p stat'!$K$1,A36*20,0) -> 1349.6608 | G36: =OFFSET('168p stat'!$K$1,A36*20,0)-OFFSET('168p stat'!$N$1,A36*20,0) -> 1578.9239 | H36: =OFFSET('168p stat'!$N$1,A36*20,0) -> 0 | J36: =SUM(E36:H36) -> 2980.8574 | K36: =G36/J36 -> 0.52968784 | L36: =$K$29*POWER(K36,2)*SQRT(E184/(POWER(E36,2)*$L$29)+J184/(POWER(J36,2)*$L$29)) -> 0.014481364
A37: 7 | C37: =OFFSET('168p stat'!$A$1,A37*20,0) -> non CUDA Time | D37: =OFFSET('168p trace'!$R$56,(A37-1)*56,0)-OFFSET('168p trace'!$S$56,(A37-1)*56,0) -> 65.596 | E37: =OFFSET('168p trace'!$S$56,(A37-1)*56,0)-OFFSET('168p stat'!$H$1,A37*20,0) -> 0.305456 | F37: =OFFSET('168p stat'!$H$1,A37*20,0)-OFFSET('168p stat'!$K$1,A37*20,0) -> 6.430202 | G37: =OFFSET('168p stat'!$K$1,A37*20,0)-OFFSET('168p stat'!$N$1,A37*20,0) -> 10767.529 | H37: =OFFSET('168p stat'!$N$1,A37*20,0) -> 958.07976 | J37: =SUM(E37:H37) -> 11732.344 | K37: =G37/J37 -> 0.91776448 | L37: =$K$29*POWER(K37,2)*SQRT(G185/(POWER(G37,2)*$L$29)+J185/(POWER(J37,2)*$L$29)) -> 0.0067679947
A38: 8 | C38: =OFFSET('168p stat'!$A$1,A38*20,0) -> Classic ACO | D38: =OFFSET('168p trace'!$R$56,(A38-1)*56,0)-OFFSET('168p trace'!$S$56,(A38-1)*56,0) -> 5441.96 | E38: =OFFSET('168p trace'!$S$56,(A38-1)*56,0)-OFFSET('168p stat'!$H$1,A38*20,0) -> 397.55969 | F38: =OFFSET('168p stat'!$H$1,A38*20,0)-OFFSET('168p stat'!$K$1,A38*20,0) -> 17.001874 | G38: =OFFSET('168p stat'!$K$1,A38*20,0)-OFFSET('168p stat'!$N$1,A38*20,0) -> 138582.29 | H38: =OFFSET('168p stat'!$N$1,A38*20,0) -> 2645.3705 | J38: =SUM(D38:H38) -> 147084.18 | K38: =G38/J38 -> 0.9421971
A39: 9 | C39: =OFFSET('168p stat'!$A$1,A39*20,0) -> omp | D39: =OFFSET('168p trace'!$R$56,(A39-1)*56,0)-OFFSET('168p trace'!$S$56,(A39-1)*56,0) -> 67.876 | E39: =OFFSET('168p trace'!$S$56,(A39-1)*56,0)-OFFSET('168p stat'!$H$1,A39*20,0) -> 0.308844 | F39: =OFFSET('168p stat'!$H$1,A39*20,0)-OFFSET('168p stat'!$K$1,A39*20,0) -> 6.547998 | G39: =OFFSET('168p stat'!$K$1,A39*20,0)-OFFSET('168p stat'!$N$1,A39*20,0) -> 10675.312 | H39: =OFFSET('168p stat'!$N$1,A39*20,0) -> 912.34527 | J39: =SUM(E39:H39) -> 11594.514 | K39: =G39/J39 -> 0.92072094 | L39: =$K$29*POWER(K39,2)*SQRT(G187/(POWER(G39,2)*$L$29)+J187/(POWER(J39,2)*$L$29)) -> 0.010526766
A40: 10 | C40: =OFFSET('168p stat'!$A$1,A40*20,0) -> non CUDA transp Time | D40: =OFFSET('168p trace'!$R$56,(A40-1)*56,0)-OFFSET('168p trace'!$S$56,(A40-1)*56,0) -> 66.596 | E40: =OFFSET('168p trace'!$S$56,(A40-1)*56,0)-OFFSET('168p stat'!$H$1,A40*20,0) -> 0.232786 | F40: =OFFSET('168p stat'!$H$1,A40*20,0)-OFFSET('168p stat'!$K$1,A40*20,0) -> 10.93852 | G40: =OFFSET('168p stat'!$K$1,A40*20,0)-OFFSET('168p stat'!$N$1,A40*20,0) -> 10700.694 | H40: =OFFSET('168p stat'!$N$1,A40*20,0) -> 773.47076 | J40: =SUM(E40:H40) -> 11485.336 | K40: =G40/J40 -> 0.93168314 | L40: =$K$29*POWER(K40,2)*SQRT(G188/(POWER(G40,2)*$L$29)+J188/(POWER(J40,2)*$L$29)) -> 0.0044834166
A41: 11 | C41: =OFFSET('168p stat'!$A$1,A41*20,0) -> non CUDA transp_AVX Time | D41: =OFFSET('168p trace'!$R$56,(A41-1)*56,0)-OFFSET('168p trace'!$S$56,(A41-1)*56,0) -> 64.334 | E41: =OFFSET('168p trace'!$S$56,(A41-1)*56,0)-OFFSET('168p stat'!$H$1,A41*20,0) -> 0.208284 | F41: =OFFSET('168p stat'!$H$1,A41*20,0)-OFFSET('168p stat'!$K$1,A41*20,0) -> 8.974134 | G41: =OFFSET('168p stat'!$K$1,A41*20,0)-OFFSET('168p stat'!$N$1,A41*20,0) -> 10659.626 | H41: =OFFSET('168p stat'!$N$1,A41*20,0) -> 821.80994 | J41: =SUM(D41:H41) -> 11554.952 | K41: =G41/J41 -> 0.92251579 | L41: =$K$29*POWER(K41,2)*SQRT(G189/(POWER(G41,2)*$L$29)+J189/(POWER(J41,2)*$L$29)) -> 0.0049375304
A42: 12 | C42: =OFFSET('168p stat'!$A$1,A42*20,0) -> non CUDA transp_AVX_OMP Time | D42: =OFFSET('168p trace'!$R$56,(A42-1)*56,0)-OFFSET('168p trace'!$S$56,(A42-1)*56,0) -> 65.088 | E42: =OFFSET('168p trace'!$S$56,(A42-1)*56,0)-OFFSET('168p stat'!$H$1,A42*20,0) -> 0.197228 | F42: =OFFSET('168p stat'!$H$1,A42*20,0)-OFFSET('168p stat'!$K$1,A42*20,0) -> 8.269324 | G42: =OFFSET('168p stat'!$K$1,A42*20,0)-OFFSET('168p stat'!$N$1,A42*20,0) -> 10611.266 | H42: =OFFSET('168p stat'!$N$1,A42*20,0) -> 817.39992 | J42: =SUM(E42:H42) -> 11437.132 | K42: =G42/J42 -> 0.92779077 | L42: =$K$29*POWER(K42,2)*SQRT(G190/(POWER(G42,2)*$L$29)+J190/(POWER(J42,2)*$L$29)) -> 0.0020207777
A43: 13 | C43: =OFFSET('168p stat'!$A$1,A43*20,0) -> CUDA ant add CPU_AVX_transp Time | D43: =OFFSET('168p trace'!$R$56,(A43-1)*56,0)-OFFSET('168p trace'!$S$56,(A43-1)*56,0) -> 11.2346 | E43: =OFFSET('168p trace'!$S$56,(A43-1)*56,0)-OFFSET('168p stat'!$H$1,A43*20,0) -> 31.654295 | F43: =OFFSET('168p stat'!$H$1,A43*20,0)-OFFSET('168p stat'!$K$1,A43*20,0) -> 2.671235 | G43: =OFFSET('168p stat'!$K$1,A43*20,0)-OFFSET('168p stat'!$N$1,A43*20,0) -> 1740.2591 | H43: =OFFSET('168p stat'!$N$1,A43*20,0) -> 843.83735 | J43: =SUM(E43:H43) -> 2618.422 | K43: =G43/J43 -> 0.66462133 | L43: =$K$29*POWER(K43,2)*SQRT(G191/(POWER(G43,2)*$L$29)+J191/(POWER(J43,2)*$L$29)) -> 0.0022816594
A44: 14 | C44: =OFFSET('168p stat'!$A$1,A44*20,0) -> CUDA Const | D44: =OFFSET('168p trace'!$R$56,(A44-1)*56,0)-OFFSET('168p trace'!$S$56,(A44-1)*56,0) -> 10.878 | E44: =OFFSET('168p trace'!$S$56,(A44-1)*56,0)-OFFSET('168p stat'!$H$1,A44*20,0) -> 94.709891 | F44: =OFFSET('168p stat'!$H$1,A44*20,0)-OFFSET('168p stat'!$K$1,A44*20,0) -> 30.535351 | G44: =OFFSET('168p stat'!$K$1,A44*20,0)-OFFSET('168p stat'!$N$1,A44*20,0) -> 21957.493 | H44: =OFFSET('168p stat'!$N$1,A44*20,0) -> 1101.154 | J44: =SUM(E44:H44) -> 23183.892 | K44: =G44/J44 -> 0.94710123 | L44: =$K$29*POWER(K44,2)*SQRT(G192/(POWER(G44,2)*$L$29)+J192/(POWER(J44,2)*$L$29)) -> 0.0015560145
A45: 15 | C45: =OFFSET('168p stat'!$A$1,A45*20,0) -> CUDA ant Const | D45: =OFFSET('168p trace'!$R$56,(A45-1)*56,0)-OFFSET('168p trace'!$S$56,(A45-1)*56,0) -> 10.696 | E45: =OFFSET('168p trace'!$S$56,(A45-1)*56,0)-OFFSET('168p stat'!$H$1,A45*20,0) -> 49.281948 | F45: =OFFSET('168p stat'!$H$1,A45*20,0)-OFFSET('168p stat'!$K$1,A45*20,0) -> 28.517671 | G45: =OFFSET('168p stat'!$K$1,A45*20,0)-OFFSET('168p stat'!$N$1,A45*20,0) -> 1564.9017 | H45: =OFFSET('168p stat'!$N$1,A45*20,0) -> 1329.8189 | J45: =SUM(E45:H45) -> 2972.5202 | K45: =G45/J45 -> 0.5264562 | L45: =$K$29*POWER(K45,2)*SQRT(G193/(POWER(G45,2)*$L$29)+J193/(POWER(J45,2)*$L$29)) -> 0.00032868284
A46: 16 | C46: =OFFSET('168p stat'!$A$1,A46*20,0) -> CUDA ant par Const | D46: =OFFSET('168p trace'!$R$56,(A46-1)*56,0)-OFFSET('168p trace'!$S$56,(A46-1)*56,0) -> 10.597 | E46: =OFFSET('168p trace'!$S$56,(A46-1)*56,0)-OFFSET('168p stat'!$H$1,A46*20,0) -> 45.919622 | F46: =OFFSET('168p stat'!$H$1,A46*20,0)-OFFSET('168p stat'!$K$1,A46*20,0) -> 27.180962 | G46: =OFFSET('168p stat'!$K$1,A46*20,0)-OFFSET('168p stat'!$N$1,A46*20,0) -> 1552.9645 | H46: =OFFSET('168p stat'!$N$1,A46*20,0) -> 1310.7569 | J46: =SUM(E46:H46) -> 2936.822 | K46: =G46/J46 -> 0.52879082 | L46: =$K$29*POWER(K46,2)*SQRT(G194/(POWER(G46,2)*$L$29)+J194/(POWER(J46,2)*$L$29)) -> 0.00031795331
A47: 17 | C47: =OFFSET('168p stat'!$A$1,A47*20,0) -> CUDA ant add CPU Const | D47: =OFFSET('168p trace'!$R$56,(A47-1)*56,0)-OFFSET('168p trace'!$S$56,(A47-1)*56,0) -> 11.0298 | E47: =OFFSET('168p trace'!$S$56,(A47-1)*56,0)-OFFSET('168p stat'!$H$1,A47*20,0) -> 28.420958 | F47: =OFFSET('168p stat'!$H$1,A47*20,0)-OFFSET('168p stat'!$K$1,A47*20,0) -> 0.272544 | G47: =OFFSET('168p stat'!$K$1,A47*20,0)-OFFSET('168p stat'!$N$1,A47*20,0) -> 1736.096 | H47: =OFFSET('168p stat'!$N$1,A47*20,0) -> 977.8499 | J47: =SUM(E47:H47) -> 2742.6394 | K47: =G47/J47 -> 0.63300192 | L47: =$K$29*POWER(K47,2)*SQRT(G195/(POWER(G47,2)*$L$29)+J195/(POWER(J47,2)*$L$29)) -> 0.0025913703
A48: 18 | C48: =OFFSET('168p stat'!$A$1,A48*20,0) -> CUDA opt Const | D48: =OFFSET('168p trace'!$R$56,(A48-1)*56,0)-OFFSET('168p trace'!$S$56,(A48-1)*56,0) -> 11.122 | E48: =OFFSET('168p trace'!$S$56,(A48-1)*56,0)-OFFSET('168p stat'!$H$1,A48*20,0) -> 101.35145 | F48: =OFFSET('168p stat'!$H$1,A48*20,0)-OFFSET('168p stat'!$K$1,A48*20,0) -> 1113.4925 | G48: =OFFSET('168p stat'!$K$1,A48*20,0)-OFFSET('168p stat'!$N$1,A48*20,0) -> 21980.116 | H48: =OFFSET('168p stat'!$N$1,A48*20,0) -> 0 | J48: =SUM(D48:H48) -> 23206.082 | K48: =G48/J48 -> 0.94717049 | L48: =$K$29*POWER(K48,2)*SQRT(G196/(POWER(G48,2)*$L$29)+J196/(POWER(J48,2)*$L$29)) -> 9.6089589e-05
A49: 19 | C49: =OFFSET('168p stat'!$A$1,A49*20,0) -> CUDA opt ant Const | D49: =OFFSET('168p trace'!$R$56,(A49-1)*56,0)-OFFSET('168p trace'!$S$56,(A49-1)*56,0) -> 10.8384 | E49: =OFFSET('168p trace'!$S$56,(A49-1)*56,0)-OFFSET('168p stat'!$H$1,A49*20,0) -> 48.503721 | F49: =OFFSET('168p stat'!$H$1,A49*20,0)-OFFSET('168p stat'!$K$1,A49*20,0) -> 1351.295 | G49: =OFFSET('168p stat'!$K$1,A49*20,0)-OFFSET('168p stat'!$N$1,A49*20,0) -> 1567.0605 | H49: =OFFSET('168p stat'!$N$1,A49*20,0) -> 0 | J49: =SUM(E49:H49) -> 2966.8592 | K49: =G49/J49 -> 0.52818835 | L49: =$K$29*POWER(K49,2)*SQRT(G197/(POWER(G49,2)*$L$29)+J197/(POWER(J49,2)*$L$29)) -> 0.00039202069
A50: 20 | C50: =OFFSET('168p stat'!$A$1,A50*20,0) -> CUDA opt ant par Const | D50: =OFFSET('168p trace'!$R$56,(A50-1)*56,0)-OFFSET('168p trace'!$S$56,(A50-1)*56,0) -> 10.989 | E50: =OFFSET('168p trace'!$S$56,(A50-1)*56,0)-OFFSET('168p stat'!$H$1,A50*20,0) -> 46.703762 | F50: =OFFSET('168p stat'!$H$1,A50*20,0)-OFFSET('168p stat'!$K$1,A50*20,0) -> 1334.5681 | G50: =OFFSET('168p stat'!$K$1,A50*20,0)-OFFSET('168p stat'!$N$1,A50*20,0) -> 1552.5506 | H50: =OFFSET('168p stat'!$N$1,A50*20,0) -> 0 | J50: =SUM(E50:H50) -> 2933.8224 | K50: =G50/J50 -> 0.52919037 | L50: =$K$29*POWER(K50,2)*SQRT(G198/(POWER(G50,2)*$L$29)+J198/(POWER(J50,2)*$L$29)) -> 0.00023236059
A51: 21 | C51: =OFFSET('168p stat'!$A$1,A51*20,0) -> CUDA ant par not f | D51: =OFFSET('168p trace'!$R$56,(A51-1)*56,0)-OFFSET('168p trace'!$S$56,(A51-1)*56,0) -> 10.5352 | E51: =OFFSET('168p trace'!$S$56,(A51-1)*56,0)-OFFSET('168p stat'!$H$1,A51*20,0) -> 66.038313 | F51: =OFFSET('168p stat'!$H$1,A51*20,0)-OFFSET('168p stat'!$K$1,A51*20,0) -> 27.726114 | G51: =OFFSET('168p stat'!$K$1,A51*20,0)-OFFSET('168p stat'!$N$1,A51*20,0) -> 3959.299 | H51: =OFFSET('168p stat'!$N$1,A51*20,0) -> 1310.5438 | J51: =SUM(E51:H51) -> 5363.6072 | K51: =G51/J51 -> 0.7381784 | L51: =$K$29*POWER(K51,2)*SQRT(G199/(POWER(G51,2)*$L$29)+J199/(POWER(J51,2)*$L$29)) -> 0.00030896943
A52: 22 | C52: =OFFSET('168p stat'!$A$1,A52*20,0) -> CUDA ant par sort | D52: =OFFSET('168p trace'!$R$56,(A52-1)*56,0)-OFFSET('168p trace'!$S$56,(A52-1)*56,0) -> 10.6322 | E52: =OFFSET('168p trace'!$S$56,(A52-1)*56,0)-OFFSET('168p stat'!$H$1,A52*20,0) -> 50.188565 | F52: =OFFSET('168p stat'!$H$1,A52*20,0)-OFFSET('168p stat'!$K$1,A52*20,0) -> 35.218745 | G52: =OFFSET('168p stat'!$K$1,A52*20,0)-OFFSET('168p stat'!$N$1,A52*20,0) -> 1633.8516 | H52: =OFFSET('168p stat'!$N$1,A52*20,0) -> 1310.7056 | J52: =SUM(E52:H52) -> 3029.9646 | K52: =G52/J52 -> 0.53923127 | L52: =$K$29*POWER(K52,2)*SQRT(G200/(POWER(G52,2)*$L$29)+J200/(POWER(J52,2)*$L$29)) -> 0.00039101293
A53: 23 | C53: =OFFSET('168p stat'!$A$1,A53*20,0) -> 0 | D53: =OFFSET('168p trace'!$R$56,(A53-1)*56,0)-OFFSET('168p trace'!$S$56,(A53-1)*56,0) -> #DIV/0! | E53: =OFFSET('168p trace'!$S$56,(A53-1)*56,0)-OFFSET('168p stat'!$H$1,A53*20,0) -> #DIV/0! | F53: =OFFSET('168p stat'!$H$1,A53*20,0)-OFFSET('168p stat'!$K$1,A53*20,0) -> 0 | G53: =OFFSET('168p stat'!$K$1,A53*20,0)-OFFSET('168p stat'!$N$1,A53*20,0) -> 0 | H53: =OFFSET('168p stat'!$N$1,A53*20,0) -> 0 | J53: =SUM(E53:H53) -> #DIV/0! | K53: =G53/J53 -> #DIV/0! | L53: =$K$29*POWER(K53,2)*SQRT(G201/(POWER(G53,2)*$L$29)+J201/(POWER(J53,2)*$L$29)) -> #DIV/0!
A54: 24 | C54: =OFFSET('168p stat'!$A$1,A54*20,0) -> 0 | D54: =OFFSET('168p trace'!$R$56,(A54-1)*56,0)-OFFSET('168p trace'!$S$56,(A54-1)*56,0) -> #DIV/0! | E54: =OFFSET('168p trace'!$S$56,(A54-1)*56,0)-OFFSET('168p stat'!$H$1,A54*20,0) -> #DIV/0! | F54: =OFFSET('168p stat'!$H$1,A54*20,0)-OFFSET('168p stat'!$K$1,A54*20,0) -> 0 | G54: =OFFSET('168p stat'!$K$1,A54*20,0)-OFFSET('168p stat'!$N$1,A54*20,0) -> 0 | H54: =OFFSET('168p stat'!$N$1,A54*20,0) -> 0 | J54: =SUM(E54:H54) -> #DIV/0! | K54: =G54/J54 -> #DIV/0! | L54: =$K$29*POWER(K54,2)*SQRT(G202/(POWER(G54,2)*$L$29)+J202/(POWER(J54,2)*$L$29)) -> #DIV/0!
A55: 25 | C55: =OFFSET('168p stat'!$A$1,A55*20,0) -> 0 | D55: =OFFSET('168p trace'!$R$56,(A55-1)*56,0)-OFFSET('168p trace'!$S$56,(A55-1)*56,0) -> #DIV/0! | E55: =OFFSET('168p trace'!$S$56,(A55-1)*56,0)-OFFSET('168p stat'!$H$1,A55*20,0) -> #DIV/0! | F55: =OFFSET('168p stat'!$H$1,A55*20,0)-OFFSET('168p stat'!$K$1,A55*20,0) -> 0 | G55: =OFFSET('168p stat'!$K$1,A55*20,0)-OFFSET('168p stat'!$N$1,A55*20,0) -> 0 | H55: =OFFSET('168p stat'!$N$1,A55*20,0) -> 0 | J55: =SUM(D55:H55) -> #DIV/0! | K55: =G55/J55 -> #DIV/0! | L55: =$K$29*POWER(K55,2)*SQRT(G203/(POWER(G55,2)*$L$29)+J203/(POWER(J55,2)*$L$29)) -> #DIV/0!
A56: 26 | C56: =OFFSET('168p stat'!$A$1,A56*20,0) -> 0 | D56: =OFFSET('168p trace'!$R$56,(A56-1)*56,0)-OFFSET('168p trace'!$S$56,(A56-1)*56,0) -> #DIV/0! | E56: =OFFSET('168p trace'!$S$56,(A56-1)*56,0)-OFFSET('168p stat'!$H$1,A56*20,0) -> #DIV/0! | F56: =OFFSET('168p stat'!$H$1,A56*20,0)-OFFSET('168p stat'!$K$1,A56*20,0) -> 0 | G56: =OFFSET('168p stat'!$K$1,A56*20,0)-OFFSET('168p stat'!$N$1,A56*20,0) -> 0 | H56: =OFFSET('168p stat'!$N$1,A56*20,0) -> 0 | J56: =SUM(E56:H56) -> #DIV/0! | K56: =G56/J56 -> #DIV/0! | L56: =$K$29*POWER(K56,2)*SQRT(G204/(POWER(G56,2)*$L$29)+J204/(POWER(J56,2)*$L$29)) -> #DIV/0!
