Workbook

Sheet Itog
E1: 42 | F1: =E1*2 -> 84 | G1: =F1*2 -> 168 | H1: =G1*2 -> 336 | I1: =H1*2 -> 672 | J1: =I1*2 -> 1344 | K1: =J1*2 -> 2688 | L1: =K1*2 -> 5376 | M1: =L1*2 -> 10752 | N1: =M1*2 -> 21504 | X1: 1 | Y1: << "Time=" << metrics.total_time_ms << "ms "
B2: 1 | D2: 50 | E2: 0 | F2: 49 | J2: const | L2: shared | X2: 2 | Y2: << "Kernel=" << metrics.kernel_time_ms << "ms "
B3: 42clangOMP31 | D3: 0 | E3: 1 | X3: 3 | Y3: << "Probabilities=" << metrics.computeProbabilities_time_ms << "ms "
A4: 0 | B4: 1 | C4: 32 | D4: =OFFSET('t42'!$A$1,$B$2+($B4-1)*$D$2+$A4,D$3) -> Run Original ACO0 | E4: =AVERAGE(OFFSET('t42'!$A$1,$B$2+($B4-1)*$D$2+$E$2+$A4,E$3):OFFSET('t42'!$A$1,$B$2+($B4-1)*$D$2+$E$2+$F$2+$A4,E$3)) -> 129.34202 | F4: =AVERAGE(OFFSET('t84'!$A$1,$B$2+($B4-1)*$D$2+$E$2+$A4,E$3):OFFSET('t84'!$A$1,$B$2+($B4-1)*$D$2+$E$2+$F$2+$A4,E$3)) -> 149.47686 | G4: =AVERAGE(OFFSET('t168'!$A$1,$B$2+($B4-1)*$D$2+$E$2+$A4,E$3):OFFSET('t168'!$A$1,$B$2+($B4-1)*$D$2+$E$2+$F$2+$A4,E$3)) -> 187.42248 | H4: =AVERAGE(OFFSET('t336'!$A$1,$B$2+($B4-1)*$D$2+$E$2+$A4,E$3):OFFSET('t336'!$A$1,$B$2+($B4-1)*$D$2+$E$2+$F$2+$A4,E$3)) -> 244.43236 | I4: =AVERAGE(OFFSET('t672'!$A$1,$B$2+($B4-1)*$D$2+$E$2+$A4,E$3):OFFSET('t672'!$A$1,$B$2+($B4-1)*$D$2+$E$2+$F$2+$A4,E$3)) -> 283.34354 | J4: =AVERAGE(OFFSET('t1344'!$A$1,$B$2+($B4-1)*$D$2+$E$2+$A4,E$3):OFFSET('t1344'!$A$1,$B$2+($B4-1)*$D$2+$E$2+$F$2+$A4,E$3)) -> 446.92574 | K4: =AVERAGE(OFFSET('t2688'!$A$1,$B$2+($B4-1)*$D$2+$E$2+$A4,E$3):OFFSET('t2688'!$A$1,$B$2+($B4-1)*$D$2+$E$2+$F$2+$A4,E$3)) -> 834.9145 | L4: =AVERAGE(OFFSET('t5376'!$A$1,$B$2+($B4-1)*$D$2+$E$2+$A4,E$3):OFFSET('t5376'!$A$1,$B$2+($B4-1)*$D$2+$E$2+$F$2+$A4,E$3)) -> 2024.1448 | M4: =AVERAGE(OFFSET('t10752'!$A$1,$B$2+($B4-1)*$D$2+$E$2+$A4,E$3):OFFSET('t10752'!$A$1,$B$2+($B4-1)*$D$2+$E$2+$F$2+$A4,E$3)) -> 2828.9626 | N4: =AVERAGE(OFFSET('t21504'!$A$1,$B$2+($B4-1)*$D$2+$E$2+$A4,E$3):OFFSET('t21504'!$A$1,$B$2+($B4-1)*$D$2+$E$2+$F$2+$A4,E$3)) -> 5690.6276 | X4: 4 | Y4: << "Ant=" << metrics.antColonyOptimization_time_ms << "ms "
B5: 2 | D5: =OFFSET('t42'!$A$1,$B$2+($B5-1)*$D$2+$A4,D$3) -> Run Combined Run0 | E5: =AVERAGE(OFFSET('t42'!$A$1,$B$2+($B5-1)*$D$2+$E$2+$A4+1,E$3):OFFSET('t42'!$A$1,$B$2+($B5-1)*$D$2+$E$2+$F$2+$A4,E$3)) -> 102.01439 | F5: =AVERAGE(OFFSET('t84'!$A$1,$B$2+($B5-1)*$D$2+$E$2+$A4+1,E$3):OFFSET('t84'!$A$1,$B$2+($B5-1)*$D$2+$E$2+$F$2+$A4,E$3)) -> 117.0229 | G5: =AVERAGE(OFFSET('t168'!$A$1,$B$2+($B5-1)*$D$2+$E$2+$A4+1,E$3):OFFSET('t168'!$A$1,$B$2+($B5-1)*$D$2+$E$2+$F$2+$A4,E$3)) -> 142.42735 | H5: =AVERAGE(OFFSET('t336'!$A$1,$B$2+($B5-1)*$D$2+$E$2+$A4+1,E$3):OFFSET('t336'!$A$1,$B$2+($B5-1)*$D$2+$E$2+$F$2+$A4,E$3)) -> 194.40171 | I5: =AVERAGE(OFFSET('t672'!$A$1,$B$2+($B5-1)*$D$2+$E$2+$A4+1,E$3):OFFSET('t672'!$A$1,$B$2+($B5-1)*$D$2+$E$2+$F$2+$A4,E$3)) -> 233.76094 | J5: =AVERAGE(OFFSET('t1344'!$A$1,$B$2+($B5-1)*$D$2+$E$2+$A4+1,E$3):OFFSET('t1344'!$A$1,$B$2+($B5-1)*$D$2+$E$2+$F$2+$A4,E$3)) -> 393.19157 | K5: =AVERAGE(OFFSET('t2688'!$A$1,$B$2+($B5-1)*$D$2+$E$2+$A4+1,E$3):OFFSET('t2688'!$A$1,$B$2+($B5-1)*$D$2+$E$2+$F$2+$A4,E$3)) -> 765.35716 | L5: =AVERAGE(OFFSET('t5376'!$A$1,$B$2+($B5-1)*$D$2+$E$2+$A4+1,E$3):OFFSET('t5376'!$A$1,$B$2+($B5-1)*$D$2+$E$2+$F$2+$A4,E$3)) -> 1981.7943 | M5: =AVERAGE(OFFSET('t10752'!$A$1,$B$2+($B5-1)*$D$2+$E$2+$A4+1,E$3):OFFSET('t10752'!$A$1,$B$2+($B5-1)*$D$2+$E$2+$F$2+$A4,E$3)) -> 2797.7298 | N5: =AVERAGE(OFFSET('t21504'!$A$1,$B$2+($B5-1)*$D$2+$E$2+$A4+1,E$3):OFFSET('t21504'!$A$1,$B$2+($B5-1)*$D$2+$E$2+$F$2+$A4,E$3)) -> 5694.1096 | X5: 5 | Y5: << "Update=" << metrics.updatePheromones_time_ms << "ms "
A6: 1 | B6: 3 | C6: 64 | D6: =OFFSET('t42'!$A$1,$B$2+($B6-1)*$D$2+$A6,D$3) -> Run Original ACO0 | E6: =AVERAGE(OFFSET('t42'!$A$1,$B$2+($B6-1)*$D$2+$E$2+$A6,E$3):OFFSET('t42'!$A$1,$B$2+($B6-1)*$D$2+$E$2+$F$2+$A6,E$3)) -> 129.49324 | F6: =AVERAGE(OFFSET('t84'!$A$1,$B$2+($B6-1)*$D$2+$E$2+$A6,E$3):OFFSET('t84'!$A$1,$B$2+($B6-1)*$D$2+$E$2+$F$2+$A6,E$3)) -> 148.77018 | G6: =AVERAGE(OFFSET('t168'!$A$1,$B$2+($B6-1)*$D$2+$E$2+$A6,E$3):OFFSET('t168'!$A$1,$B$2+($B6-1)*$D$2+$E$2+$F$2+$A6,E$3)) -> 186.79726 | H6: =AVERAGE(OFFSET('t336'!$A$1,$B$2+($B6-1)*$D$2+$E$2+$A6,E$3):OFFSET('t336'!$A$1,$B$2+($B6-1)*$D$2+$E$2+$F$2+$A6,E$3)) -> 251.39434 | I6: =AVERAGE(OFFSET('t672'!$A$1,$B$2+($B6-1)*$D$2+$E$2+$A6,E$3):OFFSET('t672'!$A$1,$B$2+($B6-1)*$D$2+$E$2+$F$2+$A6,E$3)) -> 306.06908 | J6: =AVERAGE(OFFSET('t1344'!$A$1,$B$2+($B6-1)*$D$2+$E$2+$A6,E$3):OFFSET('t1344'!$A$1,$B$2+($B6-1)*$D$2+$E$2+$F$2+$A6,E$3)) -> 466.82388 | K6: =AVERAGE(OFFSET('t2688'!$A$1,$B$2+($B6-1)*$D$2+$E$2+$A6,E$3):OFFSET('t2688'!$A$1,$B$2+($B6-1)*$D$2+$E$2+$F$2+$A6,E$3)) -> 831.3716 | L6: =AVERAGE(OFFSET('t5376'!$A$1,$B$2+($B6-1)*$D$2+$E$2+$A6,E$3):OFFSET('t5376'!$A$1,$B$2+($B6-1)*$D$2+$E$2+$F$2+$A6,E$3)) -> 1989.6006 | M6: =AVERAGE(OFFSET('t10752'!$A$1,$B$2+($B6-1)*$D$2+$E$2+$A6,E$3):OFFSET('t10752'!$A$1,$B$2+($B6-1)*$D$2+$E$2+$F$2+$A6,E$3)) -> 3871.6068 | N6: =AVERAGE(OFFSET('t21504'!$A$1,$B$2+($B6-1)*$D$2+$E$2+$A6,E$3):OFFSET('t21504'!$A$1,$B$2+($B6-1)*$D$2+$E$2+$F$2+$A6,E$3)) -> 7760.6148 | X6: 6 | Y6: << "Memory=" << metrics.memory_time_ms << "ms "
B7: 4 | D7: =OFFSET('t42'!$A$1,$B$2+($B7-1)*$D$2+$A6,D$3) -> Run Combined Run0 | E7: =AVERAGE(OFFSET('t42'!$A$1,$B$2+($B7-1)*$D$2+$E$2+$A6+1,E$3):OFFSET('t42'!$A$1,$B$2+($B7-1)*$D$2+$E$2+$F$2+$A6,E$3)) -> 104.56396 | F7: =AVERAGE(OFFSET('t84'!$A$1,$B$2+($B7-1)*$D$2+$E$2+$A6+1,E$3):OFFSET('t84'!$A$1,$B$2+($B7-1)*$D$2+$E$2+$F$2+$A6,E$3)) -> 117.91143 | G7: =AVERAGE(OFFSET('t168'!$A$1,$B$2+($B7-1)*$D$2+$E$2+$A6+1,E$3):OFFSET('t168'!$A$1,$B$2+($B7-1)*$D$2+$E$2+$F$2+$A6,E$3)) -> 141.49339 | H7: =AVERAGE(OFFSET('t336'!$A$1,$B$2+($B7-1)*$D$2+$E$2+$A6+1,E$3):OFFSET('t336'!$A$1,$B$2+($B7-1)*$D$2+$E$2+$F$2+$A6,E$3)) -> 202.06308 | I7: =AVERAGE(OFFSET('t672'!$A$1,$B$2+($B7-1)*$D$2+$E$2+$A6+1,E$3):OFFSET('t672'!$A$1,$B$2+($B7-1)*$D$2+$E$2+$F$2+$A6,E$3)) -> 260.39792 | J7: =AVERAGE(OFFSET('t1344'!$A$1,$B$2+($B7-1)*$D$2+$E$2+$A6+1,E$3):OFFSET('t1344'!$A$1,$B$2+($B7-1)*$D$2+$E$2+$F$2+$A6,E$3)) -> 420.80014 | K7: =AVERAGE(OFFSET('t2688'!$A$1,$B$2+($B7-1)*$D$2+$E$2+$A6+1,E$3):OFFSET('t2688'!$A$1,$B$2+($B7-1)*$D$2+$E$2+$F$2+$A6,E$3)) -> 762.34955 | L7: =AVERAGE(OFFSET('t5376'!$A$1,$B$2+($B7-1)*$D$2+$E$2+$A6+1,E$3):OFFSET('t5376'!$A$1,$B$2+($B7-1)*$D$2+$E$2+$F$2+$A6,E$3)) -> 1952.1457 | M7: =AVERAGE(OFFSET('t10752'!$A$1,$B$2+($B7-1)*$D$2+$E$2+$A6+1,E$3):OFFSET('t10752'!$A$1,$B$2+($B7-1)*$D$2+$E$2+$F$2+$A6,E$3)) -> 3839.5951 | N7: =AVERAGE(OFFSET('t21504'!$A$1,$B$2+($B7-1)*$D$2+$E$2+$A6+1,E$3):OFFSET('t21504'!$A$1,$B$2+($B7-1)*$D$2+$E$2+$F$2+$A6,E$3)) -> 7757.3555 | X7: 7 | Y7: << "HitRate=" << (100.0 * metrics.hash_hits / (metrics.hash_hits + metrics.hash_misses)) << "% "
A8: 2 | B8: 5 | C8: 96 | D8: =OFFSET('t42'!$A$1,$B$2+($B8-1)*$D$2+$A8,D$3) -> Run Original ACO0 | E8: =AVERAGE(OFFSET('t42'!$A$1,$B$2+($B8-1)*$D$2+$E$2+$A8,E$3):OFFSET('t42'!$A$1,$B$2+($B8-1)*$D$2+$E$2+$F$2+$A8,E$3)) -> 128.54004 | F8: =AVERAGE(OFFSET('t84'!$A$1,$B$2+($B8-1)*$D$2+$E$2+$A8,E$3):OFFSET('t84'!$A$1,$B$2+($B8-1)*$D$2+$E$2+$F$2+$A8,E$3)) -> 149.13538 | G8: =AVERAGE(OFFSET('t168'!$A$1,$B$2+($B8-1)*$D$2+$E$2+$A8,E$3):OFFSET('t168'!$A$1,$B$2+($B8-1)*$D$2+$E$2+$F$2+$A8,E$3)) -> 188.17214 | H8: =AVERAGE(OFFSET('t336'!$A$1,$B$2+($B8-1)*$D$2+$E$2+$A8,E$3):OFFSET('t336'!$A$1,$B$2+($B8-1)*$D$2+$E$2+$F$2+$A8,E$3)) -> 251.51452 | I8: =AVERAGE(OFFSET('t672'!$A$1,$B$2+($B8-1)*$D$2+$E$2+$A8,E$3):OFFSET('t672'!$A$1,$B$2+($B8-1)*$D$2+$E$2+$F$2+$A8,E$3)) -> 303.33146 | J8: =AVERAGE(OFFSET('t1344'!$A$1,$B$2+($B8-1)*$D$2+$E$2+$A8,E$3):OFFSET('t1344'!$A$1,$B$2+($B8-1)*$D$2+$E$2+$F$2+$A8,E$3)) -> 466.88156 | K8: =AVERAGE(OFFSET('t2688'!$A$1,$B$2+($B8-1)*$D$2+$E$2+$A8,E$3):OFFSET('t2688'!$A$1,$B$2+($B8-1)*$D$2+$E$2+$F$2+$A8,E$3)) -> 828.95072 | L8: =AVERAGE(OFFSET('t5376'!$A$1,$B$2+($B8-1)*$D$2+$E$2+$A8,E$3):OFFSET('t5376'!$A$1,$B$2+($B8-1)*$D$2+$E$2+$F$2+$A8,E$3)) -> 2190.383 | M8: =AVERAGE(OFFSET('t10752'!$A$1,$B$2+($B8-1)*$D$2+$E$2+$A8,E$3):OFFSET('t10752'!$A$1,$B$2+($B8-1)*$D$2+$E$2+$F$2+$A8,E$3)) -> 5711.2408 | N8: =AVERAGE(OFFSET('t21504'!$A$1,$B$2+($B8-1)*$D$2+$E$2+$A8,E$3):OFFSET('t21504'!$A$1,$B$2+($B8-1)*$D$2+$E$2+$F$2+$A8,E$3)) -> 11867.456 | X8: 8 | Y8: << "Occupancy=" << metrics.occupancy << "% "
B9: 6 | D9: =OFFSET('t42'!$A$1,$B$2+($B9-1)*$D$2+$A8,D$3) -> Run Combined Run0 | E9: =AVERAGE(OFFSET('t42'!$A$1,$B$2+($B9-1)*$D$2+$E$2+$A8+1,E$3):OFFSET('t42'!$A$1,$B$2+($B9-1)*$D$2+$E$2+$F$2+$A8,E$3)) -> 103.16269 | F9: =AVERAGE(OFFSET('t84'!$A$1,$B$2+($B9-1)*$D$2+$E$2+$A8+1,E$3):OFFSET('t84'!$A$1,$B$2+($B9-1)*$D$2+$E$2+$F$2+$A8,E$3)) -> 118.3192 | G9: =AVERAGE(OFFSET('t168'!$A$1,$B$2+($B9-1)*$D$2+$E$2+$A8+1,E$3):OFFSET('t168'!$A$1,$B$2+($B9-1)*$D$2+$E$2+$F$2+$A8,E$3)) -> 142.13573 | H9: =AVERAGE(OFFSET('t336'!$A$1,$B$2+($B9-1)*$D$2+$E$2+$A8+1,E$3):OFFSET('t336'!$A$1,$B$2+($B9-1)*$D$2+$E$2+$F$2+$A8,E$3)) -> 198.71618 | I9: =AVERAGE(OFFSET('t672'!$A$1,$B$2+($B9-1)*$D$2+$E$2+$A8+1,E$3):OFFSET('t672'!$A$1,$B$2+($B9-1)*$D$2+$E$2+$F$2+$A8,E$3)) -> 255.68259 | J9: =AVERAGE(OFFSET('t1344'!$A$1,$B$2+($B9-1)*$D$2+$E$2+$A8+1,E$3):OFFSET('t1344'!$A$1,$B$2+($B9-1)*$D$2+$E$2+$F$2+$A8,E$3)) -> 419.03469 | K9: =AVERAGE(OFFSET('t2688'!$A$1,$B$2+($B9-1)*$D$2+$E$2+$A8+1,E$3):OFFSET('t2688'!$A$1,$B$2+($B9-1)*$D$2+$E$2+$F$2+$A8,E$3)) -> 761.27384 | L9: =AVERAGE(OFFSET('t5376'!$A$1,$B$2+($B9-1)*$D$2+$E$2+$A8+1,E$3):OFFSET('t5376'!$A$1,$B$2+($B9-1)*$D$2+$E$2+$F$2+$A8,E$3)) -> 1938.901 | M9: =AVERAGE(OFFSET('t10752'!$A$1,$B$2+($B9-1)*$D$2+$E$2+$A8+1,E$3):OFFSET('t10752'!$A$1,$B$2+($B9-1)*$D$2+$E$2+$F$2+$A8,E$3)) -> 5675.2184 | N9: =AVERAGE(OFFSET('t21504'!$A$1,$B$2+($B9-1)*$D$2+$E$2+$A8+1,E$3):OFFSET('t21504'!$A$1,$B$2+($B9-1)*$D$2+$E$2+$F$2+$A8,E$3)) -> 11872.647 | X9: 9 | Y9: << "memory_throughput_gbs=" << metrics.memory_throughput_gbs << " "
A10: 3 | B10: 7 | C10: 128 | D10: =OFFSET('t42'!$A$1,$B$2+($B10-1)*$D$2+$A10,D$3) -> Run Original ACO0 | E10: =AVERAGE(OFFSET('t42'!$A$1,$B$2+($B10-1)*$D$2+$E$2+$A10,E$3):OFFSET('t42'!$A$1,$B$2+($B10-1)*$D$2+$E$2+$F$2+$A10,E$3)) -> 128.88728 | F10: =AVERAGE(OFFSET('t84'!$A$1,$B$2+($B10-1)*$D$2+$E$2+$A10,E$3):OFFSET('t84'!$A$1,$B$2+($B10-1)*$D$2+$E$2+$F$2+$A10,E$3)) -> 150.24776 | G10: =AVERAGE(OFFSET('t168'!$A$1,$B$2+($B10-1)*$D$2+$E$2+$A10,E$3):OFFSET('t168'!$A$1,$B$2+($B10-1)*$D$2+$E$2+$F$2+$A10,E$3)) -> 186.81154 | H10: =AVERAGE(OFFSET('t336'!$A$1,$B$2+($B10-1)*$D$2+$E$2+$A10,E$3):OFFSET('t336'!$A$1,$B$2+($B10-1)*$D$2+$E$2+$F$2+$A10,E$3)) -> 249.39814 | I10: =AVERAGE(OFFSET('t672'!$A$1,$B$2+($B10-1)*$D$2+$E$2+$A10,E$3):OFFSET('t672'!$A$1,$B$2+($B10-1)*$D$2+$E$2+$F$2+$A10,E$3)) -> 313.73646 | J10: =AVERAGE(OFFSET('t1344'!$A$1,$B$2+($B10-1)*$D$2+$E$2+$A10,E$3):OFFSET('t1344'!$A$1,$B$2+($B10-1)*$D$2+$E$2+$F$2+$A10,E$3)) -> 468.0841 | K10: =AVERAGE(OFFSET('t2688'!$A$1,$B$2+($B10-1)*$D$2+$E$2+$A10,E$3):OFFSET('t2688'!$A$1,$B$2+($B10-1)*$D$2+$E$2+$F$2+$A10,E$3)) -> 828.66968 | L10: =AVERAGE(OFFSET('t5376'!$A$1,$B$2+($B10-1)*$D$2+$E$2+$A10,E$3):OFFSET('t5376'!$A$1,$B$2+($B10-1)*$D$2+$E$2+$F$2+$A10,E$3)) -> 2084.5314 | M10: =AVERAGE(OFFSET('t10752'!$A$1,$B$2+($B10-1)*$D$2+$E$2+$A10,E$3):OFFSET('t10752'!$A$1,$B$2+($B10-1)*$D$2+$E$2+$F$2+$A10,E$3)) -> 5144.9948 | N10: =AVERAGE(OFFSET('t21504'!$A$1,$B$2+($B10-1)*$D$2+$E$2+$A10,E$3):OFFSET('t21504'!$A$1,$B$2+($B10-1)*$D$2+$E$2+$F$2+$A10,E$3)) -> 11531.442 | X10: 10 | Y10: << "MIN=" << metrics.min_fitness << " "
B11: 8 | D11: =OFFSET('t42'!$A$1,$B$2+($B11-1)*$D$2+$A10,D$3) -> Run Combined Run0 | E11: =AVERAGE(OFFSET('t42'!$A$1,$B$2+($B11-1)*$D$2+$E$2+$A10+1,E$3):OFFSET('t42'!$A$1,$B$2+($B11-1)*$D$2+$E$2+$F$2+$A10,E$3)) -> 104.91618 | F11: =AVERAGE(OFFSET('t84'!$A$1,$B$2+($B11-1)*$D$2+$E$2+$A10+1,E$3):OFFSET('t84'!$A$1,$B$2+($B11-1)*$D$2+$E$2+$F$2+$A10,E$3)) -> 118.97157 | G11: =AVERAGE(OFFSET('t168'!$A$1,$B$2+($B11-1)*$D$2+$E$2+$A10+1,E$3):OFFSET('t168'!$A$1,$B$2+($B11-1)*$D$2+$E$2+$F$2+$A10,E$3)) -> 141.70349 | H11: =AVERAGE(OFFSET('t336'!$A$1,$B$2+($B11-1)*$D$2+$E$2+$A10+1,E$3):OFFSET('t336'!$A$1,$B$2+($B11-1)*$D$2+$E$2+$F$2+$A10,E$3)) -> 197.55608 | I11: =AVERAGE(OFFSET('t672'!$A$1,$B$2+($B11-1)*$D$2+$E$2+$A10+1,E$3):OFFSET('t672'!$A$1,$B$2+($B11-1)*$D$2+$E$2+$F$2+$A10,E$3)) -> 282.95278 | J11: =AVERAGE(OFFSET('t1344'!$A$1,$B$2+($B11-1)*$D$2+$E$2+$A10+1,E$3):OFFSET('t1344'!$A$1,$B$2+($B11-1)*$D$2+$E$2+$F$2+$A10,E$3)) -> 417.788 | K11: =AVERAGE(OFFSET('t2688'!$A$1,$B$2+($B11-1)*$D$2+$E$2+$A10+1,E$3):OFFSET('t2688'!$A$1,$B$2+($B11-1)*$D$2+$E$2+$F$2+$A10,E$3)) -> 761.89537 | L11: =AVERAGE(OFFSET('t5376'!$A$1,$B$2+($B11-1)*$D$2+$E$2+$A10+1,E$3):OFFSET('t5376'!$A$1,$B$2+($B11-1)*$D$2+$E$2+$F$2+$A10,E$3)) -> 1936.0037 | M11: =AVERAGE(OFFSET('t10752'!$A$1,$B$2+($B11-1)*$D$2+$E$2+$A10+1,E$3):OFFSET('t10752'!$A$1,$B$2+($B11-1)*$D$2+$E$2+$F$2+$A10,E$3)) -> 5109.3959 | N11: =AVERAGE(OFFSET('t21504'!$A$1,$B$2+($B11-1)*$D$2+$E$2+$A10+1,E$3):OFFSET('t21504'!$A$1,$B$2+($B11-1)*$D$2+$E$2+$F$2+$A10,E$3)) -> 11514.2 | X11: 11 | Y11: << "MAX=" << metrics.max_fitness << " "
A12: 4 | B12: 9 | C12: 192 | D12: =OFFSET('t42'!$A$1,$B$2+($B12-1)*$D$2+$A12,D$3) -> Run Original ACO0 | E12: =AVERAGE(OFFSET('t42'!$A$1,$B$2+($B12-1)*$D$2+$E$2+$A12,E$3):OFFSET('t42'!$A$1,$B$2+($B12-1)*$D$2+$E$2+$F$2+$A12,E$3)) -> 131.13204 | F12: =AVERAGE(OFFSET('t84'!$A$1,$B$2+($B12-1)*$D$2+$E$2+$A12,E$3):OFFSET('t84'!$A$1,$B$2+($B12-1)*$D$2+$E$2+$F$2+$A12,E$3)) -> 151.67358 | G12: =AVERAGE(OFFSET('t168'!$A$1,$B$2+($B12-1)*$D$2+$E$2+$A12,E$3):OFFSET('t168'!$A$1,$B$2+($B12-1)*$D$2+$E$2+$F$2+$A12,E$3)) -> 187.20472 | H12: =AVERAGE(OFFSET('t336'!$A$1,$B$2+($B12-1)*$D$2+$E$2+$A12,E$3):OFFSET('t336'!$A$1,$B$2+($B12-1)*$D$2+$E$2+$F$2+$A12,E$3)) -> 260.54448 | I12: =AVERAGE(OFFSET('t672'!$A$1,$B$2+($B12-1)*$D$2+$E$2+$A12,E$3):OFFSET('t672'!$A$1,$B$2+($B12-1)*$D$2+$E$2+$F$2+$A12,E$3)) -> 304.0688 | J12: =AVERAGE(OFFSET('t1344'!$A$1,$B$2+($B12-1)*$D$2+$E$2+$A12,E$3):OFFSET('t1344'!$A$1,$B$2+($B12-1)*$D$2+$E$2+$F$2+$A12,E$3)) -> 469.2644 | K12: =AVERAGE(OFFSET('t2688'!$A$1,$B$2+($B12-1)*$D$2+$E$2+$A12,E$3):OFFSET('t2688'!$A$1,$B$2+($B12-1)*$D$2+$E$2+$F$2+$A12,E$3)) -> 827.41974 | L12: =AVERAGE(OFFSET('t5376'!$A$1,$B$2+($B12-1)*$D$2+$E$2+$A12,E$3):OFFSET('t5376'!$A$1,$B$2+($B12-1)*$D$2+$E$2+$F$2+$A12,E$3)) -> 2121.4716 | M12: =AVERAGE(OFFSET('t10752'!$A$1,$B$2+($B12-1)*$D$2+$E$2+$A12,E$3):OFFSET('t10752'!$A$1,$B$2+($B12-1)*$D$2+$E$2+$F$2+$A12,E$3)) -> 8281.2848 | N12: =AVERAGE(OFFSET('t21504'!$A$1,$B$2+($B12-1)*$D$2+$E$2+$A12,E$3):OFFSET('t21504'!$A$1,$B$2+($B12-1)*$D$2+$E$2+$F$2+$A12,E$3)) -> 20903.408
B13: 10 | D13: =OFFSET('t42'!$A$1,$B$2+($B13-1)*$D$2+$A12,D$3) -> Run Combined Run0 | E13: =AVERAGE(OFFSET('t42'!$A$1,$B$2+($B13-1)*$D$2+$E$2+$A12+1,E$3):OFFSET('t42'!$A$1,$B$2+($B13-1)*$D$2+$E$2+$F$2+$A12,E$3)) -> 116.18904 | F13: =AVERAGE(OFFSET('t84'!$A$1,$B$2+($B13-1)*$D$2+$E$2+$A12+1,E$3):OFFSET('t84'!$A$1,$B$2+($B13-1)*$D$2+$E$2+$F$2+$A12,E$3)) -> 119.868 | G13: =AVERAGE(OFFSET('t168'!$A$1,$B$2+($B13-1)*$D$2+$E$2+$A12+1,E$3):OFFSET('t168'!$A$1,$B$2+($B13-1)*$D$2+$E$2+$F$2+$A12,E$3)) -> 141.97618 | H13: =AVERAGE(OFFSET('t336'!$A$1,$B$2+($B13-1)*$D$2+$E$2+$A12+1,E$3):OFFSET('t336'!$A$1,$B$2+($B13-1)*$D$2+$E$2+$F$2+$A12,E$3)) -> 208.22906 | I13: =AVERAGE(OFFSET('t672'!$A$1,$B$2+($B13-1)*$D$2+$E$2+$A12+1,E$3):OFFSET('t672'!$A$1,$B$2+($B13-1)*$D$2+$E$2+$F$2+$A12,E$3)) -> 256.92018 | J13: =AVERAGE(OFFSET('t1344'!$A$1,$B$2+($B13-1)*$D$2+$E$2+$A12+1,E$3):OFFSET('t1344'!$A$1,$B$2+($B13-1)*$D$2+$E$2+$F$2+$A12,E$3)) -> 418.66892 | K13: =AVERAGE(OFFSET('t2688'!$A$1,$B$2+($B13-1)*$D$2+$E$2+$A12+1,E$3):OFFSET('t2688'!$A$1,$B$2+($B13-1)*$D$2+$E$2+$F$2+$A12,E$3)) -> 762.94084 | L13: =AVERAGE(OFFSET('t5376'!$A$1,$B$2+($B13-1)*$D$2+$E$2+$A12+1,E$3):OFFSET('t5376'!$A$1,$B$2+($B13-1)*$D$2+$E$2+$F$2+$A12,E$3)) -> 1937.0567 | M13: =AVERAGE(OFFSET('t10752'!$A$1,$B$2+($B13-1)*$D$2+$E$2+$A12+1,E$3):OFFSET('t10752'!$A$1,$B$2+($B13-1)*$D$2+$E$2+$F$2+$A12,E$3)) -> 8242.4524 | N13: =AVERAGE(OFFSET('t21504'!$A$1,$B$2+($B13-1)*$D$2+$E$2+$A12+1,E$3):OFFSET('t21504'!$A$1,$B$2+($B13-1)*$D$2+$E$2+$F$2+$A12,E$3)) -> 20905.116
A14: 5 | B14: 11 | C14: 256 | D14: =OFFSET('t42'!$A$1,$B$2+($B14-1)*$D$2+$A14,D$3) -> Run Original ACO0 | E14: =AVERAGE(OFFSET('t42'!$A$1,$B$2+($B14-1)*$D$2+$E$2+$A14,E$3):OFFSET('t42'!$A$1,$B$2+($B14-1)*$D$2+$E$2+$F$2+$A14,E$3)) -> 139.3247 | F14: =AVERAGE(OFFSET('t84'!$A$1,$B$2+($B14-1)*$D$2+$E$2+$A14,E$3):OFFSET('t84'!$A$1,$B$2+($B14-1)*$D$2+$E$2+$F$2+$A14,E$3)) -> 150.51338 | G14: =AVERAGE(OFFSET('t168'!$A$1,$B$2+($B14-1)*$D$2+$E$2+$A14,E$3):OFFSET('t168'!$A$1,$B$2+($B14-1)*$D$2+$E$2+$F$2+$A14,E$3)) -> 188.2899 | H14: =AVERAGE(OFFSET('t336'!$A$1,$B$2+($B14-1)*$D$2+$E$2+$A14,E$3):OFFSET('t336'!$A$1,$B$2+($B14-1)*$D$2+$E$2+$F$2+$A14,E$3)) -> 251.4874 | I14: =AVERAGE(OFFSET('t672'!$A$1,$B$2+($B14-1)*$D$2+$E$2+$A14,E$3):OFFSET('t672'!$A$1,$B$2+($B14-1)*$D$2+$E$2+$F$2+$A14,E$3)) -> 305.10372 | J14: =AVERAGE(OFFSET('t1344'!$A$1,$B$2+($B14-1)*$D$2+$E$2+$A14,E$3):OFFSET('t1344'!$A$1,$B$2+($B14-1)*$D$2+$E$2+$F$2+$A14,E$3)) -> 470.03588 | K14: =AVERAGE(OFFSET('t2688'!$A$1,$B$2+($B14-1)*$D$2+$E$2+$A14,E$3):OFFSET('t2688'!$A$1,$B$2+($B14-1)*$D$2+$E$2+$F$2+$A14,E$3)) -> 828.91412 | L14: =AVERAGE(OFFSET('t5376'!$A$1,$B$2+($B14-1)*$D$2+$E$2+$A14,E$3):OFFSET('t5376'!$A$1,$B$2+($B14-1)*$D$2+$E$2+$F$2+$A14,E$3)) -> 2267.01 | M14: =AVERAGE(OFFSET('t10752'!$A$1,$B$2+($B14-1)*$D$2+$E$2+$A14,E$3):OFFSET('t10752'!$A$1,$B$2+($B14-1)*$D$2+$E$2+$F$2+$A14,E$3)) -> 8221.101 | N14: =AVERAGE(OFFSET('t21504'!$A$1,$B$2+($B14-1)*$D$2+$E$2+$A14,E$3):OFFSET('t21504'!$A$1,$B$2+($B14-1)*$D$2+$E$2+$F$2+$A14,E$3)) -> #DIV/0!
B15: 12 | D15: =OFFSET('t42'!$A$1,$B$2+($B15-1)*$D$2+$A14,D$3) -> Run Combined Run0 | E15: =AVERAGE(OFFSET('t42'!$A$1,$B$2+($B15-1)*$D$2+$E$2+$A14+1,E$3):OFFSET('t42'!$A$1,$B$2+($B15-1)*$D$2+$E$2+$F$2+$A14,E$3)) -> 105.12959 | F15: =AVERAGE(OFFSET('t84'!$A$1,$B$2+($B15-1)*$D$2+$E$2+$A14+1,E$3):OFFSET('t84'!$A$1,$B$2+($B15-1)*$D$2+$E$2+$F$2+$A14,E$3)) -> 119.60782 | G15: =AVERAGE(OFFSET('t168'!$A$1,$B$2+($B15-1)*$D$2+$E$2+$A14+1,E$3):OFFSET('t168'!$A$1,$B$2+($B15-1)*$D$2+$E$2+$F$2+$A14,E$3)) -> 142.92063 | H15: =AVERAGE(OFFSET('t336'!$A$1,$B$2+($B15-1)*$D$2+$E$2+$A14+1,E$3):OFFSET('t336'!$A$1,$B$2+($B15-1)*$D$2+$E$2+$F$2+$A14,E$3)) -> 200.65853 | I15: =AVERAGE(OFFSET('t672'!$A$1,$B$2+($B15-1)*$D$2+$E$2+$A14+1,E$3):OFFSET('t672'!$A$1,$B$2+($B15-1)*$D$2+$E$2+$F$2+$A14,E$3)) -> 259.10124 | J15: =AVERAGE(OFFSET('t1344'!$A$1,$B$2+($B15-1)*$D$2+$E$2+$A14+1,E$3):OFFSET('t1344'!$A$1,$B$2+($B15-1)*$D$2+$E$2+$F$2+$A14,E$3)) -> 419.32849 | K15: =AVERAGE(OFFSET('t2688'!$A$1,$B$2+($B15-1)*$D$2+$E$2+$A14+1,E$3):OFFSET('t2688'!$A$1,$B$2+($B15-1)*$D$2+$E$2+$F$2+$A14,E$3)) -> 760.85345 | L15: =AVERAGE(OFFSET('t5376'!$A$1,$B$2+($B15-1)*$D$2+$E$2+$A14+1,E$3):OFFSET('t5376'!$A$1,$B$2+($B15-1)*$D$2+$E$2+$F$2+$A14,E$3)) -> 1941.1078 | M15: =AVERAGE(OFFSET('t10752'!$A$1,$B$2+($B15-1)*$D$2+$E$2+$A14+1,E$3):OFFSET('t10752'!$A$1,$B$2+($B15-1)*$D$2+$E$2+$F$2+$A14,E$3)) -> 8181.6098 | N15: =AVERAGE(OFFSET('t21504'!$A$1,$B$2+($B15-1)*$D$2+$E$2+$A14+1,E$3):OFFSET('t21504'!$A$1,$B$2+($B15-1)*$D$2+$E$2+$F$2+$A14,E$3)) -> #DIV/0!
E16: =E17/21 -> 2 | F16: =F17/21 -> 4 | G16: =G17/21 -> 8 | H16: =H17/21 -> 16 | I16: =I17/21 -> 32 | J16: =J17/21 -> 64 | K16: =K17/21 -> 128 | L16: =L17/21 -> 256 | ... W16: =W17/21 -> 524288
E17: 42 | F17: =E17*2 -> 84 | G17: =F17*2 -> 168 | H17: =G17*2 -> 336 | I17: =H17*2 -> 672 | J17: =I17*2 -> 1344 | K17: =J17*2 -> 2688 | L17: =K17*2 -> 5376 | M17: =L17*2 -> 10752 | ... W17: =V17*2 -> 11010048 | Y17: 42 | Z17: =Y17*2 -> 84 | AA17: =Z17*2 -> 168 | AB17: =AA17*2 -> 336 | AC17: =AB17*2 -> 672 | AD17: =AC17*2 -> 1344 | AE17: =AD17*2 -> 2688 | AF17: =AE17*2 -> 5376 | AG17: =AF17*2 -> 10752 | ... AQ17: =AP17*2 -> 11010048
C18: 3 этапа | D18: 32 | E18: =E4 -> 129.34202 | F18: =F4 -> 149.47686 | G18: =G4 -> 187.42248 | H18: =H4 -> 244.43236 | I18: =I4 -> 283.34354 | J18: =J4 -> 446.92574 | K18: =K4 -> 834.9145 | L18: =L4 -> 2024.1448 | ... N18: =N4 -> 5690.6276 | Y18: =CORREL($D18:$D23,E18:E23) -> 0.81979255 | Z18: =CORREL($D18:$D23,F18:F23) -> 0.74247911 | AA18: =CORREL($D18:$D23,G18:G23) -> 0.41621449 | AB18: =CORREL($D18:$D23,H18:H23) -> 0.57960239 | AC18: =CORREL($D18:$D23,I18:I23) -> 0.47611186 | AD18: =CORREL($D18:$D23,J18:J23) -> 0.67537667 | AE18: =CORREL($D18:$D23,K18:K23) -> -0.73406602 | AF18: =CORREL($D18:$D23,L18:L23) -> 0.79102154 | AG18: =CORREL($D18:$D23,M18:M23) -> 0.94514363
D19: 64 | E19: =E6 -> 129.49324 | F19: =F6 -> 148.77018 | G19: =G6 -> 186.79726 | H19: =H6 -> 251.39434 | I19: =I6 -> 306.06908 | J19: =J6 -> 466.82388 | K19: =K6 -> 831.3716 | L19: =L6 -> 1989.6006 | ... N19: =N6 -> 7760.6148
D20: 96 | E20: =E8 -> 128.54004 | F20: =F8 -> 149.13538 | G20: =G8 -> 188.17214 | H20: =H8 -> 251.51452 | I20: =I8 -> 303.33146 | J20: =J8 -> 466.88156 | K20: =K8 -> 828.95072 | L20: =L8 -> 2190.383 | ... N20: =N8 -> 11867.456
D21: 128 | E21: =E10 -> 128.88728 | F21: =F10 -> 150.24776 | G21: =G10 -> 186.81154 | H21: =H10 -> 249.39814 | I21: =I10 -> 313.73646 | J21: =J10 -> 468.0841 | K21: =K10 -> 828.66968 | L21: =L10 -> 2084.5314 | ... N21: =N10 -> 11531.442
D22: 192 | E22: =E12 -> 131.13204 | F22: =F12 -> 151.67358 | G22: =G12 -> 187.20472 | H22: =H12 -> 260.54448 | I22: =I12 -> 304.0688 | J22: =J12 -> 469.2644 | K22: =K12 -> 827.41974 | L22: =L12 -> 2121.4716 | ... N22: =N12 -> 20903.408
D23: 256 | E23: =E14 -> 139.3247 | F23: =F14 -> 150.51338 | G23: =G14 -> 188.2899 | H23: =H14 -> 251.4874 | I23: =I14 -> 305.10372 | J23: =J14 -> 470.03588 | K23: =K14 -> 828.91412 | L23: =L14 -> 2267.01 | ... N23: =N14 -> #DIV/0!
E27: =E28/21 -> 2 | F27: =F28/21 -> 4 | G27: =G28/21 -> 8 | H27: =H28/21 -> 16 | I27: =I28/21 -> 32 | J27: =J28/21 -> 64 | K27: =K28/21 -> 128 | L27: =L28/21 -> 256 | ... W27: =W28/21 -> 524288
E28: 42 | F28: =E28*2 -> 84 | G28: =F28*2 -> 168 | H28: =G28*2 -> 336 | I28: =H28*2 -> 672 | J28: =I28*2 -> 1344 | K28: =J28*2 -> 2688 | L28: =K28*2 -> 5376 | M28: =L28*2 -> 10752 | ... W28: =V28*2 -> 11010048
C29: 2 этапа | D29: 32 | E29: =E5 -> 102.01439 | F29: =F5 -> 117.0229 | G29: =G5 -> 142.42735 | H29: =H5 -> 194.40171 | I29: =I5 -> 233.76094 | J29: =J5 -> 393.19157 | K29: =K5 -> 765.35716 | L29: =L5 -> 1981.7943 | ... N29: =N5 -> 5694.1096 | Y29: =CORREL($D29:$D34,E29:E34) -> 0.51641468 | Z29: =CORREL($D29:$D34,F29:F34) -> 0.92263588 | AA29: =CORREL($D29:$D34,G29:G34) -> 0.48185514 | AB29: =CORREL($D29:$D34,H29:H34) -> 0.53807162 | AC29: =CORREL($D29:$D34,I29:I34) -> 0.35537791 | AD29: =CORREL($D29:$D34,J29:J34) -> 0.53697507 | AE29: =CORREL($D29:$D34,K29:K34) -> -0.60775373 | AF29: =CORREL($D29:$D34,L29:L34) -> -0.65290487 | AG29: =CORREL($D29:$D34,M29:M34) -> 0.94511762
D30: 64 | E30: =E7 -> 104.56396 | F30: =F7 -> 117.91143 | G30: =G7 -> 141.49339 | H30: =H7 -> 202.06308 | I30: =I7 -> 260.39792 | J30: =J7 -> 420.80014 | K30: =K7 -> 762.34955 | L30: =L7 -> 1952.1457 | ... N30: =N7 -> 7757.3555
D31: 96 | E31: =E9 -> 103.16269 | F31: =F9 -> 118.3192 | G31: =G9 -> 142.13573 | H31: =H9 -> 198.71618 | I31: =I9 -> 255.68259 | J31: =J9 -> 419.03469 | K31: =K9 -> 761.27384 | L31: =L9 -> 1938.901 | ... N31: =N9 -> 11872.647
D32: 128 | E32: =E11 -> 104.91618 | F32: =F11 -> 118.97157 | G32: =G11 -> 141.70349 | H32: =H11 -> 197.55608 | I32: =I11 -> 282.95278 | J32: =J11 -> 417.788 | K32: =K11 -> 761.89537 | L32: =L11 -> 1936.0037 | ... N32: =N11 -> 11514.2
D33: 192 | E33: =E13 -> 116.18904 | F33: =F13 -> 119.868 | G33: =G13 -> 141.97618 | H33: =H13 -> 208.22906 | I33: =I13 -> 256.92018 | J33: =J13 -> 418.66892 | K33: =K13 -> 762.94084 | L33: =L13 -> 1937.0567 | ... N33: =N13 -> 20905.116
D34: 256 | E34: =E15 -> 105.12959 | F34: =F15 -> 119.60782 | G34: =G15 -> 142.92063 | H34: =H15 -> 200.65853 | I34: =I15 -> 259.10124 | J34: =J15 -> 419.32849 | K34: =K15 -> 760.85345 | L34: =L15 -> 1941.1078 | ... N34: =N15 -> #DIV/0!
E37: 42 | F37: =E37*2 -> 84 | G37: =F37*2 -> 168 | H37: =G37*2 -> 336 | I37: =H37*2 -> 672 | J37: =I37*2 -> 1344 | K37: =J37*2 -> 2688 | L37: =K37*2 -> 5376 | M37: =L37*2 -> 10752 | ... W37: =V37*2 -> 11010048
C38: 3 этапа | D38: 32 | E38: =E18/E$17 -> 3.0795719 | F38: =F18/F$17 -> 1.7794864 | G38: =G18/G$17 -> 1.11561 | H38: =H18/H$17 -> 0.72747726 | I38: =I18/I$17 -> 0.42164217 | J38: =J18/J$17 -> 0.33253403 | K38: =K18/K$17 -> 0.31060807 | L38: =L18/L$17 -> 0.37651503 | ... N38: =N18/N$17 -> 0.26463112
D39: 64 | E39: =E19/E$17 -> 3.0831723 | F39: =F19/F$17 -> 1.7710736 | G39: =G19/G$17 -> 1.1118885 | H39: =H19/H$17 -> 0.74819744 | I39: =I19/I$17 -> 0.45545994 | J39: =J19/J$17 -> 0.3473392 | K39: =K19/K$17 -> 0.30929003 | L39: =L19/L$17 -> 0.3700894 | ... N39: =N19/N$17 -> 0.36089169
D40: 96 | E40: =E20/E$17 -> 3.0604771 | F40: =F20/F$17 -> 1.7754212 | G40: =G20/G$17 -> 1.1200723 | H40: =H20/H$17 -> 0.74855512 | I40: =I20/I$17 -> 0.4513861 | J40: =J20/J$17 -> 0.34738211 | K40: =K20/K$17 -> 0.3083894 | L40: =L20/L$17 -> 0.40743731 | ... N40: =N20/N$17 -> 0.55187202
D41: 128 | E41: =E21/E$17 -> 3.0687448 | F41: =F21/F$17 -> 1.7886638 | G41: =G21/G$17 -> 1.1119735 | H41: =H21/H$17 -> 0.74225637 | I41: =I21/I$17 -> 0.46686973 | J41: =J21/J$17 -> 0.34827686 | K41: =K21/K$17 -> 0.30828485 | L41: =L21/L$17 -> 0.38774766 | ... N41: =N21/N$17 -> 0.53624637
D42: 192 | E42: =E22/E$17 -> 3.1221914 | F42: =F22/F$17 -> 1.8056379 | G42: =G22/G$17 -> 1.1143138 | H42: =H22/H$17 -> 0.77543 | I42: =I22/I$17 -> 0.45248333 | J42: =J22/J$17 -> 0.34915506 | K42: =K22/K$17 -> 0.30781984 | L42: =L22/L$17 -> 0.39461897 | ... N42: =N22/N$17 -> 0.97207068
D43: 256 | E43: =E23/E$17 -> 3.3172548 | F43: =F23/F$17 -> 1.791826 | G43: =G23/G$17 -> 1.1207732 | H43: =H23/H$17 -> 0.7484744 | I43: =I23/I$17 -> 0.45402339 | J43: =J23/J$17 -> 0.34972908 | K43: =K23/K$17 -> 0.30837579 | L43: =L23/L$17 -> 0.42169085 | ... N43: =N23/N$17 -> #DIV/0!
E45: 42 | F45: =E45*2 -> 84 | G45: =F45*2 -> 168 | H45: =G45*2 -> 336 | I45: =H45*2 -> 672 | J45: =I45*2 -> 1344 | K45: =J45*2 -> 2688 | L45: =K45*2 -> 5376 | M45: =L45*2 -> 10752 | ... W45: =V45*2 -> 11010048
C46: 2 этапа | D46: 32 | E46: =E29/E$28 -> 2.428914 | F46: =F29/F$28 -> 1.3931297 | G46: =G29/G$28 -> 0.84778183 | H46: =H29/H$28 -> 0.57857653 | I46: =I29/I$28 -> 0.34785854 | J46: =J29/J$28 -> 0.29255325 | K46: =K29/K$28 -> 0.28473109 | L46: =L29/L$28 -> 0.36863733 | ... N46: =N29/N$28 -> 0.26479304
D47: 64 | E47: =E30/E$28 -> 2.4896181 | F47: =F30/F$28 -> 1.4037075 | G47: =G30/G$28 -> 0.84222255 | H47: =H30/H$28 -> 0.60137822 | I47: =I30/I$28 -> 0.3874969 | J47: =J30/J$28 -> 0.31309534 | K47: =K30/K$28 -> 0.28361218 | L47: =L30/L$28 -> 0.36312234 | ... N47: =N30/N$28 -> 0.36074012
D48: 96 | E48: =E31/E$28 -> 2.4562546 | F48: =F31/F$28 -> 1.408562 | G48: =G31/G$28 -> 0.84604604 | H48: =H31/H$28 -> 0.59141721 | I48: =I31/I$28 -> 0.38048005 | J48: =J31/J$28 -> 0.31178177 | K48: =K31/K$28 -> 0.28321199 | L48: =L31/L$28 -> 0.36065867 | ... N48: =N31/N$28 -> 0.55211342
D49: 128 | E49: =E32/E$28 -> 2.4980044 | F49: =F32/F$28 -> 1.4163282 | G49: =G32/G$28 -> 0.84347315 | H49: =H32/H$28 -> 0.58796453 | I49: =I32/I$28 -> 0.42106068 | J49: =J32/J$28 -> 0.31085417 | K49: =K32/K$28 -> 0.28344322 | L49: =L32/L$28 -> 0.36011973 | ... N49: =N32/N$28 -> 0.53544457
D50: 192 | E50: =E33/E$28 -> 2.7664057 | F50: =F33/F$28 -> 1.427 | G50: =G33/G$28 -> 0.84509633 | H50: =H33/H$28 -> 0.61972935 | I50: =I33/I$28 -> 0.3823217 | J50: =J33/J$28 -> 0.31150961 | K50: =K33/K$28 -> 0.28383216 | L50: =L33/L$28 -> 0.36031561 | ... N50: =N33/N$28 -> 0.97215013
D51: 256 | E51: =E34/E$28 -> 2.5030855 | F51: =F34/F$28 -> 1.4239026 | G51: =G34/G$28 -> 0.85071805 | H51: =H34/H$28 -> 0.59719801 | I51: =I34/I$28 -> 0.38556733 | J51: =J34/J$28 -> 0.31200036 | K51: =K34/K$28 -> 0.2830556 | L51: =L34/L$28 -> 0.36106915 | ... N51: =N34/N$28 -> #DIV/0!

Sheet t42
A1: Device 0: NVIDIA GeForce RTX 3060 | B1: Max thread in blocks: 1024 Total Global Memory: 12287,4 MB GPU Global Memory Usage: 0,0887489 MB GPU Global Memory Hash Table: 1024 MB Max PARAMETR_SIZE in GPU Global Memory: 5570990 Shared memory per block: 49152 bytes (48 KB) Shared memory per multiprocessor: 102400 bytes (100 KB) Data size in Shared memory per block: 336 bytes (0,328125 KB) Constant Memory: 65536 bytes Parameter data size (in Constant Memory): 1680 bytes (1,64062 KB) Registers per Block: 65536 Warp Size: 32 Compute Capability: 8,6 Can Map Host Memory: Yes Clock Rate: 1777 MHz L2 Cache Size: 2359296 bytes Multiprocessor Count: 28 | C1: Max thread in blocks by axis: (1024, 1024, 64) | D1: Max blocks by axis: (2147483647, 65535, 65535) | E1: PARAMETR_SIZE: 42 | F1: PARAMETR_SIZE_ONE_X: 21 | G1: MAX_VALUE_SIZE: 5 | H1: NAME_FILE_GRAPH: Parametr_Graph/test42,txt | I1: ANT_SIZE: 500 | J1: KOL_ITERATION: 500 | K1: KOL_PROGON_STATISTICS: 50 | L1: PARAMETR_Q: 1 | M1: PARAMETR_RO: 0,999 | N1: TYPE_ACO: 1 | O1: ACOCCyN_KOL_ITERATION: 50, MAX_PARAMETR_VALUE_TO_MIN_OPT: 1, HASH_TABLE_SIZE: 67108864, MAX_PROBES: 10000, MAX_THREAD_CUDA: 512, CPU_RANDOM: 0, KOL_THREAD_CPU_ANT: 12, CONST_RANDOM: 100000, MAX_CONST: 8192, OPTIMIZE: OPTIMIZE_MIN_1 | P1: FUNCTION: SHAFFERA GO_ALG_MINMAX: 1(1, 1000)
A2: Run Original ACO0 | B2: 127.983 | C2: 108.134 | D2: 2.94085 | E2: 10.8556 | F2: 55.3684 | G2: 19.8486 | H2: 85.1924 | I2: 100 | J2: 0.338523 | K2: 0.00123639 | L2: 0.995116
A3: Run Original ACO1 | B3: 129.494 | C3: 108.971 | D3: 2.94613 | E3: 10.8 | F3: 55.3746 | G3: 20.5229 | H3: 83.4328 | I3: 100 | J3: 0.334572 | K3: 0.00123296 | L3: 0.995116
A4: Run Original ACO2 | B4: 128.977 | C4: 108.388 | D4: 2.94421 | E4: 10.7481 | F4: 55.28 | G4: 20.5893 | H4: 81.962 | I4: 100 | J4: 0.335913 | K4: 0.00123299 | L4: 0.995116
A5: Run Original ACO3 | B5: 128.234 | C5: 108.036 | D5: 2.9331 | E5: 10.7159 | F5: 55.2661 | G5: 20.1978 | H5: 80.7632 | I5: 100 | J5: 0.337861 | K5: 0.00123005 | L5: 0.995115
A6: Run Original ACO4 | B6: 127.932 | C6: 108.013 | D6: 2.94869 | E6: 10.669 | F6: 55.2645 | G6: 19.9183 | H6: 79.5 | I6: 100 | J6: 0.338658 | K6: 0.00125279 | L6: 0.995116
A7: Run Original ACO5 | B7: 128.229 | C7: 108.265 | D7: 2.9356 | E7: 10.677 | F7: 55.3601 | G7: 19.9633 | H7: 78.708 | I7: 100 | J7: 0.337874 | K7: 0.0013247 | L7: 0.995115
A8: Run Original ACO6 | B8: 129.094 | C8: 109.072 | D8: 2.94782 | E8: 10.6542 | F8: 55.365 | G8: 20.0213 | H8: 77.9964 | I8: 100 | J8: 0.33561 | K8: 0.00132495 | L8: 0.995116
A9: Run Original ACO7 | B9: 127.83 | C9: 108.052 | D9: 2.92965 | E9: 10.6283 | F9: 55.3926 | G9: 19.7779 | H9: 77.1864 | I9: 100 | J9: 0.338928 | K9: 0.00164594 | L9: 0.995116
A10: Run Original ACO8 | B10: 127.293 | C10: 107.456 | D10: 2.93752 | E10: 10.5956 | F10: 55.2597 | G10: 19.8378 | H10: 76.4628 | I10: 100 | J10: 0.340357 | K10: 0.00130738 | L10: 0.995116
A11: Run Original ACO9 | B11: 127.492 | C11: 107.699 | D11: 2.95777 | E11: 10.6022 | F11: 55.3588 | G11: 19.7938 | H11: 75.7392 | I11: 100 | J11: 0.339825 | K11: 0.00145367 | L11: 0.995115
A12: Run Original ACO10 | B12: 127.593 | C12: 107.893 | D12: 2.9411 | E12: 10.5909 | F12: 55.2873 | G12: 19.6992 | H12: 75.1492 | I12: 100 | J12: 0.339558 | K12: 0.00129425 | L12: 0.995114
A13: Run Original ACO11 | B13: 128.04 | C13: 108.059 | D13: 2.97422 | E13: 10.5901 | F13: 55.2633 | G13: 19.9812 | H13: 74.3784 | I13: 100 | J13: 0.338373 | K13: 0.00145367 | L13: 0.995115
... A101: Run Combined Run49 | B101: 102.722 | C101: 82.4004 | D101: 51.8108 | E101: 10.3824 | F101: 0 | G101: 20.3212 | H101: 67.964 | I101: 100 | J101: 0.429388 | K101: 0.0290376 | L101: 0.993143
A102: Device 0: NVIDIA GeForce RTX 3060 | B102: Max thread in blocks: 1024 Total Global Memory: 12287,4 MB GPU Global Memory Usage: 0,0887489 MB GPU Global Memory Hash Table: 1024 MB Max PARAMETR_SIZE in GPU Global Memory: 5570990 Shared memory per block: 49152 bytes (48 KB) Shared memory per multiprocessor: 102400 bytes (100 KB) Data size in Shared memory per block: 336 bytes (0,328125 KB) Constant Memory: 65536 bytes Parameter data size (in Constant Memory): 1680 bytes (1,64062 KB) Registers per Block: 65536 Warp Size: 32 Compute Capability: 8,6 Can Map Host Memory: Yes Clock Rate: 1777 MHz L2 Cache Size: 2359296 bytes Multiprocessor Count: 28 | C102: Max thread in blocks by axis: (1024, 1024, 64) | D102: Max blocks by axis: (2147483647, 65535, 65535) | E102: PARAMETR_SIZE: 42 | F102: PARAMETR_SIZE_ONE_X: 21 | G102: MAX_VALUE_SIZE: 5 | H102: NAME_FILE_GRAPH: Parametr_Graph/test42,txt | I102: ANT_SIZE: 500 | J102: KOL_ITERATION: 500 | K102: KOL_PROGON_STATISTICS: 50 | L102: PARAMETR_Q: 1 | M102: PARAMETR_RO: 0,999 | N102: TYPE_ACO: 1 | O102: ACOCCyN_KOL_ITERATION: 50, MAX_PARAMETR_VALUE_TO_MIN_OPT: 1, HASH_TABLE_SIZE: 67108864, MAX_PROBES: 10000, MAX_THREAD_CUDA: 512, CPU_RANDOM: 0, KOL_THREAD_CPU_ANT: 12, CONST_RANDOM: 100000, MAX_CONST: 8192, OPTIMIZE: OPTIMIZE_MIN_1 | P102: FUNCTION: SHAFFERA GO_ALG_MINMAX: 1(1, 1000)
A103: Run Original ACO0 | B103: 129.617 | C103: 109.269 | D103: 2.98453 | E103: 10.9102 | F103: 55.4307 | G103: 20.3483 | H103: 83.5484 | I103: 100 | J103: 0.334255 | K103: 0.00123238 | L103: 0.995115
A104: Run Original ACO1 | B104: 129.921 | C104: 109.275 | D104: 2.9516 | E104: 10.897 | F104: 55.3203 | G104: 20.6457 | H104: 82.6104 | I104: 100 | J104: 0.333474 | K104: 0.00124651 | L104: 0.995116
A105: Run Original ACO2 | B105: 128.897 | C105: 108.36 | D105: 2.96369 | E105: 10.8623 | F105: 55.315 | G105: 20.5372 | H105: 81.59 | I105: 100 | J105: 0.336121 | K105: 0.00123079 | L105: 0.995116
A106: Run Original ACO3 | B106: 128.868 | C106: 108.911 | D106: 2.93963 | E106: 10.8159 | F106: 55.5094 | G106: 19.9571 | H106: 80.6456 | I106: 100 | J106: 0.336197 | K106: 0.00123079 | L106: 0.995116
A107: Run Original ACO4 | B107: 128.594 | C107: 108.396 | D107: 2.94459 | E107: 10.7953 | F107: 55.3166 | G107: 20.1978 | H107: 79.782 | I107: 100 | J107: 0.336914 | K107: 0.00123081 | L107: 0.995116
A108: Run Original ACO5 | B108: 128.537 | C108: 108.468 | D108: 2.95937 | E108: 10.7837 | F108: 55.3139 | G108: 20.069 | H108: 78.9096 | I108: 100 | J108: 0.337064 | K108: 0.00123223 | L108: 0.995115
A109: Run Original ACO6 | B109: 128.874 | C109: 108.674 | D109: 2.95691 | E109: 10.7393 | F109: 55.4101 | G109: 20.1993 | H109: 78.1868 | I109: 100 | J109: 0.336183 | K109: 0.00123206 | L109: 0.995101
A110: Run Original ACO7 | B110: 129.064 | C110: 108.774 | D110: 2.95406 | E110: 10.7363 | F110: 55.5206 | G110: 20.2907 | H110: 77.8672 | I110: 100 | J110: 0.335686 | K110: 0.00123061 | L110: 0.995113
A111: Run Original ACO8 | B111: 130.673 | C111: 110.117 | D111: 2.94177 | E111: 11.5616 | F111: 55.5119 | G111: 20.5562 | H111: 91.3856 | I111: 100 | J111: 0.331555 | K111: 0.00123214 | L111: 0.995116
A112: Run Original ACO9 | B112: 129.709 | C112: 109.326 | D112: 2.95873 | E112: 11.5347 | F112: 55.3097 | G112: 20.3832 | H112: 91.8032 | I112: 100 | J112: 0.334018 | K112: 0.00123571 | L112: 0.995116
A113: Run Original ACO10 | B113: 129.608 | C113: 109.251 | D113: 2.93473 | E113: 11.146 | F113: 55.4259 | G113: 20.3571 | H113: 87.2728 | I113: 100 | J113: 0.334279 | K113: 0.0012321 | L113: 0.995116
A114: Run Original ACO11 | B114: 129.482 | C114: 109.261 | D114: 2.94609 | E114: 10.9564 | F114: 55.5584 | G114: 20.2202 | H114: 84.554 | I114: 100 | J114: 0.334605 | K114: 0.00124211 | L114: 0.995116
... A202: Run Combined Run49 | B202: 103.596 | C202: 83.9112 | D202: 53.4159 | E202: 10.3286 | F202: 0 | G202: 19.6847 | H202: 63.8308 | I202: 100 | J202: 0.425764 | K202: 0.0108569 | L202: 0.955756
A203: Device 0: NVIDIA GeForce RTX 3060 | B203: Max thread in blocks: 1024 Total Global Memory: 12287,4 MB GPU Global Memory Usage: 0,0887489 MB GPU Global Memory Hash Table: 1024 MB Max PARAMETR_SIZE in GPU Global Memory: 5570990 Shared memory per block: 49152 bytes (48 KB) Shared memory per multiprocessor: 102400 bytes (100 KB) Data size in Shared memory per block: 336 bytes (0,328125 KB) Constant Memory: 65536 bytes Parameter data size (in Constant Memory): 1680 bytes (1,64062 KB) Registers per Block: 65536 Warp Size: 32 Compute Capability: 8,6 Can Map Host Memory: Yes Clock Rate: 1777 MHz L2 Cache Size: 2359296 bytes Multiprocessor Count: 28 | C203: Max thread in blocks by axis: (1024, 1024, 64) | D203: Max blocks by axis: (2147483647, 65535, 65535) | E203: PARAMETR_SIZE: 42 | F203: PARAMETR_SIZE_ONE_X: 21 | G203: MAX_VALUE_SIZE: 5 | H203: NAME_FILE_GRAPH: Parametr_Graph/test42,txt | I203: ANT_SIZE: 500 | J203: KOL_ITERATION: 500 | K203: KOL_PROGON_STATISTICS: 50 | L203: PARAMETR_Q: 1 | M203: PARAMETR_RO: 0,999 | N203: TYPE_ACO: 1 | O203: ACOCCyN_KOL_ITERATION: 50, MAX_PARAMETR_VALUE_TO_MIN_OPT: 1, HASH_TABLE_SIZE: 67108864, MAX_PROBES: 10000, MAX_THREAD_CUDA: 512, CPU_RANDOM: 0, KOL_THREAD_CPU_ANT: 12, CONST_RANDOM: 100000, MAX_CONST: 8192, OPTIMIZE: OPTIMIZE_MIN_1 | P203: FUNCTION: SHAFFERA GO_ALG_MINMAX: 1(1, 1000)
A204: Run Original ACO0 | B204: 128.63 | C204: 108.553 | D204: 2.94686 | E204: 11.09 | F204: 55.7242 | G204: 20.0773 | H204: 85.5392 | I204: 100 | J204: 0.33682 | K204: 0.00123009 | L204: 0.995116
A205: Run Original ACO1 | B205: 128.98 | C205: 109.392 | D205: 2.94133 | E205: 11.9017 | F205: 55.727 | G205: 19.5878 | H205: 95.6728 | I205: 100 | J205: 0.335906 | K205: 0.00123029 | L205: 0.995116
A206: Run Original ACO2 | B206: 128.285 | C206: 108.832 | D206: 2.95121 | E206: 11.5593 | F206: 55.7174 | G206: 19.4529 | H206: 90.7588 | I206: 100 | J206: 0.337727 | K206: 0.00123006 | L206: 0.995116
A207: Run Original ACO3 | B207: 128.538 | C207: 108.696 | D207: 2.94904 | E207: 11.2937 | F207: 55.7564 | G207: 19.8418 | H207: 88.16 | I207: 100 | J207: 0.337061 | K207: 0.00123005 | L207: 0.995116
A208: Run Original ACO4 | B208: 129.202 | C208: 109.323 | D208: 2.98203 | E208: 11.1155 | F208: 55.7375 | G208: 19.8788 | H208: 86.4916 | I208: 100 | J208: 0.335328 | K208: 0.00123006 | L208: 0.995116
A209: Run Original ACO5 | B209: 128.362 | C209: 108.5 | D209: 2.95573 | E209: 11.0214 | F209: 55.8492 | G209: 19.8622 | H209: 85.6212 | I209: 100 | J209: 0.337522 | K209: 0.00123006 | L209: 0.995116
A210: Run Original ACO6 | B210: 128.298 | C210: 108.652 | D210: 2.95141 | E210: 10.9778 | F210: 55.7519 | G210: 19.6458 | H210: 84.7816 | I210: 100 | J210: 0.337691 | K210: 0.00123005 | L210: 0.995116
A211: Run Original ACO7 | B211: 128.477 | C211: 108.552 | D211: 2.96382 | E211: 10.9664 | F211: 55.659 | G211: 19.9245 | H211: 84.2652 | I211: 100 | J211: 0.337222 | K211: 0.00123011 | L211: 0.995115
A212: Run Original ACO8 | B212: 128.208 | C212: 108.306 | D212: 2.94619 | E212: 10.9469 | F212: 55.6333 | G212: 19.9016 | H212: 83.9068 | I212: 100 | J212: 0.337929 | K212: 0.00123014 | L212: 0.995116
A213: Run Original ACO9 | B213: 128.244 | C213: 108.432 | D213: 2.96593 | E213: 10.9401 | F213: 55.644 | G213: 19.8121 | H213: 83.5216 | I213: 100 | J213: 0.337834 | K213: 0.00123017 | L213: 0.995116
A214: Run Original ACO10 | B214: 128.141 | C214: 108.495 | D214: 2.95582 | E214: 10.9401 | F214: 55.7666 | G214: 19.6458 | H214: 82.812 | I214: 100 | J214: 0.338104 | K214: 0.00123006 | L214: 0.995116
A215: Run Original ACO11 | B215: 128.215 | C215: 108.688 | D215: 2.95605 | E215: 10.909 | F215: 55.775 | G215: 19.5263 | H215: 82.306 | I215: 100 | J215: 0.337911 | K215: 0.00123005 | L215: 0.995116
... A303: Run Combined Run49 | B303: 102.842 | C303: 83.133 | D303: 52.3124 | E303: 10.8325 | F303: 0 | G303: 19.7095 | H303: 76.1788 | I303: 100 | J303: 0.428883 | K303: 0.00123005 | L303: 0.999996
A304: Device 0: NVIDIA GeForce RTX 3060 | B304: Max thread in blocks: 1024 Total Global Memory: 12287,4 MB GPU Global Memory Usage: 0,0887489 MB GPU Global Memory Hash Table: 1024 MB Max PARAMETR_SIZE in GPU Global Memory: 5570990 Shared memory per block: 49152 bytes (48 KB) Shared memory per multiprocessor: 102400 bytes (100 KB) Data size in Shared memory per block: 336 bytes (0,328125 KB) Constant Memory: 65536 bytes Parameter data size (in Constant Memory): 1680 bytes (1,64062 KB) Registers per Block: 65536 Warp Size: 32 Compute Capability: 8,6 Can Map Host Memory: Yes Clock Rate: 1777 MHz L2 Cache Size: 2359296 bytes Multiprocessor Count: 28 | C304: Max thread in blocks by axis: (1024, 1024, 64) | D304: Max blocks by axis: (2147483647, 65535, 65535) | E304: PARAMETR_SIZE: 42 | F304: PARAMETR_SIZE_ONE_X: 21 | G304: MAX_VALUE_SIZE: 5 | H304: NAME_FILE_GRAPH: Parametr_Graph/test42,txt | I304: ANT_SIZE: 500 | J304: KOL_ITERATION: 500 | K304: KOL_PROGON_STATISTICS: 50 | L304: PARAMETR_Q: 1 | M304: PARAMETR_RO: 0,999 | N304: TYPE_ACO: 1 | O304: ACOCCyN_KOL_ITERATION: 50, MAX_PARAMETR_VALUE_TO_MIN_OPT: 1, HASH_TABLE_SIZE: 67108864, MAX_PROBES: 10000, MAX_THREAD_CUDA: 512, CPU_RANDOM: 0, KOL_THREAD_CPU_ANT: 12, CONST_RANDOM: 100000, MAX_CONST: 8192, OPTIMIZE: OPTIMIZE_MIN_1 | P304: FUNCTION: SHAFFERA GO_ALG_MINMAX: 1(1, 1000)
A305: Run Original ACO0 | B305: 129.427 | C305: 109.211 | D305: 2.93476 | E305: 10.9988 | F305: 55.8469 | G305: 20.2158 | H305: 85.8412 | I305: 100 | J305: 0.334746 | K305: 0.00123005 | L305: 0.999895
A306: Run Original ACO1 | B306: 128.457 | C306: 108.478 | D306: 2.96065 | E306: 10.9 | F306: 55.7474 | G306: 19.9795 | H306: 84.8236 | I306: 100 | J306: 0.337273 | K306: 0.00123005 | L306: 0.999707
A307: Run Original ACO2 | B307: 128.326 | C307: 108.238 | D307: 2.95841 | E307: 10.8513 | F307: 55.8529 | G307: 20.0876 | H307: 84.156 | I307: 100 | J307: 0.337618 | K307: 0.00123005 | L307: 0.999989
A308: Run Original ACO3 | B308: 128.175 | C308: 108.528 | D308: 2.95115 | E308: 10.8131 | F308: 55.8719 | G308: 19.647 | H308: 83.448 | I308: 100 | J308: 0.338016 | K308: 0.00123005 | L308: 0.99999
A309: Run Original ACO4 | B309: 128.667 | C309: 108.937 | D309: 2.96792 | E309: 10.8223 | F309: 55.8616 | G309: 19.73 | H309: 82.9208 | I309: 100 | J309: 0.336722 | K309: 0.00123005 | L309: 0.99999
A310: Run Original ACO5 | B310: 127.932 | C310: 108.299 | D310: 2.9675 | E310: 10.8235 | F310: 55.7549 | G310: 19.633 | H310: 82.2252 | I310: 100 | J310: 0.338658 | K310: 0.00123005 | L310: 0.99999
A311: Run Original ACO6 | B311: 127.417 | C311: 107.969 | D311: 2.97755 | E311: 10.7868 | F311: 55.8752 | G311: 19.4482 | H311: 81.6556 | I311: 100 | J311: 0.340027 | K311: 0.00123005 | L311: 0.999835
A312: Run Original ACO7 | B312: 128.447 | C312: 108.589 | D312: 2.97057 | E312: 10.7937 | F312: 55.79 | G312: 19.8579 | H312: 81.0552 | I312: 100 | J312: 0.3373 | K312: 0.00123005 | L312: 0.99999
A313: Run Original ACO8 | B313: 128.619 | C313: 108.483 | D313: 2.97908 | E313: 10.7783 | F313: 55.7741 | G313: 20.1357 | H313: 80.5436 | I313: 100 | J313: 0.336849 | K313: 0.00123005 | L313: 0.999938
A314: Run Original ACO9 | B314: 127.995 | C314: 108.292 | D314: 2.94459 | E314: 10.7475 | F314: 55.9914 | G314: 19.7026 | H314: 79.7188 | I314: 100 | J314: 0.338491 | K314: 0.00123005 | L314: 0.999956
A315: Run Original ACO10 | B315: 129.406 | C315: 109.668 | D315: 3.00056 | E315: 10.791 | F315: 56.0874 | G315: 19.7374 | H315: 79.1912 | I315: 100 | J315: 0.3348 | K315: 0.00123005 | L315: 0.99999
A316: Run Original ACO11 | B316: 129.322 | C316: 109.031 | D316: 2.99121 | E316: 10.8518 | F316: 56.1954 | G316: 20.2917 | H316: 79.7852 | I316: 100 | J316: 0.335016 | K316: 0.00123005 | L316: 0.999991
... A404: Run Combined Run49 | B404: 105.079 | C404: 84.8404 | D404: 54.1914 | E404: 10.3245 | F404: 0 | G404: 20.2384 | H404: 64.1632 | I404: 100 | J404: 0.419756 | K404: 0.00123005 | L404: 0.954149
A405: Device 0: NVIDIA GeForce RTX 3060 | B405: Max thread in blocks: 1024 Total Global Memory: 12287,4 MB GPU Global Memory Usage: 0,0887489 MB GPU Global Memory Hash Table: 1024 MB Max PARAMETR_SIZE in GPU Global Memory: 5570990 Shared memory per block: 49152 bytes (48 KB) Shared memory per multiprocessor: 102400 bytes (100 KB) Data size in Shared memory per block: 336 bytes (0,328125 KB) Constant Memory: 65536 bytes Parameter data size (in Constant Memory): 1680 bytes (1,64062 KB) Registers per Block: 65536 Warp Size: 32 Compute Capability: 8,6 Can Map Host Memory: Yes Clock Rate: 1777 MHz L2 Cache Size: 2359296 bytes Multiprocessor Count: 28 | C405: Max thread in blocks by axis: (1024, 1024, 64) | D405: Max blocks by axis: (2147483647, 65535, 65535) | E405: PARAMETR_SIZE: 42 | F405: PARAMETR_SIZE_ONE_X: 21 | G405: MAX_VALUE_SIZE: 5 | H405: NAME_FILE_GRAPH: Parametr_Graph/test42,txt | I405: ANT_SIZE: 500 | J405: KOL_ITERATION: 500 | K405: KOL_PROGON_STATISTICS: 50 | L405: PARAMETR_Q: 1 | M405: PARAMETR_RO: 0,999 | N405: TYPE_ACO: 1 | O405: ACOCCyN_KOL_ITERATION: 50, MAX_PARAMETR_VALUE_TO_MIN_OPT: 1, HASH_TABLE_SIZE: 67108864, MAX_PROBES: 10000, MAX_THREAD_CUDA: 512, CPU_RANDOM: 0, KOL_THREAD_CPU_ANT: 12, CONST_RANDOM: 100000, MAX_CONST: 8192, OPTIMIZE: OPTIMIZE_MIN_1 | P405: FUNCTION: SHAFFERA GO_ALG_MINMAX: 1(1, 1000)
A406: Run Original ACO0 | B406: 143.792 | C406: 118.207 | D406: 2.98456 | E406: 10.9811 | F406: 56.0213 | G406: 25.5853 | H406: 83.682 | I406: 100 | J406: 0.301303 | K406: 0.00129581 | L406: 0.995116
A407: Run Original ACO1 | B407: 130.765 | C407: 109.509 | D407: 2.97918 | E407: 10.9611 | F407: 55.9327 | G407: 21.2568 | H407: 82.2628 | I407: 100 | J407: 0.331319 | K407: 0.00123607 | L407: 0.995116
A408: Run Original ACO2 | B408: 134.646 | C408: 111.649 | D408: 2.95944 | E408: 10.8859 | F408: 56.0166 | G408: 22.9977 | H408: 81.1256 | I408: 100 | J408: 0.321769 | K408: 0.001511 | L408: 0.995115
A409: Run Original ACO3 | B409: 133.596 | C409: 111.43 | D409: 2.97915 | E409: 10.8871 | F409: 56.0254 | G409: 22.166 | H409: 80.0332 | I409: 100 | J409: 0.3243 | K409: 0.00643484 | L409: 0.995115
A410: Run Original ACO4 | B410: 130.283 | C410: 109.496 | D410: 2.95796 | E410: 11.0947 | F410: 56.0199 | G410: 20.7872 | H410: 83.1744 | I410: 100 | J410: 0.332547 | K410: 0.00128359 | L410: 0.995116
A411: Run Original ACO5 | B411: 131.635 | C411: 110.632 | D411: 2.98868 | E411: 11.8789 | F411: 55.9425 | G411: 21.003 | H411: 94.9148 | I411: 100 | J411: 0.329131 | K411: 0.00153491 | L411: 0.995116
A412: Run Original ACO6 | B412: 131.657 | C412: 110.545 | D412: 2.97067 | E412: 11.5007 | F412: 56.026 | G412: 21.1121 | H412: 89.5072 | I412: 100 | J412: 0.329075 | K412: 0.00153344 | L412: 0.995116
A413: Run Original ACO7 | B413: 130.552 | C413: 109.583 | D413: 2.9691 | E413: 11.0923 | F413: 56.14 | G413: 20.9683 | H413: 85.8544 | I413: 100 | J413: 0.331862 | K413: 0.00153465 | L413: 0.995116
A414: Run Original ACO8 | B414: 129.823 | C414: 109.046 | D414: 2.99192 | E414: 10.9946 | F414: 56.0529 | G414: 20.7765 | H414: 83.4184 | I414: 100 | J414: 0.333726 | K414: 0.00141157 | L414: 0.995116
A415: Run Original ACO9 | B415: 129.439 | C415: 108.817 | D415: 2.97384 | E415: 10.9244 | F415: 56.056 | G415: 20.6214 | H415: 81.7564 | I415: 100 | J415: 0.334715 | K415: 0.00153465 | L415: 0.995116
A416: Run Original ACO10 | B416: 135.8 | C416: 111.762 | D416: 2.97896 | E416: 10.8862 | F416: 56.0391 | G416: 24.0379 | H416: 80.694 | I416: 100 | J416: 0.319037 | K416: 0.0108569 | L416: 0.995116
A417: Run Original ACO11 | B417: 130.127 | C417: 109.371 | D417: 3.00174 | E417: 10.8709 | F417: 56.0479 | G417: 20.7556 | H417: 79.6224 | I417: 100 | J417: 0.332946 | K417: 0.0108569 | L417: 0.995116
... A505: Run Combined Run49 | B505: 126.819 | C505: 93.9122 | D505: 54.5832 | E505: 10.3037 | F505: 0 | G505: 32.9071 | H505: 61.3232 | I505: 100 | J505: 0.347798 | K505: 0.0108569 | L505: 0.976955
A506: Device 0: NVIDIA GeForce RTX 3060 | B506: Max thread in blocks: 1024 Total Global Memory: 12287,4 MB GPU Global Memory Usage: 0,0887489 MB GPU Global Memory Hash Table: 1024 MB Max PARAMETR_SIZE in GPU Global Memory: 5570990 Shared memory per block: 49152 bytes (48 KB) Shared memory per multiprocessor: 102400 bytes (100 KB) Data size in Shared memory per block: 336 bytes (0,328125 KB) Constant Memory: 65536 bytes Parameter data size (in Constant Memory): 1680 bytes (1,64062 KB) Registers per Block: 65536 Warp Size: 32 Compute Capability: 8,6 Can Map Host Memory: Yes Clock Rate: 1777 MHz L2 Cache Size: 2359296 bytes Multiprocessor Count: 28 | C506: Max thread in blocks by axis: (1024, 1024, 64) | D506: Max blocks by axis: (2147483647, 65535, 65535) | E506: PARAMETR_SIZE: 42 | F506: PARAMETR_SIZE_ONE_X: 21 | G506: MAX_VALUE_SIZE: 5 | H506: NAME_FILE_GRAPH: Parametr_Graph/test42,txt | I506: ANT_SIZE: 500 | J506: KOL_ITERATION: 500 | K506: KOL_PROGON_STATISTICS: 50 | L506: PARAMETR_Q: 1 | M506: PARAMETR_RO: 0,999 | N506: TYPE_ACO: 1 | O506: ACOCCyN_KOL_ITERATION: 50, MAX_PARAMETR_VALUE_TO_MIN_OPT: 1, HASH_TABLE_SIZE: 67108864, MAX_PROBES: 10000, MAX_THREAD_CUDA: 512, CPU_RANDOM: 0, KOL_THREAD_CPU_ANT: 12, CONST_RANDOM: 100000, MAX_CONST: 8192, OPTIMIZE: OPTIMIZE_MIN_1 | P506: FUNCTION: SHAFFERA GO_ALG_MINMAX: 1(1, 1000)
A507: Run Original ACO0 | B507: 150.163 | C507: 123.055 | D507: 2.97166 | E507: 11.1365 | F507: 56.3629 | G507: 27.1076 | H507: 86.0064 | I507: 100 | J507: 0.288521 | K507: 0.0013672 | L507: 0.995116
A508: Run Original ACO1 | B508: 149.903 | C508: 123.055 | D508: 2.9667 | E508: 11.0699 | F508: 56.4664 | G508: 26.8485 | H508: 84.8256 | I508: 100 | J508: 0.28902 | K508: 0.00123655 | L508: 0.995116
A509: Run Original ACO2 | B509: 149.236 | C509: 122.454 | D509: 2.98421 | E509: 11.0343 | F509: 56.3736 | G509: 26.782 | H509: 84.1028 | I509: 100 | J509: 0.290312 | K509: 0.00210011 | L509: 0.995116
A510: Run Original ACO3 | B510: 149.976 | C510: 122.248 | D510: 2.96872 | E510: 11.0317 | F510: 56.3676 | G510: 27.728 | H510: 83.364 | I510: 100 | J510: 0.288881 | K510: 0.00123011 | L510: 0.995115
A511: Run Original ACO4 | B511: 149.96 | C511: 122.876 | D511: 2.96878 | E511: 11.0209 | F511: 56.4683 | G511: 27.0844 | H511: 82.8196 | I511: 100 | J511: 0.288911 | K511: 0.00197252 | L511: 0.995116
A512: Run Original ACO5 | B512: 149.441 | C512: 122.624 | D512: 2.97947 | E512: 10.9955 | F512: 56.383 | G512: 26.8163 | H512: 82.3476 | I512: 100 | J512: 0.289915 | K512: 0.00123203 | L512: 0.995116
A513: Run Original ACO6 | B513: 150.254 | C513: 122.328 | D513: 3.00856 | E513: 10.9903 | F513: 56.379 | G513: 27.9264 | H513: 81.8728 | I513: 100 | J513: 0.288346 | K513: 0.00126868 | L513: 0.995116
A514: Run Original ACO7 | B514: 150.468 | C514: 123 | D514: 2.97678 | E514: 10.981 | F514: 56.3794 | G514: 27.4684 | H514: 81.3584 | I514: 100 | J514: 0.287935 | K514: 0.00255534 | L514: 0.995116
A515: Run Original ACO8 | B515: 145.438 | C515: 119.438 | D515: 2.97697 | E515: 10.9583 | F515: 56.3709 | G515: 25.9998 | H515: 81.082 | I515: 100 | J515: 0.297894 | K515: 0.00842609 | L515: 0.995116
A516: Run Original ACO9 | B516: 135.304 | C516: 112.908 | D516: 2.98193 | E516: 10.9547 | F516: 56.4753 | G516: 22.3958 | H516: 80.7252 | I516: 100 | J516: 0.320207 | K516: 0.00123207 | L516: 0.995116
A517: Run Original ACO10 | B517: 132.174 | C517: 110.708 | D517: 2.96347 | E517: 10.9174 | F517: 56.4825 | G517: 21.4662 | H517: 80.534 | I517: 100 | J517: 0.327789 | K517: 0.00348221 | L517: 0.995116
A518: Run Original ACO11 | B518: 142.956 | C518: 116.982 | D518: 2.96814 | E518: 10.9476 | F518: 56.3965 | G518: 25.9744 | H518: 80.3228 | I518: 100 | J518: 0.303066 | K518: 0.0108569 | L518: 0.995116
... A606: Run Combined Run49 | B606: 104.872 | C606: 84.8433 | D606: 54.3011 | E606: 10.8487 | F606: 0 | G606: 20.0292 | H606: 74.7916 | I606: 100 | J606: 0.420582 | K606: 0.0108569 | L606: 0.980944

Sheet t84
A1: Device 0: NVIDIA GeForce RTX 3060 | B1: Max thread in blocks: 1024 Total Global Memory: 12287,4 MB GPU Global Memory Usage: 0,173664 MB GPU Global Memory Hash Table: 1024 MB Max PARAMETR_SIZE in GPU Global Memory: 5570990 Shared memory per block: 49152 bytes (48 KB) Shared memory per multiprocessor: 102400 bytes (100 KB) Data size in Shared memory per block: 672 bytes (0,65625 KB) Constant Memory: 65536 bytes Parameter data size (in Constant Memory): 3360 bytes (3,28125 KB) Registers per Block: 65536 Warp Size: 32 Compute Capability: 8,6 Can Map Host Memory: Yes Clock Rate: 1777 MHz L2 Cache Size: 2359296 bytes Multiprocessor Count: 28 | C1: Max thread in blocks by axis: (1024, 1024, 64) | D1: Max blocks by axis: (2147483647, 65535, 65535) | E1: PARAMETR_SIZE: 84 | F1: PARAMETR_SIZE_ONE_X: 21 | G1: MAX_VALUE_SIZE: 5 | H1: NAME_FILE_GRAPH: Parametr_Graph/test84,txt | I1: ANT_SIZE: 500 | J1: KOL_ITERATION: 500 | K1: KOL_PROGON_STATISTICS: 50 | L1: PARAMETR_Q: 1 | M1: PARAMETR_RO: 0,999 | N1: TYPE_ACO: 1 | O1: ACOCCyN_KOL_ITERATION: 50, MAX_PARAMETR_VALUE_TO_MIN_OPT: 1, HASH_TABLE_SIZE: 67108864, MAX_PROBES: 10000, MAX_THREAD_CUDA: 512, CPU_RANDOM: 0, KOL_THREAD_CPU_ANT: 12, CONST_RANDOM: 100000, MAX_CONST: 8192, OPTIMIZE: OPTIMIZE_MIN_1 | P1: FUNCTION: SHAFFERA GO_ALG_MINMAX: 1(1, 1000)
A2: Run Original ACO0 | B2: 150.34 | C2: 130.141 | D2: 3.13073 | E2: 17.9364 | F2: 69.5344 | G2: 20.1987 | H2: 99.3948 | I2: 100 | J2: 0.563974 | K2: 0.0012316 | L2: 0.995116
A3: Run Original ACO1 | B3: 149.678 | C3: 129.893 | D3: 3.11921 | E3: 17.9197 | F3: 69.8922 | G3: 19.7848 | H3: 99.336 | I3: 100 | J3: 0.566466 | K3: 0.0012323 | L3: 0.995116
A4: Run Original ACO2 | B4: 149.232 | C4: 129.293 | D4: 3.10353 | E4: 17.9243 | F4: 69.4924 | G4: 19.9394 | H4: 99.2868 | I4: 100 | J4: 0.568159 | K4: 0.00123061 | L4: 0.995116
A5: Run Original ACO3 | B5: 149.225 | C5: 129.443 | D5: 3.12827 | E5: 17.7961 | F5: 69.4836 | G5: 19.7821 | H5: 99.5904 | I5: 100 | J5: 0.568187 | K5: 0.00123096 | L5: 0.995116
A6: Run Original ACO4 | B6: 149.339 | C6: 129.715 | D6: 3.1083 | E6: 17.7739 | F6: 69.8552 | G6: 19.6247 | H6: 99.7508 | I6: 100 | J6: 0.567751 | K6: 0.00123049 | L6: 0.995116
A7: Run Original ACO5 | B7: 149.636 | C7: 129.804 | D7: 3.09573 | E7: 17.8099 | F7: 69.4572 | G7: 19.8323 | H7: 99.6312 | I7: 100 | J7: 0.566626 | K7: 0.00124341 | L7: 0.995115
A8: Run Original ACO6 | B8: 149.423 | C8: 129.887 | D8: 3.10078 | E8: 17.935 | F8: 69.7051 | G8: 19.5363 | H8: 99.5068 | I8: 100 | J8: 0.567433 | K8: 0.00128626 | L8: 0.995116
A9: Run Original ACO7 | B9: 149.078 | C9: 129.502 | D9: 3.11294 | E9: 17.9352 | F9: 69.8146 | G9: 19.5764 | H9: 99.3884 | I9: 100 | J9: 0.568745 | K9: 0.00123286 | L9: 0.995116
A10: Run Original ACO8 | B10: 149.739 | C10: 130.172 | D10: 3.11429 | E10: 17.9581 | F10: 69.77 | G10: 19.5671 | H10: 99.3832 | I10: 100 | J10: 0.566238 | K10: 0.00124789 | L10: 0.995116
A11: Run Original ACO9 | B11: 149.777 | C11: 130.185 | D11: 3.12341 | E11: 17.9738 | F11: 69.7596 | G11: 19.5917 | H11: 99.296 | I11: 100 | J11: 0.566093 | K11: 0.00128027 | L11: 0.995116
A12: Run Original ACO10 | B12: 160.262 | C12: 136.414 | D12: 3.11045 | E12: 17.9699 | F12: 69.7928 | G12: 23.8479 | H12: 99.272 | I12: 100 | J12: 0.529056 | K12: 0.00125238 | L12: 0.995115
A13: Run Original ACO11 | B13: 149.559 | C13: 129.851 | D13: 3.11121 | E13: 18.0048 | F13: 69.6191 | G13: 19.7074 | H13: 99.1816 | I13: 100 | J13: 0.566919 | K13: 0.00123027 | L13: 0.995116
... A101: Run Combined Run49 | B101: 117.003 | C101: 96.8939 | D101: 59.6286 | E101: 17.8635 | F101: 0 | G101: 20.109 | H101: 98.3284 | I101: 100 | J101: 0.738035 | K101: 0.0108569 | L101: 0.995114
A102: Device 0: NVIDIA GeForce RTX 3060 | B102: Max thread in blocks: 1024 Total Global Memory: 12287,4 MB GPU Global Memory Usage: 0,173664 MB GPU Global Memory Hash Table: 1024 MB Max PARAMETR_SIZE in GPU Global Memory: 5570990 Shared memory per block: 49152 bytes (48 KB) Shared memory per multiprocessor: 102400 bytes (100 KB) Data size in Shared memory per block: 672 bytes (0,65625 KB) Constant Memory: 65536 bytes Parameter data size (in Constant Memory): 3360 bytes (3,28125 KB) Registers per Block: 65536 Warp Size: 32 Compute Capability: 8,6 Can Map Host Memory: Yes Clock Rate: 1777 MHz L2 Cache Size: 2359296 bytes Multiprocessor Count: 28 | C102: Max thread in blocks by axis: (1024, 1024, 64) | D102: Max blocks by axis: (2147483647, 65535, 65535) | E102: PARAMETR_SIZE: 84 | F102: PARAMETR_SIZE_ONE_X: 21 | G102: MAX_VALUE_SIZE: 5 | H102: NAME_FILE_GRAPH: Parametr_Graph/test84,txt | I102: ANT_SIZE: 500 | J102: KOL_ITERATION: 500 | K102: KOL_PROGON_STATISTICS: 50 | L102: PARAMETR_Q: 1 | M102: PARAMETR_RO: 0,999 | N102: TYPE_ACO: 1 | O102: ACOCCyN_KOL_ITERATION: 50, MAX_PARAMETR_VALUE_TO_MIN_OPT: 1, HASH_TABLE_SIZE: 67108864, MAX_PROBES: 10000, MAX_THREAD_CUDA: 512, CPU_RANDOM: 0, KOL_THREAD_CPU_ANT: 12, CONST_RANDOM: 100000, MAX_CONST: 8192, OPTIMIZE: OPTIMIZE_MIN_1 | P102: FUNCTION: SHAFFERA GO_ALG_MINMAX: 1(1, 1000)
A103: Run Original ACO0 | B103: 148.873 | C103: 129.168 | D103: 3.11118 | E103: 18.2417 | F103: 68.708 | G103: 19.705 | H103: 99.744 | I103: 100 | J103: 0.569531 | K103: 0.00128901 | L103: 0.995116
A104: Run Original ACO1 | B104: 148.525 | C104: 128.628 | D104: 3.09662 | E104: 18.2532 | F104: 68.5734 | G104: 19.8965 | H104: 99.9324 | I104: 100 | J104: 0.570865 | K104: 0.00259363 | L104: 0.995098
A105: Run Original ACO2 | B105: 148.464 | C105: 128.714 | D105: 3.10779 | E105: 18.2551 | F105: 68.675 | G105: 19.7498 | H105: 99.858 | I105: 100 | J105: 0.571099 | K105: 0.00217169 | L105: 0.995115
A106: Run Original ACO3 | B106: 148.62 | C106: 129.154 | D106: 3.09089 | E106: 18.2547 | F106: 68.8133 | G106: 19.4662 | H106: 99.7796 | I106: 100 | J106: 0.570499 | K106: 0.00128656 | L106: 0.995102
A107: Run Original ACO4 | B107: 148.55 | C107: 128.735 | D107: 3.10078 | E107: 18.2814 | F107: 68.5978 | G107: 19.815 | H107: 99.74 | I107: 100 | J107: 0.570767 | K107: 0.0017453 | L107: 0.995112
A108: Run Original ACO5 | B108: 148.77 | C108: 129.057 | D108: 3.09393 | E108: 18.2727 | F108: 68.7693 | G108: 19.7128 | H108: 99.6704 | I108: 100 | J108: 0.569926 | K108: 0.00150226 | L108: 0.995068
A109: Run Original ACO6 | B109: 152.536 | C109: 131.508 | D109: 3.14856 | E109: 18.344 | F109: 68.9734 | G109: 21.0281 | H109: 99.668 | I109: 100 | J109: 0.555854 | K109: 0.00230751 | L109: 0.995064
A110: Run Original ACO7 | B110: 151.231 | C110: 130.365 | D110: 3.11528 | E110: 18.26 | F110: 68.698 | G110: 20.8662 | H110: 99.6404 | I110: 100 | J110: 0.560648 | K110: 0.00665858 | L110: 0.995103
A111: Run Original ACO8 | B111: 148.826 | C111: 128.979 | D111: 3.09777 | E111: 18.2708 | F111: 68.845 | G111: 19.8473 | H111: 99.6112 | I111: 100 | J111: 0.56971 | K111: 0.00310624 | L111: 0.995116
A112: Run Original ACO9 | B112: 148.842 | C112: 129.116 | D112: 3.1011 | E112: 18.2984 | F112: 68.6933 | G112: 19.7255 | H112: 99.62 | I112: 100 | J112: 0.569649 | K112: 0.0108576 | L112: 0.995116
A113: Run Original ACO10 | B113: 149.172 | C113: 129.562 | D113: 3.09125 | E113: 18.3333 | F113: 68.7143 | G113: 19.6099 | H113: 99.56 | I113: 100 | J113: 0.568388 | K113: 0.0108569 | L113: 0.9951
A114: Run Original ACO11 | B114: 148.901 | C114: 129.137 | D114: 3.09963 | E114: 18.2878 | F114: 68.6091 | G114: 19.7639 | H114: 99.5904 | I114: 100 | J114: 0.569424 | K114: 0.0108569 | L114: 0.995112
... A202: Run Combined Run49 | B202: 117.952 | C202: 98.0906 | D202: 59.4877 | E202: 18.5245 | F202: 0 | G202: 19.8612 | H202: 99.498 | I202: 100 | J202: 0.732098 | K202: 0.0108737 | L202: 0.981019
A203: Device 0: NVIDIA GeForce RTX 3060 | B203: Max thread in blocks: 1024 Total Global Memory: 12287,4 MB GPU Global Memory Usage: 0,173664 MB GPU Global Memory Hash Table: 1024 MB Max PARAMETR_SIZE in GPU Global Memory: 5570990 Shared memory per block: 49152 bytes (48 KB) Shared memory per multiprocessor: 102400 bytes (100 KB) Data size in Shared memory per block: 672 bytes (0,65625 KB) Constant Memory: 65536 bytes Parameter data size (in Constant Memory): 3360 bytes (3,28125 KB) Registers per Block: 65536 Warp Size: 32 Compute Capability: 8,6 Can Map Host Memory: Yes Clock Rate: 1777 MHz L2 Cache Size: 2359296 bytes Multiprocessor Count: 28 | C203: Max thread in blocks by axis: (1024, 1024, 64) | D203: Max blocks by axis: (2147483647, 65535, 65535) | E203: PARAMETR_SIZE: 84 | F203: PARAMETR_SIZE_ONE_X: 21 | G203: MAX_VALUE_SIZE: 5 | H203: NAME_FILE_GRAPH: Parametr_Graph/test84,txt | I203: ANT_SIZE: 500 | J203: KOL_ITERATION: 500 | K203: KOL_PROGON_STATISTICS: 50 | L203: PARAMETR_Q: 1 | M203: PARAMETR_RO: 0,999 | N203: TYPE_ACO: 1 | O203: ACOCCyN_KOL_ITERATION: 50, MAX_PARAMETR_VALUE_TO_MIN_OPT: 1, HASH_TABLE_SIZE: 67108864, MAX_PROBES: 10000, MAX_THREAD_CUDA: 512, CPU_RANDOM: 0, KOL_THREAD_CPU_ANT: 12, CONST_RANDOM: 100000, MAX_CONST: 8192, OPTIMIZE: OPTIMIZE_MIN_1 | P203: FUNCTION: SHAFFERA GO_ALG_MINMAX: 1(1, 1000)
A204: Run Original ACO0 | B204: 148.637 | C204: 128.922 | D204: 3.09928 | E204: 18.2679 | F204: 68.7102 | G204: 19.7151 | H204: 99.742 | I204: 100 | J204: 0.570433 | K204: 0.00125258 | L204: 0.995115
A205: Run Original ACO1 | B205: 148.601 | C205: 128.828 | D205: 3.09182 | E205: 18.2562 | F205: 68.5826 | G205: 19.7726 | H205: 99.6876 | I205: 100 | J205: 0.570573 | K205: 0.00130441 | L205: 0.995115
A206: Run Original ACO2 | B206: 149.031 | C206: 129.158 | D206: 3.09777 | E206: 18.2542 | F206: 68.6004 | G206: 19.8725 | H206: 99.6172 | I206: 100 | J206: 0.568928 | K206: 0.00123029 | L206: 0.995094
A207: Run Original ACO3 | B207: 148.838 | C207: 129.317 | D207: 3.09345 | E207: 18.2727 | F207: 68.922 | G207: 19.5217 | H207: 99.608 | I207: 100 | J207: 0.569663 | K207: 0.00123013 | L207: 0.995115
A208: Run Original ACO4 | B208: 148.918 | C208: 129.167 | D208: 3.09358 | E208: 18.297 | F208: 68.6832 | G208: 19.7506 | H208: 99.568 | I208: 100 | J208: 0.569358 | K208: 0.00191867 | L208: 0.995115
A209: Run Original ACO5 | B209: 148.669 | C209: 128.837 | D209: 3.09147 | E209: 18.2956 | F209: 68.6774 | G209: 19.8317 | H209: 99.5412 | I209: 100 | J209: 0.570312 | K209: 0.00160429 | L209: 0.995116
A210: Run Original ACO6 | B210: 164.044 | C210: 138.682 | D210: 3.11144 | E210: 18.3047 | F210: 68.9189 | G210: 25.3621 | H210: 99.4688 | I210: 100 | J210: 0.51686 | K210: 0.0012326 | L210: 0.995116
A211: Run Original ACO7 | B211: 149.319 | C211: 129.517 | D211: 3.09733 | E211: 18.3081 | F211: 68.7851 | G211: 19.8022 | H211: 99.4416 | I211: 100 | J211: 0.56783 | K211: 0.001299 | L211: 0.995116
A212: Run Original ACO8 | B212: 149.133 | C212: 129.529 | D212: 3.11153 | E212: 18.3045 | F212: 68.7728 | G212: 19.6042 | H212: 99.4176 | I212: 100 | J212: 0.568536 | K212: 0.00130447 | L212: 0.995114
A213: Run Original ACO9 | B213: 148.45 | C213: 128.689 | D213: 3.09317 | E213: 18.3379 | F213: 68.5278 | G213: 19.761 | H213: 99.4308 | I213: 100 | J213: 0.571155 | K213: 0.00141646 | L213: 0.995108
A214: Run Original ACO10 | B214: 149.119 | C214: 129.319 | D214: 3.09352 | E214: 18.3044 | F214: 68.786 | G214: 19.8006 | H214: 99.3648 | I214: 100 | J214: 0.568589 | K214: 0.00146344 | L214: 0.995115
A215: Run Original ACO11 | B215: 148.752 | C215: 129.035 | D215: 3.08901 | E215: 18.3086 | F215: 68.6233 | G215: 19.7176 | H215: 99.3552 | I215: 100 | J215: 0.569992 | K215: 0.00131373 | L215: 0.995115
... A303: Run Combined Run49 | B303: 118.902 | C303: 98.8269 | D303: 60.2313 | E303: 18.6238 | F303: 0 | G303: 20.0751 | H303: 99.2776 | I303: 100 | J303: 0.726247 | K303: 0.0108595 | L303: 0.995114
A304: Device 0: NVIDIA GeForce RTX 3060 | B304: Max thread in blocks: 1024 Total Global Memory: 12287,4 MB GPU Global Memory Usage: 0,173664 MB GPU Global Memory Hash Table: 1024 MB Max PARAMETR_SIZE in GPU Global Memory: 5570990 Shared memory per block: 49152 bytes (48 KB) Shared memory per multiprocessor: 102400 bytes (100 KB) Data size in Shared memory per block: 672 bytes (0,65625 KB) Constant Memory: 65536 bytes Parameter data size (in Constant Memory): 3360 bytes (3,28125 KB) Registers per Block: 65536 Warp Size: 32 Compute Capability: 8,6 Can Map Host Memory: Yes Clock Rate: 1777 MHz L2 Cache Size: 2359296 bytes Multiprocessor Count: 28 | C304: Max thread in blocks by axis: (1024, 1024, 64) | D304: Max blocks by axis: (2147483647, 65535, 65535) | E304: PARAMETR_SIZE: 84 | F304: PARAMETR_SIZE_ONE_X: 21 | G304: MAX_VALUE_SIZE: 5 | H304: NAME_FILE_GRAPH: Parametr_Graph/test84,txt | I304: ANT_SIZE: 500 | J304: KOL_ITERATION: 500 | K304: KOL_PROGON_STATISTICS: 50 | L304: PARAMETR_Q: 1 | M304: PARAMETR_RO: 0,999 | N304: TYPE_ACO: 1 | O304: ACOCCyN_KOL_ITERATION: 50, MAX_PARAMETR_VALUE_TO_MIN_OPT: 1, HASH_TABLE_SIZE: 67108864, MAX_PROBES: 10000, MAX_THREAD_CUDA: 512, CPU_RANDOM: 0, KOL_THREAD_CPU_ANT: 12, CONST_RANDOM: 100000, MAX_CONST: 8192, OPTIMIZE: OPTIMIZE_MIN_1 | P304: FUNCTION: SHAFFERA GO_ALG_MINMAX: 1(1, 1000)
A305: Run Original ACO0 | B305: 149.885 | C305: 130.127 | D305: 3.08117 | E305: 18.4235 | F305: 69.6649 | G305: 19.758 | H305: 99.6156 | I305: 100 | J305: 0.565685 | K305: 0.0012348 | L305: 0.995116
A306: Run Original ACO1 | B306: 149.783 | C306: 130.024 | D306: 3.07502 | E306: 18.3918 | F306: 69.7832 | G306: 19.759 | H306: 99.538 | I306: 100 | J306: 0.566068 | K306: 0.00123366 | L306: 0.995116
A307: Run Original ACO2 | B307: 149.481 | C307: 129.736 | D307: 3.06725 | E307: 18.4198 | F307: 69.6714 | G307: 19.7442 | H307: 99.488 | I307: 100 | J307: 0.567215 | K307: 0.00248071 | L307: 0.995116
A308: Run Original ACO3 | B308: 149.944 | C308: 130.251 | D308: 3.08696 | E308: 18.4644 | F308: 69.7616 | G308: 19.6935 | H308: 99.4688 | I308: 100 | J308: 0.565461 | K308: 0.0019608 | L308: 0.995115
A309: Run Original ACO4 | B309: 150.078 | C309: 130.144 | D309: 3.06184 | E309: 18.4451 | F309: 69.7884 | G309: 19.9341 | H309: 99.4296 | I309: 100 | J309: 0.564955 | K309: 0.00125539 | L309: 0.995113
A310: Run Original ACO5 | B310: 149.572 | C310: 130.15 | D310: 3.07496 | E310: 18.4111 | F310: 69.7687 | G310: 19.4222 | H310: 99.3844 | I310: 100 | J310: 0.566869 | K310: 0.00259354 | L310: 0.995116
A311: Run Original ACO6 | B311: 150.117 | C311: 130.499 | D311: 3.08142 | E311: 18.5195 | F311: 69.7771 | G311: 19.6176 | H311: 99.3352 | I311: 100 | J311: 0.564811 | K311: 0.00383593 | L311: 0.995115
A312: Run Original ACO7 | B312: 150.454 | C312: 130.354 | D312: 3.07688 | E312: 18.4858 | F312: 69.6571 | G312: 20.101 | H312: 99.3624 | I312: 100 | J312: 0.563543 | K312: 0.00146276 | L312: 0.995094
A313: Run Original ACO8 | B313: 149.648 | C313: 129.987 | D313: 3.06862 | E313: 18.4425 | F313: 69.6868 | G313: 19.6614 | H313: 99.2948 | I313: 100 | J313: 0.566579 | K313: 0.00665369 | L313: 0.995116
A314: Run Original ACO9 | B314: 149.893 | C314: 130.485 | D314: 3.07265 | E314: 18.4407 | F314: 70.2572 | G314: 19.4085 | H314: 99.822 | I314: 100 | J314: 0.565653 | K314: 0.00169982 | L314: 0.995116
A315: Run Original ACO10 | B315: 150.081 | C315: 130.928 | D315: 3.05883 | E315: 18.4369 | F315: 70.1236 | G315: 19.1536 | H315: 99.8668 | I315: 100 | J315: 0.564945 | K315: 0.00146108 | L315: 0.995111
A316: Run Original ACO11 | B316: 149.909 | C316: 129.878 | D316: 3.06881 | E316: 18.4173 | F316: 69.6254 | G316: 20.031 | H316: 99.8212 | I316: 100 | J316: 0.565595 | K316: 0.00139331 | L316: 0.995103
... A404: Run Combined Run49 | B404: 118.899 | C404: 98.9739 | D404: 60.4166 | E404: 18.621 | F404: 0 | G404: 19.9255 | H404: 99.7988 | I404: 100 | J404: 0.726263 | K404: 0.0108571 | L404: 0.995113
A405: Device 0: NVIDIA GeForce RTX 3060 | B405: Max thread in blocks: 1024 Total Global Memory: 12287,4 MB GPU Global Memory Usage: 0,173664 MB GPU Global Memory Hash Table: 1024 MB Max PARAMETR_SIZE in GPU Global Memory: 5570990 Shared memory per block: 49152 bytes (48 KB) Shared memory per multiprocessor: 102400 bytes (100 KB) Data size in Shared memory per block: 672 bytes (0,65625 KB) Constant Memory: 65536 bytes Parameter data size (in Constant Memory): 3360 bytes (3,28125 KB) Registers per Block: 65536 Warp Size: 32 Compute Capability: 8,6 Can Map Host Memory: Yes Clock Rate: 1777 MHz L2 Cache Size: 2359296 bytes Multiprocessor Count: 28 | C405: Max thread in blocks by axis: (1024, 1024, 64) | D405: Max blocks by axis: (2147483647, 65535, 65535) | E405: PARAMETR_SIZE: 84 | F405: PARAMETR_SIZE_ONE_X: 21 | G405: MAX_VALUE_SIZE: 5 | H405: NAME_FILE_GRAPH: Parametr_Graph/test84,txt | I405: ANT_SIZE: 500 | J405: KOL_ITERATION: 500 | K405: KOL_PROGON_STATISTICS: 50 | L405: PARAMETR_Q: 1 | M405: PARAMETR_RO: 0,999 | N405: TYPE_ACO: 1 | O405: ACOCCyN_KOL_ITERATION: 50, MAX_PARAMETR_VALUE_TO_MIN_OPT: 1, HASH_TABLE_SIZE: 67108864, MAX_PROBES: 10000, MAX_THREAD_CUDA: 512, CPU_RANDOM: 0, KOL_THREAD_CPU_ANT: 12, CONST_RANDOM: 100000, MAX_CONST: 8192, OPTIMIZE: OPTIMIZE_MIN_1 | P405: FUNCTION: SHAFFERA GO_ALG_MINMAX: 1(1, 1000)
A406: Run Original ACO0 | B406: 150.431 | C406: 130.472 | D406: 3.08389 | E406: 18.4491 | F406: 69.9167 | G406: 19.9585 | H406: 99.81 | I406: 100 | J406: 0.563632 | K406: 0.00123025 | L406: 0.995116
A407: Run Original ACO1 | B407: 150.288 | C407: 130.427 | D407: 3.06459 | E407: 18.4936 | F407: 70.0286 | G407: 19.8617 | H407: 99.8172 | I407: 100 | J407: 0.564166 | K407: 0.00123228 | L407: 0.995116
A408: Run Original ACO2 | B408: 150.116 | C408: 130.547 | D408: 3.07624 | E408: 18.4173 | F408: 70.2002 | G408: 19.569 | H408: 99.8172 | I408: 100 | J408: 0.564814 | K408: 0.00123354 | L408: 0.995116
A409: Run Original ACO3 | B409: 150.115 | C409: 130.374 | D409: 3.06961 | E409: 18.3967 | F409: 69.9492 | G409: 19.7406 | H409: 99.8224 | I409: 100 | J409: 0.564818 | K409: 0.00123014 | L409: 0.995116
A410: Run Original ACO4 | B410: 149.77 | C410: 130.205 | D410: 3.09304 | E410: 18.4186 | F410: 69.9657 | G410: 19.5648 | H410: 99.8 | I410: 100 | J410: 0.566119 | K410: 0.00123018 | L410: 0.995116
A411: Run Original ACO5 | B411: 151.261 | C411: 131.213 | D411: 3.0836 | E411: 18.4243 | F411: 70.2091 | G411: 20.0474 | H411: 99.868 | I411: 100 | J411: 0.56054 | K411: 0.00123025 | L411: 0.995116
A412: Run Original ACO6 | B412: 150.932 | C412: 130.929 | D412: 3.06997 | E412: 18.4287 | F412: 70.0052 | G412: 20.003 | H412: 99.9232 | I412: 100 | J412: 0.561761 | K412: 0.00123032 | L412: 0.995116
A413: Run Original ACO7 | B413: 150.553 | C413: 130.981 | D413: 3.06638 | E413: 18.4493 | F413: 70.3506 | G413: 19.5722 | H413: 99.8444 | I413: 100 | J413: 0.563174 | K413: 0.00123038 | L413: 0.995115
A414: Run Original ACO8 | B414: 150.182 | C414: 130.307 | D414: 3.06571 | E414: 18.4352 | F414: 69.9872 | G414: 19.8749 | H414: 99.8028 | I414: 100 | J414: 0.564567 | K414: 0.00123005 | L414: 0.995116
A415: Run Original ACO9 | B415: 150.136 | C415: 130.212 | D415: 3.06369 | E415: 18.4145 | F415: 69.9721 | G415: 19.9244 | H415: 99.7596 | I415: 100 | J415: 0.564738 | K415: 0.00123005 | L415: 0.995115
A416: Run Original ACO10 | B416: 150.466 | C416: 131.007 | D416: 3.07717 | E416: 18.4392 | F416: 70.3072 | G416: 19.4598 | H416: 99.762 | I416: 100 | J416: 0.563498 | K416: 0.00123008 | L416: 0.995116
A417: Run Original ACO11 | B417: 150.963 | C417: 130.781 | D417: 3.0971 | E417: 18.4496 | F417: 70.0709 | G417: 20.1819 | H417: 99.7204 | I417: 100 | J417: 0.561646 | K417: 0.0012301 | L417: 0.995116
... A505: Run Combined Run49 | B505: 119.909 | C505: 99.9798 | D505: 61.6327 | E505: 18.5777 | F505: 0 | G505: 19.9293 | H505: 99.4648 | I505: 100 | J505: 0.720147 | K505: 0.00123005 | L505: 0.991881
A506: Device 0: NVIDIA GeForce RTX 3060 | B506: Max thread in blocks: 1024 Total Global Memory: 12287,4 MB GPU Global Memory Usage: 0,173664 MB GPU Global Memory Hash Table: 1024 MB Max PARAMETR_SIZE in GPU Global Memory: 5570990 Shared memory per block: 49152 bytes (48 KB) Shared memory per multiprocessor: 102400 bytes (100 KB) Data size in Shared memory per block: 672 bytes (0,65625 KB) Constant Memory: 65536 bytes Parameter data size (in Constant Memory): 3360 bytes (3,28125 KB) Registers per Block: 65536 Warp Size: 32 Compute Capability: 8,6 Can Map Host Memory: Yes Clock Rate: 1777 MHz L2 Cache Size: 2359296 bytes Multiprocessor Count: 28 | C506: Max thread in blocks by axis: (1024, 1024, 64) | D506: Max blocks by axis: (2147483647, 65535, 65535) | E506: PARAMETR_SIZE: 84 | F506: PARAMETR_SIZE_ONE_X: 21 | G506: MAX_VALUE_SIZE: 5 | H506: NAME_FILE_GRAPH: Parametr_Graph/test84,txt | I506: ANT_SIZE: 500 | J506: KOL_ITERATION: 500 | K506: KOL_PROGON_STATISTICS: 50 | L506: PARAMETR_Q: 1 | M506: PARAMETR_RO: 0,999 | N506: TYPE_ACO: 1 | O506: ACOCCyN_KOL_ITERATION: 50, MAX_PARAMETR_VALUE_TO_MIN_OPT: 1, HASH_TABLE_SIZE: 67108864, MAX_PROBES: 10000, MAX_THREAD_CUDA: 512, CPU_RANDOM: 0, KOL_THREAD_CPU_ANT: 12, CONST_RANDOM: 100000, MAX_CONST: 8192, OPTIMIZE: OPTIMIZE_MIN_1 | P506: FUNCTION: SHAFFERA GO_ALG_MINMAX: 1(1, 1000)
A507: Run Original ACO0 | B507: 149.837 | C507: 130.105 | D507: 3.05669 | E507: 18.3691 | F507: 69.5289 | G507: 19.7318 | H507: 99.6436 | I507: 100 | J507: 0.565867 | K507: 0.00123451 | L507: 0.995116
A508: Run Original ACO1 | B508: 150.008 | C508: 130.122 | D508: 3.0691 | E508: 18.3939 | F508: 69.6502 | G508: 19.8858 | H508: 99.6752 | I508: 100 | J508: 0.56522 | K508: 0.00125552 | L508: 0.995116
A509: Run Original ACO2 | B509: 150.134 | C509: 130.279 | D509: 3.08011 | E509: 18.364 | F509: 69.5779 | G509: 19.8558 | H509: 99.9324 | I509: 100 | J509: 0.564745 | K509: 0.00123038 | L509: 0.995116
A510: Run Original ACO3 | B510: 149.592 | C510: 129.807 | D510: 3.06113 | E510: 18.3967 | F510: 69.594 | G510: 19.7855 | H510: 99.8492 | I510: 100 | J510: 0.566792 | K510: 0.00123033 | L510: 0.995116
A511: Run Original ACO4 | B511: 149.83 | C511: 130.181 | D511: 3.07864 | E511: 18.4055 | F511: 70.0461 | G511: 19.6486 | H511: 99.8096 | I511: 100 | J511: 0.565893 | K511: 0.00127723 | L511: 0.995116
A512: Run Original ACO5 | B512: 149.96 | C512: 130.216 | D512: 3.06277 | E512: 18.4128 | F512: 69.7217 | G512: 19.744 | H512: 99.7756 | I512: 100 | J512: 0.5654 | K512: 0.00135943 | L512: 0.995116
A513: Run Original ACO6 | B513: 149.909 | C513: 130.217 | D513: 3.07848 | E513: 18.3815 | F513: 69.6358 | G513: 19.6924 | H513: 99.7596 | I513: 100 | J513: 0.565593 | K513: 0.00123325 | L513: 0.995115
A514: Run Original ACO7 | B514: 150.036 | C514: 130.395 | D514: 3.06251 | E514: 18.4368 | F514: 69.7508 | G514: 19.6402 | H514: 99.7608 | I514: 100 | J514: 0.565117 | K514: 0.00125741 | L514: 0.995116
A515: Run Original ACO8 | B515: 149.958 | C515: 130.291 | D515: 3.08126 | E515: 18.4516 | F515: 69.9246 | G515: 19.6674 | H515: 99.7344 | I515: 100 | J515: 0.565407 | K515: 0.00125038 | L515: 0.995116
A516: Run Original ACO9 | B516: 150.436 | C516: 131.019 | D516: 3.07153 | E516: 18.4443 | F516: 70.1479 | G516: 19.4163 | H516: 99.7176 | I516: 100 | J516: 0.563614 | K516: 0.00123005 | L516: 0.995116
A517: Run Original ACO10 | B517: 149.991 | C517: 130.434 | D517: 3.07611 | E517: 18.4025 | F517: 69.8322 | G517: 19.5568 | H517: 99.7056 | I517: 100 | J517: 0.565286 | K517: 0.00123024 | L517: 0.995116
A518: Run Original ACO11 | B518: 151.382 | C518: 131.188 | D518: 3.06997 | E518: 18.4646 | F518: 69.8298 | G518: 20.1941 | H518: 99.7112 | I518: 100 | J518: 0.56009 | K518: 0.00123025 | L518: 0.995116
... A606: Run Combined Run49 | B606: 119.574 | C606: 99.4501 | D606: 61.0573 | E606: 18.6222 | F606: 0 | G606: 20.1242 | H606: 99.5572 | I606: 100 | J606: 0.722164 | K606: 0.0108569 | L606: 0.995116

Sheet t168
A1: Device 0: NVIDIA GeForce RTX 3060 | B1: Max thread in blocks: 1024 Total Global Memory: 12287,4 MB GPU Global Memory Usage: 0,343494 MB GPU Global Memory Hash Table: 1024 MB Max PARAMETR_SIZE in GPU Global Memory: 5570990 Shared memory per block: 49152 bytes (48 KB) Shared memory per multiprocessor: 102400 bytes (100 KB) Data size in Shared memory per block: 1344 bytes (1,3125 KB) Constant Memory: 65536 bytes Parameter data size (in Constant Memory): 6720 bytes (6,5625 KB) Registers per Block: 65536 Warp Size: 32 Compute Capability: 8,6 Can Map Host Memory: Yes Clock Rate: 1777 MHz L2 Cache Size: 2359296 bytes Multiprocessor Count: 28 | C1: Max thread in blocks by axis: (1024, 1024, 64) | D1: Max blocks by axis: (2147483647, 65535, 65535) | E1: PARAMETR_SIZE: 168 | F1: PARAMETR_SIZE_ONE_X: 21 | G1: MAX_VALUE_SIZE: 5 | H1: NAME_FILE_GRAPH: Parametr_Graph/test168,txt | I1: ANT_SIZE: 500 | J1: KOL_ITERATION: 500 | K1: KOL_PROGON_STATISTICS: 50 | L1: PARAMETR_Q: 1 | M1: PARAMETR_RO: 0,999 | N1: TYPE_ACO: 1 | O1: ACOCCyN_KOL_ITERATION: 50, MAX_PARAMETR_VALUE_TO_MIN_OPT: 1, HASH_TABLE_SIZE: 67108864, MAX_PROBES: 10000, MAX_THREAD_CUDA: 512, CPU_RANDOM: 0, KOL_THREAD_CPU_ANT: 12, CONST_RANDOM: 100000, MAX_CONST: 8192, OPTIMIZE: OPTIMIZE_MIN_1 | P1: FUNCTION: SHAFFERA GO_ALG_MINMAX: 1(1, 1000)
A2: Run Original ACO0 | B2: 188.314 | C2: 168.521 | D2: 3.95771 | E2: 31.4536 | F2: 94.0566 | G2: 19.7933 | H2: 99.9804 | I2: 100 | J2: 0.890599 | K2: 0.0123252 | L2: 0.98101
A3: Run Original ACO1 | B3: 188.101 | C3: 168.3 | D3: 3.98216 | E3: 31.2743 | F3: 94.5263 | G3: 19.8012 | H3: 99.9856 | I3: 100 | J3: 0.89161 | K3: 0.0199395 | L3: 0.986967
A4: Run Original ACO2 | B4: 188.103 | C4: 168.423 | D4: 3.96231 | E4: 31.1981 | F4: 94.6153 | G4: 19.6803 | H4: 99.9844 | I4: 100 | J4: 0.891598 | K4: 0.0110661 | L4: 0.980996
A5: Run Original ACO3 | B5: 187.96 | C5: 168.262 | D5: 3.95553 | E5: 31.1995 | F5: 94.633 | G5: 19.6988 | H5: 99.9816 | I5: 100 | J5: 0.892276 | K5: 0.0162082 | L5: 0.981017
A6: Run Original ACO4 | B6: 187.729 | C6: 168.102 | D6: 3.95566 | E6: 31.1527 | F6: 94.4528 | G6: 19.6276 | H6: 99.9784 | I6: 100 | J6: 0.893375 | K6: 0.010864 | L6: 0.981016
A7: Run Original ACO5 | B7: 187.599 | C7: 167.846 | D7: 3.95838 | E7: 31.1069 | F7: 94.1361 | G7: 19.7531 | H7: 99.9824 | I7: 100 | J7: 0.893995 | K7: 0.0125582 | L7: 0.984009
A8: Run Original ACO6 | B8: 187.625 | C8: 167.77 | D8: 3.95147 | E8: 31.0366 | F8: 94.1581 | G8: 19.8555 | H8: 99.98 | I8: 100 | J8: 0.89387 | K8: 0.0117452 | L8: 0.981019
A9: Run Original ACO7 | B9: 187.902 | C9: 168.353 | D9: 3.94961 | E9: 30.8358 | F9: 94.7488 | G9: 19.5494 | H9: 99.9792 | I9: 100 | J9: 0.892554 | K9: 0.0112904 | L9: 0.981019
A10: Run Original ACO8 | B10: 188.883 | C10: 168.676 | D10: 3.99246 | E10: 30.8168 | F10: 94.1942 | G10: 20.2074 | H10: 99.974 | I10: 100 | J10: 0.887917 | K10: 0.0111078 | L10: 0.981016
A11: Run Original ACO9 | B11: 187.49 | C11: 167.947 | D11: 3.97553 | E11: 30.8359 | F11: 94.3375 | G11: 19.543 | H11: 99.9848 | I11: 100 | J11: 0.894514 | K11: 0.0112181 | L11: 0.981011
A12: Run Original ACO10 | B12: 188.126 | C12: 168.432 | D12: 3.95035 | E12: 30.821 | F12: 94.3255 | G12: 19.6944 | H12: 99.9856 | I12: 100 | J12: 0.891489 | K12: 0.0109547 | L12: 0.981017
A13: Run Original ACO11 | B13: 187.537 | C13: 168.042 | D13: 3.97608 | E13: 30.7253 | F13: 94.6385 | G13: 19.4947 | H13: 99.9708 | I13: 100 | J13: 0.894291 | K13: 0.0112503 | L13: 0.981019
... A101: Run Combined Run49 | B101: 142.27 | C101: 122.246 | D101: 72.3526 | E101: 30.1298 | F101: 0 | G101: 20.0241 | H101: 99.976 | I101: 100 | J101: 1.20083 | K101: 0.0108727 | L101: 0.994851
A102: Device 0: NVIDIA GeForce RTX 3060 | B102: Max thread in blocks: 1024 Total Global Memory: 12287,4 MB GPU Global Memory Usage: 0,343494 MB GPU Global Memory Hash Table: 1024 MB Max PARAMETR_SIZE in GPU Global Memory: 5570990 Shared memory per block: 49152 bytes (48 KB) Shared memory per multiprocessor: 102400 bytes (100 KB) Data size in Shared memory per block: 1344 bytes (1,3125 KB) Constant Memory: 65536 bytes Parameter data size (in Constant Memory): 6720 bytes (6,5625 KB) Registers per Block: 65536 Warp Size: 32 Compute Capability: 8,6 Can Map Host Memory: Yes Clock Rate: 1777 MHz L2 Cache Size: 2359296 bytes Multiprocessor Count: 28 | C102: Max thread in blocks by axis: (1024, 1024, 64) | D102: Max blocks by axis: (2147483647, 65535, 65535) | E102: PARAMETR_SIZE: 168 | F102: PARAMETR_SIZE_ONE_X: 21 | G102: MAX_VALUE_SIZE: 5 | H102: NAME_FILE_GRAPH: Parametr_Graph/test168,txt | I102: ANT_SIZE: 500 | J102: KOL_ITERATION: 500 | K102: KOL_PROGON_STATISTICS: 50 | L102: PARAMETR_Q: 1 | M102: PARAMETR_RO: 0,999 | N102: TYPE_ACO: 1 | O102: ACOCCyN_KOL_ITERATION: 50, MAX_PARAMETR_VALUE_TO_MIN_OPT: 1, HASH_TABLE_SIZE: 67108864, MAX_PROBES: 10000, MAX_THREAD_CUDA: 512, CPU_RANDOM: 0, KOL_THREAD_CPU_ANT: 12, CONST_RANDOM: 100000, MAX_CONST: 8192, OPTIMIZE: OPTIMIZE_MIN_1 | P102: FUNCTION: SHAFFERA GO_ALG_MINMAX: 1(1, 1000)
A103: Run Original ACO0 | B103: 186.881 | C103: 167.176 | D103: 3.99438 | E103: 29.7188 | F103: 94.1033 | G103: 19.7052 | H103: 99.9588 | I103: 100 | J103: 0.89743 | K103: 0.0290377 | L103: 0.98067
A104: Run Original ACO1 | B104: 186.033 | C104: 166.43 | D104: 4.02209 | E104: 29.7212 | F104: 94.1068 | G104: 19.6024 | H104: 99.968 | I104: 100 | J104: 0.901522 | K104: 0.0290408 | L104: 0.980882
A105: Run Original ACO2 | B105: 186.187 | C105: 166.436 | D105: 4.00222 | E105: 29.7178 | F105: 93.9582 | G105: 19.7519 | H105: 99.9552 | I105: 100 | J105: 0.900773 | K105: 0.0290422 | L105: 0.981019
A106: Run Original ACO3 | B106: 186.688 | C106: 167.208 | D106: 3.99886 | E106: 29.743 | F106: 94.1591 | G106: 19.4808 | H106: 99.9488 | I106: 100 | J106: 0.898355 | K106: 0.0110147 | L106: 0.980709
A107: Run Original ACO4 | B107: 186.222 | C107: 166.38 | D107: 4.01361 | E107: 29.7005 | F107: 93.7102 | G107: 19.8427 | H107: 99.9452 | I107: 100 | J107: 0.900604 | K107: 0.0112818 | L107: 0.980688
A108: Run Original ACO5 | B108: 186.168 | C108: 166.461 | D108: 4.0091 | E108: 29.7398 | F108: 94.1896 | G108: 19.7072 | H108: 99.9284 | I108: 100 | J108: 0.900865 | K108: 0.0113026 | L108: 0.980411
A109: Run Original ACO6 | B109: 189.058 | C109: 168.596 | D109: 4.02042 | E109: 29.7394 | F109: 93.9321 | G109: 20.4625 | H109: 99.9512 | I109: 100 | J109: 0.887095 | K109: 0.02904 | L109: 0.979393
A110: Run Original ACO7 | B110: 187.401 | C110: 166.874 | D110: 4.00747 | E110: 29.7403 | F110: 93.6888 | G110: 20.5268 | H110: 99.95 | I110: 100 | J110: 0.894938 | K110: 0.0290507 | L110: 0.980918
A111: Run Original ACO8 | B111: 186.161 | C111: 166.718 | D111: 3.99457 | E111: 29.6921 | F111: 94.1476 | G111: 19.4434 | H111: 99.9452 | I111: 100 | J111: 0.900899 | K111: 0.0123733 | L111: 0.980238
A112: Run Original ACO9 | B112: 187.198 | C112: 167.22 | D112: 4.01543 | E112: 29.7318 | F112: 93.9774 | G112: 19.9775 | H112: 99.9156 | I112: 100 | J112: 0.895911 | K112: 0.0290377 | L112: 0.985254
A113: Run Original ACO10 | B113: 186.255 | C113: 166.545 | D113: 3.98225 | E113: 29.7234 | F113: 94.1854 | G113: 19.7101 | H113: 99.9272 | I113: 100 | J113: 0.900446 | K113: 0.0201651 | L113: 0.980443
A114: Run Original ACO11 | B114: 185.954 | C114: 166.537 | D114: 4.00698 | E114: 29.7238 | F114: 93.8737 | G114: 19.4169 | H114: 99.9168 | I114: 100 | J114: 0.901902 | K114: 0.0290735 | L114: 0.98098
... A202: Run Combined Run49 | B202: 141.084 | C202: 121.158 | D202: 71.5447 | E202: 30.1853 | F202: 0 | G202: 19.9262 | H202: 99.9276 | I202: 100 | J202: 1.21092 | K202: 0.0127048 | L202: 0.981016
A203: Device 0: NVIDIA GeForce RTX 3060 | B203: Max thread in blocks: 1024 Total Global Memory: 12287,4 MB GPU Global Memory Usage: 0,343494 MB GPU Global Memory Hash Table: 1024 MB Max PARAMETR_SIZE in GPU Global Memory: 5570990 Shared memory per block: 49152 bytes (48 KB) Shared memory per multiprocessor: 102400 bytes (100 KB) Data size in Shared memory per block: 1344 bytes (1,3125 KB) Constant Memory: 65536 bytes Parameter data size (in Constant Memory): 6720 bytes (6,5625 KB) Registers per Block: 65536 Warp Size: 32 Compute Capability: 8,6 Can Map Host Memory: Yes Clock Rate: 1777 MHz L2 Cache Size: 2359296 bytes Multiprocessor Count: 28 | C203: Max thread in blocks by axis: (1024, 1024, 64) | D203: Max blocks by axis: (2147483647, 65535, 65535) | E203: PARAMETR_SIZE: 168 | F203: PARAMETR_SIZE_ONE_X: 21 | G203: MAX_VALUE_SIZE: 5 | H203: NAME_FILE_GRAPH: Parametr_Graph/test168,txt | I203: ANT_SIZE: 500 | J203: KOL_ITERATION: 500 | K203: KOL_PROGON_STATISTICS: 50 | L203: PARAMETR_Q: 1 | M203: PARAMETR_RO: 0,999 | N203: TYPE_ACO: 1 | O203: ACOCCyN_KOL_ITERATION: 50, MAX_PARAMETR_VALUE_TO_MIN_OPT: 1, HASH_TABLE_SIZE: 67108864, MAX_PROBES: 10000, MAX_THREAD_CUDA: 512, CPU_RANDOM: 0, KOL_THREAD_CPU_ANT: 12, CONST_RANDOM: 100000, MAX_CONST: 8192, OPTIMIZE: OPTIMIZE_MIN_1 | P203: FUNCTION: SHAFFERA GO_ALG_MINMAX: 1(1, 1000)
A204: Run Original ACO0 | B204: 187.402 | C204: 167.545 | D204: 4.04558 | E204: 29.9594 | F204: 94.4852 | G204: 19.8571 | H204: 99.9468 | I204: 100 | J204: 0.894932 | K204: 0.0291083 | L204: 0.980977
A205: Run Original ACO1 | B205: 187.487 | C205: 168.144 | D205: 4.04747 | E205: 29.9615 | F205: 94.8862 | G205: 19.343 | H205: 99.9396 | I205: 100 | J205: 0.89453 | K205: 0.0290414 | L205: 0.981018
A206: Run Original ACO2 | B206: 187.77 | C206: 167.784 | D206: 4.05956 | E206: 29.9345 | F206: 94.466 | G206: 19.986 | H206: 99.9304 | I206: 100 | J206: 0.893181 | K206: 0.0290402 | L206: 0.980777
A207: Run Original ACO3 | B207: 187.808 | C207: 167.866 | D207: 4.05822 | E207: 29.9466 | F207: 94.467 | G207: 19.9417 | H207: 99.9184 | I207: 100 | J207: 0.893001 | K207: 0.0149624 | L207: 0.981018
A208: Run Original ACO4 | B208: 187.337 | C208: 167.494 | D208: 4.05105 | E208: 29.9597 | F208: 94.4307 | G208: 19.8431 | H208: 99.9328 | I208: 100 | J208: 0.895245 | K208: 0.0138767 | L208: 0.981001
A209: Run Original ACO5 | B209: 187.229 | C209: 167.338 | D209: 4.03502 | E209: 29.998 | F209: 94.5373 | G209: 19.8914 | H209: 99.9768 | I209: 100 | J209: 0.89576 | K209: 0.0290417 | L209: 0.980462
A210: Run Original ACO6 | B210: 187.793 | C210: 167.798 | D210: 4.06279 | E210: 29.9353 | F210: 94.4688 | G210: 19.9944 | H210: 99.9548 | I210: 100 | J210: 0.893072 | K210: 0.0149918 | L210: 0.980789
A211: Run Original ACO7 | B211: 187.58 | C211: 168.083 | D211: 4.04747 | E211: 29.9428 | F211: 95.0223 | G211: 19.4974 | H211: 99.9404 | I211: 100 | J211: 0.894086 | K211: 0.0168791 | L211: 0.980993
A212: Run Original ACO8 | B212: 187.366 | C212: 167.675 | D212: 4.03393 | E212: 29.967 | F212: 94.8414 | G212: 19.691 | H212: 99.9392 | I212: 100 | J212: 0.895108 | K212: 0.0120237 | L212: 0.981014
A213: Run Original ACO9 | B213: 187.261 | C213: 167.369 | D213: 4.05454 | E213: 29.9296 | F213: 94.5037 | G213: 19.8914 | H213: 99.922 | I213: 100 | J213: 0.89561 | K213: 0.018114 | L213: 0.980808
A214: Run Original ACO10 | B214: 187.118 | C214: 167.272 | D214: 4.05086 | E214: 29.9442 | F214: 94.4876 | G214: 19.8458 | H214: 99.9384 | I214: 100 | J214: 0.896292 | K214: 0.0145739 | L214: 0.984555
A215: Run Original ACO11 | B215: 187.617 | C215: 167.663 | D215: 4.03927 | E215: 29.9405 | F215: 94.5067 | G215: 19.9533 | H215: 99.9368 | I215: 100 | J215: 0.893912 | K215: 0.0118587 | L215: 0.985167
... A303: Run Combined Run49 | B303: 141.665 | C303: 121.802 | D303: 71.2722 | E303: 30.5189 | F303: 0 | G303: 19.8633 | H303: 99.9308 | I303: 100 | J303: 1.20595 | K303: 0.0321618 | L303: 0.959149
A304: Device 0: NVIDIA GeForce RTX 3060 | B304: Max thread in blocks: 1024 Total Global Memory: 12287,4 MB GPU Global Memory Usage: 0,343494 MB GPU Global Memory Hash Table: 1024 MB Max PARAMETR_SIZE in GPU Global Memory: 5570990 Shared memory per block: 49152 bytes (48 KB) Shared memory per multiprocessor: 102400 bytes (100 KB) Data size in Shared memory per block: 1344 bytes (1,3125 KB) Constant Memory: 65536 bytes Parameter data size (in Constant Memory): 6720 bytes (6,5625 KB) Registers per Block: 65536 Warp Size: 32 Compute Capability: 8,6 Can Map Host Memory: Yes Clock Rate: 1777 MHz L2 Cache Size: 2359296 bytes Multiprocessor Count: 28 | C304: Max thread in blocks by axis: (1024, 1024, 64) | D304: Max blocks by axis: (2147483647, 65535, 65535) | E304: PARAMETR_SIZE: 168 | F304: PARAMETR_SIZE_ONE_X: 21 | G304: MAX_VALUE_SIZE: 5 | H304: NAME_FILE_GRAPH: Parametr_Graph/test168,txt | I304: ANT_SIZE: 500 | J304: KOL_ITERATION: 500 | K304: KOL_PROGON_STATISTICS: 50 | L304: PARAMETR_Q: 1 | M304: PARAMETR_RO: 0,999 | N304: TYPE_ACO: 1 | O304: ACOCCyN_KOL_ITERATION: 50, MAX_PARAMETR_VALUE_TO_MIN_OPT: 1, HASH_TABLE_SIZE: 67108864, MAX_PROBES: 10000, MAX_THREAD_CUDA: 512, CPU_RANDOM: 0, KOL_THREAD_CPU_ANT: 12, CONST_RANDOM: 100000, MAX_CONST: 8192, OPTIMIZE: OPTIMIZE_MIN_1 | P304: FUNCTION: SHAFFERA GO_ALG_MINMAX: 1(1, 1000)
A305: Run Original ACO0 | B305: 187.273 | C305: 167.317 | D305: 4.02948 | E305: 29.9693 | F305: 94.2554 | G305: 19.9563 | H305: 99.9564 | I305: 100 | J305: 0.895551 | K305: 0.0290568 | L305: 0.959227
A306: Run Original ACO1 | B306: 188.472 | C306: 168.506 | D306: 4.02926 | E306: 30.0216 | F306: 95.0484 | G306: 19.9656 | H306: 99.9496 | I306: 100 | J306: 0.889854 | K306: 0.030459 | L306: 0.979402
A307: Run Original ACO2 | B307: 186.5 | C307: 167.019 | D307: 4.04215 | E307: 29.9686 | F307: 94.5389 | G307: 19.4815 | H307: 99.94 | I307: 100 | J307: 0.899263 | K307: 0.029038 | L307: 0.978958
A308: Run Original ACO3 | B308: 187.37 | C308: 167.646 | D308: 4.05972 | E308: 29.9722 | F308: 94.4248 | G308: 19.7241 | H308: 99.9472 | I308: 100 | J308: 0.895088 | K308: 0.0290381 | L308: 0.969625
A309: Run Original ACO4 | B309: 187.278 | C309: 167.647 | D309: 4.04439 | E309: 29.9847 | F309: 94.5314 | G309: 19.6309 | H309: 99.948 | I309: 100 | J309: 0.895528 | K309: 0.0290379 | L309: 0.97798
A310: Run Original ACO5 | B310: 187.119 | C310: 167.463 | D310: 4.05454 | E310: 29.9787 | F310: 94.4249 | G310: 19.6559 | H310: 99.9296 | I310: 100 | J310: 0.896289 | K310: 0.0290964 | L310: 0.978692
A311: Run Original ACO6 | B311: 187.241 | C311: 167.397 | D311: 4.03796 | E311: 29.9731 | F311: 94.4835 | G311: 19.8434 | H311: 99.9216 | I311: 100 | J311: 0.895706 | K311: 0.029072 | L311: 0.980769
A312: Run Original ACO7 | B312: 187.036 | C312: 167.356 | D312: 4.04548 | E312: 29.976 | F312: 94.3643 | G312: 19.6798 | H312: 99.926 | I312: 100 | J312: 0.896685 | K312: 0.0290387 | L312: 0.979678
A313: Run Original ACO8 | B313: 187.335 | C313: 167.13 | D313: 4.04068 | E313: 29.9514 | F313: 94.1663 | G313: 20.2041 | H313: 99.9288 | I313: 100 | J313: 0.895257 | K313: 0.029038 | L313: 0.959227
A314: Run Original ACO9 | B314: 187.344 | C314: 167.616 | D314: 4.04497 | E314: 30.0418 | F314: 94.0884 | G314: 19.7282 | H314: 99.9796 | I314: 100 | J314: 0.895213 | K314: 0.0292953 | L314: 0.979109
A315: Run Original ACO10 | B315: 190.516 | C315: 169.405 | D315: 4.07156 | E315: 30.0321 | F315: 94.0626 | G315: 21.111 | H315: 99.9632 | I315: 100 | J315: 0.880308 | K315: 0.0290896 | L315: 0.979974
A316: Run Original ACO11 | B316: 186.91 | C316: 167.191 | D316: 4.05585 | E316: 29.9636 | F316: 94.3072 | G316: 19.719 | H316: 99.9556 | I316: 100 | J316: 0.897292 | K316: 0.0296326 | L316: 0.979562
... A404: Run Combined Run49 | B404: 142.591 | C404: 122.115 | D404: 71.2422 | E404: 30.4594 | F404: 0 | G404: 20.4766 | H404: 99.9188 | I404: 100 | J404: 1.19812 | K404: 0.0549312 | L404: 0.948144
A405: Device 0: NVIDIA GeForce RTX 3060 | B405: Max thread in blocks: 1024 Total Global Memory: 12287,4 MB GPU Global Memory Usage: 0,343494 MB GPU Global Memory Hash Table: 1024 MB Max PARAMETR_SIZE in GPU Global Memory: 5570990 Shared memory per block: 49152 bytes (48 KB) Shared memory per multiprocessor: 102400 bytes (100 KB) Data size in Shared memory per block: 1344 bytes (1,3125 KB) Constant Memory: 65536 bytes Parameter data size (in Constant Memory): 6720 bytes (6,5625 KB) Registers per Block: 65536 Warp Size: 32 Compute Capability: 8,6 Can Map Host Memory: Yes Clock Rate: 1777 MHz L2 Cache Size: 2359296 bytes Multiprocessor Count: 28 | C405: Max thread in blocks by axis: (1024, 1024, 64) | D405: Max blocks by axis: (2147483647, 65535, 65535) | E405: PARAMETR_SIZE: 168 | F405: PARAMETR_SIZE_ONE_X: 21 | G405: MAX_VALUE_SIZE: 5 | H405: NAME_FILE_GRAPH: Parametr_Graph/test168,txt | I405: ANT_SIZE: 500 | J405: KOL_ITERATION: 500 | K405: KOL_PROGON_STATISTICS: 50 | L405: PARAMETR_Q: 1 | M405: PARAMETR_RO: 0,999 | N405: TYPE_ACO: 1 | O405: ACOCCyN_KOL_ITERATION: 50, MAX_PARAMETR_VALUE_TO_MIN_OPT: 1, HASH_TABLE_SIZE: 67108864, MAX_PROBES: 10000, MAX_THREAD_CUDA: 512, CPU_RANDOM: 0, KOL_THREAD_CPU_ANT: 12, CONST_RANDOM: 100000, MAX_CONST: 8192, OPTIMIZE: OPTIMIZE_MIN_1 | P405: FUNCTION: SHAFFERA GO_ALG_MINMAX: 1(1, 1000)
A406: Run Original ACO0 | B406: 187.377 | C406: 167.701 | D406: 4.09553 | E406: 29.9493 | F406: 94.7156 | G406: 19.6756 | H406: 99.9432 | I406: 100 | J406: 0.895056 | K406: 0.0140111 | L406: 0.981019
A407: Run Original ACO1 | B407: 187.493 | C407: 167.937 | D407: 4.04865 | E407: 29.957 | F407: 94.9464 | G407: 19.5555 | H407: 99.9584 | I407: 100 | J407: 0.894502 | K407: 0.0290377 | L407: 0.980982
A408: Run Original ACO2 | B408: 187.143 | C408: 167.682 | D408: 4.03601 | E408: 29.9715 | F408: 94.6189 | G408: 19.4606 | H408: 99.9748 | I408: 100 | J408: 0.896176 | K408: 0.0188283 | L408: 0.979894
A409: Run Original ACO3 | B409: 186.819 | C409: 167.133 | D409: 4.04673 | E409: 29.9707 | F409: 94.5445 | G409: 19.6864 | H409: 99.9552 | I409: 100 | J409: 0.897727 | K409: 0.0291878 | L409: 0.979528
A410: Run Original ACO4 | B410: 187.421 | C410: 167.86 | D410: 4.04094 | E410: 29.9585 | F410: 94.5302 | G410: 19.5607 | H410: 99.9472 | I410: 100 | J410: 0.894845 | K410: 0.013097 | L410: 0.981013
A411: Run Original ACO5 | B411: 187.34 | C411: 167.773 | D411: 4.05476 | E411: 29.9379 | F411: 94.865 | G411: 19.5672 | H411: 99.9388 | I411: 100 | J411: 0.89523 | K411: 0.0291552 | L411: 0.980552
A412: Run Original ACO6 | B412: 187.285 | C412: 167.728 | D412: 4.05316 | E412: 29.9522 | F412: 94.2985 | G412: 19.5569 | H412: 99.9308 | I412: 100 | J412: 0.895493 | K412: 0.0290716 | L412: 0.980319
A413: Run Original ACO7 | B413: 187.099 | C413: 167.366 | D413: 4.03841 | E413: 29.9783 | F413: 94.4467 | G413: 19.7333 | H413: 99.932 | I413: 100 | J413: 0.896384 | K413: 0.0290617 | L413: 0.979468
A414: Run Original ACO8 | B414: 187.209 | C414: 167.644 | D414: 4.05547 | E414: 29.9599 | F414: 94.2445 | G414: 19.5653 | H414: 99.9324 | I414: 100 | J414: 0.895857 | K414: 0.0290377 | L414: 0.980203
A415: Run Original ACO9 | B415: 186.941 | C415: 167.239 | D415: 4.05057 | E415: 29.9654 | F415: 94.2155 | G415: 19.7015 | H415: 99.9112 | I415: 100 | J415: 0.897143 | K415: 0.0198634 | L415: 0.980942
A416: Run Original ACO10 | B416: 187.873 | C416: 167.989 | D416: 4.06324 | E416: 29.952 | F416: 94.7605 | G416: 19.8842 | H416: 99.914 | I416: 100 | J416: 0.892691 | K416: 0.0290379 | L416: 0.969228
A417: Run Original ACO11 | B417: 187.639 | C417: 167.949 | D417: 4.03998 | E417: 29.9494 | F417: 94.9934 | G417: 19.6902 | H417: 99.9064 | I417: 100 | J417: 0.893805 | K417: 0.0297034 | L417: 0.980575
... A505: Run Combined Run49 | B505: 141.902 | C505: 121.956 | D505: 71.5343 | E505: 30.4836 | F505: 0 | G505: 19.9463 | H505: 99.958 | I505: 100 | J505: 1.20394 | K505: 0.0356849 | L505: 0.959108
A506: Device 0: NVIDIA GeForce RTX 3060 | B506: Max thread in blocks: 1024 Total Global Memory: 12287,4 MB GPU Global Memory Usage: 0,343494 MB GPU Global Memory Hash Table: 1024 MB Max PARAMETR_SIZE in GPU Global Memory: 5570990 Shared memory per block: 49152 bytes (48 KB) Shared memory per multiprocessor: 102400 bytes (100 KB) Data size in Shared memory per block: 1344 bytes (1,3125 KB) Constant Memory: 65536 bytes Parameter data size (in Constant Memory): 6720 bytes (6,5625 KB) Registers per Block: 65536 Warp Size: 32 Compute Capability: 8,6 Can Map Host Memory: Yes Clock Rate: 1777 MHz L2 Cache Size: 2359296 bytes Multiprocessor Count: 28 | C506: Max thread in blocks by axis: (1024, 1024, 64) | D506: Max blocks by axis: (2147483647, 65535, 65535) | E506: PARAMETR_SIZE: 168 | F506: PARAMETR_SIZE_ONE_X: 21 | G506: MAX_VALUE_SIZE: 5 | H506: NAME_FILE_GRAPH: Parametr_Graph/test168,txt | I506: ANT_SIZE: 500 | J506: KOL_ITERATION: 500 | K506: KOL_PROGON_STATISTICS: 50 | L506: PARAMETR_Q: 1 | M506: PARAMETR_RO: 0,999 | N506: TYPE_ACO: 1 | O506: ACOCCyN_KOL_ITERATION: 50, MAX_PARAMETR_VALUE_TO_MIN_OPT: 1, HASH_TABLE_SIZE: 67108864, MAX_PROBES: 10000, MAX_THREAD_CUDA: 512, CPU_RANDOM: 0, KOL_THREAD_CPU_ANT: 12, CONST_RANDOM: 100000, MAX_CONST: 8192, OPTIMIZE: OPTIMIZE_MIN_1 | P506: FUNCTION: SHAFFERA GO_ALG_MINMAX: 1(1, 1000)
A507: Run Original ACO0 | B507: 188.325 | C507: 168.279 | D507: 4.02203 | E507: 29.8976 | F507: 95.3637 | G507: 20.0469 | H507: 99.8756 | I507: 100 | J507: 0.890547 | K507: 0.011078 | L507: 0.980997
A508: Run Original ACO1 | B508: 187.906 | C508: 168.241 | D508: 4.02215 | E508: 29.8894 | F508: 95.145 | G508: 19.6653 | H508: 99.876 | I508: 100 | J508: 0.892535 | K508: 0.0113577 | L508: 0.994525
A509: Run Original ACO2 | B509: 188.094 | C509: 168.33 | D509: 4.00791 | E509: 29.8976 | F509: 95.5801 | G509: 19.7645 | H509: 99.862 | I509: 100 | J509: 0.891642 | K509: 0.0135687 | L509: 0.980982
A510: Run Original ACO3 | B510: 188.357 | C510: 168.42 | D510: 4.01704 | E510: 29.8906 | F510: 95.4471 | G510: 19.9367 | H510: 99.8648 | I510: 100 | J510: 0.890397 | K510: 0.0111876 | L510: 0.981016
A511: Run Original ACO4 | B511: 187.97 | C511: 168.234 | D511: 4.0314 | E511: 29.903 | F511: 95.1017 | G511: 19.7359 | H511: 99.838 | I511: 100 | J511: 0.892229 | K511: 0.0126081 | L511: 0.981011
A512: Run Original ACO5 | B512: 188.014 | C512: 168.479 | D512: 4.03483 | E512: 29.889 | F512: 95.7137 | G512: 19.5347 | H512: 99.8492 | I512: 100 | J512: 0.892024 | K512: 0.0108768 | L512: 0.982864
A513: Run Original ACO6 | B513: 188.036 | C513: 168.151 | D513: 4.01486 | E513: 29.9577 | F513: 95.1419 | G513: 19.8848 | H513: 99.9704 | I513: 100 | J513: 0.891919 | K513: 0.010863 | L513: 0.981007
A514: Run Original ACO7 | B514: 188.24 | C514: 168.553 | D514: 4.03121 | E514: 29.951 | F514: 95.6098 | G514: 19.6863 | H514: 99.9512 | I514: 100 | J514: 0.890953 | K514: 0.0113999 | L514: 0.981018
A515: Run Original ACO8 | B515: 188.144 | C515: 168.337 | D515: 4.00244 | E515: 29.9257 | F515: 95.5171 | G515: 19.8066 | H515: 99.9224 | I515: 100 | J515: 0.891407 | K515: 0.0111814 | L515: 0.991345
A516: Run Original ACO9 | B516: 188.117 | C516: 168.227 | D516: 4.01585 | E516: 29.9469 | F516: 95.1875 | G516: 19.8898 | H516: 99.8828 | I516: 100 | J516: 0.891535 | K516: 0.0108994 | L516: 0.981017
A517: Run Original ACO10 | B517: 187.854 | C517: 168.305 | D517: 4.03534 | E517: 29.9034 | F517: 95.6534 | G517: 19.5492 | H517: 99.8928 | I517: 100 | J517: 0.89278 | K517: 0.0110916 | L517: 0.981016
A518: Run Original ACO11 | B518: 188.265 | C518: 168.464 | D518: 4.02807 | E518: 29.9013 | F518: 95.7714 | G518: 19.8009 | H518: 99.8892 | I518: 100 | J518: 0.890834 | K518: 0.0110824 | L518: 0.98101
... A606: Run Combined Run49 | B606: 142.936 | C606: 122.71 | D606: 72.4709 | E606: 30.4761 | F606: 0 | G606: 20.2267 | H606: 99.9524 | I606: 100 | J606: 1.19523 | K606: 0.0109793 | L606: 0.980945

Sheet t336
A1: Device 0: NVIDIA GeForce RTX 3060 | B1: Max thread in blocks: 1024 Total Global Memory: 12287,4 MB GPU Global Memory Usage: 0,683155 MB GPU Global Memory Hash Table: 1024 MB Max PARAMETR_SIZE in GPU Global Memory: 5570990 Shared memory per block: 49152 bytes (48 KB) Shared memory per multiprocessor: 102400 bytes (100 KB) Data size in Shared memory per block: 2688 bytes (2,625 KB) Constant Memory: 65536 bytes Parameter data size (in Constant Memory): 13440 bytes (13,125 KB) Registers per Block: 65536 Warp Size: 32 Compute Capability: 8,6 Can Map Host Memory: Yes Clock Rate: 1777 MHz L2 Cache Size: 2359296 bytes Multiprocessor Count: 28 | C1: Max thread in blocks by axis: (1024, 1024, 64) | D1: Max blocks by axis: (2147483647, 65535, 65535) | E1: PARAMETR_SIZE: 336 | F1: PARAMETR_SIZE_ONE_X: 21 | G1: MAX_VALUE_SIZE: 5 | H1: NAME_FILE_GRAPH: Parametr_Graph/test336,txt | I1: ANT_SIZE: 500 | J1: KOL_ITERATION: 500 | K1: KOL_PROGON_STATISTICS: 50 | L1: PARAMETR_Q: 1 | M1: PARAMETR_RO: 0,999 | N1: TYPE_ACO: 1 | O1: ACOCCyN_KOL_ITERATION: 50, MAX_PARAMETR_VALUE_TO_MIN_OPT: 1, HASH_TABLE_SIZE: 67108864, MAX_PROBES: 10000, MAX_THREAD_CUDA: 512, CPU_RANDOM: 0, KOL_THREAD_CPU_ANT: 12, CONST_RANDOM: 100000, MAX_CONST: 8192, OPTIMIZE: OPTIMIZE_MIN_1 | P1: FUNCTION: SHAFFERA GO_ALG_MINMAX: 1(1, 1000)
A2: Run Original ACO0 | B2: 242.121 | C2: 219.856 | D2: 4.93645 | E2: 52.385 | F2: 119.028 | G2: 22.2647 | H2: 99.9944 | I2: 100 | J2: 1.37767 | K2: 0.0606555 | L2: 0.931836
A3: Run Original ACO1 | B3: 237.447 | C3: 216.899 | D3: 4.87303 | E3: 52.3978 | F3: 119.416 | G3: 20.5484 | H3: 99.9912 | I3: 100 | J3: 1.40479 | K3: 0.0833103 | L3: 0.930658
A4: Run Original ACO2 | B4: 246.576 | C4: 222.588 | D4: 4.8922 | E4: 52.3544 | F4: 119.278 | G4: 23.9871 | H4: 99.9936 | I4: 100 | J4: 1.35278 | K4: 0.0832715 | L4: 0.931792
A5: Run Original ACO3 | B5: 249.783 | C5: 223.968 | D5: 4.86945 | E5: 52.4106 | F5: 119.344 | G5: 25.815 | H5: 99.9932 | I5: 100 | J5: 1.33541 | K5: 0.0832804 | L5: 0.93124
A6: Run Original ACO4 | B6: 248.003 | C6: 222.866 | D6: 4.88455 | E6: 52.3887 | F6: 119.449 | G6: 25.1374 | H6: 99.9908 | I6: 100 | J6: 1.34499 | K6: 0.0691492 | L6: 0.930418
A7: Run Original ACO5 | B7: 244.939 | C7: 221.215 | D7: 4.88042 | E7: 52.4079 | F7: 119.463 | G7: 23.7237 | H7: 99.9932 | I7: 100 | J7: 1.36182 | K7: 0.0832739 | L7: 0.931493
A8: Run Original ACO6 | B8: 245.211 | C8: 221.932 | D8: 4.8722 | E8: 52.3742 | F8: 119.536 | G8: 23.2796 | H8: 99.9908 | I8: 100 | J8: 1.36031 | K8: 0.0641811 | L8: 0.931079
A9: Run Original ACO7 | B9: 243.898 | C9: 220.933 | D9: 4.92766 | E9: 52.4223 | F9: 118.777 | G9: 22.9645 | H9: 99.9976 | I9: 100 | J9: 1.36763 | K9: 0.0613397 | L9: 0.921303
A10: Run Original ACO8 | B10: 248.227 | C10: 222.864 | D10: 4.90971 | E10: 52.4086 | F10: 118.737 | G10: 25.3628 | H10: 99.9964 | I10: 100 | J10: 1.34378 | K10: 0.0833213 | L10: 0.92345
A11: Run Original ACO9 | B11: 235.682 | C11: 215.753 | D11: 4.87341 | E11: 52.4085 | F11: 119.177 | G11: 19.929 | H11: 99.9952 | I11: 100 | J11: 1.41531 | K11: 0.0833573 | L11: 0.931834
A12: Run Original ACO10 | B12: 251.276 | C12: 224.818 | D12: 4.88769 | E12: 52.4075 | F12: 119.072 | G12: 26.4573 | H12: 99.9928 | I12: 100 | J12: 1.32748 | K12: 0.0832768 | L12: 0.928142
A13: Run Original ACO11 | B13: 248.402 | C13: 223.127 | D13: 4.87975 | E13: 52.419 | F13: 119.145 | G13: 25.2748 | H13: 99.9972 | I13: 100 | J13: 1.34283 | K13: 0.0731439 | L13: 0.931831
... A101: Run Combined Run49 | B101: 199.543 | C101: 172.444 | D101: 94.2477 | E101: 52.8011 | F101: 0 | G101: 27.0997 | H101: 99.998 | I101: 100 | J101: 1.70299 | K101: 0.0539109 | L101: 0.931733
A102: Device 0: NVIDIA GeForce RTX 3060 | B102: Max thread in blocks: 1024 Total Global Memory: 12287,4 MB GPU Global Memory Usage: 0,683155 MB GPU Global Memory Hash Table: 1024 MB Max PARAMETR_SIZE in GPU Global Memory: 5570990 Shared memory per block: 49152 bytes (48 KB) Shared memory per multiprocessor: 102400 bytes (100 KB) Data size in Shared memory per block: 2688 bytes (2,625 KB) Constant Memory: 65536 bytes Parameter data size (in Constant Memory): 13440 bytes (13,125 KB) Registers per Block: 65536 Warp Size: 32 Compute Capability: 8,6 Can Map Host Memory: Yes Clock Rate: 1777 MHz L2 Cache Size: 2359296 bytes Multiprocessor Count: 28 | C102: Max thread in blocks by axis: (1024, 1024, 64) | D102: Max blocks by axis: (2147483647, 65535, 65535) | E102: PARAMETR_SIZE: 336 | F102: PARAMETR_SIZE_ONE_X: 21 | G102: MAX_VALUE_SIZE: 5 | H102: NAME_FILE_GRAPH: Parametr_Graph/test336,txt | I102: ANT_SIZE: 500 | J102: KOL_ITERATION: 500 | K102: KOL_PROGON_STATISTICS: 50 | L102: PARAMETR_Q: 1 | M102: PARAMETR_RO: 0,999 | N102: TYPE_ACO: 1 | O102: ACOCCyN_KOL_ITERATION: 50, MAX_PARAMETR_VALUE_TO_MIN_OPT: 1, HASH_TABLE_SIZE: 67108864, MAX_PROBES: 10000, MAX_THREAD_CUDA: 512, CPU_RANDOM: 0, KOL_THREAD_CPU_ANT: 12, CONST_RANDOM: 100000, MAX_CONST: 8192, OPTIMIZE: OPTIMIZE_MIN_1 | P102: FUNCTION: SHAFFERA GO_ALG_MINMAX: 1(1, 1000)
A103: Run Original ACO0 | B103: 249.53 | C103: 230.001 | D103: 4.90542 | E103: 67.9426 | F103: 118.753 | G103: 19.529 | H103: 99.9988 | I103: 100 | J103: 1.33676 | K103: 0.0753895 | L103: 0.93179
A104: Run Original ACO1 | B104: 250.215 | C104: 230.527 | D104: 4.94935 | E104: 67.8807 | F104: 118.727 | G104: 19.6884 | H104: 99.9976 | I104: 100 | J104: 1.3331 | K104: 0.0832571 | L104: 0.931815
A105: Run Original ACO2 | B105: 250.247 | C105: 230.462 | D105: 4.9267 | E105: 67.9357 | F105: 118.643 | G105: 19.7842 | H105: 99.9964 | I105: 100 | J105: 1.33293 | K105: 0.0832556 | L105: 0.928774
A106: Run Original ACO3 | B106: 250.384 | C106: 230.482 | D106: 4.90318 | E106: 67.9364 | F106: 118.611 | G106: 19.9025 | H106: 99.9996 | I106: 100 | J106: 1.3322 | K106: 0.0832566 | L106: 0.927205
A107: Run Original ACO4 | B107: 250.233 | C107: 230.432 | D107: 4.92129 | E107: 67.9267 | F107: 118.486 | G107: 19.8008 | H107: 99.9964 | I107: 100 | J107: 1.33301 | K107: 0.0833193 | L107: 0.931702
A108: Run Original ACO5 | B108: 250.012 | C108: 230.297 | D108: 4.93306 | E108: 67.923 | F108: 118.71 | G108: 19.7148 | H108: 99.9976 | I108: 100 | J108: 1.33419 | K108: 0.0832669 | L108: 0.94797
A109: Run Original ACO6 | B109: 250.238 | C109: 230.303 | D109: 4.88977 | E109: 67.9132 | F109: 118.347 | G109: 19.9349 | H109: 99.9972 | I109: 100 | J109: 1.33298 | K109: 0.0832558 | L109: 0.931118
A110: Run Original ACO7 | B110: 250.23 | C110: 230.685 | D110: 4.91832 | E110: 67.9009 | F110: 118.707 | G110: 19.5449 | H110: 99.996 | I110: 100 | J110: 1.33303 | K110: 0.0629864 | L110: 0.93165
A111: Run Original ACO8 | B111: 249.958 | C111: 230.455 | D111: 4.93211 | E111: 67.9445 | F111: 118.817 | G111: 19.5023 | H111: 99.9992 | I111: 100 | J111: 1.33448 | K111: 0.0834561 | L111: 0.931706
A112: Run Original ACO9 | B112: 249.747 | C112: 230.058 | D112: 4.9401 | E112: 67.8954 | F112: 118.651 | G112: 19.689 | H112: 99.9988 | I112: 100 | J112: 1.3356 | K112: 0.0565621 | L112: 0.931824
A113: Run Original ACO10 | B113: 250.206 | C113: 230.522 | D113: 4.8987 | E113: 67.9414 | F113: 118.643 | G113: 19.6832 | H113: 99.9972 | I113: 100 | J113: 1.33315 | K113: 0.0742612 | L113: 0.931114
A114: Run Original ACO11 | B114: 250.352 | C114: 230.772 | D114: 4.91441 | E114: 67.9195 | F114: 119.123 | G114: 19.5801 | H114: 99.9996 | I114: 100 | J114: 1.33237 | K114: 0.0684326 | L114: 0.931836
... A202: Run Combined Run49 | B202: 201.807 | C202: 181.465 | D202: 94.2328 | E202: 67.4583 | F202: 0 | G202: 20.3414 | H202: 99.9956 | I202: 100 | J202: 1.68389 | K202: 0.0290377 | L202: 0.959225
A203: Device 0: NVIDIA GeForce RTX 3060 | B203: Max thread in blocks: 1024 Total Global Memory: 12287,4 MB GPU Global Memory Usage: 0,683155 MB GPU Global Memory Hash Table: 1024 MB Max PARAMETR_SIZE in GPU Global Memory: 5570990 Shared memory per block: 49152 bytes (48 KB) Shared memory per multiprocessor: 102400 bytes (100 KB) Data size in Shared memory per block: 2688 bytes (2,625 KB) Constant Memory: 65536 bytes Parameter data size (in Constant Memory): 13440 bytes (13,125 KB) Registers per Block: 65536 Warp Size: 32 Compute Capability: 8,6 Can Map Host Memory: Yes Clock Rate: 1777 MHz L2 Cache Size: 2359296 bytes Multiprocessor Count: 28 | C203: Max thread in blocks by axis: (1024, 1024, 64) | D203: Max blocks by axis: (2147483647, 65535, 65535) | E203: PARAMETR_SIZE: 336 | F203: PARAMETR_SIZE_ONE_X: 21 | G203: MAX_VALUE_SIZE: 5 | H203: NAME_FILE_GRAPH: Parametr_Graph/test336,txt | I203: ANT_SIZE: 500 | J203: KOL_ITERATION: 500 | K203: KOL_PROGON_STATISTICS: 50 | L203: PARAMETR_Q: 1 | M203: PARAMETR_RO: 0,999 | N203: TYPE_ACO: 1 | O203: ACOCCyN_KOL_ITERATION: 50, MAX_PARAMETR_VALUE_TO_MIN_OPT: 1, HASH_TABLE_SIZE: 67108864, MAX_PROBES: 10000, MAX_THREAD_CUDA: 512, CPU_RANDOM: 0, KOL_THREAD_CPU_ANT: 12, CONST_RANDOM: 100000, MAX_CONST: 8192, OPTIMIZE: OPTIMIZE_MIN_1 | P203: FUNCTION: SHAFFERA GO_ALG_MINMAX: 1(1, 1000)
A204: Run Original ACO0 | B204: 257.078 | C204: 234.193 | D204: 4.90798 | E204: 68.0082 | F204: 118.74 | G204: 22.8847 | H204: 99.9972 | I204: 100 | J204: 1.29751 | K204: 0.0832678 | L204: 0.931746
A205: Run Original ACO1 | B205: 269.214 | C205: 241.72 | D205: 4.92359 | E205: 68.0378 | F205: 118.599 | G205: 27.4935 | H205: 99.996 | I205: 100 | J205: 1.23902 | K205: 0.0660009 | L205: 0.917993
A206: Run Original ACO2 | B206: 256.761 | C206: 234.543 | D206: 4.92478 | E206: 68.0273 | F206: 118.828 | G206: 22.2184 | H206: 100 | I206: 100 | J206: 1.29912 | K206: 0.0833142 | L206: 0.907155
A207: Run Original ACO3 | B207: 251.729 | C207: 231.447 | D207: 4.9538 | E207: 68.0908 | F207: 118.832 | G207: 20.2818 | H207: 99.9992 | I207: 100 | J207: 1.32509 | K207: 0.0833137 | L207: 0.931432
A208: Run Original ACO4 | B208: 253.461 | C208: 232.55 | D208: 4.98302 | E208: 68.0968 | F208: 118.884 | G208: 20.9117 | H208: 99.9984 | I208: 100 | J208: 1.31603 | K208: 0.0833688 | L208: 0.931836
A209: Run Original ACO5 | B209: 259.243 | C209: 236.593 | D209: 4.92807 | E209: 68.0765 | F209: 118.507 | G209: 22.6498 | H209: 99.9968 | I209: 100 | J209: 1.28668 | K209: 0.0832999 | L209: 0.920855
A210: Run Original ACO6 | B210: 258.333 | C210: 235.659 | D210: 4.89012 | E210: 68.0349 | F210: 118.63 | G210: 22.6739 | H210: 99.9972 | I210: 100 | J210: 1.29121 | K210: 0.0763569 | L210: 0.931358
A211: Run Original ACO7 | B211: 256.031 | C211: 233.886 | D211: 4.89591 | E211: 68.0768 | F211: 118.446 | G211: 22.1453 | H211: 99.9972 | I211: 100 | J211: 1.30282 | K211: 0.0833044 | L211: 0.931585
A212: Run Original ACO8 | B212: 251.45 | C212: 231.369 | D212: 4.89354 | E212: 68.0525 | F212: 118.629 | G212: 20.081 | H212: 99.9976 | I212: 100 | J212: 1.32656 | K212: 0.0834557 | L212: 0.908495
A213: Run Original ACO9 | B213: 250.055 | C213: 230.248 | D213: 4.92875 | E213: 68.0552 | F213: 118.417 | G213: 19.8078 | H213: 99.9916 | I213: 100 | J213: 1.33395 | K213: 0.08449 | L213: 0.930511
A214: Run Original ACO10 | B214: 250.662 | C214: 230.846 | D214: 4.92513 | E214: 68.0896 | F214: 118.685 | G214: 19.8165 | H214: 99.9952 | I214: 100 | J214: 1.33073 | K214: 0.0837742 | L214: 0.922123
A215: Run Original ACO11 | B215: 250.371 | C215: 230.622 | D215: 4.91681 | E215: 68.0894 | F215: 118.955 | G215: 19.7483 | H215: 99.9988 | I215: 100 | J215: 1.33228 | K215: 0.0848386 | L215: 0.930988
... A303: Run Combined Run49 | B303: 198.086 | C303: 178.009 | D303: 90.625 | E303: 67.5751 | F303: 0 | G303: 20.0766 | H303: 99.9984 | I303: 100 | J303: 1.71552 | K303: 0.0933038 | L303: 0.90101
A304: Device 0: NVIDIA GeForce RTX 3060 | B304: Max thread in blocks: 1024 Total Global Memory: 12287,4 MB GPU Global Memory Usage: 0,683155 MB GPU Global Memory Hash Table: 1024 MB Max PARAMETR_SIZE in GPU Global Memory: 5570990 Shared memory per block: 49152 bytes (48 KB) Shared memory per multiprocessor: 102400 bytes (100 KB) Data size in Shared memory per block: 2688 bytes (2,625 KB) Constant Memory: 65536 bytes Parameter data size (in Constant Memory): 13440 bytes (13,125 KB) Registers per Block: 65536 Warp Size: 32 Compute Capability: 8,6 Can Map Host Memory: Yes Clock Rate: 1777 MHz L2 Cache Size: 2359296 bytes Multiprocessor Count: 28 | C304: Max thread in blocks by axis: (1024, 1024, 64) | D304: Max blocks by axis: (2147483647, 65535, 65535) | E304: PARAMETR_SIZE: 336 | F304: PARAMETR_SIZE_ONE_X: 21 | G304: MAX_VALUE_SIZE: 5 | H304: NAME_FILE_GRAPH: Parametr_Graph/test336,txt | I304: ANT_SIZE: 500 | J304: KOL_ITERATION: 500 | K304: KOL_PROGON_STATISTICS: 50 | L304: PARAMETR_Q: 1 | M304: PARAMETR_RO: 0,999 | N304: TYPE_ACO: 1 | O304: ACOCCyN_KOL_ITERATION: 50, MAX_PARAMETR_VALUE_TO_MIN_OPT: 1, HASH_TABLE_SIZE: 67108864, MAX_PROBES: 10000, MAX_THREAD_CUDA: 512, CPU_RANDOM: 0, KOL_THREAD_CPU_ANT: 12, CONST_RANDOM: 100000, MAX_CONST: 8192, OPTIMIZE: OPTIMIZE_MIN_1 | P304: FUNCTION: SHAFFERA GO_ALG_MINMAX: 1(1, 1000)
A305: Run Original ACO0 | B305: 250.119 | C305: 230.454 | D305: 4.91729 | E305: 68.0322 | F305: 118.425 | G305: 19.6648 | H305: 99.9976 | I305: 100 | J305: 1.33362 | K305: 0.0843803 | L305: 0.90107
A306: Run Original ACO1 | B306: 250.044 | C306: 230.21 | D306: 4.9035 | E306: 68.0234 | F306: 118.436 | G306: 19.8331 | H306: 99.9988 | I306: 100 | J306: 1.33402 | K306: 0.0840033 | L306: 0.904269
A307: Run Original ACO2 | B307: 249.739 | C307: 229.895 | D307: 4.91838 | E307: 68.0443 | F307: 118.126 | G307: 19.8436 | H307: 99.9964 | I307: 100 | J307: 1.33565 | K307: 0.0867587 | L307: 0.901013
A308: Run Original ACO3 | B308: 249.695 | C308: 229.879 | D308: 4.92119 | E308: 68.0495 | F308: 118.091 | G308: 19.8162 | H308: 99.9996 | I308: 100 | J308: 1.33588 | K308: 0.093829 | L308: 0.901078
A309: Run Original ACO4 | B309: 250.322 | C309: 230.678 | D309: 4.8971 | E309: 68.0493 | F309: 118.298 | G309: 19.6446 | H309: 99.9964 | I309: 100 | J309: 1.33253 | K309: 0.0833815 | L309: 0.9316
A310: Run Original ACO5 | B310: 250.472 | C310: 230.368 | D310: 4.9099 | E310: 68.0021 | F310: 118.118 | G310: 20.1042 | H310: 99.9988 | I310: 100 | J310: 1.33174 | K310: 0.0832563 | L310: 0.916967
A311: Run Original ACO6 | B311: 249.355 | C311: 229.678 | D311: 4.94187 | E311: 68.0082 | F311: 117.929 | G311: 19.677 | H311: 99.9972 | I311: 100 | J311: 1.3377 | K311: 0.0967234 | L311: 0.901075
A312: Run Original ACO7 | B312: 249.704 | C312: 230.027 | D312: 4.91905 | E312: 68.0502 | F312: 117.994 | G312: 19.6773 | H312: 99.9992 | I312: 100 | J312: 1.33583 | K312: 0.0846182 | L312: 0.929102
A313: Run Original ACO8 | B313: 249.654 | C313: 230.235 | D313: 4.92362 | E313: 68.0506 | F313: 118.14 | G313: 19.4191 | H313: 99.9976 | I313: 100 | J313: 1.3361 | K313: 0.0833053 | L313: 0.930088
A314: Run Original ACO9 | B314: 249.67 | C314: 230.075 | D314: 4.93252 | E314: 68.0491 | F314: 118.009 | G314: 19.5946 | H314: 99.9984 | I314: 100 | J314: 1.33601 | K314: 0.0832737 | L314: 0.931269
A315: Run Original ACO10 | B315: 249.664 | C315: 230.156 | D315: 4.94116 | E315: 67.9917 | F315: 118.132 | G315: 19.5082 | H315: 99.9972 | I315: 100 | J315: 1.33604 | K315: 0.083634 | L315: 0.926157
A316: Run Original ACO11 | B316: 249.74 | C316: 229.872 | D316: 4.91684 | E316: 68.0002 | F316: 117.799 | G316: 19.8676 | H316: 99.9936 | I316: 100 | J316: 1.33564 | K316: 0.0855704 | L316: 0.901043
... A404: Run Combined Run49 | B404: 197.229 | C404: 177.111 | D404: 89.6784 | E404: 67.5084 | F404: 0 | G404: 20.1182 | H404: 99.9956 | I404: 100 | J404: 1.72297 | K404: 0.115085 | L404: 0.880747
A405: Device 0: NVIDIA GeForce RTX 3060 | B405: Max thread in blocks: 1024 Total Global Memory: 12287,4 MB GPU Global Memory Usage: 0,683155 MB GPU Global Memory Hash Table: 1024 MB Max PARAMETR_SIZE in GPU Global Memory: 5570990 Shared memory per block: 49152 bytes (48 KB) Shared memory per multiprocessor: 102400 bytes (100 KB) Data size in Shared memory per block: 2688 bytes (2,625 KB) Constant Memory: 65536 bytes Parameter data size (in Constant Memory): 13440 bytes (13,125 KB) Registers per Block: 65536 Warp Size: 32 Compute Capability: 8,6 Can Map Host Memory: Yes Clock Rate: 1777 MHz L2 Cache Size: 2359296 bytes Multiprocessor Count: 28 | C405: Max thread in blocks by axis: (1024, 1024, 64) | D405: Max blocks by axis: (2147483647, 65535, 65535) | E405: PARAMETR_SIZE: 336 | F405: PARAMETR_SIZE_ONE_X: 21 | G405: MAX_VALUE_SIZE: 5 | H405: NAME_FILE_GRAPH: Parametr_Graph/test336,txt | I405: ANT_SIZE: 500 | J405: KOL_ITERATION: 500 | K405: KOL_PROGON_STATISTICS: 50 | L405: PARAMETR_Q: 1 | M405: PARAMETR_RO: 0,999 | N405: TYPE_ACO: 1 | O405: ACOCCyN_KOL_ITERATION: 50, MAX_PARAMETR_VALUE_TO_MIN_OPT: 1, HASH_TABLE_SIZE: 67108864, MAX_PROBES: 10000, MAX_THREAD_CUDA: 512, CPU_RANDOM: 0, KOL_THREAD_CPU_ANT: 12, CONST_RANDOM: 100000, MAX_CONST: 8192, OPTIMIZE: OPTIMIZE_MIN_1 | P405: FUNCTION: SHAFFERA GO_ALG_MINMAX: 1(1, 1000)
A406: Run Original ACO0 | B406: 263.328 | C406: 238.256 | D406: 4.93249 | E406: 68.0441 | F406: 119.352 | G406: 25.072 | H406: 99.9992 | I406: 100 | J406: 1.26672 | K406: 0.0552993 | L406: 0.930523
A407: Run Original ACO1 | B407: 252.299 | C407: 232.123 | D407: 4.92957 | E407: 68.0208 | F407: 119.382 | G407: 20.1764 | H407: 99.9976 | I407: 100 | J407: 1.32209 | K407: 0.0834233 | L407: 0.916698
A408: Run Original ACO2 | B408: 259.46 | C408: 236.772 | D408: 4.89358 | E408: 68.0157 | F408: 119.599 | G408: 22.6884 | H408: 99.9984 | I408: 100 | J408: 1.2856 | K408: 0.0544733 | L408: 0.931766
A409: Run Original ACO3 | B409: 262.249 | C409: 237.425 | D409: 4.92644 | E409: 68.0656 | F409: 119.347 | G409: 24.8232 | H409: 99.9984 | I409: 100 | J409: 1.27193 | K409: 0.083259 | L409: 0.948638
A410: Run Original ACO4 | B410: 262.121 | C410: 238.196 | D410: 4.93207 | E410: 68.0279 | F410: 119.459 | G410: 23.9252 | H410: 99.9972 | I410: 100 | J410: 1.27255 | K410: 0.0549155 | L410: 0.931388
A411: Run Original ACO5 | B411: 263.894 | C411: 238.718 | D411: 4.91268 | E411: 67.9974 | F411: 119.601 | G411: 25.1764 | H411: 99.9988 | I411: 100 | J411: 1.264 | K411: 0.0764362 | L411: 0.931816
A412: Run Original ACO6 | B412: 261.19 | C412: 236.803 | D412: 4.89745 | E412: 68.0561 | F412: 119.282 | G412: 24.3879 | H412: 99.9988 | I412: 100 | J412: 1.27709 | K412: 0.0832743 | L412: 0.931836
A413: Run Original ACO7 | B413: 251.983 | C413: 232.153 | D413: 4.94049 | E413: 68.0439 | F413: 119.401 | G413: 19.8303 | H413: 99.9968 | I413: 100 | J413: 1.32375 | K413: 0.0750001 | L413: 0.931462
A414: Run Original ACO8 | B414: 255.465 | C414: 234.347 | D414: 4.93127 | E414: 67.961 | F414: 119.695 | G414: 21.1179 | H414: 99.9964 | I414: 100 | J414: 1.30571 | K414: 0.0542178 | L414: 0.921343
A415: Run Original ACO9 | B415: 258.258 | C415: 235.888 | D415: 4.965 | E415: 67.9592 | F415: 119.534 | G415: 22.3697 | H415: 99.9964 | I415: 100 | J415: 1.29159 | K415: 0.0832686 | L415: 0.929844
A416: Run Original ACO10 | B416: 257.242 | C416: 235.071 | D416: 4.8827 | E416: 67.9736 | F416: 119.525 | G416: 22.1704 | H416: 99.9976 | I416: 100 | J416: 1.29669 | K416: 0.0582789 | L416: 0.90727
A417: Run Original ACO11 | B417: 262.371 | C417: 237.51 | D417: 4.91969 | E417: 68.0104 | F417: 119.207 | G417: 24.8612 | H417: 99.998 | I417: 100 | J417: 1.27134 | K417: 0.0832559 | L417: 0.919387
... A505: Run Combined Run49 | B505: 207.589 | C505: 182.874 | D505: 91.5327 | E505: 67.4839 | F505: 0 | G505: 24.7153 | H505: 99.9936 | I505: 100 | J505: 1.63699 | K505: 0.08329 | L505: 0.929377
A506: Device 0: NVIDIA GeForce RTX 3060 | B506: Max thread in blocks: 1024 Total Global Memory: 12287,4 MB GPU Global Memory Usage: 0,683155 MB GPU Global Memory Hash Table: 1024 MB Max PARAMETR_SIZE in GPU Global Memory: 5570990 Shared memory per block: 49152 bytes (48 KB) Shared memory per multiprocessor: 102400 bytes (100 KB) Data size in Shared memory per block: 2688 bytes (2,625 KB) Constant Memory: 65536 bytes Parameter data size (in Constant Memory): 13440 bytes (13,125 KB) Registers per Block: 65536 Warp Size: 32 Compute Capability: 8,6 Can Map Host Memory: Yes Clock Rate: 1777 MHz L2 Cache Size: 2359296 bytes Multiprocessor Count: 28 | C506: Max thread in blocks by axis: (1024, 1024, 64) | D506: Max blocks by axis: (2147483647, 65535, 65535) | E506: PARAMETR_SIZE: 336 | F506: PARAMETR_SIZE_ONE_X: 21 | G506: MAX_VALUE_SIZE: 5 | H506: NAME_FILE_GRAPH: Parametr_Graph/test336,txt | I506: ANT_SIZE: 500 | J506: KOL_ITERATION: 500 | K506: KOL_PROGON_STATISTICS: 50 | L506: PARAMETR_Q: 1 | M506: PARAMETR_RO: 0,999 | N506: TYPE_ACO: 1 | O506: ACOCCyN_KOL_ITERATION: 50, MAX_PARAMETR_VALUE_TO_MIN_OPT: 1, HASH_TABLE_SIZE: 67108864, MAX_PROBES: 10000, MAX_THREAD_CUDA: 512, CPU_RANDOM: 0, KOL_THREAD_CPU_ANT: 12, CONST_RANDOM: 100000, MAX_CONST: 8192, OPTIMIZE: OPTIMIZE_MIN_1 | P506: FUNCTION: SHAFFERA GO_ALG_MINMAX: 1(1, 1000)
A507: Run Original ACO0 | B507: 251.829 | C507: 232.081 | D507: 4.93319 | E507: 67.9742 | F507: 120.007 | G507: 19.7486 | H507: 99.9988 | I507: 100 | J507: 1.32456 | K507: 0.0832637 | L507: 0.931143
A508: Run Original ACO1 | B508: 251.542 | C508: 231.698 | D508: 4.91236 | E508: 67.9766 | F508: 119.797 | G508: 19.8446 | H508: 99.998 | I508: 100 | J508: 1.32607 | K508: 0.0832582 | L508: 0.929979
A509: Run Original ACO2 | B509: 251.809 | C509: 231.95 | D509: 4.91262 | E509: 68.0083 | F509: 120.037 | G509: 19.8587 | H509: 99.9992 | I509: 100 | J509: 1.32466 | K509: 0.0832644 | L509: 0.931536
A510: Run Original ACO3 | B510: 251.485 | C510: 231.881 | D510: 4.94267 | E510: 67.9834 | F510: 120.044 | G510: 19.6043 | H510: 99.9968 | I510: 100 | J510: 1.32637 | K510: 0.0548334 | L510: 0.931393
A511: Run Original ACO4 | B511: 251.322 | C511: 231.572 | D511: 4.92077 | E511: 68.0402 | F511: 119.762 | G511: 19.7506 | H511: 99.9992 | I511: 100 | J511: 1.32723 | K511: 0.0564821 | L511: 0.931644
A512: Run Original ACO5 | B512: 251.379 | C512: 231.57 | D512: 4.91553 | E512: 68.0586 | F512: 119.778 | G512: 19.8092 | H512: 99.9972 | I512: 100 | J512: 1.32693 | K512: 0.0721314 | L512: 0.932477
A513: Run Original ACO6 | B513: 251.393 | C513: 231.606 | D513: 4.93278 | E513: 68.0621 | F513: 119.717 | G513: 19.7867 | H513: 99.998 | I513: 100 | J513: 1.32686 | K513: 0.0832848 | L513: 0.931718
A514: Run Original ACO7 | B514: 252.261 | C514: 232.255 | D514: 4.89569 | E514: 67.9372 | F514: 119.697 | G514: 20.0063 | H514: 99.9976 | I514: 100 | J514: 1.32229 | K514: 0.0832709 | L514: 0.925549
A515: Run Original ACO8 | B515: 251.049 | C515: 231.685 | D515: 4.91377 | E515: 67.9781 | F515: 120 | G515: 19.3646 | H515: 99.9956 | I515: 100 | J515: 1.32867 | K515: 0.0833852 | L515: 0.931703
A516: Run Original ACO9 | B516: 251.303 | C516: 231.691 | D516: 4.92574 | E516: 67.994 | F516: 120.154 | G516: 19.6123 | H516: 99.9972 | I516: 100 | J516: 1.32733 | K516: 0.0832593 | L516: 0.924708
A517: Run Original ACO10 | B517: 251.298 | C517: 231.783 | D517: 4.93115 | E517: 68.032 | F517: 119.864 | G517: 19.5153 | H517: 99.9948 | I517: 100 | J517: 1.32736 | K517: 0.0833253 | L517: 0.931834
A518: Run Original ACO11 | B518: 251.644 | C518: 231.932 | D518: 4.90382 | E518: 68.0246 | F518: 119.913 | G518: 19.7116 | H518: 99.9968 | I518: 100 | J518: 1.32554 | K518: 0.0832558 | L518: 0.931819
... A606: Run Combined Run49 | B606: 200.484 | C606: 180.316 | D606: 93.3113 | E606: 67.1011 | F606: 0 | G606: 20.1676 | H606: 99.9984 | I606: 100 | J606: 1.69501 | K606: 0.0539708 | L606: 0.953893

Sheet t672
A1: Device 0: NVIDIA GeForce RTX 3060 | B1: Max thread in blocks: 1024 Total Global Memory: 12287,4 MB GPU Global Memory Usage: 1,36248 MB GPU Global Memory Hash Table: 1024 MB Max PARAMETR_SIZE in GPU Global Memory: 5570990 Shared memory per block: 49152 bytes (48 KB) Shared memory per multiprocessor: 102400 bytes (100 KB) Data size in Shared memory per block: 5376 bytes (5,25 KB) Constant Memory: 65536 bytes Parameter data size (in Constant Memory): 26880 bytes (26,25 KB) Registers per Block: 65536 Warp Size: 32 Compute Capability: 8,6 Can Map Host Memory: Yes Clock Rate: 1777 MHz L2 Cache Size: 2359296 bytes Multiprocessor Count: 28 | C1: Max thread in blocks by axis: (1024, 1024, 64) | D1: Max blocks by axis: (2147483647, 65535, 65535) | E1: PARAMETR_SIZE: 672 | F1: PARAMETR_SIZE_ONE_X: 21 | G1: MAX_VALUE_SIZE: 5 | H1: NAME_FILE_GRAPH: Parametr_Graph/test672,txt | I1: ANT_SIZE: 500 | J1: KOL_ITERATION: 500 | K1: KOL_PROGON_STATISTICS: 50 | L1: PARAMETR_Q: 1 | M1: PARAMETR_RO: 0,999 | N1: TYPE_ACO: 1 | O1: ACOCCyN_KOL_ITERATION: 50, MAX_PARAMETR_VALUE_TO_MIN_OPT: 1, HASH_TABLE_SIZE: 67108864, MAX_PROBES: 10000, MAX_THREAD_CUDA: 512, CPU_RANDOM: 0, KOL_THREAD_CPU_ANT: 12, CONST_RANDOM: 100000, MAX_CONST: 8192, OPTIMIZE: OPTIMIZE_MIN_1 | P1: FUNCTION: SHAFFERA GO_ALG_MINMAX: 1(1, 1000)
A2: Run Original ACO0 | B2: 282.352 | C2: 262.813 | D2: 4.87735 | E2: 99.6766 | F2: 119.337 | G2: 19.5389 | H2: 100 | I2: 100 | J2: 2.35614 | K2: 0.147104 | L2: 0.866763
A3: Run Original ACO1 | B3: 282.661 | C3: 262.503 | D3: 4.90449 | E3: 99.6438 | F3: 118.86 | G3: 20.1574 | H3: 100 | I3: 100 | J3: 2.35357 | K3: 0.147148 | L3: 0.867618
A4: Run Original ACO2 | B4: 282.727 | C4: 263.079 | D4: 4.92846 | E4: 99.7154 | F4: 118.935 | G4: 19.648 | H4: 100 | I4: 100 | J4: 2.35302 | K4: 0.147105 | L4: 0.868567
A5: Run Original ACO3 | B5: 282.167 | C5: 262.491 | D5: 4.89723 | E5: 99.7061 | F5: 118.785 | G5: 19.6761 | H5: 100 | I5: 100 | J5: 2.35769 | K5: 0.129862 | L5: 0.900339
A6: Run Original ACO4 | B6: 282.248 | C6: 262.395 | D6: 4.9123 | E6: 99.7061 | F6: 118.531 | G6: 19.8528 | H6: 100 | I6: 100 | J6: 2.35701 | K6: 0.147108 | L6: 0.868405
A7: Run Original ACO5 | B7: 282.327 | C7: 262.475 | D7: 4.90372 | E7: 99.7517 | F7: 118.784 | G7: 19.8516 | H7: 100 | I7: 100 | J7: 2.35636 | K7: 0.147202 | L7: 0.860427
A8: Run Original ACO6 | B8: 282.293 | C8: 262.413 | D8: 4.89911 | E8: 99.7854 | F8: 118.641 | G8: 19.8804 | H8: 100 | I8: 100 | J8: 2.35664 | K8: 0.143897 | L8: 0.867926
A9: Run Original ACO7 | B9: 284.325 | C9: 263.64 | D9: 4.89393 | E9: 99.729 | F9: 118.553 | G9: 20.6843 | H9: 100 | I9: 100 | J9: 2.3398 | K9: 0.14711 | L9: 0.868884
A10: Run Original ACO8 | B10: 282.598 | C10: 262.594 | D10: 4.89223 | E10: 99.7421 | F10: 118.477 | G10: 20.0034 | H10: 100 | I10: 100 | J10: 2.3541 | K10: 0.147116 | L10: 0.867371
A11: Run Original ACO9 | B11: 282.138 | C11: 262.615 | D11: 4.8825 | E11: 99.7488 | F11: 119.043 | G11: 19.5231 | H11: 100 | I11: 100 | J11: 2.35793 | K11: 0.147113 | L11: 0.86844
A12: Run Original ACO10 | B12: 282.265 | C12: 262.352 | D12: 4.92494 | E12: 99.745 | F12: 118.643 | G12: 19.913 | H12: 100 | I12: 100 | J12: 2.35687 | K12: 0.147119 | L12: 0.853038
A13: Run Original ACO11 | B13: 282.703 | C13: 262.974 | D13: 4.91147 | E13: 99.759 | F13: 119.266 | G13: 19.7285 | H13: 100 | I13: 100 | J13: 2.35322 | K13: 0.147104 | L13: 0.866172
... A101: Run Combined Run49 | B101: 233.199 | C101: 212.769 | D101: 93.9934 | E101: 98.8838 | F101: 0 | G101: 20.4299 | H101: 100 | I101: 100 | J101: 2.90645 | K101: 0.147117 | L101: 0.845586
A102: Device 0: NVIDIA GeForce RTX 3060 | B102: Max thread in blocks: 1024 Total Global Memory: 12287,4 MB GPU Global Memory Usage: 1,36248 MB GPU Global Memory Hash Table: 1024 MB Max PARAMETR_SIZE in GPU Global Memory: 5570990 Shared memory per block: 49152 bytes (48 KB) Shared memory per multiprocessor: 102400 bytes (100 KB) Data size in Shared memory per block: 5376 bytes (5,25 KB) Constant Memory: 65536 bytes Parameter data size (in Constant Memory): 26880 bytes (26,25 KB) Registers per Block: 65536 Warp Size: 32 Compute Capability: 8,6 Can Map Host Memory: Yes Clock Rate: 1777 MHz L2 Cache Size: 2359296 bytes Multiprocessor Count: 28 | C102: Max thread in blocks by axis: (1024, 1024, 64) | D102: Max blocks by axis: (2147483647, 65535, 65535) | E102: PARAMETR_SIZE: 672 | F102: PARAMETR_SIZE_ONE_X: 21 | G102: MAX_VALUE_SIZE: 5 | H102: NAME_FILE_GRAPH: Parametr_Graph/test672,txt | I102: ANT_SIZE: 500 | J102: KOL_ITERATION: 500 | K102: KOL_PROGON_STATISTICS: 50 | L102: PARAMETR_Q: 1 | M102: PARAMETR_RO: 0,999 | N102: TYPE_ACO: 1 | O102: ACOCCyN_KOL_ITERATION: 50, MAX_PARAMETR_VALUE_TO_MIN_OPT: 1, HASH_TABLE_SIZE: 67108864, MAX_PROBES: 10000, MAX_THREAD_CUDA: 512, CPU_RANDOM: 0, KOL_THREAD_CPU_ANT: 12, CONST_RANDOM: 100000, MAX_CONST: 8192, OPTIMIZE: OPTIMIZE_MIN_1 | P102: FUNCTION: SHAFFERA GO_ALG_MINMAX: 1(1, 1000)
A103: Run Original ACO0 | B103: 306.399 | C103: 286.605 | D103: 4.95118 | E103: 125.925 | F103: 116.865 | G103: 19.7936 | H103: 100 | I103: 100 | J103: 2.17123 | K103: 0.179898 | L103: 0.835683
A104: Run Original ACO1 | B104: 306.923 | C104: 287.407 | D104: 4.9444 | E104: 126.223 | F104: 117.497 | G104: 19.5159 | H104: 100 | I104: 100 | J104: 2.16752 | K104: 0.17849 | L104: 0.831435
A105: Run Original ACO2 | B105: 306.945 | C105: 287.137 | D105: 4.95083 | E105: 126.15 | F105: 117.19 | G105: 19.8077 | H105: 100 | I105: 100 | J105: 2.16737 | K105: 0.17846 | L105: 0.836959
A106: Run Original ACO3 | B106: 306.847 | C106: 287.736 | D106: 4.92571 | E106: 126.768 | F106: 117.484 | G106: 19.1119 | H106: 100 | I106: 100 | J106: 2.16806 | K106: 0.178455 | L106: 0.806473
A107: Run Original ACO4 | B107: 306.575 | C107: 286.882 | D107: 4.9347 | E107: 125.643 | F107: 117.389 | G107: 19.693 | H107: 100 | I107: 100 | J107: 2.16998 | K107: 0.178474 | L107: 0.836095
A108: Run Original ACO5 | B108: 307.081 | C108: 287.507 | D108: 4.96951 | E108: 125.939 | F108: 117.687 | G108: 19.5739 | H108: 100 | I108: 100 | J108: 2.16641 | K108: 0.148585 | L108: 0.836938
A109: Run Original ACO6 | B109: 307.516 | C109: 287.646 | D109: 4.93979 | E109: 126.377 | F109: 117.632 | G109: 19.8695 | H109: 100 | I109: 100 | J109: 2.16334 | K109: 0.178565 | L109: 0.837047
A110: Run Original ACO7 | B110: 306.407 | C110: 286.788 | D110: 4.96257 | E110: 125.707 | F110: 117.591 | G110: 19.6183 | H110: 100 | I110: 100 | J110: 2.17117 | K110: 0.147115 | L110: 0.821694
A111: Run Original ACO8 | B111: 306.241 | C111: 286.618 | D111: 4.94263 | E111: 125.738 | F111: 117.553 | G111: 19.6235 | H111: 100 | I111: 100 | J111: 2.17235 | K111: 0.178543 | L111: 0.836625
A112: Run Original ACO9 | B112: 307.204 | C112: 287.702 | D112: 4.92254 | E112: 126.28 | F112: 117.433 | G112: 19.5021 | H112: 100 | I112: 100 | J112: 2.16554 | K112: 0.160525 | L112: 0.836018
A113: Run Original ACO10 | B113: 306.801 | C113: 287.434 | D113: 4.9371 | E113: 125.807 | F113: 117.943 | G113: 19.3664 | H113: 100 | I113: 100 | J113: 2.16839 | K113: 0.14789 | L113: 0.828212
A114: Run Original ACO11 | B114: 306.933 | C114: 287.54 | D114: 4.93943 | E114: 125.872 | F114: 117.649 | G114: 19.3923 | H114: 100 | I114: 100 | J114: 2.16745 | K114: 0.171734 | L114: 0.85672
... A202: Run Combined Run49 | B202: 266.927 | C202: 240.98 | D202: 90.9296 | E202: 124.845 | F202: 0 | G202: 25.9464 | H202: 100 | I202: 100 | J202: 2.5392 | K202: 0.178625 | L202: 0.836765
A203: Device 0: NVIDIA GeForce RTX 3060 | B203: Max thread in blocks: 1024 Total Global Memory: 12287,4 MB GPU Global Memory Usage: 1,36248 MB GPU Global Memory Hash Table: 1024 MB Max PARAMETR_SIZE in GPU Global Memory: 5570990 Shared memory per block: 49152 bytes (48 KB) Shared memory per multiprocessor: 102400 bytes (100 KB) Data size in Shared memory per block: 5376 bytes (5,25 KB) Constant Memory: 65536 bytes Parameter data size (in Constant Memory): 26880 bytes (26,25 KB) Registers per Block: 65536 Warp Size: 32 Compute Capability: 8,6 Can Map Host Memory: Yes Clock Rate: 1777 MHz L2 Cache Size: 2359296 bytes Multiprocessor Count: 28 | C203: Max thread in blocks by axis: (1024, 1024, 64) | D203: Max blocks by axis: (2147483647, 65535, 65535) | E203: PARAMETR_SIZE: 672 | F203: PARAMETR_SIZE_ONE_X: 21 | G203: MAX_VALUE_SIZE: 5 | H203: NAME_FILE_GRAPH: Parametr_Graph/test672,txt | I203: ANT_SIZE: 500 | J203: KOL_ITERATION: 500 | K203: KOL_PROGON_STATISTICS: 50 | L203: PARAMETR_Q: 1 | M203: PARAMETR_RO: 0,999 | N203: TYPE_ACO: 1 | O203: ACOCCyN_KOL_ITERATION: 50, MAX_PARAMETR_VALUE_TO_MIN_OPT: 1, HASH_TABLE_SIZE: 67108864, MAX_PROBES: 10000, MAX_THREAD_CUDA: 512, CPU_RANDOM: 0, KOL_THREAD_CPU_ANT: 12, CONST_RANDOM: 100000, MAX_CONST: 8192, OPTIMIZE: OPTIMIZE_MIN_1 | P203: FUNCTION: SHAFFERA GO_ALG_MINMAX: 1(1, 1000)
A204: Run Original ACO0 | B204: 305.269 | C204: 285.608 | D204: 4.91892 | E204: 125.368 | F204: 116.482 | G204: 19.6611 | H204: 100 | I204: 100 | J204: 2.17926 | K204: 0.178653 | L204: 0.836561
A205: Run Original ACO1 | B205: 303.38 | C205: 283.969 | D205: 4.89873 | E205: 124.564 | F205: 115.816 | G205: 19.4113 | H205: 100 | I205: 100 | J205: 2.19283 | K205: 0.178944 | L205: 0.806468
A206: Run Original ACO2 | B206: 303.613 | C206: 284.04 | D206: 4.89703 | E206: 124.924 | F206: 115.398 | G206: 19.5723 | H206: 100 | I206: 100 | J206: 2.19116 | K206: 0.178458 | L206: 0.836476
A207: Run Original ACO3 | B207: 303.789 | C207: 284.104 | D207: 4.89396 | E207: 124.796 | F207: 115.38 | G207: 19.6844 | H207: 100 | I207: 100 | J207: 2.18988 | K207: 0.178472 | L207: 0.832311
A208: Run Original ACO4 | B208: 303.095 | C208: 283.777 | D208: 4.92228 | E208: 124.76 | F208: 115.595 | G208: 19.3178 | H208: 100 | I208: 100 | J208: 2.1949 | K208: 0.147123 | L208: 0.828523
A209: Run Original ACO5 | B209: 303.352 | C209: 283.681 | D209: 4.90545 | E209: 124.756 | F209: 115.337 | G209: 19.6709 | H209: 100 | I209: 100 | J209: 2.19304 | K209: 0.178629 | L209: 0.830304
A210: Run Original ACO6 | B210: 303.18 | C210: 283.668 | D210: 4.88846 | E210: 124.856 | F210: 115.287 | G210: 19.5119 | H210: 99.9996 | I210: 100 | J210: 2.19428 | K210: 0.17847 | L210: 0.836896
A211: Run Original ACO7 | B211: 303.398 | C211: 283.85 | D211: 4.90833 | E211: 124.897 | F211: 115.431 | G211: 19.5482 | H211: 100 | I211: 100 | J211: 2.19271 | K211: 0.178455 | L211: 0.822112
A212: Run Original ACO8 | B212: 303.3 | C212: 283.898 | D212: 4.90161 | E212: 124.925 | F212: 115.243 | G212: 19.4019 | H212: 100 | I212: 100 | J212: 2.19341 | K212: 0.178601 | L212: 0.806472
A213: Run Original ACO9 | B213: 303.176 | C213: 283.821 | D213: 4.91498 | E213: 124.875 | F213: 115.271 | G213: 19.3546 | H213: 100 | I213: 100 | J213: 2.19431 | K213: 0.178532 | L213: 0.806462
A214: Run Original ACO10 | B214: 303.343 | C214: 284.014 | D214: 4.91777 | E214: 125.181 | F214: 115.325 | G214: 19.3297 | H214: 100 | I214: 100 | J214: 2.1931 | K214: 0.178548 | L214: 0.80645
A215: Run Original ACO11 | B215: 303.54 | C215: 284.195 | D215: 4.90778 | E215: 125.052 | F215: 115.265 | G215: 19.3454 | H215: 100 | I215: 100 | J215: 2.19168 | K215: 0.178726 | L215: 0.806465
... A303: Run Combined Run49 | B303: 257.525 | C303: 235.622 | D303: 90.0719 | E303: 124.782 | F303: 0 | G303: 21.9028 | H303: 100 | I303: 100 | J303: 2.6319 | K303: 0.196039 | L303: 0.805887
A304: Device 0: NVIDIA GeForce RTX 3060 | B304: Max thread in blocks: 1024 Total Global Memory: 12287,4 MB GPU Global Memory Usage: 1,36248 MB GPU Global Memory Hash Table: 1024 MB Max PARAMETR_SIZE in GPU Global Memory: 5570990 Shared memory per block: 49152 bytes (48 KB) Shared memory per multiprocessor: 102400 bytes (100 KB) Data size in Shared memory per block: 5376 bytes (5,25 KB) Constant Memory: 65536 bytes Parameter data size (in Constant Memory): 26880 bytes (26,25 KB) Registers per Block: 65536 Warp Size: 32 Compute Capability: 8,6 Can Map Host Memory: Yes Clock Rate: 1777 MHz L2 Cache Size: 2359296 bytes Multiprocessor Count: 28 | C304: Max thread in blocks by axis: (1024, 1024, 64) | D304: Max blocks by axis: (2147483647, 65535, 65535) | E304: PARAMETR_SIZE: 672 | F304: PARAMETR_SIZE_ONE_X: 21 | G304: MAX_VALUE_SIZE: 5 | H304: NAME_FILE_GRAPH: Parametr_Graph/test672,txt | I304: ANT_SIZE: 500 | J304: KOL_ITERATION: 500 | K304: KOL_PROGON_STATISTICS: 50 | L304: PARAMETR_Q: 1 | M304: PARAMETR_RO: 0,999 | N304: TYPE_ACO: 1 | O304: ACOCCyN_KOL_ITERATION: 50, MAX_PARAMETR_VALUE_TO_MIN_OPT: 1, HASH_TABLE_SIZE: 67108864, MAX_PROBES: 10000, MAX_THREAD_CUDA: 512, CPU_RANDOM: 0, KOL_THREAD_CPU_ANT: 12, CONST_RANDOM: 100000, MAX_CONST: 8192, OPTIMIZE: OPTIMIZE_MIN_1 | P304: FUNCTION: SHAFFERA GO_ALG_MINMAX: 1(1, 1000)
A305: Run Original ACO0 | B305: 314.003 | C305: 289.94 | D305: 4.93978 | E305: 124.437 | F305: 116.595 | G305: 24.0628 | H305: 100 | I305: 100 | J305: 2.11865 | K305: 0.148181 | L305: 0.835356
A306: Run Original ACO1 | B306: 313.823 | C306: 290.004 | D306: 4.9562 | E306: 124.212 | F306: 116.863 | G306: 23.8184 | H306: 100 | I306: 100 | J306: 2.11987 | K306: 0.148007 | L306: 0.836923
A307: Run Original ACO2 | B307: 314.159 | C307: 290.175 | D307: 4.91585 | E307: 124.854 | F307: 116.499 | G307: 23.9833 | H307: 100 | I307: 100 | J307: 2.1176 | K307: 0.148203 | L307: 0.836803
A308: Run Original ACO3 | B308: 314.097 | C308: 290.296 | D308: 4.90538 | E308: 124.711 | F308: 116.439 | G308: 23.8008 | H308: 100 | I308: 100 | J308: 2.11802 | K308: 0.147268 | L308: 0.838027
A309: Run Original ACO4 | B309: 316.222 | C309: 291.285 | D309: 4.88926 | E309: 124.77 | F309: 116.476 | G309: 24.9376 | H309: 100 | I309: 100 | J309: 2.10378 | K309: 0.14722 | L309: 0.836998
A310: Run Original ACO5 | B310: 313.871 | C310: 290.038 | D310: 4.88977 | E310: 124.735 | F310: 116.607 | G310: 23.8338 | H310: 100 | I310: 100 | J310: 2.11954 | K310: 0.151262 | L310: 0.83366
A311: Run Original ACO6 | B311: 314.048 | C311: 290.168 | D311: 4.92043 | E311: 124.761 | F311: 116.705 | G311: 23.8801 | H311: 100 | I311: 100 | J311: 2.11835 | K311: 0.178456 | L311: 0.836997
A312: Run Original ACO7 | B312: 314.366 | C312: 290.249 | D312: 4.92452 | E312: 124.631 | F312: 116.543 | G312: 24.1178 | H312: 100 | I312: 100 | J312: 2.1162 | K312: 0.171923 | L312: 0.836523
A313: Run Original ACO8 | B313: 314 | C313: 289.92 | D313: 4.89924 | E313: 124.585 | F313: 116.502 | G313: 24.0804 | H313: 100 | I313: 100 | J313: 2.11867 | K313: 0.151905 | L313: 0.836272
A314: Run Original ACO9 | B314: 313.987 | C314: 289.93 | D314: 4.93786 | E314: 124.422 | F314: 116.539 | G314: 24.0567 | H314: 100 | I314: 100 | J314: 2.11876 | K314: 0.178455 | L314: 0.835858
A315: Run Original ACO10 | B315: 313.968 | C315: 289.819 | D315: 4.93774 | E315: 124.853 | F315: 116.342 | G315: 24.1488 | H315: 100 | I315: 100 | J315: 2.11888 | K315: 0.17847 | L315: 0.836078
A316: Run Original ACO11 | B316: 314.022 | C316: 289.78 | D316: 4.92609 | E316: 124.422 | F316: 116.681 | G316: 24.2416 | H316: 100 | I316: 100 | J316: 2.11852 | K316: 0.155911 | L316: 0.837051
... A404: Run Combined Run49 | B404: 280.444 | C404: 245.828 | D404: 91.1611 | E404: 124.933 | F404: 0 | G404: 34.6158 | H404: 100 | I404: 100 | J404: 2.41681 | K404: 0.147265 | L404: 0.834345
A405: Device 0: NVIDIA GeForce RTX 3060 | B405: Max thread in blocks: 1024 Total Global Memory: 12287,4 MB GPU Global Memory Usage: 1,36248 MB GPU Global Memory Hash Table: 1024 MB Max PARAMETR_SIZE in GPU Global Memory: 5570990 Shared memory per block: 49152 bytes (48 KB) Shared memory per multiprocessor: 102400 bytes (100 KB) Data size in Shared memory per block: 5376 bytes (5,25 KB) Constant Memory: 65536 bytes Parameter data size (in Constant Memory): 26880 bytes (26,25 KB) Registers per Block: 65536 Warp Size: 32 Compute Capability: 8,6 Can Map Host Memory: Yes Clock Rate: 1777 MHz L2 Cache Size: 2359296 bytes Multiprocessor Count: 28 | C405: Max thread in blocks by axis: (1024, 1024, 64) | D405: Max blocks by axis: (2147483647, 65535, 65535) | E405: PARAMETR_SIZE: 672 | F405: PARAMETR_SIZE_ONE_X: 21 | G405: MAX_VALUE_SIZE: 5 | H405: NAME_FILE_GRAPH: Parametr_Graph/test672,txt | I405: ANT_SIZE: 500 | J405: KOL_ITERATION: 500 | K405: KOL_PROGON_STATISTICS: 50 | L405: PARAMETR_Q: 1 | M405: PARAMETR_RO: 0,999 | N405: TYPE_ACO: 1 | O405: ACOCCyN_KOL_ITERATION: 50, MAX_PARAMETR_VALUE_TO_MIN_OPT: 1, HASH_TABLE_SIZE: 67108864, MAX_PROBES: 10000, MAX_THREAD_CUDA: 512, CPU_RANDOM: 0, KOL_THREAD_CPU_ANT: 12, CONST_RANDOM: 100000, MAX_CONST: 8192, OPTIMIZE: OPTIMIZE_MIN_1 | P405: FUNCTION: SHAFFERA GO_ALG_MINMAX: 1(1, 1000)
A406: Run Original ACO0 | B406: 304.294 | C406: 285.052 | D406: 4.9106 | E406: 125.145 | F406: 116.316 | G406: 19.2427 | H406: 100 | I406: 100 | J406: 2.18624 | K406: 0.150487 | L406: 0.836863
A407: Run Original ACO1 | B407: 303.862 | C407: 284.365 | D407: 4.921 | E407: 124.451 | F407: 116.42 | G407: 19.497 | H407: 100 | I407: 100 | J407: 2.18936 | K407: 0.162272 | L407: 0.836845
A408: Run Original ACO2 | B408: 304.934 | C408: 285.545 | D408: 4.91143 | E408: 124.998 | F408: 116.613 | G408: 19.3883 | H408: 100 | I408: 100 | J408: 2.18166 | K408: 0.178455 | L408: 0.837052
A409: Run Original ACO3 | B409: 303.827 | C409: 284.575 | D409: 4.91441 | E409: 124.336 | F409: 116.621 | G409: 19.252 | H409: 100 | I409: 100 | J409: 2.18961 | K409: 0.171392 | L409: 0.837041
A410: Run Original ACO4 | B410: 304.05 | C410: 284.672 | D410: 4.88481 | E410: 124.902 | F410: 116.345 | G410: 19.3785 | H410: 100 | I410: 100 | J410: 2.188 | K410: 0.161996 | L410: 0.836715
A411: Run Original ACO5 | B411: 303.961 | C411: 284.464 | D411: 4.9025 | E411: 124.504 | F411: 116.331 | G411: 19.4973 | H411: 100 | I411: 100 | J411: 2.18864 | K411: 0.178552 | L411: 0.836359
A412: Run Original ACO6 | B412: 303.984 | C412: 284.757 | D412: 4.91454 | E412: 124.94 | F412: 116.308 | G412: 19.227 | H412: 100 | I412: 100 | J412: 2.18848 | K412: 0.178454 | L412: 0.836974
A413: Run Original ACO7 | B413: 303.885 | C413: 284.279 | D413: 4.92311 | E413: 124.517 | F413: 116.242 | G413: 19.6069 | H413: 100 | I413: 100 | J413: 2.18919 | K413: 0.178474 | L413: 0.836986
A414: Run Original ACO8 | B414: 303.669 | C414: 284.016 | D414: 4.90833 | E414: 124.367 | F414: 115.988 | G414: 19.653 | H414: 100 | I414: 100 | J414: 2.19075 | K414: 0.17847 | L414: 0.837051
A415: Run Original ACO9 | B415: 304.074 | C415: 284.174 | D415: 4.90583 | E415: 124.192 | F415: 116.21 | G415: 19.8999 | H415: 100 | I415: 100 | J415: 2.18783 | K415: 0.178529 | L415: 0.836067
A416: Run Original ACO10 | B416: 303.909 | C416: 284.577 | D416: 4.90823 | E416: 124.656 | F416: 116.468 | G416: 19.3323 | H416: 100 | I416: 100 | J416: 2.18902 | K416: 0.147127 | L416: 0.836944
A417: Run Original ACO11 | B417: 303.703 | C417: 284.269 | D417: 4.90884 | E417: 124.549 | F417: 116.02 | G417: 19.4342 | H417: 100 | I417: 100 | J417: 2.1905 | K417: 0.160298 | L417: 0.832908
... A505: Run Combined Run49 | B505: 256.538 | C505: 236.27 | D505: 91.9218 | E505: 124.635 | F505: 0 | G505: 20.2677 | H505: 100 | I505: 100 | J505: 2.64203 | K505: 0.147105 | L505: 0.899893
A506: Device 0: NVIDIA GeForce RTX 3060 | B506: Max thread in blocks: 1024 Total Global Memory: 12287,4 MB GPU Global Memory Usage: 1,36248 MB GPU Global Memory Hash Table: 1024 MB Max PARAMETR_SIZE in GPU Global Memory: 5570990 Shared memory per block: 49152 bytes (48 KB) Shared memory per multiprocessor: 102400 bytes (100 KB) Data size in Shared memory per block: 5376 bytes (5,25 KB) Constant Memory: 65536 bytes Parameter data size (in Constant Memory): 26880 bytes (26,25 KB) Registers per Block: 65536 Warp Size: 32 Compute Capability: 8,6 Can Map Host Memory: Yes Clock Rate: 1777 MHz L2 Cache Size: 2359296 bytes Multiprocessor Count: 28 | C506: Max thread in blocks by axis: (1024, 1024, 64) | D506: Max blocks by axis: (2147483647, 65535, 65535) | E506: PARAMETR_SIZE: 672 | F506: PARAMETR_SIZE_ONE_X: 21 | G506: MAX_VALUE_SIZE: 5 | H506: NAME_FILE_GRAPH: Parametr_Graph/test672,txt | I506: ANT_SIZE: 500 | J506: KOL_ITERATION: 500 | K506: KOL_PROGON_STATISTICS: 50 | L506: PARAMETR_Q: 1 | M506: PARAMETR_RO: 0,999 | N506: TYPE_ACO: 1 | O506: ACOCCyN_KOL_ITERATION: 50, MAX_PARAMETR_VALUE_TO_MIN_OPT: 1, HASH_TABLE_SIZE: 67108864, MAX_PROBES: 10000, MAX_THREAD_CUDA: 512, CPU_RANDOM: 0, KOL_THREAD_CPU_ANT: 12, CONST_RANDOM: 100000, MAX_CONST: 8192, OPTIMIZE: OPTIMIZE_MIN_1 | P506: FUNCTION: SHAFFERA GO_ALG_MINMAX: 1(1, 1000)
A507: Run Original ACO0 | B507: 304.411 | C507: 284.831 | D507: 4.92161 | E507: 124.444 | F507: 116.748 | G507: 19.5795 | H507: 100 | I507: 100 | J507: 2.18541 | K507: 0.155183 | L507: 0.836676
A508: Run Original ACO1 | B508: 303.713 | C508: 284.481 | D508: 4.90881 | E508: 124.111 | F508: 116.815 | G508: 19.2319 | H508: 100 | I508: 100 | J508: 2.19043 | K508: 0.148982 | L508: 0.83705
A509: Run Original ACO2 | B509: 304.596 | C509: 284.977 | D509: 4.92798 | E509: 124.73 | F509: 116.447 | G509: 19.619 | H509: 100 | I509: 100 | J509: 2.18408 | K509: 0.147958 | L509: 0.837001
A510: Run Original ACO3 | B510: 304.298 | C510: 284.45 | D510: 4.90561 | E510: 124.278 | F510: 116.426 | G510: 19.848 | H510: 100 | I510: 100 | J510: 2.18622 | K510: 0.147191 | L510: 0.836598
A511: Run Original ACO4 | B511: 304.162 | C511: 284.415 | D511: 4.91252 | E511: 124.202 | F511: 116.733 | G511: 19.7471 | H511: 100 | I511: 100 | J511: 2.1872 | K511: 0.151467 | L511: 0.842363
A512: Run Original ACO5 | B512: 304.335 | C512: 284.892 | D512: 4.91159 | E512: 124.831 | F512: 116.741 | G512: 19.4436 | H512: 100 | I512: 100 | J512: 2.18595 | K512: 0.158122 | L512: 0.837023
A513: Run Original ACO6 | B513: 304.837 | C513: 284.897 | D513: 4.89899 | E513: 124.479 | F513: 116.524 | G513: 19.94 | H513: 99.9996 | I513: 100 | J513: 2.18235 | K513: 0.148745 | L513: 0.836979
A514: Run Original ACO7 | B514: 304.61 | C514: 285.437 | D514: 4.88958 | E514: 125.154 | F514: 116.887 | G514: 19.1725 | H514: 100 | I514: 100 | J514: 2.18398 | K514: 0.149672 | L514: 0.837043
A515: Run Original ACO8 | B515: 304.376 | C515: 284.552 | D515: 4.89847 | E515: 124.433 | F515: 116.478 | G515: 19.8242 | H515: 100 | I515: 100 | J515: 2.18566 | K515: 0.14764 | L515: 0.836977
A516: Run Original ACO9 | B516: 304.352 | C516: 285.108 | D516: 4.88993 | E516: 124.669 | F516: 116.76 | G516: 19.244 | H516: 100 | I516: 100 | J516: 2.18584 | K516: 0.149261 | L516: 0.837047
A517: Run Original ACO10 | B517: 304.554 | C517: 285.165 | D517: 4.90171 | E517: 124.701 | F517: 116.626 | G517: 19.3892 | H517: 100 | I517: 100 | J517: 2.18438 | K517: 0.148534 | L517: 0.837052
A518: Run Original ACO11 | B518: 304.634 | C518: 284.836 | D518: 4.89175 | E518: 124.499 | F518: 116.706 | G518: 19.7976 | H518: 100 | I518: 100 | J518: 2.18381 | K518: 0.158572 | L518: 0.86839
... A606: Run Combined Run49 | B606: 256.5 | C606: 236.223 | D606: 91.1657 | E606: 125.368 | F606: 0 | G606: 20.2772 | H606: 100 | I606: 100 | J606: 2.64241 | K606: 0.14947 | L606: 0.836938

Sheet t1344
A1: Device 0: NVIDIA GeForce RTX 3060 | B1: Max thread in blocks: 1024 Total Global Memory: 12287,4 MB GPU Global Memory Usage: 2,72112 MB GPU Global Memory Hash Table: 1024 MB Max PARAMETR_SIZE in GPU Global Memory: 5570990 Shared memory per block: 49152 bytes (48 KB) Shared memory per multiprocessor: 102400 bytes (100 KB) Data size in Shared memory per block: 10752 bytes (10,5 KB) Constant Memory: 65536 bytes Parameter data size (in Constant Memory): 53760 bytes (52,5 KB) Registers per Block: 65536 Warp Size: 32 Compute Capability: 8,6 Can Map Host Memory: Yes Clock Rate: 1777 MHz L2 Cache Size: 2359296 bytes Multiprocessor Count: 28 | C1: Max thread in blocks by axis: (1024, 1024, 64) | D1: Max blocks by axis: (2147483647, 65535, 65535) | E1: PARAMETR_SIZE: 1344 | F1: PARAMETR_SIZE_ONE_X: 21 | G1: MAX_VALUE_SIZE: 5 | H1: NAME_FILE_GRAPH: Parametr_Graph/test1344,txt | I1: ANT_SIZE: 500 | J1: KOL_ITERATION: 500 | K1: KOL_PROGON_STATISTICS: 50 | L1: PARAMETR_Q: 1 | M1: PARAMETR_RO: 0,999 | N1: TYPE_ACO: 1 | O1: ACOCCyN_KOL_ITERATION: 50, MAX_PARAMETR_VALUE_TO_MIN_OPT: 1, HASH_TABLE_SIZE: 67108864, MAX_PROBES: 10000, MAX_THREAD_CUDA: 512, CPU_RANDOM: 0, KOL_THREAD_CPU_ANT: 12, CONST_RANDOM: 100000, MAX_CONST: 8192, OPTIMIZE: OPTIMIZE_MIN_1 | P1: FUNCTION: SHAFFERA GO_ALG_MINMAX: 1(1, 1000)
A2: Run Original ACO0 | B2: 450.641 | C2: 418.582 | D2: 5.2721 | E2: 218.131 | F2: 131.324 | G2: 32.058 | H2: 100 | I2: 100 | J2: 2.94839 | K2: 0.283262 | L2: 0.706167
A3: Run Original ACO1 | B3: 448.735 | C3: 417.226 | D3: 5.25668 | E3: 218.021 | F3: 131.347 | G3: 31.5097 | H3: 100 | I3: 100 | J3: 2.9609 | K3: 0.283378 | L3: 0.706411
A4: Run Original ACO2 | B4: 447.102 | C4: 416.398 | D4: 5.245 | E4: 217.945 | F4: 131.549 | G4: 30.7033 | H4: 100 | I4: 100 | J4: 2.97172 | K4: 0.283143 | L4: 0.706524
A5: Run Original ACO3 | B5: 447.531 | C5: 416.732 | D5: 5.24811 | E5: 217.939 | F5: 131.364 | G5: 30.7997 | H5: 100 | I5: 100 | J5: 2.96887 | K5: 0.292558 | L5: 0.706532
A6: Run Original ACO4 | B6: 448.433 | C6: 417.399 | D6: 5.29246 | E6: 218.34 | F6: 131.131 | G6: 31.0333 | H6: 100 | I6: 100 | J6: 2.9629 | K6: 0.287326 | L6: 0.70653
A7: Run Original ACO5 | B7: 447.322 | C7: 416.637 | D7: 5.27409 | E7: 218.281 | F7: 131.418 | G7: 30.6853 | H7: 100 | I7: 100 | J7: 2.97026 | K7: 0.303291 | L7: 0.706269
A8: Run Original ACO6 | B8: 448.071 | C8: 416.806 | D8: 5.28903 | E8: 217.794 | F8: 131.434 | G8: 31.2643 | H8: 100 | I8: 100 | J8: 2.96529 | K8: 0.293637 | L8: 0.706278
A9: Run Original ACO7 | B9: 440.252 | C9: 411.95 | D9: 5.28676 | E9: 218.059 | F9: 131.706 | G9: 28.3014 | H9: 100 | I9: 100 | J9: 3.01796 | K9: 0.303293 | L9: 0.706519
A10: Run Original ACO8 | B10: 447.208 | C10: 416.61 | D10: 5.26148 | E10: 218.063 | F10: 131.681 | G10: 30.5979 | H10: 100 | I10: 100 | J10: 2.97102 | K10: 0.283406 | L10: 0.706532
A11: Run Original ACO9 | B11: 447.912 | C11: 417.255 | D11: 5.26516 | E11: 218.53 | F11: 131.323 | G11: 30.6578 | H11: 100 | I11: 100 | J11: 2.96634 | K11: 0.295387 | L11: 0.706532
A12: Run Original ACO10 | B12: 447.948 | C12: 416.93 | D12: 5.25918 | E12: 217.956 | F12: 131.543 | G12: 31.0182 | H12: 100 | I12: 100 | J12: 2.96611 | K12: 0.284485 | L12: 0.705237
A13: Run Original ACO11 | B13: 448.045 | C13: 417.168 | D13: 5.28324 | E13: 218.155 | F13: 131.559 | G13: 30.877 | H13: 100 | I13: 100 | J13: 2.96547 | K13: 0.288059 | L13: 0.706511
... A101: Run Combined Run49 | B101: 395.455 | C101: 361.72 | D101: 109.166 | E101: 220.242 | F101: 0 | G101: 33.7349 | H101: 100 | I101: 100 | J101: 3.42314 | K101: 0.303444 | L101: 0.704082
A102: Device 0: NVIDIA GeForce RTX 3060 | B102: Max thread in blocks: 1024 Total Global Memory: 12287,4 MB GPU Global Memory Usage: 2,72112 MB GPU Global Memory Hash Table: 1024 MB Max PARAMETR_SIZE in GPU Global Memory: 5570990 Shared memory per block: 49152 bytes (48 KB) Shared memory per multiprocessor: 102400 bytes (100 KB) Data size in Shared memory per block: 10752 bytes (10,5 KB) Constant Memory: 65536 bytes Parameter data size (in Constant Memory): 53760 bytes (52,5 KB) Registers per Block: 65536 Warp Size: 32 Compute Capability: 8,6 Can Map Host Memory: Yes Clock Rate: 1777 MHz L2 Cache Size: 2359296 bytes Multiprocessor Count: 28 | C102: Max thread in blocks by axis: (1024, 1024, 64) | D102: Max blocks by axis: (2147483647, 65535, 65535) | E102: PARAMETR_SIZE: 1344 | F102: PARAMETR_SIZE_ONE_X: 21 | G102: MAX_VALUE_SIZE: 5 | H102: NAME_FILE_GRAPH: Parametr_Graph/test1344,txt | I102: ANT_SIZE: 500 | J102: KOL_ITERATION: 500 | K102: KOL_PROGON_STATISTICS: 50 | L102: PARAMETR_Q: 1 | M102: PARAMETR_RO: 0,999 | N102: TYPE_ACO: 1 | O102: ACOCCyN_KOL_ITERATION: 50, MAX_PARAMETR_VALUE_TO_MIN_OPT: 1, HASH_TABLE_SIZE: 67108864, MAX_PROBES: 10000, MAX_THREAD_CUDA: 512, CPU_RANDOM: 0, KOL_THREAD_CPU_ANT: 12, CONST_RANDOM: 100000, MAX_CONST: 8192, OPTIMIZE: OPTIMIZE_MIN_1 | P102: FUNCTION: SHAFFERA GO_ALG_MINMAX: 1(1, 1000)
A103: Run Original ACO0 | B103: 470.559 | C103: 438.148 | D103: 5.05448 | E103: 238.414 | F103: 129.638 | G103: 32.4117 | H103: 100 | I103: 100 | J103: 2.82358 | K103: 0.293199 | L103: 0.706532
A104: Run Original ACO1 | B104: 467.294 | C104: 436.044 | D104: 5.03026 | E104: 238.987 | F104: 129.374 | G104: 31.2502 | H104: 100 | I104: 100 | J104: 2.84331 | K104: 0.283089 | L104: 0.717926
A105: Run Original ACO2 | B105: 465.222 | C105: 434.448 | D105: 5.03922 | E105: 238.463 | F105: 129.362 | G105: 30.7747 | H105: 100 | I105: 100 | J105: 2.85597 | K105: 0.283103 | L105: 0.725152
A106: Run Original ACO3 | B106: 467.369 | C106: 436.078 | D106: 5.03419 | E106: 238.51 | F106: 129.776 | G106: 31.2905 | H106: 100 | I106: 100 | J106: 2.84286 | K106: 0.283244 | L106: 0.706522
A107: Run Original ACO4 | B107: 467.017 | C107: 435.567 | D107: 5.04069 | E107: 238.217 | F107: 129.639 | G107: 31.4503 | H107: 100 | I107: 100 | J107: 2.845 | K107: 0.283111 | L107: 0.706532
A108: Run Original ACO5 | B108: 467.183 | C108: 436.243 | D108: 5.02993 | E108: 238.843 | F108: 129.308 | G108: 30.9398 | H108: 100 | I108: 100 | J108: 2.84399 | K108: 0.283909 | L108: 0.727426
A109: Run Original ACO6 | B109: 466.77 | C109: 435.539 | D109: 5.04078 | E109: 238.191 | F109: 129.714 | G109: 31.2309 | H109: 100 | I109: 100 | J109: 2.8465 | K109: 0.283101 | L109: 0.706505
A110: Run Original ACO7 | B110: 467.287 | C110: 436.06 | D110: 5.01822 | E110: 238.508 | F110: 129.821 | G110: 31.2269 | H110: 100 | I110: 100 | J110: 2.84336 | K110: 0.284962 | L110: 0.727156
A111: Run Original ACO8 | B111: 464.757 | C111: 434.386 | D111: 5.05291 | E111: 238.494 | F111: 129.58 | G111: 30.3708 | H111: 100 | I111: 100 | J111: 2.85883 | K111: 0.283106 | L111: 0.727228
A112: Run Original ACO9 | B112: 466.149 | C112: 435.097 | D112: 5.0301 | E112: 238.812 | F112: 129.525 | G112: 31.0521 | H112: 100 | I112: 100 | J112: 2.8503 | K112: 0.283095 | L112: 0.726916
A113: Run Original ACO10 | B113: 467.659 | C113: 436.088 | D113: 5.03691 | E113: 238.766 | F113: 129.4 | G113: 31.571 | H113: 100 | I113: 100 | J113: 2.84109 | K113: 0.283089 | L113: 0.706497
A114: Run Original ACO11 | B114: 467.553 | C114: 436.306 | D114: 5.05186 | E114: 238.884 | F114: 129.643 | G114: 31.2469 | H114: 100 | I114: 100 | J114: 2.84174 | K114: 0.283277 | L114: 0.706532
... A202: Run Combined Run49 | B202: 403.818 | C202: 374.931 | D202: 109.792 | E202: 241.448 | F202: 0 | G202: 28.887 | H202: 100 | I202: 100 | J202: 3.35224 | K202: 0.283078 | L202: 0.727874
A203: Device 0: NVIDIA GeForce RTX 3060 | B203: Max thread in blocks: 1024 Total Global Memory: 12287,4 MB GPU Global Memory Usage: 2,72112 MB GPU Global Memory Hash Table: 1024 MB Max PARAMETR_SIZE in GPU Global Memory: 5570990 Shared memory per block: 49152 bytes (48 KB) Shared memory per multiprocessor: 102400 bytes (100 KB) Data size in Shared memory per block: 10752 bytes (10,5 KB) Constant Memory: 65536 bytes Parameter data size (in Constant Memory): 53760 bytes (52,5 KB) Registers per Block: 65536 Warp Size: 32 Compute Capability: 8,6 Can Map Host Memory: Yes Clock Rate: 1777 MHz L2 Cache Size: 2359296 bytes Multiprocessor Count: 28 | C203: Max thread in blocks by axis: (1024, 1024, 64) | D203: Max blocks by axis: (2147483647, 65535, 65535) | E203: PARAMETR_SIZE: 1344 | F203: PARAMETR_SIZE_ONE_X: 21 | G203: MAX_VALUE_SIZE: 5 | H203: NAME_FILE_GRAPH: Parametr_Graph/test1344,txt | I203: ANT_SIZE: 500 | J203: KOL_ITERATION: 500 | K203: KOL_PROGON_STATISTICS: 50 | L203: PARAMETR_Q: 1 | M203: PARAMETR_RO: 0,999 | N203: TYPE_ACO: 1 | O203: ACOCCyN_KOL_ITERATION: 50, MAX_PARAMETR_VALUE_TO_MIN_OPT: 1, HASH_TABLE_SIZE: 67108864, MAX_PROBES: 10000, MAX_THREAD_CUDA: 512, CPU_RANDOM: 0, KOL_THREAD_CPU_ANT: 12, CONST_RANDOM: 100000, MAX_CONST: 8192, OPTIMIZE: OPTIMIZE_MIN_1 | P203: FUNCTION: SHAFFERA GO_ALG_MINMAX: 1(1, 1000)
A204: Run Original ACO0 | B204: 467.489 | C204: 435.9 | D204: 5.09144 | E204: 237.847 | F204: 129.177 | G204: 31.5887 | H204: 100 | I204: 100 | J204: 2.84213 | K204: 0.271874 | L204: 0.751172
A205: Run Original ACO1 | B205: 467.598 | C205: 435.901 | D205: 5.09759 | E205: 238.526 | F205: 129.149 | G205: 31.6967 | H205: 100 | I205: 100 | J205: 2.84147 | K205: 0.26089 | L205: 0.7272
A206: Run Original ACO2 | B206: 465.972 | C206: 434.437 | D206: 5.10754 | E206: 237.548 | F206: 129.197 | G206: 31.5348 | H206: 100 | I206: 100 | J206: 2.85138 | K206: 0.283078 | L206: 0.727872
A207: Run Original ACO3 | B207: 466.502 | C207: 435.296 | D207: 5.11087 | E207: 238.676 | F207: 128.985 | G207: 31.2058 | H207: 100 | I207: 100 | J207: 2.84814 | K207: 0.26254 | L207: 0.727748
A208: Run Original ACO4 | B208: 466.342 | C208: 435.253 | D208: 5.09336 | E208: 237.989 | F208: 129.398 | G208: 31.0894 | H208: 100 | I208: 100 | J208: 2.84912 | K208: 0.266565 | L208: 0.727889
A209: Run Original ACO5 | B209: 456.949 | C209: 429.267 | D209: 5.12037 | E209: 238.187 | F209: 129.63 | G209: 27.6828 | H209: 100 | I209: 100 | J209: 2.90768 | K209: 0.283078 | L209: 0.727257
A210: Run Original ACO6 | B210: 448.994 | C210: 424.059 | D210: 5.13903 | E210: 238.682 | F210: 129.866 | G210: 24.9358 | H210: 100 | I210: 100 | J210: 2.9592 | K210: 0.27478 | L210: 0.727842
A211: Run Original ACO7 | B211: 466.306 | C211: 435.101 | D211: 5.10891 | E211: 238.207 | F211: 129.114 | G211: 31.2049 | H211: 100 | I211: 100 | J211: 2.84933 | K211: 0.260728 | L211: 0.727898
A212: Run Original ACO8 | B212: 466.499 | C212: 435.491 | D212: 5.0924 | E212: 238.848 | F212: 129.237 | G212: 31.0074 | H212: 99.9988 | I212: 100 | J212: 2.84816 | K212: 0.261589 | L212: 0.727856
A213: Run Original ACO9 | B213: 466.755 | C213: 435.358 | D213: 5.09503 | E213: 238.202 | F213: 129.191 | G213: 31.3973 | H213: 100 | I213: 100 | J213: 2.84659 | K213: 0.268866 | L213: 0.727893
A214: Run Original ACO10 | B214: 465.91 | C214: 434.968 | D214: 5.07618 | E214: 238.135 | F214: 129.581 | G214: 30.9416 | H214: 100 | I214: 100 | J214: 2.85176 | K214: 0.26059 | L214: 0.745908
A215: Run Original ACO11 | B215: 466.029 | C215: 434.726 | D215: 5.09819 | E215: 237.903 | F215: 129.423 | G215: 31.303 | H215: 100 | I215: 100 | J215: 2.85103 | K215: 0.260905 | L215: 0.727872
... A303: Run Combined Run49 | B303: 418.786 | C303: 383.937 | D303: 110.593 | E303: 239.816 | F303: 0 | G303: 34.849 | H303: 100 | I303: 100 | J303: 3.23243 | K303: 0.260739 | L303: 0.744975
A304: Device 0: NVIDIA GeForce RTX 3060 | B304: Max thread in blocks: 1024 Total Global Memory: 12287,4 MB GPU Global Memory Usage: 2,72112 MB GPU Global Memory Hash Table: 1024 MB Max PARAMETR_SIZE in GPU Global Memory: 5570990 Shared memory per block: 49152 bytes (48 KB) Shared memory per multiprocessor: 102400 bytes (100 KB) Data size in Shared memory per block: 10752 bytes (10,5 KB) Constant Memory: 65536 bytes Parameter data size (in Constant Memory): 53760 bytes (52,5 KB) Registers per Block: 65536 Warp Size: 32 Compute Capability: 8,6 Can Map Host Memory: Yes Clock Rate: 1777 MHz L2 Cache Size: 2359296 bytes Multiprocessor Count: 28 | C304: Max thread in blocks by axis: (1024, 1024, 64) | D304: Max blocks by axis: (2147483647, 65535, 65535) | E304: PARAMETR_SIZE: 1344 | F304: PARAMETR_SIZE_ONE_X: 21 | G304: MAX_VALUE_SIZE: 5 | H304: NAME_FILE_GRAPH: Parametr_Graph/test1344,txt | I304: ANT_SIZE: 500 | J304: KOL_ITERATION: 500 | K304: KOL_PROGON_STATISTICS: 50 | L304: PARAMETR_Q: 1 | M304: PARAMETR_RO: 0,999 | N304: TYPE_ACO: 1 | O304: ACOCCyN_KOL_ITERATION: 50, MAX_PARAMETR_VALUE_TO_MIN_OPT: 1, HASH_TABLE_SIZE: 67108864, MAX_PROBES: 10000, MAX_THREAD_CUDA: 512, CPU_RANDOM: 0, KOL_THREAD_CPU_ANT: 12, CONST_RANDOM: 100000, MAX_CONST: 8192, OPTIMIZE: OPTIMIZE_MIN_1 | P304: FUNCTION: SHAFFERA GO_ALG_MINMAX: 1(1, 1000)
A305: Run Original ACO0 | B305: 467.739 | C305: 436.459 | D305: 5.04344 | E305: 238.776 | F305: 130.028 | G305: 31.2798 | H305: 100 | I305: 100 | J305: 2.84061 | K305: 0.262606 | L305: 0.72788
A306: Run Original ACO1 | B306: 461.092 | C306: 432.796 | D306: 5.09704 | E306: 239.594 | F306: 131.111 | G306: 28.2968 | H306: 100 | I306: 100 | J306: 2.88155 | K306: 0.264117 | L306: 0.727323
A307: Run Original ACO2 | B307: 466.167 | C307: 435.598 | D307: 5.05896 | E307: 239.42 | F307: 131.116 | G307: 30.5699 | H307: 100 | I307: 100 | J307: 2.85018 | K307: 0.272483 | L307: 0.727739
A308: Run Original ACO3 | B308: 465.784 | C308: 435.801 | D308: 5.07835 | E308: 239.643 | F308: 131.066 | G308: 29.9825 | H308: 100 | I308: 100 | J308: 2.85253 | K308: 0.28308 | L308: 0.727784
A309: Run Original ACO4 | B309: 469.124 | C309: 437.982 | D309: 5.08683 | E309: 239.718 | F309: 130.845 | G309: 31.1415 | H309: 99.9956 | I309: 100 | J309: 2.83222 | K309: 0.28308 | L309: 0.726562
A310: Run Original ACO5 | B310: 466.576 | C310: 436.259 | D310: 5.06146 | E310: 239.693 | F310: 131.02 | G310: 30.3165 | H310: 100 | I310: 100 | J310: 2.84769 | K310: 0.283306 | L310: 0.727888
A311: Run Original ACO6 | B311: 469.178 | C311: 438.043 | D311: 5.09243 | E311: 239.869 | F311: 131.046 | G311: 31.1351 | H311: 100 | I311: 100 | J311: 2.8319 | K311: 0.283079 | L311: 0.727892
A312: Run Original ACO7 | B312: 468.737 | C312: 437.78 | D312: 5.07019 | E312: 239.665 | F312: 131.036 | G312: 30.9564 | H312: 100 | I312: 100 | J312: 2.83456 | K312: 0.283277 | L312: 0.725945
A313: Run Original ACO8 | B313: 462.762 | C313: 433.831 | D313: 5.0724 | E313: 239.48 | F313: 131.384 | G313: 28.9317 | H313: 100 | I313: 100 | J313: 2.87115 | K313: 0.283079 | L313: 0.726892
A314: Run Original ACO9 | B314: 468.65 | C314: 437.767 | D314: 5.07519 | E314: 240.022 | F314: 131.145 | G314: 30.8829 | H314: 100 | I314: 100 | J314: 2.83508 | K314: 0.283079 | L314: 0.723081
A315: Run Original ACO10 | B315: 469.126 | C315: 437.896 | D315: 5.07445 | E315: 239.657 | F315: 130.908 | G315: 31.2299 | H315: 100 | I315: 100 | J315: 2.83221 | K315: 0.283078 | L315: 0.727565
A316: Run Original ACO11 | B316: 469.316 | C316: 438.184 | D316: 5.07119 | E316: 239.467 | F316: 131.555 | G316: 31.1324 | H316: 100 | I316: 100 | J316: 2.83106 | K316: 0.28309 | L316: 0.71034
... A404: Run Combined Run49 | B404: 415.471 | C404: 381.518 | D404: 108.997 | E404: 240.195 | F404: 0 | G404: 33.9532 | H404: 100 | I404: 100 | J404: 3.25822 | K404: 0.283083 | L404: 0.726873
A405: Device 0: NVIDIA GeForce RTX 3060 | B405: Max thread in blocks: 1024 Total Global Memory: 12287,4 MB GPU Global Memory Usage: 2,72112 MB GPU Global Memory Hash Table: 1024 MB Max PARAMETR_SIZE in GPU Global Memory: 5570990 Shared memory per block: 49152 bytes (48 KB) Shared memory per multiprocessor: 102400 bytes (100 KB) Data size in Shared memory per block: 10752 bytes (10,5 KB) Constant Memory: 65536 bytes Parameter data size (in Constant Memory): 53760 bytes (52,5 KB) Registers per Block: 65536 Warp Size: 32 Compute Capability: 8,6 Can Map Host Memory: Yes Clock Rate: 1777 MHz L2 Cache Size: 2359296 bytes Multiprocessor Count: 28 | C405: Max thread in blocks by axis: (1024, 1024, 64) | D405: Max blocks by axis: (2147483647, 65535, 65535) | E405: PARAMETR_SIZE: 1344 | F405: PARAMETR_SIZE_ONE_X: 21 | G405: MAX_VALUE_SIZE: 5 | H405: NAME_FILE_GRAPH: Parametr_Graph/test1344,txt | I405: ANT_SIZE: 500 | J405: KOL_ITERATION: 500 | K405: KOL_PROGON_STATISTICS: 50 | L405: PARAMETR_Q: 1 | M405: PARAMETR_RO: 0,999 | N405: TYPE_ACO: 1 | O405: ACOCCyN_KOL_ITERATION: 50, MAX_PARAMETR_VALUE_TO_MIN_OPT: 1, HASH_TABLE_SIZE: 67108864, MAX_PROBES: 10000, MAX_THREAD_CUDA: 512, CPU_RANDOM: 0, KOL_THREAD_CPU_ANT: 12, CONST_RANDOM: 100000, MAX_CONST: 8192, OPTIMIZE: OPTIMIZE_MIN_1 | P405: FUNCTION: SHAFFERA GO_ALG_MINMAX: 1(1, 1000)
A406: Run Original ACO0 | B406: 473.279 | C406: 440.677 | D406: 5.07771 | E406: 240.067 | F406: 130.503 | G406: 32.6017 | H406: 100 | I406: 100 | J406: 2.80736 | K406: 0.284965 | L406: 0.7274
A407: Run Original ACO1 | B407: 467.995 | C407: 436.941 | D407: 5.07996 | E407: 239.492 | F407: 130.792 | G407: 31.0541 | H407: 100 | I407: 100 | J407: 2.83905 | K407: 0.283079 | L407: 0.72784
A408: Run Original ACO2 | B408: 469.846 | C408: 438.442 | D408: 5.07643 | E408: 239.94 | F408: 130.247 | G408: 31.404 | H408: 100 | I408: 100 | J408: 2.82787 | K408: 0.283303 | L408: 0.722411
A409: Run Original ACO3 | B409: 469.24 | C409: 438.188 | D409: 5.07535 | E409: 239.972 | F409: 130.677 | G409: 31.0518 | H409: 100 | I409: 100 | J409: 2.83152 | K409: 0.283084 | L409: 0.719015
A410: Run Original ACO4 | B410: 469.948 | C410: 438.582 | D410: 5.10466 | E410: 239.996 | F410: 130.656 | G410: 31.3665 | H410: 100 | I410: 100 | J410: 2.82725 | K410: 0.283078 | L410: 0.724934
A411: Run Original ACO5 | B411: 469.772 | C411: 438.255 | D411: 5.08075 | E411: 239.702 | F411: 130.753 | G411: 31.517 | H411: 100 | I411: 100 | J411: 2.82831 | K411: 0.28242 | L411: 0.706531
A412: Run Original ACO6 | B412: 469.471 | C412: 438.277 | D412: 5.08802 | E412: 240.129 | F412: 130.642 | G412: 31.1946 | H412: 100 | I412: 100 | J412: 2.83012 | K412: 0.283112 | L412: 0.7241
A413: Run Original ACO7 | B413: 469.381 | C413: 438.208 | D413: 5.07067 | E413: 239.804 | F413: 130.545 | G413: 31.1733 | H413: 100 | I413: 100 | J413: 2.83067 | K413: 0.283082 | L413: 0.719239
A414: Run Original ACO8 | B414: 469.804 | C414: 438.231 | D414: 5.0908 | E414: 239.75 | F414: 130.683 | G414: 31.5724 | H414: 100 | I414: 100 | J414: 2.82812 | K414: 0.283085 | L414: 0.706529
A415: Run Original ACO9 | B415: 469.476 | C415: 438.359 | D415: 5.09384 | E415: 239.236 | F415: 131.01 | G415: 31.1173 | H415: 100 | I415: 100 | J415: 2.8301 | K415: 0.26571 | L415: 0.727898
A416: Run Original ACO10 | B416: 470.441 | C416: 438.923 | D416: 5.07141 | E416: 239.554 | F416: 130.94 | G416: 31.5182 | H416: 100 | I416: 100 | J416: 2.82429 | K416: 0.283086 | L416: 0.725757
A417: Run Original ACO11 | B417: 470.214 | C417: 439.202 | D417: 5.09535 | E417: 240.481 | F417: 130.917 | G417: 31.0121 | H417: 100 | I417: 100 | J417: 2.82565 | K417: 0.281881 | L417: 0.727668
... A505: Run Combined Run49 | B505: 418.912 | C505: 384.233 | D505: 109.64 | E505: 240.873 | F505: 0 | G505: 34.6794 | H505: 100 | I505: 100 | J505: 3.23145 | K505: 0.283078 | L505: 0.724713
A506: Device 0: NVIDIA GeForce RTX 3060 | B506: Max thread in blocks: 1024 Total Global Memory: 12287,4 MB GPU Global Memory Usage: 2,72112 MB GPU Global Memory Hash Table: 1024 MB Max PARAMETR_SIZE in GPU Global Memory: 5570990 Shared memory per block: 49152 bytes (48 KB) Shared memory per multiprocessor: 102400 bytes (100 KB) Data size in Shared memory per block: 10752 bytes (10,5 KB) Constant Memory: 65536 bytes Parameter data size (in Constant Memory): 53760 bytes (52,5 KB) Registers per Block: 65536 Warp Size: 32 Compute Capability: 8,6 Can Map Host Memory: Yes Clock Rate: 1777 MHz L2 Cache Size: 2359296 bytes Multiprocessor Count: 28 | C506: Max thread in blocks by axis: (1024, 1024, 64) | D506: Max blocks by axis: (2147483647, 65535, 65535) | E506: PARAMETR_SIZE: 1344 | F506: PARAMETR_SIZE_ONE_X: 21 | G506: MAX_VALUE_SIZE: 5 | H506: NAME_FILE_GRAPH: Parametr_Graph/test1344,txt | I506: ANT_SIZE: 500 | J506: KOL_ITERATION: 500 | K506: KOL_PROGON_STATISTICS: 50 | L506: PARAMETR_Q: 1 | M506: PARAMETR_RO: 0,999 | N506: TYPE_ACO: 1 | O506: ACOCCyN_KOL_ITERATION: 50, MAX_PARAMETR_VALUE_TO_MIN_OPT: 1, HASH_TABLE_SIZE: 67108864, MAX_PROBES: 10000, MAX_THREAD_CUDA: 512, CPU_RANDOM: 0, KOL_THREAD_CPU_ANT: 12, CONST_RANDOM: 100000, MAX_CONST: 8192, OPTIMIZE: OPTIMIZE_MIN_1 | P506: FUNCTION: SHAFFERA GO_ALG_MINMAX: 1(1, 1000)
A507: Run Original ACO0 | B507: 472.88 | C507: 440.63 | D507: 5.07291 | E507: 240.177 | F507: 130.744 | G507: 32.2505 | H507: 100 | I507: 100 | J507: 2.80972 | K507: 0.278585 | L507: 0.727811
A508: Run Original ACO1 | B508: 470.315 | C508: 438.619 | D508: 5.08117 | E508: 239.335 | F508: 130.667 | G508: 31.6953 | H508: 100 | I508: 100 | J508: 2.82505 | K508: 0.283257 | L508: 0.706532
A509: Run Original ACO2 | B509: 469.772 | C509: 438.661 | D509: 5.07579 | E509: 240.134 | F509: 130.794 | G509: 31.1114 | H509: 100 | I509: 100 | J509: 2.82831 | K509: 0.283266 | L509: 0.727874
A510: Run Original ACO3 | B510: 468.217 | C510: 437.04 | D510: 5.07055 | E510: 239.37 | F510: 130.345 | G510: 31.1766 | H510: 100 | I510: 100 | J510: 2.83771 | K510: 0.283078 | L510: 0.708647
A511: Run Original ACO4 | B511: 470.401 | C511: 438.782 | D511: 5.09144 | E511: 240.108 | F511: 130.517 | G511: 31.6197 | H511: 100 | I511: 100 | J511: 2.82453 | K511: 0.283123 | L511: 0.725063
A512: Run Original ACO5 | B512: 469.11 | C512: 437.842 | D512: 5.07291 | E512: 239.459 | F512: 130.412 | G512: 31.2683 | H512: 100 | I512: 100 | J512: 2.8323 | K512: 0.283083 | L512: 0.727469
A513: Run Original ACO6 | B513: 469.013 | C513: 437.749 | D513: 5.0556 | E513: 239.646 | F513: 130.476 | G513: 31.2631 | H513: 100 | I513: 100 | J513: 2.83289 | K513: 0.283078 | L513: 0.726977
A514: Run Original ACO7 | B514: 469.977 | C514: 438.351 | D514: 5.09099 | E514: 239.502 | F514: 130.437 | G514: 31.6258 | H514: 100 | I514: 100 | J514: 2.82708 | K514: 0.283825 | L514: 0.719715
A515: Run Original ACO8 | B515: 469.59 | C515: 438.271 | D515: 5.0821 | E515: 240.264 | F515: 129.999 | G515: 31.3192 | H515: 100 | I515: 100 | J515: 2.82941 | K515: 0.283084 | L515: 0.706532
A516: Run Original ACO9 | B516: 468.841 | C516: 437.581 | D516: 5.05557 | E516: 239.761 | F516: 130.168 | G516: 31.2597 | H516: 100 | I516: 100 | J516: 2.83393 | K516: 0.28309 | L516: 0.72789
A517: Run Original ACO10 | B517: 469.235 | C517: 437.51 | D517: 5.07739 | E517: 239.329 | F517: 130.223 | G517: 31.7252 | H517: 100 | I517: 100 | J517: 2.83155 | K517: 0.283185 | L517: 0.727418
A518: Run Original ACO11 | B518: 469.622 | C518: 438.369 | D518: 5.07653 | E518: 239.974 | F518: 130.588 | G518: 31.2534 | H518: 100 | I518: 100 | J518: 2.82922 | K518: 0.283222 | L518: 0.727649
... A606: Run Combined Run49 | B606: 419.825 | C606: 384.768 | D606: 110.556 | E606: 240.26 | F606: 0 | G606: 35.0572 | H606: 100 | I606: 100 | J606: 3.22443 | K606: 0.26747 | L606: 0.727899

Sheet t2688
A1: Device 0: NVIDIA GeForce RTX 3060 | B1: Max thread in blocks: 1024 Total Global Memory: 12287,4 MB GPU Global Memory Usage: 5,54094 MB GPU Global Memory Hash Table: 1024 MB Max PARAMETR_SIZE in GPU Global Memory: 5467824 Shared memory per block: 49152 bytes (48 KB) Shared memory per multiprocessor: 102400 bytes (100 KB) Data size in Shared memory per block: 21504 bytes (21 KB) Constant Memory: 65536 bytes Parameter data size (in Constant Memory): 107520 bytes (105 KB) Registers per Block: 65536 Warp Size: 32 Compute Capability: 8,6 Can Map Host Memory: Yes Clock Rate: 1777 MHz L2 Cache Size: 2359296 bytes Multiprocessor Count: 28 | C1: Max thread in blocks by axis: (1024, 1024, 64) | D1: Max blocks by axis: (2147483647, 65535, 65535) | E1: PARAMETR_SIZE: 2688 | F1: PARAMETR_SIZE_ONE_X: 21 | G1: MAX_VALUE_SIZE: 5 | H1: NAME_FILE_GRAPH: Parametr_Graph/test2688,txt | I1: ANT_SIZE: 500 | J1: KOL_ITERATION: 500 | K1: KOL_PROGON_STATISTICS: 50 | L1: PARAMETR_Q: 1 | M1: PARAMETR_RO: 0,999 | N1: TYPE_ACO: 1 | O1: ACOCCyN_KOL_ITERATION: 50, MAX_PARAMETR_VALUE_TO_MIN_OPT: 1, HASH_TABLE_SIZE: 67108864, MAX_PROBES: 10000, MAX_THREAD_CUDA: 512, CPU_RANDOM: 0, KOL_THREAD_CPU_ANT: 12, CONST_RANDOM: 100000, MAX_CONST: 8192, OPTIMIZE: OPTIMIZE_MIN_1 | P1: FUNCTION: SHAFFERA GO_ALG_MINMAX: 1(1, 1000)
A2: Run Original ACO0 | B2: 836.571 | C2: 798.966 | D2: 4.99749 | E2: 572.037 | F2: 146.078 | G2: 37.6048 | H2: 100 | I2: 100 | J2: 3.17422 | K2: 0.373867 | L2: 0.629797
A3: Run Original ACO1 | B3: 835.015 | C3: 797.876 | D3: 4.95217 | E3: 571.86 | F3: 145.939 | G3: 37.1393 | H3: 100 | I3: 100 | J3: 3.18014 | K3: 0.37573 | L3: 0.629793
A4: Run Original ACO2 | B4: 836.275 | C4: 798.983 | D4: 4.98072 | E4: 572.663 | F4: 145.935 | G4: 37.2918 | H4: 100 | I4: 100 | J4: 3.17535 | K4: 0.375702 | L4: 0.629683
A5: Run Original ACO3 | B5: 829.508 | C5: 793.976 | D5: 5.02679 | E5: 571.342 | F5: 145.763 | G5: 35.5326 | H5: 100 | I5: 100 | J5: 3.20125 | K5: 0.37569 | L5: 0.629798
A6: Run Original ACO4 | B6: 835.435 | C6: 798.35 | D6: 4.94679 | E6: 572.345 | F6: 146.018 | G6: 37.0848 | H6: 100 | I6: 100 | J6: 3.17854 | K6: 0.375718 | L6: 0.625918
A7: Run Original ACO5 | B7: 834.915 | C7: 797.747 | D7: 4.94673 | E7: 571.375 | F7: 146.35 | G7: 37.1676 | H7: 100 | I7: 100 | J7: 3.18052 | K7: 0.372145 | L7: 0.619122
A8: Run Original ACO6 | B8: 835.021 | C8: 797.729 | D8: 4.97992 | E8: 571.118 | F8: 146.241 | G8: 37.2917 | H8: 100 | I8: 100 | J8: 3.18011 | K8: 0.375781 | L8: 0.628502
A9: Run Original ACO7 | B9: 832.48 | C9: 796.352 | D9: 4.9947 | E9: 572.739 | F9: 145.769 | G9: 36.1281 | H9: 100 | I9: 100 | J9: 3.18982 | K9: 0.37569 | L9: 0.629675
A10: Run Original ACO8 | B10: 835.302 | C10: 798.125 | D10: 4.96638 | E10: 572.109 | F10: 145.733 | G10: 37.1765 | H10: 100 | I10: 100 | J10: 3.17904 | K10: 0.372498 | L10: 0.629196
A11: Run Original ACO9 | B11: 835.682 | C11: 798.483 | D11: 4.95064 | E11: 572.348 | F11: 146.371 | G11: 37.1985 | H11: 100 | I11: 100 | J11: 3.1776 | K11: 0.375713 | L11: 0.629206
A12: Run Original ACO10 | B12: 835.381 | C12: 798.268 | D12: 4.96747 | E12: 572.912 | F12: 145.653 | G12: 37.1127 | H12: 100 | I12: 100 | J12: 3.17874 | K12: 0.366303 | L12: 0.629784
A13: Run Original ACO11 | B13: 835.134 | C13: 797.698 | D13: 4.98228 | E13: 571.744 | F13: 145.876 | G13: 37.4363 | H13: 100 | I13: 100 | J13: 3.17968 | K13: 0.375776 | L13: 0.627489
... A101: Run Combined Run49 | B101: 765.676 | C101: 726.026 | D101: 116.138 | E101: 572.717 | F101: 0 | G101: 39.6497 | H101: 100 | I101: 100 | J101: 3.53352 | K101: 0.378624 | L101: 0.619122
A102: Device 0: NVIDIA GeForce RTX 3060 | B102: Max thread in blocks: 1024 Total Global Memory: 12287,4 MB GPU Global Memory Usage: 5,54094 MB GPU Global Memory Hash Table: 1024 MB Max PARAMETR_SIZE in GPU Global Memory: 5467824 Shared memory per block: 49152 bytes (48 KB) Shared memory per multiprocessor: 102400 bytes (100 KB) Data size in Shared memory per block: 21504 bytes (21 KB) Constant Memory: 65536 bytes Parameter data size (in Constant Memory): 107520 bytes (105 KB) Registers per Block: 65536 Warp Size: 32 Compute Capability: 8,6 Can Map Host Memory: Yes Clock Rate: 1777 MHz L2 Cache Size: 2359296 bytes Multiprocessor Count: 28 | C102: Max thread in blocks by axis: (1024, 1024, 64) | D102: Max blocks by axis: (2147483647, 65535, 65535) | E102: PARAMETR_SIZE: 2688 | F102: PARAMETR_SIZE_ONE_X: 21 | G102: MAX_VALUE_SIZE: 5 | H102: NAME_FILE_GRAPH: Parametr_Graph/test2688,txt | I102: ANT_SIZE: 500 | J102: KOL_ITERATION: 500 | K102: KOL_PROGON_STATISTICS: 50 | L102: PARAMETR_Q: 1 | M102: PARAMETR_RO: 0,999 | N102: TYPE_ACO: 1 | O102: ACOCCyN_KOL_ITERATION: 50, MAX_PARAMETR_VALUE_TO_MIN_OPT: 1, HASH_TABLE_SIZE: 67108864, MAX_PROBES: 10000, MAX_THREAD_CUDA: 512, CPU_RANDOM: 0, KOL_THREAD_CPU_ANT: 12, CONST_RANDOM: 100000, MAX_CONST: 8192, OPTIMIZE: OPTIMIZE_MIN_1 | P102: FUNCTION: SHAFFERA GO_ALG_MINMAX: 1(1, 1000)
A103: Run Original ACO0 | B103: 827.236 | C103: 787.7 | D103: 5.08354 | E103: 566.914 | F103: 145.767 | G103: 39.5361 | H103: 100 | I103: 100 | J103: 3.21004 | K103: 0.375691 | L103: 0.629753
A104: Run Original ACO1 | B104: 828.282 | C104: 788.828 | D104: 5.06271 | E104: 567.486 | F104: 145.681 | G104: 39.4541 | H104: 100 | I104: 100 | J104: 3.20599 | K104: 0.375843 | L104: 0.62945
A105: Run Original ACO2 | B105: 825.605 | C105: 786.484 | D105: 5.06584 | E105: 566.612 | F105: 145.869 | G105: 39.1216 | H105: 100 | I105: 100 | J105: 3.21638 | K105: 0.375702 | L105: 0.63637
A106: Run Original ACO3 | B106: 832.852 | C106: 795.026 | D106: 5.1557 | E106: 567.038 | F106: 146.126 | G106: 37.8258 | H106: 100 | I106: 100 | J106: 3.18839 | K106: 0.37569 | L106: 0.62975
A107: Run Original ACO4 | B107: 828.45 | C107: 788.445 | D107: 5.07947 | E107: 566.742 | F107: 145.72 | G107: 40.0052 | H107: 100 | I107: 100 | J107: 3.20534 | K107: 0.375708 | L107: 0.629209
A108: Run Original ACO5 | B108: 827.358 | C108: 788.398 | D108: 5.08194 | E108: 567.098 | F108: 146.307 | G108: 38.9594 | H108: 100 | I108: 100 | J108: 3.20957 | K108: 0.37571 | L108: 0.629145
A109: Run Original ACO6 | B109: 826.934 | C109: 787.355 | D109: 5.05483 | E109: 566.77 | F109: 145.861 | G109: 39.5784 | H109: 100 | I109: 100 | J109: 3.21121 | K109: 0.37569 | L109: 0.629684
A110: Run Original ACO7 | B110: 825.016 | C110: 786.036 | D110: 5.06354 | E110: 566.59 | F110: 145.511 | G110: 38.9801 | H110: 100 | I110: 100 | J110: 3.21868 | K110: 0.375747 | L110: 0.629788
A111: Run Original ACO8 | B111: 831.051 | C111: 792.186 | D111: 5.09464 | E111: 568.141 | F111: 145.773 | G111: 38.8653 | H111: 100 | I111: 100 | J111: 3.19531 | K111: 0.375691 | L111: 0.62979
A112: Run Original ACO9 | B112: 836.58 | C112: 796.847 | D112: 5.38194 | E112: 566.417 | F112: 145.877 | G112: 39.7332 | H112: 100 | I112: 100 | J112: 3.17419 | K112: 0.366525 | L112: 0.629652
A113: Run Original ACO10 | B113: 832.027 | C113: 793.975 | D113: 5.05272 | E113: 566.979 | F113: 146.166 | G113: 38.0513 | H113: 100 | I113: 100 | J113: 3.19156 | K113: 0.375697 | L113: 0.629541
A114: Run Original ACO11 | B114: 826.645 | C114: 786.936 | D114: 5.0828 | E114: 565.903 | F114: 145.832 | G114: 39.7087 | H114: 100 | I114: 100 | J114: 3.21234 | K114: 0.364391 | L114: 0.629781
... A202: Run Combined Run49 | B202: 762.319 | C202: 721.507 | D202: 116.113 | E202: 567.156 | F202: 0 | G202: 40.8123 | H202: 100 | I202: 100 | J202: 3.54908 | K202: 0.375737 | L202: 0.629601
A203: Device 0: NVIDIA GeForce RTX 3060 | B203: Max thread in blocks: 1024 Total Global Memory: 12287,4 MB GPU Global Memory Usage: 5,54094 MB GPU Global Memory Hash Table: 1024 MB Max PARAMETR_SIZE in GPU Global Memory: 5467824 Shared memory per block: 49152 bytes (48 KB) Shared memory per multiprocessor: 102400 bytes (100 KB) Data size in Shared memory per block: 21504 bytes (21 KB) Constant Memory: 65536 bytes Parameter data size (in Constant Memory): 107520 bytes (105 KB) Registers per Block: 65536 Warp Size: 32 Compute Capability: 8,6 Can Map Host Memory: Yes Clock Rate: 1777 MHz L2 Cache Size: 2359296 bytes Multiprocessor Count: 28 | C203: Max thread in blocks by axis: (1024, 1024, 64) | D203: Max blocks by axis: (2147483647, 65535, 65535) | E203: PARAMETR_SIZE: 2688 | F203: PARAMETR_SIZE_ONE_X: 21 | G203: MAX_VALUE_SIZE: 5 | H203: NAME_FILE_GRAPH: Parametr_Graph/test2688,txt | I203: ANT_SIZE: 500 | J203: KOL_ITERATION: 500 | K203: KOL_PROGON_STATISTICS: 50 | L203: PARAMETR_Q: 1 | M203: PARAMETR_RO: 0,999 | N203: TYPE_ACO: 1 | O203: ACOCCyN_KOL_ITERATION: 50, MAX_PARAMETR_VALUE_TO_MIN_OPT: 1, HASH_TABLE_SIZE: 67108864, MAX_PROBES: 10000, MAX_THREAD_CUDA: 512, CPU_RANDOM: 0, KOL_THREAD_CPU_ANT: 12, CONST_RANDOM: 100000, MAX_CONST: 8192, OPTIMIZE: OPTIMIZE_MIN_1 | P203: FUNCTION: SHAFFERA GO_ALG_MINMAX: 1(1, 1000)
A204: Run Original ACO0 | B204: 829.61 | C204: 791.503 | D204: 5.02081 | E204: 564.834 | F204: 145.417 | G204: 38.1068 | H204: 100 | I204: 100 | J204: 3.20085 | K204: 0.375762 | L204: 0.628229
A205: Run Original ACO1 | B205: 829.815 | C205: 792.191 | D205: 5.0003 | E205: 565.539 | F205: 145.53 | G205: 37.624 | H205: 100 | I205: 100 | J205: 3.20006 | K205: 0.375957 | L205: 0.629793
A206: Run Original ACO2 | B206: 828.571 | C206: 790.646 | D206: 4.99828 | E206: 564.635 | F206: 145.598 | G206: 37.925 | H206: 100 | I206: 100 | J206: 3.20487 | K206: 0.375779 | L206: 0.623303
A207: Run Original ACO3 | B207: 828.669 | C207: 790.915 | D207: 4.96856 | E207: 566.057 | F207: 145.014 | G207: 37.7533 | H207: 100 | I207: 100 | J207: 3.20449 | K207: 0.377648 | L207: 0.619121
A208: Run Original ACO4 | B208: 828.554 | C208: 790.5 | D208: 5.00568 | E208: 564.509 | F208: 145.813 | G208: 38.0538 | H208: 100 | I208: 100 | J208: 3.20494 | K208: 0.376335 | L208: 0.629049
A209: Run Original ACO5 | B209: 829.23 | C209: 791.345 | D209: 4.98168 | E209: 564.934 | F209: 145.832 | G209: 37.8853 | H209: 100 | I209: 100 | J209: 3.20232 | K209: 0.375727 | L209: 0.61912
A210: Run Original ACO6 | B210: 824.141 | C210: 788.131 | D210: 5.00411 | E210: 565.946 | F210: 145.434 | G210: 36.0098 | H210: 100 | I210: 100 | J210: 3.2221 | K210: 0.375814 | L210: 0.619067
A211: Run Original ACO7 | B211: 828.664 | C211: 790.898 | D211: 4.96561 | E211: 565.08 | F211: 145.675 | G211: 37.7664 | H211: 100 | I211: 100 | J211: 3.20451 | K211: 0.375706 | L211: 0.619121
A212: Run Original ACO8 | B212: 828.71 | C212: 791.024 | D212: 4.97032 | E212: 565.35 | F212: 145.514 | G212: 37.686 | H212: 100 | I212: 100 | J212: 3.20433 | K212: 0.375753 | L212: 0.619106
A213: Run Original ACO9 | B213: 828.175 | C213: 790.281 | D213: 5.0028 | E213: 564.404 | F213: 145.484 | G213: 37.8947 | H213: 100 | I213: 100 | J213: 3.2064 | K213: 0.375693 | L213: 0.624304
A214: Run Original ACO10 | B214: 830.055 | C214: 792.079 | D214: 5.00667 | E214: 565.437 | F214: 145.885 | G214: 37.9756 | H214: 100 | I214: 100 | J214: 3.19914 | K214: 0.377003 | L214: 0.626846
A215: Run Original ACO11 | B215: 829.303 | C215: 791.24 | D215: 4.95969 | E215: 565.175 | F215: 145.382 | G215: 38.0627 | H215: 100 | I215: 100 | J215: 3.20204 | K215: 0.375985 | L215: 0.628934
... A303: Run Combined Run49 | B303: 764.164 | C303: 724.02 | D303: 116.318 | E303: 569.827 | F303: 0 | G303: 40.1442 | H303: 100 | I303: 100 | J303: 3.54051 | K303: 0.375695 | L303: 0.628578
A304: Device 0: NVIDIA GeForce RTX 3060 | B304: Max thread in blocks: 1024 Total Global Memory: 12287,4 MB GPU Global Memory Usage: 5,54094 MB GPU Global Memory Hash Table: 1024 MB Max PARAMETR_SIZE in GPU Global Memory: 5467824 Shared memory per block: 49152 bytes (48 KB) Shared memory per multiprocessor: 102400 bytes (100 KB) Data size in Shared memory per block: 21504 bytes (21 KB) Constant Memory: 65536 bytes Parameter data size (in Constant Memory): 107520 bytes (105 KB) Registers per Block: 65536 Warp Size: 32 Compute Capability: 8,6 Can Map Host Memory: Yes Clock Rate: 1777 MHz L2 Cache Size: 2359296 bytes Multiprocessor Count: 28 | C304: Max thread in blocks by axis: (1024, 1024, 64) | D304: Max blocks by axis: (2147483647, 65535, 65535) | E304: PARAMETR_SIZE: 2688 | F304: PARAMETR_SIZE_ONE_X: 21 | G304: MAX_VALUE_SIZE: 5 | H304: NAME_FILE_GRAPH: Parametr_Graph/test2688,txt | I304: ANT_SIZE: 500 | J304: KOL_ITERATION: 500 | K304: KOL_PROGON_STATISTICS: 50 | L304: PARAMETR_Q: 1 | M304: PARAMETR_RO: 0,999 | N304: TYPE_ACO: 1 | O304: ACOCCyN_KOL_ITERATION: 50, MAX_PARAMETR_VALUE_TO_MIN_OPT: 1, HASH_TABLE_SIZE: 67108864, MAX_PROBES: 10000, MAX_THREAD_CUDA: 512, CPU_RANDOM: 0, KOL_THREAD_CPU_ANT: 12, CONST_RANDOM: 100000, MAX_CONST: 8192, OPTIMIZE: OPTIMIZE_MIN_1 | P304: FUNCTION: SHAFFERA GO_ALG_MINMAX: 1(1, 1000)
A305: Run Original ACO0 | B305: 829.954 | C305: 792.027 | D305: 5.08632 | E305: 564.963 | F305: 146.039 | G305: 37.927 | H305: 100 | I305: 100 | J305: 3.19953 | K305: 0.375699 | L305: 0.629611
A306: Run Original ACO1 | B306: 828.844 | C306: 791.689 | D306: 5.08402 | E306: 565.694 | F306: 146.114 | G306: 37.1553 | H306: 100 | I306: 100 | J306: 3.20381 | K306: 0.375692 | L306: 0.629804
A307: Run Original ACO2 | B307: 829.353 | C307: 792.143 | D307: 5.11234 | E307: 565.994 | F307: 146.247 | G307: 37.2095 | H307: 100 | I307: 100 | J307: 3.20185 | K307: 0.375714 | L307: 0.629792
A308: Run Original ACO3 | B308: 828.551 | C308: 791.213 | D308: 5.06664 | E308: 565.389 | F308: 146.173 | G308: 37.3386 | H308: 100 | I308: 100 | J308: 3.20494 | K308: 0.37569 | L308: 0.629764
A309: Run Original ACO4 | B309: 829.347 | C309: 792.07 | D309: 5.09311 | E309: 565.475 | F309: 146.406 | G309: 37.277 | H309: 100 | I309: 100 | J309: 3.20187 | K309: 0.375694 | L309: 0.629731
A310: Run Original ACO5 | B310: 828.581 | C310: 791.42 | D310: 5.07416 | E310: 566.094 | F310: 145.989 | G310: 37.1606 | H310: 100 | I310: 100 | J310: 3.20483 | K310: 0.37569 | L310: 0.629797
A311: Run Original ACO6 | B311: 829.297 | C311: 792.302 | D311: 5.10251 | E311: 565.824 | F311: 146.55 | G311: 36.9952 | H311: 100 | I311: 100 | J311: 3.20206 | K311: 0.375693 | L311: 0.628847
A312: Run Original ACO7 | B312: 829.424 | C312: 792.135 | D312: 5.10987 | E312: 565.959 | F312: 146.624 | G312: 37.2888 | H312: 100 | I312: 100 | J312: 3.20157 | K312: 0.37569 | L312: 0.629326
A313: Run Original ACO8 | B313: 823.302 | C313: 787.98 | D313: 5.16853 | E313: 565.333 | F313: 146.493 | G313: 35.3217 | H313: 100 | I313: 100 | J313: 3.22538 | K313: 0.375694 | L313: 0.629642
A314: Run Original ACO9 | B314: 829.088 | C314: 791.875 | D314: 5.07883 | E314: 566.176 | F314: 146.133 | G314: 37.2131 | H314: 100 | I314: 100 | J314: 3.20287 | K314: 0.37569 | L314: 0.62974
A315: Run Original ACO10 | B315: 828.9 | C315: 791.58 | D315: 5.07455 | E315: 565.247 | F315: 146.38 | G315: 37.3198 | H315: 100 | I315: 100 | J315: 3.2036 | K315: 0.375723 | L315: 0.626982
A316: Run Original ACO11 | B316: 829.984 | C316: 792.841 | D316: 5.07224 | E316: 566.313 | F316: 146.399 | G316: 37.1436 | H316: 100 | I316: 100 | J316: 3.19941 | K316: 0.364382 | L316: 0.629219
... A404: Run Combined Run49 | B404: 762.319 | C404: 722.953 | D404: 116.345 | E404: 569.245 | F404: 0 | G404: 39.3652 | H404: 100 | I404: 100 | J404: 3.54908 | K404: 0.375713 | L404: 0.619119
A405: Device 0: NVIDIA GeForce RTX 3060 | B405: Max thread in blocks: 1024 Total Global Memory: 12287,4 MB GPU Global Memory Usage: 5,54094 MB GPU Global Memory Hash Table: 1024 MB Max PARAMETR_SIZE in GPU Global Memory: 5467824 Shared memory per block: 49152 bytes (48 KB) Shared memory per multiprocessor: 102400 bytes (100 KB) Data size in Shared memory per block: 21504 bytes (21 KB) Constant Memory: 65536 bytes Parameter data size (in Constant Memory): 107520 bytes (105 KB) Registers per Block: 65536 Warp Size: 32 Compute Capability: 8,6 Can Map Host Memory: Yes Clock Rate: 1777 MHz L2 Cache Size: 2359296 bytes Multiprocessor Count: 28 | C405: Max thread in blocks by axis: (1024, 1024, 64) | D405: Max blocks by axis: (2147483647, 65535, 65535) | E405: PARAMETR_SIZE: 2688 | F405: PARAMETR_SIZE_ONE_X: 21 | G405: MAX_VALUE_SIZE: 5 | H405: NAME_FILE_GRAPH: Parametr_Graph/test2688,txt | I405: ANT_SIZE: 500 | J405: KOL_ITERATION: 500 | K405: KOL_PROGON_STATISTICS: 50 | L405: PARAMETR_Q: 1 | M405: PARAMETR_RO: 0,999 | N405: TYPE_ACO: 1 | O405: ACOCCyN_KOL_ITERATION: 50, MAX_PARAMETR_VALUE_TO_MIN_OPT: 1, HASH_TABLE_SIZE: 67108864, MAX_PROBES: 10000, MAX_THREAD_CUDA: 512, CPU_RANDOM: 0, KOL_THREAD_CPU_ANT: 12, CONST_RANDOM: 100000, MAX_CONST: 8192, OPTIMIZE: OPTIMIZE_MIN_1 | P405: FUNCTION: SHAFFERA GO_ALG_MINMAX: 1(1, 1000)
A406: Run Original ACO0 | B406: 828.793 | C406: 791.004 | D406: 5.00929 | E406: 564.384 | F406: 145.43 | G406: 37.7891 | H406: 100 | I406: 100 | J406: 3.20401 | K406: 0.376026 | L406: 0.627383
A407: Run Original ACO1 | B407: 828.372 | C407: 790.633 | D407: 4.9795 | E407: 565.203 | F407: 145.26 | G407: 37.7386 | H407: 100 | I407: 100 | J407: 3.20564 | K407: 0.376178 | L407: 0.619114
A408: Run Original ACO2 | B408: 827.354 | C408: 789.7 | D408: 5.0019 | E408: 564.167 | F408: 145.357 | G408: 37.6545 | H408: 100 | I408: 100 | J408: 3.20958 | K408: 0.375736 | L408: 0.629645
A409: Run Original ACO3 | B409: 828.117 | C409: 790.588 | D409: 4.99307 | E409: 565.307 | F409: 145.074 | G409: 37.5293 | H409: 100 | I409: 100 | J409: 3.20663 | K409: 0.375725 | L409: 0.619103
A410: Run Original ACO4 | B410: 827.112 | C410: 789.862 | D410: 4.98229 | E410: 564.742 | F410: 145.101 | G410: 37.2495 | H410: 100 | I410: 100 | J410: 3.21052 | K410: 0.376516 | L410: 0.628235
A411: Run Original ACO5 | B411: 828.084 | C411: 790.638 | D411: 4.99835 | E411: 565.312 | F411: 145.26 | G411: 37.4458 | H411: 100 | I411: 100 | J411: 3.20675 | K411: 0.375741 | L411: 0.619114
A412: Run Original ACO6 | B412: 827.582 | C412: 790.026 | D412: 4.99102 | E412: 565.058 | F412: 144.905 | G412: 37.5552 | H412: 100 | I412: 100 | J412: 3.2087 | K412: 0.375776 | L412: 0.619122
A413: Run Original ACO7 | B413: 827.14 | C413: 789.726 | D413: 5.0123 | E413: 563.472 | F413: 145.595 | G413: 37.4146 | H413: 100 | I413: 100 | J413: 3.21041 | K413: 0.367087 | L413: 0.619103
A414: Run Original ACO8 | B414: 828.396 | C414: 791.167 | D414: 4.96961 | E414: 566.036 | F414: 145.015 | G414: 37.2281 | H414: 100 | I414: 100 | J414: 3.20555 | K414: 0.375729 | L414: 0.619122
A415: Run Original ACO9 | B415: 827.138 | C415: 789.648 | D415: 4.97944 | E415: 563.862 | F415: 145.464 | G415: 37.4897 | H415: 100 | I415: 100 | J415: 3.21042 | K415: 0.37601 | L415: 0.629067
A416: Run Original ACO10 | B416: 822.8 | C416: 787.066 | D416: 5.02398 | E416: 565.162 | F416: 145.278 | G416: 35.7338 | H416: 100 | I416: 100 | J416: 3.22735 | K416: 0.37569 | L416: 0.619122
A417: Run Original ACO11 | B417: 827.446 | C417: 790.227 | D417: 4.97774 | E417: 564.427 | F417: 145.422 | G417: 37.2189 | H417: 100 | I417: 100 | J417: 3.20923 | K417: 0.365329 | L417: 0.627655
... A505: Run Combined Run49 | B505: 759.954 | C505: 722.088 | D505: 116.455 | E505: 570.165 | F505: 0 | G505: 37.866 | H505: 100 | I505: 100 | J505: 3.56012 | K505: 0.375691 | L505: 0.62749
A506: Device 0: NVIDIA GeForce RTX 3060 | B506: Max thread in blocks: 1024 Total Global Memory: 12287,4 MB GPU Global Memory Usage: 5,54094 MB GPU Global Memory Hash Table: 1024 MB Max PARAMETR_SIZE in GPU Global Memory: 5467824 Shared memory per block: 49152 bytes (48 KB) Shared memory per multiprocessor: 102400 bytes (100 KB) Data size in Shared memory per block: 21504 bytes (21 KB) Constant Memory: 65536 bytes Parameter data size (in Constant Memory): 107520 bytes (105 KB) Registers per Block: 65536 Warp Size: 32 Compute Capability: 8,6 Can Map Host Memory: Yes Clock Rate: 1777 MHz L2 Cache Size: 2359296 bytes Multiprocessor Count: 28 | C506: Max thread in blocks by axis: (1024, 1024, 64) | D506: Max blocks by axis: (2147483647, 65535, 65535) | E506: PARAMETR_SIZE: 2688 | F506: PARAMETR_SIZE_ONE_X: 21 | G506: MAX_VALUE_SIZE: 5 | H506: NAME_FILE_GRAPH: Parametr_Graph/test2688,txt | I506: ANT_SIZE: 500 | J506: KOL_ITERATION: 500 | K506: KOL_PROGON_STATISTICS: 50 | L506: PARAMETR_Q: 1 | M506: PARAMETR_RO: 0,999 | N506: TYPE_ACO: 1 | O506: ACOCCyN_KOL_ITERATION: 50, MAX_PARAMETR_VALUE_TO_MIN_OPT: 1, HASH_TABLE_SIZE: 67108864, MAX_PROBES: 10000, MAX_THREAD_CUDA: 512, CPU_RANDOM: 0, KOL_THREAD_CPU_ANT: 12, CONST_RANDOM: 100000, MAX_CONST: 8192, OPTIMIZE: OPTIMIZE_MIN_1 | P506: FUNCTION: SHAFFERA GO_ALG_MINMAX: 1(1, 1000)
A507: Run Original ACO0 | B507: 823.21 | C507: 786.82 | D507: 5.0491 | E507: 564.046 | F507: 145.064 | G507: 36.3902 | H507: 100 | I507: 100 | J507: 3.22574 | K507: 0.385779 | L507: 0.619121
A508: Run Original ACO1 | B508: 826.456 | C508: 789.058 | D508: 4.98692 | E508: 564.31 | F508: 144.951 | G508: 37.3973 | H508: 100 | I508: 100 | J508: 3.21307 | K508: 0.378954 | L508: 0.629062
A509: Run Original ACO2 | B509: 827.344 | C509: 790.235 | D509: 5.00126 | E509: 565.581 | F509: 144.899 | G509: 37.1085 | H509: 100 | I509: 100 | J509: 3.20962 | K509: 0.37569 | L509: 0.619121
A510: Run Original ACO3 | B510: 827.49 | C510: 790.411 | D510: 5.01265 | E510: 565.657 | F510: 144.861 | G510: 37.0798 | H510: 100 | I510: 100 | J510: 3.20905 | K510: 0.375739 | L510: 0.62925
A511: Run Original ACO4 | B511: 827.614 | C511: 790.15 | D511: 4.99304 | E511: 564.57 | F511: 145.7 | G511: 37.4638 | H511: 100 | I511: 100 | J511: 3.20857 | K511: 0.375711 | L511: 0.628964
A512: Run Original ACO5 | B512: 827.183 | C512: 789.783 | D512: 5.006 | E512: 564.766 | F512: 145.178 | G512: 37.4 | H512: 100 | I512: 100 | J512: 3.21025 | K512: 0.376921 | L512: 0.629264
A513: Run Original ACO6 | B513: 827.601 | C513: 790.241 | D513: 5.01147 | E513: 565.021 | F513: 144.993 | G513: 37.3603 | H513: 100 | I513: 100 | J513: 3.20862 | K513: 0.381978 | L513: 0.621798
A514: Run Original ACO7 | B514: 826.732 | C514: 789.348 | D514: 4.98241 | E514: 564.277 | F514: 145.11 | G514: 37.3843 | H514: 100 | I514: 100 | J514: 3.212 | K514: 0.380318 | L514: 0.618884
A515: Run Original ACO8 | B515: 826.983 | C515: 789.565 | D515: 5.00603 | E515: 564.529 | F515: 145.156 | G515: 37.4181 | H515: 100 | I515: 100 | J515: 3.21102 | K515: 0.375762 | L515: 0.619121
A516: Run Original ACO9 | B516: 827.615 | C516: 790.129 | D516: 4.98702 | E516: 565.134 | F516: 145.363 | G516: 37.486 | H516: 100 | I516: 100 | J516: 3.20857 | K516: 0.376237 | L516: 0.619109
A517: Run Original ACO10 | B517: 826.863 | C517: 789.647 | D517: 4.96977 | E517: 564.266 | F517: 145.389 | G517: 37.2162 | H517: 100 | I517: 100 | J517: 3.21149 | K517: 0.375877 | L517: 0.619051
A518: Run Original ACO11 | B518: 825.612 | C518: 789.04 | D518: 4.98433 | E518: 565.689 | F518: 145.523 | G518: 36.5723 | H518: 100 | I518: 100 | J518: 3.21635 | K518: 0.380025 | L518: 0.619121
... A606: Run Combined Run49 | B606: 760.93 | C606: 721.628 | D606: 116.007 | E606: 568.612 | F606: 0 | G606: 39.3021 | H606: 100 | I606: 100 | J606: 3.55556 | K606: 0.38257 | L606: 0.619117

Sheet t5376
A1: Device 0: NVIDIA GeForce RTX 3060 | B1: Max thread in blocks: 1024 Total Global Memory: 12287,4 MB GPU Global Memory Usage: 11,0781 MB GPU Global Memory Hash Table: 1024 MB Max PARAMETR_SIZE in GPU Global Memory: 5467824 Shared memory per block: 49152 bytes (48 KB) Shared memory per multiprocessor: 102400 bytes (100 KB) Data size in Shared memory per block: 43008 bytes (42 KB) Constant Memory: 65536 bytes Parameter data size (in Constant Memory): 215040 bytes (210 KB) Registers per Block: 65536 Warp Size: 32 Compute Capability: 8,6 Can Map Host Memory: Yes Clock Rate: 1777 MHz L2 Cache Size: 2359296 bytes Multiprocessor Count: 28 | C1: Max thread in blocks by axis: (1024, 1024, 64) | D1: Max blocks by axis: (2147483647, 65535, 65535) | E1: PARAMETR_SIZE: 5376 | F1: PARAMETR_SIZE_ONE_X: 21 | G1: MAX_VALUE_SIZE: 5 | H1: NAME_FILE_GRAPH: Parametr_Graph/test5376,txt | I1: ANT_SIZE: 500 | J1: KOL_ITERATION: 500 | K1: KOL_PROGON_STATISTICS: 50 | L1: PARAMETR_Q: 1 | M1: PARAMETR_RO: 0,999 | N1: TYPE_ACO: 1 | O1: ACOCCyN_KOL_ITERATION: 50, MAX_PARAMETR_VALUE_TO_MIN_OPT: 1, HASH_TABLE_SIZE: 67108864, MAX_PROBES: 10000, MAX_THREAD_CUDA: 512, CPU_RANDOM: 0, KOL_THREAD_CPU_ANT: 12, CONST_RANDOM: 100000, MAX_CONST: 8192, OPTIMIZE: OPTIMIZE_MIN_1 | P1: FUNCTION: SHAFFERA GO_ALG_MINMAX: 1(1, 1000)
A2: Run Original ACO0 | B2: 2023.95 | C2: 1984.78 | D2: 5.27771 | E2: 1714.69 | F2: 194.686 | G2: 39.1696 | H2: 100 | I2: 100 | J2: 2.62312 | K2: 0.436959 | L2: 0.565063
A3: Run Original ACO1 | B3: 2024.17 | C3: 1984.91 | D3: 5.27451 | E3: 1715.3 | F3: 194.619 | G3: 39.2589 | H3: 100 | I3: 100 | J3: 2.62283 | K3: 0.436975 | L3: 0.561016
A4: Run Original ACO2 | B4: 2021.62 | C4: 1982.96 | D4: 5.28427 | E4: 1714.49 | F4: 194.361 | G4: 38.6646 | H4: 100 | I4: 100 | J4: 2.62613 | K4: 0.436983 | L4: 0.563511
A5: Run Original ACO3 | B5: 2028.9 | C5: 1989.71 | D5: 5.92698 | E5: 1713.12 | F5: 194.473 | G5: 39.1807 | H5: 99.9996 | I5: 100 | J5: 2.61672 | K5: 0.436962 | L5: 0.565047
A6: Run Original ACO4 | B6: 2023.49 | C6: 1984.31 | D6: 5.25326 | E6: 1714.56 | F6: 194.691 | G6: 39.1771 | H6: 100 | I6: 100 | J6: 2.62371 | K6: 0.433955 | L6: 0.564779
A7: Run Original ACO5 | B7: 2024.23 | C7: 1985.2 | D7: 5.26804 | E7: 1715.8 | F7: 194.685 | G7: 39.0334 | H7: 100 | I7: 100 | J7: 2.62275 | K7: 0.436952 | L7: 0.565166
A8: Run Original ACO6 | B8: 2031.66 | C8: 1991.93 | D8: 5.92221 | E8: 1714.12 | F8: 194.559 | G8: 39.7272 | H8: 100 | I8: 100 | J8: 2.61317 | K8: 0.436974 | L8: 0.565138
A9: Run Original ACO7 | B9: 2021.25 | C9: 1982.63 | D9: 5.25297 | E9: 1714.03 | F9: 194.727 | G9: 38.615 | H9: 99.9996 | I9: 100 | J9: 2.62662 | K9: 0.436967 | L9: 0.563964
A10: Run Original ACO8 | B10: 2023.1 | C10: 1983.91 | D10: 5.27143 | E10: 1714.14 | F10: 194.849 | G10: 39.1908 | H10: 100 | I10: 100 | J10: 2.62422 | K10: 0.437031 | L10: 0.56517
A11: Run Original ACO9 | B11: 2023.94 | C11: 1984.75 | D11: 5.26449 | E11: 1715.23 | F11: 194.514 | G11: 39.1946 | H11: 100 | I11: 100 | J11: 2.62313 | K11: 0.436957 | L11: 0.565127
A12: Run Original ACO10 | B12: 2024.3 | C12: 1985.6 | D12: 5.37559 | E12: 1714.08 | F12: 194.55 | G12: 38.7032 | H12: 100 | I12: 100 | J12: 2.62266 | K12: 0.43699 | L12: 0.562492
A13: Run Original ACO11 | B13: 2022.96 | C13: 1983.76 | D13: 5.24315 | E13: 1714.17 | F13: 194.737 | G13: 39.1923 | H13: 100 | I13: 100 | J13: 2.62441 | K13: 0.436983 | L13: 0.564939
... A101: Run Combined Run49 | B101: 1980.95 | C101: 1937.95 | D101: 180.437 | E101: 1724.5 | F101: 0 | G101: 43.0045 | H101: 100 | I101: 100 | J101: 2.73061 | K101: 0.436983 | L101: 0.56402
A102: Device 0: NVIDIA GeForce RTX 3060 | B102: Max thread in blocks: 1024 Total Global Memory: 12287,4 MB GPU Global Memory Usage: 11,0781 MB GPU Global Memory Hash Table: 1024 MB Max PARAMETR_SIZE in GPU Global Memory: 5467824 Shared memory per block: 49152 bytes (48 KB) Shared memory per multiprocessor: 102400 bytes (100 KB) Data size in Shared memory per block: 43008 bytes (42 KB) Constant Memory: 65536 bytes Parameter data size (in Constant Memory): 215040 bytes (210 KB) Registers per Block: 65536 Warp Size: 32 Compute Capability: 8,6 Can Map Host Memory: Yes Clock Rate: 1777 MHz L2 Cache Size: 2359296 bytes Multiprocessor Count: 28 | C102: Max thread in blocks by axis: (1024, 1024, 64) | D102: Max blocks by axis: (2147483647, 65535, 65535) | E102: PARAMETR_SIZE: 5376 | F102: PARAMETR_SIZE_ONE_X: 21 | G102: MAX_VALUE_SIZE: 5 | H102: NAME_FILE_GRAPH: Parametr_Graph/test5376,txt | I102: ANT_SIZE: 500 | J102: KOL_ITERATION: 500 | K102: KOL_PROGON_STATISTICS: 50 | L102: PARAMETR_Q: 1 | M102: PARAMETR_RO: 0,999 | N102: TYPE_ACO: 1 | O102: ACOCCyN_KOL_ITERATION: 50, MAX_PARAMETR_VALUE_TO_MIN_OPT: 1, HASH_TABLE_SIZE: 67108864, MAX_PROBES: 10000, MAX_THREAD_CUDA: 512, CPU_RANDOM: 0, KOL_THREAD_CPU_ANT: 12, CONST_RANDOM: 100000, MAX_CONST: 8192, OPTIMIZE: OPTIMIZE_MIN_1 | P102: FUNCTION: SHAFFERA GO_ALG_MINMAX: 1(1, 1000)
A103: Run Original ACO0 | B103: 1982.92 | C103: 1945.77 | D103: 5.52858 | E103: 1670.93 | F103: 194.614 | G103: 37.1578 | H103: 100 | I103: 100 | J103: 2.67739 | K103: 0.437016 | L103: 0.562496
A104: Run Original ACO1 | B104: 1985.62 | C104: 1947.51 | D104: 5.63607 | E104: 1670.8 | F104: 195.011 | G104: 38.1119 | H104: 99.9996 | I104: 100 | J104: 2.67375 | K104: 0.436958 | L104: 0.564228
A105: Run Original ACO2 | B105: 1984.35 | C105: 1946.41 | D105: 5.62471 | E105: 1670.28 | F105: 194.913 | G105: 37.9409 | H105: 100 | I105: 100 | J105: 2.67547 | K105: 0.436955 | L105: 0.561017
A106: Run Original ACO3 | B106: 1983.54 | C106: 1945.76 | D106: 5.46544 | E106: 1669.45 | F106: 194.787 | G106: 37.7727 | H106: 100 | I106: 100 | J106: 2.67656 | K106: 0.433078 | L106: 0.562545
A107: Run Original ACO4 | B107: 1984.24 | C107: 1946.48 | D107: 5.4759 | E107: 1670.43 | F107: 195.08 | G107: 37.7584 | H107: 100 | I107: 100 | J107: 2.67561 | K107: 0.436954 | L107: 0.564685
A108: Run Original ACO5 | B108: 1982.65 | C108: 1945.71 | D108: 5.47076 | E108: 1670.85 | F108: 195.007 | G108: 36.9363 | H108: 100 | I108: 100 | J108: 2.67776 | K108: 0.436953 | L108: 0.561016
A109: Run Original ACO6 | B109: 1984.73 | C109: 1946.94 | D109: 5.46867 | E109: 1671.37 | F109: 194.657 | G109: 37.7946 | H109: 100 | I109: 100 | J109: 2.67495 | K109: 0.436952 | L109: 0.562214
A110: Run Original ACO7 | B110: 1983.53 | C110: 1945.97 | D110: 5.48301 | E110: 1670.55 | F110: 194.873 | G110: 37.5657 | H110: 100 | I110: 100 | J110: 2.67657 | K110: 0.436977 | L110: 0.564686
A111: Run Original ACO8 | B111: 1982.87 | C111: 1945.2 | D111: 5.45095 | E111: 1669.32 | F111: 194.933 | G111: 37.6635 | H111: 100 | I111: 100 | J111: 2.67747 | K111: 0.432591 | L111: 0.564772
A112: Run Original ACO9 | B112: 1982.67 | C112: 1945.11 | D112: 5.46106 | E112: 1669.62 | F112: 194.766 | G112: 37.5632 | H112: 100 | I112: 100 | J112: 2.67773 | K112: 0.436952 | L112: 0.564694
A113: Run Original ACO10 | B113: 1981.64 | C113: 1944.62 | D113: 5.50086 | E113: 1670.15 | F113: 194.753 | G113: 37.0201 | H113: 100 | I113: 100 | J113: 2.67913 | K113: 0.436952 | L113: 0.564672
A114: Run Original ACO11 | B114: 1983.1 | C114: 1945.43 | D114: 5.45124 | E114: 1669.54 | F114: 194.889 | G114: 37.6654 | H114: 100 | I114: 100 | J114: 2.67715 | K114: 0.436983 | L114: 0.562051
... A202: Run Combined Run49 | B202: 1955.93 | C202: 1906.83 | D202: 181.961 | E202: 1681.06 | F202: 0 | G202: 49.1063 | H202: 100 | I202: 100 | J202: 2.76553 | K202: 0.436954 | L202: 0.564325
A203: Device 0: NVIDIA GeForce RTX 3060 | B203: Max thread in blocks: 1024 Total Global Memory: 12287,4 MB GPU Global Memory Usage: 11,0781 MB GPU Global Memory Hash Table: 1024 MB Max PARAMETR_SIZE in GPU Global Memory: 5467824 Shared memory per block: 49152 bytes (48 KB) Shared memory per multiprocessor: 102400 bytes (100 KB) Data size in Shared memory per block: 43008 bytes (42 KB) Constant Memory: 65536 bytes Parameter data size (in Constant Memory): 215040 bytes (210 KB) Registers per Block: 65536 Warp Size: 32 Compute Capability: 8,6 Can Map Host Memory: Yes Clock Rate: 1777 MHz L2 Cache Size: 2359296 bytes Multiprocessor Count: 28 | C203: Max thread in blocks by axis: (1024, 1024, 64) | D203: Max blocks by axis: (2147483647, 65535, 65535) | E203: PARAMETR_SIZE: 5376 | F203: PARAMETR_SIZE_ONE_X: 21 | G203: MAX_VALUE_SIZE: 5 | H203: NAME_FILE_GRAPH: Parametr_Graph/test5376,txt | I203: ANT_SIZE: 500 | J203: KOL_ITERATION: 500 | K203: KOL_PROGON_STATISTICS: 50 | L203: PARAMETR_Q: 1 | M203: PARAMETR_RO: 0,999 | N203: TYPE_ACO: 1 | O203: ACOCCyN_KOL_ITERATION: 50, MAX_PARAMETR_VALUE_TO_MIN_OPT: 1, HASH_TABLE_SIZE: 67108864, MAX_PROBES: 10000, MAX_THREAD_CUDA: 512, CPU_RANDOM: 0, KOL_THREAD_CPU_ANT: 12, CONST_RANDOM: 100000, MAX_CONST: 8192, OPTIMIZE: OPTIMIZE_MIN_1 | P203: FUNCTION: SHAFFERA GO_ALG_MINMAX: 1(1, 1000)
A204: Run Original ACO0 | B204: 2102.86 | C204: 2063.41 | D204: 6.41929 | E204: 1771.08 | F204: 206.153 | G204: 39.4502 | H204: 100 | I204: 100 | J204: 2.52469 | K204: 0.432751 | L204: 0.564615
A205: Run Original ACO1 | B205: 2098.47 | C205: 2060.88 | D205: 5.77171 | E205: 1772.65 | F205: 206.491 | G205: 37.5925 | H205: 100 | I205: 100 | J205: 2.52997 | K205: 0.432832 | L205: 0.565175
A206: Run Original ACO2 | B206: 2070.98 | C206: 2033.36 | D206: 5.73427 | E206: 1748.06 | F206: 203.939 | G206: 37.6229 | H206: 99.9996 | I206: 100 | J206: 2.56355 | K206: 0.436962 | L206: 0.565117
A207: Run Original ACO3 | B207: 2084.19 | C207: 2046.18 | D207: 5.85254 | E207: 1758.83 | F207: 204.911 | G207: 38.0125 | H207: 100 | I207: 100 | J207: 2.5473 | K207: 0.436957 | L207: 0.565162
A208: Run Original ACO4 | B208: 2098.74 | C208: 2060.86 | D208: 5.86374 | E208: 1772.01 | F208: 206.301 | G208: 37.8787 | H208: 99.9996 | I208: 100 | J208: 2.52964 | K208: 0.436961 | L208: 0.565165
A209: Run Original ACO5 | B209: 2100.78 | C209: 2062.89 | D209: 5.88697 | E209: 1773.97 | F209: 206.355 | G209: 37.884 | H209: 100 | I209: 100 | J209: 2.52719 | K209: 0.436956 | L209: 0.564955
A210: Run Original ACO6 | B210: 2080.53 | C210: 2043.94 | D210: 5.9158 | E210: 1759.48 | F210: 204.877 | G210: 36.5879 | H210: 100 | I210: 100 | J210: 2.55178 | K210: 0.436972 | L210: 0.565161
A211: Run Original ACO7 | B211: 1977.83 | C211: 1936.17 | D211: 5.53021 | E211: 1672.04 | F211: 194.515 | G211: 41.6543 | H211: 100 | I211: 100 | J211: 2.68429 | K211: 0.436956 | L211: 0.56517
A212: Run Original ACO8 | B212: 1974.36 | C212: 1936.91 | D212: 5.47965 | E212: 1662.51 | F212: 193.553 | G212: 37.4573 | H212: 100 | I212: 100 | J212: 2.689 | K212: 0.436952 | L212: 0.56494
