Workbook

Sheet Itog
E1: 42 | F1: =E1*2 -> 84 | G1: =F1*2 -> 168 | H1: =G1*2 -> 336 | I1: =H1*2 -> 672 | J1: =I1*2 -> 1344 | K1: =J1*2 -> 2688 | L1: =K1*2 -> 5376 | M1: =L1*2 -> 10752 | ... U1: =T1*2 -> 2752512 | X1: 1 | Y1: << "Time=" << metrics.total_time_ms << "ms "
B2: 1 | D2: 50 | E2: 0 | F2: 49 | J2: const | L2: shared | X2: 2 | Y2: << "Kernel=" << metrics.kernel_time_ms << "ms "
B3: 42clangOMP31 | D3: 1 | E3: 1 | X3: 3 | Y3: << "Probabilities=" << metrics.computeProbabilities_time_ms << "ms "
A4: 0 | B4: 1 | C4: 16 | D4: =OFFSET('t42'!$A$1,$B$2+($B4-1)*$D$2+$A4,D$3) -> 56.3141 | E4: =AVERAGE(OFFSET('t42'!$A$1,$B$2+($B4-1)*$D$2+$E$2+$A4,E$3):OFFSET('t42'!$A$1,$B$2+($B4-1)*$D$2+$E$2+$F$2+$A4,E$3)) -> 47.154472 | F4: =AVERAGE(OFFSET('t84'!$A$1,$B$2+($B4-1)*$D$2+$E$2+$A4,E$3):OFFSET('t84'!$A$1,$B$2+($B4-1)*$D$2+$E$2+$F$2+$A4,E$3)) -> 62.285718 | G4: =AVERAGE(OFFSET('t168'!$A$1,$B$2+($B4-1)*$D$2+$E$2+$A4,E$3):OFFSET('t168'!$A$1,$B$2+($B4-1)*$D$2+$E$2+$F$2+$A4,E$3)) -> 115.20932 | H4: =AVERAGE(OFFSET('t336'!$A$1,$B$2+($B4-1)*$D$2+$E$2+$A4,E$3):OFFSET('t336'!$A$1,$B$2+($B4-1)*$D$2+$E$2+$F$2+$A4,E$3)) -> 133.81526 | I4: =AVERAGE(OFFSET('t672'!$A$1,$B$2+($B4-1)*$D$2+$E$2+$A4,E$3):OFFSET('t672'!$A$1,$B$2+($B4-1)*$D$2+$E$2+$F$2+$A4,E$3)) -> 170.0248 | J4: =AVERAGE(OFFSET('t1344'!$A$1,$B$2+($B4-1)*$D$2+$E$2+$A4,E$3):OFFSET('t1344'!$A$1,$B$2+($B4-1)*$D$2+$E$2+$F$2+$A4,E$3)) -> 231.86086 | K4: =AVERAGE(OFFSET('t2688'!$A$1,$B$2+($B4-1)*$D$2+$E$2+$A4,E$3):OFFSET('t2688'!$A$1,$B$2+($B4-1)*$D$2+$E$2+$F$2+$A4,E$3)) -> 357.8891 | L4: =AVERAGE(OFFSET('t5376'!$A$1,$B$2+($B4-1)*$D$2+$E$2+$A4,E$3):OFFSET('t5376'!$A$1,$B$2+($B4-1)*$D$2+$E$2+$F$2+$A4,E$3)) -> 669.12722 | M4: =AVERAGE(OFFSET('t10752'!$A$1,$B$2+($B4-1)*$D$2+$E$2+$A4,E$3):OFFSET('t10752'!$A$1,$B$2+($B4-1)*$D$2+$E$2+$F$2+$A4,E$3)) -> 1507.3066 | N4: =AVERAGE(OFFSET('t21504'!$A$1,$B$2+($B4-1)*$D$2+$E$2+$A4,E$3):OFFSET('t21504'!$A$1,$B$2+($B4-1)*$D$2+$E$2+$F$2+$A4,E$3)) -> 3650.4502 | O4: =AVERAGE(OFFSET('t43008'!$A$1,$B$2+($B4-1)*$D$2+$E$2+$A4,E$3):OFFSET('t43008'!$A$1,$B$2+($B4-1)*$D$2+$E$2+$F$2+$A4,E$3)) -> 8818.8636 | P4: =AVERAGE(OFFSET('t86016'!$A$1,$B$2+($B4-1)*$D$2+$E$2+$A4,E$3):OFFSET('t86016'!$A$1,$B$2+($B4-1)*$D$2+$E$2+$F$2+$A4,E$3)) -> 18806.928 | Q4: =AVERAGE(OFFSET('t172032'!$A$1,$B$2+($B4-1)*$D$2+$E$2+$A4,E$3):OFFSET('t172032'!$A$1,$B$2+($B4-1)*$D$2+$E$2+$F$2+$A4,E$3)) -> 37713.192 | R4: =AVERAGE(OFFSET('t344064'!$A$1,$B$2+($B4-1)*$D$2+$E$2+$A4,E$3):OFFSET('t344064'!$A$1,$B$2+($B4-1)*$D$2+$E$2+$F$2+$A4,E$3)) -> #DIV/0! | S4: =AVERAGE(OFFSET('t688128'!$A$1,$B$2+($B4-1)*$D$2+$E$2+$A4,E$3):OFFSET('t688128'!$A$1,$B$2+($B4-1)*$D$2+$E$2+$F$2+$A4,E$3)) -> #DIV/0! | T4: =AVERAGE(OFFSET(t1376256!$A$1,$B$2+($B4-1)*$D$2+$E$2+$A4,E$3):OFFSET(t1376256!$A$1,$B$2+($B4-1)*$D$2+$E$2+$F$2+$A4,E$3)) -> #DIV/0! | X4: 4 | Y4: << "Ant=" << metrics.antColonyOptimization_time_ms << "ms "
A5: 0 | B5: 2 | D5: =OFFSET('t42'!$A$1,$B$2+($B5-1)*$D$2+$A4,D$3) -> 47.392 | E5: =AVERAGE(OFFSET('t42'!$A$1,$B$2+($B5-1)*$D$2+$E$2+$A4+1,E$3):OFFSET('t42'!$A$1,$B$2+($B5-1)*$D$2+$E$2+$F$2+$A4,E$3)) -> 47.377951 | F5: =AVERAGE(OFFSET('t84'!$A$1,$B$2+($B5-1)*$D$2+$E$2+$A4+1,E$3):OFFSET('t84'!$A$1,$B$2+($B5-1)*$D$2+$E$2+$F$2+$A4,E$3)) -> 63.860014 | G5: =AVERAGE(OFFSET('t168'!$A$1,$B$2+($B5-1)*$D$2+$E$2+$A4+1,E$3):OFFSET('t168'!$A$1,$B$2+($B5-1)*$D$2+$E$2+$F$2+$A4,E$3)) -> 119.24151 | H5: =AVERAGE(OFFSET('t336'!$A$1,$B$2+($B5-1)*$D$2+$E$2+$A4+1,E$3):OFFSET('t336'!$A$1,$B$2+($B5-1)*$D$2+$E$2+$F$2+$A4,E$3)) -> 143.69594 | I5: =AVERAGE(OFFSET('t672'!$A$1,$B$2+($B5-1)*$D$2+$E$2+$A4+1,E$3):OFFSET('t672'!$A$1,$B$2+($B5-1)*$D$2+$E$2+$F$2+$A4,E$3)) -> 177.45671 | J5: =AVERAGE(OFFSET('t1344'!$A$1,$B$2+($B5-1)*$D$2+$E$2+$A4+1,E$3):OFFSET('t1344'!$A$1,$B$2+($B5-1)*$D$2+$E$2+$F$2+$A4,E$3)) -> 234.53257 | K5: =AVERAGE(OFFSET('t2688'!$A$1,$B$2+($B5-1)*$D$2+$E$2+$A4+1,E$3):OFFSET('t2688'!$A$1,$B$2+($B5-1)*$D$2+$E$2+$F$2+$A4,E$3)) -> 361.24855 | L5: =AVERAGE(OFFSET('t5376'!$A$1,$B$2+($B5-1)*$D$2+$E$2+$A4+1,E$3):OFFSET('t5376'!$A$1,$B$2+($B5-1)*$D$2+$E$2+$F$2+$A4,E$3)) -> 673.17743 | M5: =AVERAGE(OFFSET('t10752'!$A$1,$B$2+($B5-1)*$D$2+$E$2+$A4+1,E$3):OFFSET('t10752'!$A$1,$B$2+($B5-1)*$D$2+$E$2+$F$2+$A4,E$3)) -> 1514.8122 | N5: =AVERAGE(OFFSET('t21504'!$A$1,$B$2+($B5-1)*$D$2+$E$2+$A4+1,E$3):OFFSET('t21504'!$A$1,$B$2+($B5-1)*$D$2+$E$2+$F$2+$A4,E$3)) -> 3652.3396 | O5: =AVERAGE(OFFSET('t43008'!$A$1,$B$2+($B5-1)*$D$2+$E$2+$A4+1,E$3):OFFSET('t43008'!$A$1,$B$2+($B5-1)*$D$2+$E$2+$F$2+$A4,E$3)) -> 8828.0292 | P5: =AVERAGE(OFFSET('t86016'!$A$1,$B$2+($B5-1)*$D$2+$E$2+$A4+1,E$3):OFFSET('t86016'!$A$1,$B$2+($B5-1)*$D$2+$E$2+$F$2+$A4,E$3)) -> 18797.545 | Q5: =AVERAGE(OFFSET('t172032'!$A$1,$B$2+($B5-1)*$D$2+$E$2+$A4+1,E$3):OFFSET('t172032'!$A$1,$B$2+($B5-1)*$D$2+$E$2+$F$2+$A4,E$3)) -> 37824.247 | R5: =AVERAGE(OFFSET('t344064'!$A$1,$B$2+($B5-1)*$D$2+$E$2+$A4+1,E$3):OFFSET('t344064'!$A$1,$B$2+($B5-1)*$D$2+$E$2+$F$2+$A4,E$3)) -> #DIV/0! | S5: =AVERAGE(OFFSET('t688128'!$A$1,$B$2+($B5-1)*$D$2+$E$2+$A4+1,E$3):OFFSET('t688128'!$A$1,$B$2+($B5-1)*$D$2+$E$2+$F$2+$A4,E$3)) -> #DIV/0! | T5: =AVERAGE(OFFSET(t1376256!$A$1,$B$2+($B5-1)*$D$2+$E$2+$A4+1,E$3):OFFSET(t1376256!$A$1,$B$2+($B5-1)*$D$2+$E$2+$F$2+$A4,E$3)) -> #DIV/0! | X5: 5 | Y5: << "Update=" << metrics.updatePheromones_time_ms << "ms "
A6: 0 | B6: 3 | D6: =OFFSET('t42'!$A$1,$B$2+($B6-1)*$D$2+$A4,D$3) -> 35.2752 | E6: =AVERAGE(OFFSET('t42'!$A$1,$B$2+($B6-1)*$D$2+$E$2+$A5+1,E$3):OFFSET('t42'!$A$1,$B$2+($B6-1)*$D$2+$E$2+$F$2+$A5,E$3)) -> 36.691382 | F6: =AVERAGE(OFFSET('t84'!$A$1,$B$2+($B6-1)*$D$2+$E$2+$A5+1,E$3):OFFSET('t84'!$A$1,$B$2+($B6-1)*$D$2+$E$2+$F$2+$A5,E$3)) -> 54.827639 | G6: =AVERAGE(OFFSET('t168'!$A$1,$B$2+($B6-1)*$D$2+$E$2+$A5+1,E$3):OFFSET('t168'!$A$1,$B$2+($B6-1)*$D$2+$E$2+$F$2+$A5,E$3)) -> 126.55471 | H6: =AVERAGE(OFFSET('t336'!$A$1,$B$2+($B6-1)*$D$2+$E$2+$A5+1,E$3):OFFSET('t336'!$A$1,$B$2+($B6-1)*$D$2+$E$2+$F$2+$A5,E$3)) -> 163.47143 | I6: =AVERAGE(OFFSET('t672'!$A$1,$B$2+($B6-1)*$D$2+$E$2+$A5+1,E$3):OFFSET('t672'!$A$1,$B$2+($B6-1)*$D$2+$E$2+$F$2+$A5,E$3)) -> 198.37616 | J6: =AVERAGE(OFFSET('t1344'!$A$1,$B$2+($B6-1)*$D$2+$E$2+$A5+1,E$3):OFFSET('t1344'!$A$1,$B$2+($B6-1)*$D$2+$E$2+$F$2+$A5,E$3)) -> 261.31184 | K6: =AVERAGE(OFFSET('t2688'!$A$1,$B$2+($B6-1)*$D$2+$E$2+$A5+1,E$3):OFFSET('t2688'!$A$1,$B$2+($B6-1)*$D$2+$E$2+$F$2+$A5,E$3)) -> 390.14227 | L6: =AVERAGE(OFFSET('t5376'!$A$1,$B$2+($B6-1)*$D$2+$E$2+$A5+1,E$3):OFFSET('t5376'!$A$1,$B$2+($B6-1)*$D$2+$E$2+$F$2+$A5,E$3)) -> 685.18802 | M6: =AVERAGE(OFFSET('t10752'!$A$1,$B$2+($B6-1)*$D$2+$E$2+$A5+1,E$3):OFFSET('t10752'!$A$1,$B$2+($B6-1)*$D$2+$E$2+$F$2+$A5,E$3)) -> 1537.2816 | N6: =AVERAGE(OFFSET('t21504'!$A$1,$B$2+($B6-1)*$D$2+$E$2+$A5+1,E$3):OFFSET('t21504'!$A$1,$B$2+($B6-1)*$D$2+$E$2+$F$2+$A5,E$3)) -> 3731.7718 | O6: =AVERAGE(OFFSET('t43008'!$A$1,$B$2+($B6-1)*$D$2+$E$2+$A5+1,E$3):OFFSET('t43008'!$A$1,$B$2+($B6-1)*$D$2+$E$2+$F$2+$A5,E$3)) -> 9023.6324 | P6: =AVERAGE(OFFSET('t86016'!$A$1,$B$2+($B6-1)*$D$2+$E$2+$A5+1,E$3):OFFSET('t86016'!$A$1,$B$2+($B6-1)*$D$2+$E$2+$F$2+$A5,E$3)) -> 18960.894 | Q6: =AVERAGE(OFFSET('t172032'!$A$1,$B$2+($B6-1)*$D$2+$E$2+$A5+1,E$3):OFFSET('t172032'!$A$1,$B$2+($B6-1)*$D$2+$E$2+$F$2+$A5,E$3)) -> 37973.08 | R6: =AVERAGE(OFFSET('t344064'!$A$1,$B$2+($B6-1)*$D$2+$E$2+$A5+1,E$3):OFFSET('t344064'!$A$1,$B$2+($B6-1)*$D$2+$E$2+$F$2+$A5,E$3)) -> #DIV/0! | S6: =AVERAGE(OFFSET('t688128'!$A$1,$B$2+($B6-1)*$D$2+$E$2+$A5+1,E$3):OFFSET('t688128'!$A$1,$B$2+($B6-1)*$D$2+$E$2+$F$2+$A5,E$3)) -> #DIV/0! | T6: =AVERAGE(OFFSET(t1376256!$A$1,$B$2+($B6-1)*$D$2+$E$2+$A5+1,E$3):OFFSET(t1376256!$A$1,$B$2+($B6-1)*$D$2+$E$2+$F$2+$A5,E$3)) -> #DIV/0!
A7: 0 | B7: 4 | D7: =OFFSET('t42'!$A$1,$B$2+($B7-1)*$D$2+$A5,D$3) -> 93.3345 | E7: =AVERAGE(OFFSET('t42'!$A$1,$B$2+($B7-1)*$D$2+$E$2+$A6+1,E$3):OFFSET('t42'!$A$1,$B$2+($B7-1)*$D$2+$E$2+$F$2+$A6,E$3)) -> 93.241412 | F7: =AVERAGE(OFFSET('t84'!$A$1,$B$2+($B7-1)*$D$2+$E$2+$A6+1,E$3):OFFSET('t84'!$A$1,$B$2+($B7-1)*$D$2+$E$2+$F$2+$A6,E$3)) -> 113.04014 | G7: =AVERAGE(OFFSET('t168'!$A$1,$B$2+($B7-1)*$D$2+$E$2+$A6+1,E$3):OFFSET('t168'!$A$1,$B$2+($B7-1)*$D$2+$E$2+$F$2+$A6,E$3)) -> 168.27645 | H7: =AVERAGE(OFFSET('t336'!$A$1,$B$2+($B7-1)*$D$2+$E$2+$A6+1,E$3):OFFSET('t336'!$A$1,$B$2+($B7-1)*$D$2+$E$2+$F$2+$A6,E$3)) -> 288.29916 | I7: =AVERAGE(OFFSET('t672'!$A$1,$B$2+($B7-1)*$D$2+$E$2+$A6+1,E$3):OFFSET('t672'!$A$1,$B$2+($B7-1)*$D$2+$E$2+$F$2+$A6,E$3)) -> 506.71882 | J7: =AVERAGE(OFFSET('t1344'!$A$1,$B$2+($B7-1)*$D$2+$E$2+$A6+1,E$3):OFFSET('t1344'!$A$1,$B$2+($B7-1)*$D$2+$E$2+$F$2+$A6,E$3)) -> 916.18692 | K7: =AVERAGE(OFFSET('t2688'!$A$1,$B$2+($B7-1)*$D$2+$E$2+$A6+1,E$3):OFFSET('t2688'!$A$1,$B$2+($B7-1)*$D$2+$E$2+$F$2+$A6,E$3)) -> 1761.191 | L7: =AVERAGE(OFFSET('t5376'!$A$1,$B$2+($B7-1)*$D$2+$E$2+$A6+1,E$3):OFFSET('t5376'!$A$1,$B$2+($B7-1)*$D$2+$E$2+$F$2+$A6,E$3)) -> 3641.879 | M7: =AVERAGE(OFFSET('t10752'!$A$1,$B$2+($B7-1)*$D$2+$E$2+$A6+1,E$3):OFFSET('t10752'!$A$1,$B$2+($B7-1)*$D$2+$E$2+$F$2+$A6,E$3)) -> 7195.5265 | N7: =AVERAGE(OFFSET('t21504'!$A$1,$B$2+($B7-1)*$D$2+$E$2+$A6+1,E$3):OFFSET('t21504'!$A$1,$B$2+($B7-1)*$D$2+$E$2+$F$2+$A6,E$3)) -> 14196.131 | O7: =AVERAGE(OFFSET('t43008'!$A$1,$B$2+($B7-1)*$D$2+$E$2+$A6+1,E$3):OFFSET('t43008'!$A$1,$B$2+($B7-1)*$D$2+$E$2+$F$2+$A6,E$3)) -> 27882.953 | P7: =AVERAGE(OFFSET('t86016'!$A$1,$B$2+($B7-1)*$D$2+$E$2+$A6+1,E$3):OFFSET('t86016'!$A$1,$B$2+($B7-1)*$D$2+$E$2+$F$2+$A6,E$3)) -> 56317.435 | Q7: =AVERAGE(OFFSET('t172032'!$A$1,$B$2+($B7-1)*$D$2+$E$2+$A6+1,E$3):OFFSET('t172032'!$A$1,$B$2+($B7-1)*$D$2+$E$2+$F$2+$A6,E$3)) -> 114205.12 | R7: =AVERAGE(OFFSET('t344064'!$A$1,$B$2+($B7-1)*$D$2+$E$2+$A6+1,E$3):OFFSET('t344064'!$A$1,$B$2+($B7-1)*$D$2+$E$2+$F$2+$A6,E$3)) -> #DIV/0! | S7: =AVERAGE(OFFSET('t688128'!$A$1,$B$2+($B7-1)*$D$2+$E$2+$A6+1,E$3):OFFSET('t688128'!$A$1,$B$2+($B7-1)*$D$2+$E$2+$F$2+$A6,E$3)) -> #DIV/0! | T7: =AVERAGE(OFFSET(t1376256!$A$1,$B$2+($B7-1)*$D$2+$E$2+$A6+1,E$3):OFFSET(t1376256!$A$1,$B$2+($B7-1)*$D$2+$E$2+$F$2+$A6,E$3)) -> #DIV/0!
A8: 1 | B8: 5 | C8: 32 | D8: =OFFSET('t42'!$A$1,$B$2+($B8-1)*$D$2+$A8,D$3) -> 42.2004 | E8: =AVERAGE(OFFSET('t42'!$A$1,$B$2+($B8-1)*$D$2+$E$2+$A8,E$3):OFFSET('t42'!$A$1,$B$2+($B8-1)*$D$2+$E$2+$F$2+$A8,E$3)) -> 43.67896 | F8: =AVERAGE(OFFSET('t84'!$A$1,$B$2+($B8-1)*$D$2+$E$2+$A8,E$3):OFFSET('t84'!$A$1,$B$2+($B8-1)*$D$2+$E$2+$F$2+$A8,E$3)) -> 58.564478 | G8: =AVERAGE(OFFSET('t168'!$A$1,$B$2+($B8-1)*$D$2+$E$2+$A8,E$3):OFFSET('t168'!$A$1,$B$2+($B8-1)*$D$2+$E$2+$F$2+$A8,E$3)) -> 107.51348 | H8: =AVERAGE(OFFSET('t336'!$A$1,$B$2+($B8-1)*$D$2+$E$2+$A8,E$3):OFFSET('t336'!$A$1,$B$2+($B8-1)*$D$2+$E$2+$F$2+$A8,E$3)) -> 128.59174 | I8: =AVERAGE(OFFSET('t672'!$A$1,$B$2+($B8-1)*$D$2+$E$2+$A8,E$3):OFFSET('t672'!$A$1,$B$2+($B8-1)*$D$2+$E$2+$F$2+$A8,E$3)) -> 163.77792 | J8: =AVERAGE(OFFSET('t1344'!$A$1,$B$2+($B8-1)*$D$2+$E$2+$A8,E$3):OFFSET('t1344'!$A$1,$B$2+($B8-1)*$D$2+$E$2+$F$2+$A8,E$3)) -> 228.10774 | K8: =AVERAGE(OFFSET('t2688'!$A$1,$B$2+($B8-1)*$D$2+$E$2+$A8,E$3):OFFSET('t2688'!$A$1,$B$2+($B8-1)*$D$2+$E$2+$F$2+$A8,E$3)) -> 350.09898 | L8: =AVERAGE(OFFSET('t5376'!$A$1,$B$2+($B8-1)*$D$2+$E$2+$A8,E$3):OFFSET('t5376'!$A$1,$B$2+($B8-1)*$D$2+$E$2+$F$2+$A8,E$3)) -> 665.3512 | M8: =AVERAGE(OFFSET('t10752'!$A$1,$B$2+($B8-1)*$D$2+$E$2+$A8,E$3):OFFSET('t10752'!$A$1,$B$2+($B8-1)*$D$2+$E$2+$F$2+$A8,E$3)) -> 1428.4594 | N8: =AVERAGE(OFFSET('t21504'!$A$1,$B$2+($B8-1)*$D$2+$E$2+$A8,E$3):OFFSET('t21504'!$A$1,$B$2+($B8-1)*$D$2+$E$2+$F$2+$A8,E$3)) -> 3455.3222 | O8: =AVERAGE(OFFSET('t43008'!$A$1,$B$2+($B8-1)*$D$2+$E$2+$A8,E$3):OFFSET('t43008'!$A$1,$B$2+($B8-1)*$D$2+$E$2+$F$2+$A8,E$3)) -> 7182.159 | P8: =AVERAGE(OFFSET('t86016'!$A$1,$B$2+($B8-1)*$D$2+$E$2+$A8,E$3):OFFSET('t86016'!$A$1,$B$2+($B8-1)*$D$2+$E$2+$F$2+$A8,E$3)) -> 16948.524 | Q8: =AVERAGE(OFFSET('t172032'!$A$1,$B$2+($B8-1)*$D$2+$E$2+$A8,E$3):OFFSET('t172032'!$A$1,$B$2+($B8-1)*$D$2+$E$2+$F$2+$A8,E$3)) -> 27067.98 | R8: =AVERAGE(OFFSET('t344064'!$A$1,$B$2+($B8-1)*$D$2+$E$2+$A8,E$3):OFFSET('t344064'!$A$1,$B$2+($B8-1)*$D$2+$E$2+$F$2+$A8,E$3)) -> #DIV/0! | S8: =AVERAGE(OFFSET('t688128'!$A$1,$B$2+($B8-1)*$D$2+$E$2+$A8,E$3):OFFSET('t688128'!$A$1,$B$2+($B8-1)*$D$2+$E$2+$F$2+$A8,E$3)) -> #DIV/0! | T8: =AVERAGE(OFFSET(t1376256!$A$1,$B$2+($B8-1)*$D$2+$E$2+$A8,E$3):OFFSET(t1376256!$A$1,$B$2+($B8-1)*$D$2+$E$2+$F$2+$A8,E$3)) -> #DIV/0! | X8: 6 | Y8: << "Memory=" << metrics.memory_time_ms << "ms "
A9: 1 | B9: 6 | D9: =OFFSET('t42'!$A$1,$B$2+($B9-1)*$D$2+$A8,D$3) -> 51.1788 | E9: =AVERAGE(OFFSET('t42'!$A$1,$B$2+($B9-1)*$D$2+$E$2+$A8+1,E$3):OFFSET('t42'!$A$1,$B$2+($B9-1)*$D$2+$E$2+$F$2+$A8,E$3)) -> 47.250218 | F9: =AVERAGE(OFFSET('t84'!$A$1,$B$2+($B9-1)*$D$2+$E$2+$A8+1,E$3):OFFSET('t84'!$A$1,$B$2+($B9-1)*$D$2+$E$2+$F$2+$A8,E$3)) -> 60.245782 | G9: =AVERAGE(OFFSET('t168'!$A$1,$B$2+($B9-1)*$D$2+$E$2+$A8+1,E$3):OFFSET('t168'!$A$1,$B$2+($B9-1)*$D$2+$E$2+$F$2+$A8,E$3)) -> 111.51386 | H9: =AVERAGE(OFFSET('t336'!$A$1,$B$2+($B9-1)*$D$2+$E$2+$A8+1,E$3):OFFSET('t336'!$A$1,$B$2+($B9-1)*$D$2+$E$2+$F$2+$A8,E$3)) -> 135.89604 | I9: =AVERAGE(OFFSET('t672'!$A$1,$B$2+($B9-1)*$D$2+$E$2+$A8+1,E$3):OFFSET('t672'!$A$1,$B$2+($B9-1)*$D$2+$E$2+$F$2+$A8,E$3)) -> 168.33622 | J9: =AVERAGE(OFFSET('t1344'!$A$1,$B$2+($B9-1)*$D$2+$E$2+$A8+1,E$3):OFFSET('t1344'!$A$1,$B$2+($B9-1)*$D$2+$E$2+$F$2+$A8,E$3)) -> 230.77906 | K9: =AVERAGE(OFFSET('t2688'!$A$1,$B$2+($B9-1)*$D$2+$E$2+$A8+1,E$3):OFFSET('t2688'!$A$1,$B$2+($B9-1)*$D$2+$E$2+$F$2+$A8,E$3)) -> 351.48788 | L9: =AVERAGE(OFFSET('t5376'!$A$1,$B$2+($B9-1)*$D$2+$E$2+$A8+1,E$3):OFFSET('t5376'!$A$1,$B$2+($B9-1)*$D$2+$E$2+$F$2+$A8,E$3)) -> 674.46729 | M9: =AVERAGE(OFFSET('t10752'!$A$1,$B$2+($B9-1)*$D$2+$E$2+$A8+1,E$3):OFFSET('t10752'!$A$1,$B$2+($B9-1)*$D$2+$E$2+$F$2+$A8,E$3)) -> 1436.4814 | N9: =AVERAGE(OFFSET('t21504'!$A$1,$B$2+($B9-1)*$D$2+$E$2+$A8+1,E$3):OFFSET('t21504'!$A$1,$B$2+($B9-1)*$D$2+$E$2+$F$2+$A8,E$3)) -> 3460.5314 | O9: =AVERAGE(OFFSET('t43008'!$A$1,$B$2+($B9-1)*$D$2+$E$2+$A8+1,E$3):OFFSET('t43008'!$A$1,$B$2+($B9-1)*$D$2+$E$2+$F$2+$A8,E$3)) -> 7189.6739 | P9: =AVERAGE(OFFSET('t86016'!$A$1,$B$2+($B9-1)*$D$2+$E$2+$A8+1,E$3):OFFSET('t86016'!$A$1,$B$2+($B9-1)*$D$2+$E$2+$F$2+$A8,E$3)) -> 16950.882 | Q9: =AVERAGE(OFFSET('t172032'!$A$1,$B$2+($B9-1)*$D$2+$E$2+$A8+1,E$3):OFFSET('t172032'!$A$1,$B$2+($B9-1)*$D$2+$E$2+$F$2+$A8,E$3)) -> 26279.543 | R9: =AVERAGE(OFFSET('t344064'!$A$1,$B$2+($B9-1)*$D$2+$E$2+$A8+1,E$3):OFFSET('t344064'!$A$1,$B$2+($B9-1)*$D$2+$E$2+$F$2+$A8,E$3)) -> #DIV/0! | S9: =AVERAGE(OFFSET('t688128'!$A$1,$B$2+($B9-1)*$D$2+$E$2+$A8+1,E$3):OFFSET('t688128'!$A$1,$B$2+($B9-1)*$D$2+$E$2+$F$2+$A8,E$3)) -> #DIV/0! | T9: =AVERAGE(OFFSET(t1376256!$A$1,$B$2+($B9-1)*$D$2+$E$2+$A8+1,E$3):OFFSET(t1376256!$A$1,$B$2+($B9-1)*$D$2+$E$2+$F$2+$A8,E$3)) -> #DIV/0! | X9: 7 | Y9: << "HitRate=" << (100.0 * metrics.hash_hits / (metrics.hash_hits + metrics.hash_misses)) << "% "
A10: 1 | B10: 7 | D10: =OFFSET('t42'!$A$1,$B$2+($B10-1)*$D$2+$A8,D$3) -> 34.5754 | E10: =AVERAGE(OFFSET('t42'!$A$1,$B$2+($B10-1)*$D$2+$E$2+$A9+1,E$3):OFFSET('t42'!$A$1,$B$2+($B10-1)*$D$2+$E$2+$F$2+$A9,E$3)) -> 34.894424 | F10: =AVERAGE(OFFSET('t84'!$A$1,$B$2+($B10-1)*$D$2+$E$2+$A9+1,E$3):OFFSET('t84'!$A$1,$B$2+($B10-1)*$D$2+$E$2+$F$2+$A9,E$3)) -> 50.507445 | G10: =AVERAGE(OFFSET('t168'!$A$1,$B$2+($B10-1)*$D$2+$E$2+$A9+1,E$3):OFFSET('t168'!$A$1,$B$2+($B10-1)*$D$2+$E$2+$F$2+$A9,E$3)) -> 123.68096 | H10: =AVERAGE(OFFSET('t336'!$A$1,$B$2+($B10-1)*$D$2+$E$2+$A9+1,E$3):OFFSET('t336'!$A$1,$B$2+($B10-1)*$D$2+$E$2+$F$2+$A9,E$3)) -> 156.92698 | I10: =AVERAGE(OFFSET('t672'!$A$1,$B$2+($B10-1)*$D$2+$E$2+$A9+1,E$3):OFFSET('t672'!$A$1,$B$2+($B10-1)*$D$2+$E$2+$F$2+$A9,E$3)) -> 188.44608 | J10: =AVERAGE(OFFSET('t1344'!$A$1,$B$2+($B10-1)*$D$2+$E$2+$A9+1,E$3):OFFSET('t1344'!$A$1,$B$2+($B10-1)*$D$2+$E$2+$F$2+$A9,E$3)) -> 253.33465 | K10: =AVERAGE(OFFSET('t2688'!$A$1,$B$2+($B10-1)*$D$2+$E$2+$A9+1,E$3):OFFSET('t2688'!$A$1,$B$2+($B10-1)*$D$2+$E$2+$F$2+$A9,E$3)) -> 378.44929 | L10: =AVERAGE(OFFSET('t5376'!$A$1,$B$2+($B10-1)*$D$2+$E$2+$A9+1,E$3):OFFSET('t5376'!$A$1,$B$2+($B10-1)*$D$2+$E$2+$F$2+$A9,E$3)) -> 673.05237 | M10: =AVERAGE(OFFSET('t10752'!$A$1,$B$2+($B10-1)*$D$2+$E$2+$A9+1,E$3):OFFSET('t10752'!$A$1,$B$2+($B10-1)*$D$2+$E$2+$F$2+$A9,E$3)) -> 1466.0267 | N10: =AVERAGE(OFFSET('t21504'!$A$1,$B$2+($B10-1)*$D$2+$E$2+$A9+1,E$3):OFFSET('t21504'!$A$1,$B$2+($B10-1)*$D$2+$E$2+$F$2+$A9,E$3)) -> 3514.96 | O10: =AVERAGE(OFFSET('t43008'!$A$1,$B$2+($B10-1)*$D$2+$E$2+$A9+1,E$3):OFFSET('t43008'!$A$1,$B$2+($B10-1)*$D$2+$E$2+$F$2+$A9,E$3)) -> 7457.4333 | P10: =AVERAGE(OFFSET('t86016'!$A$1,$B$2+($B10-1)*$D$2+$E$2+$A9+1,E$3):OFFSET('t86016'!$A$1,$B$2+($B10-1)*$D$2+$E$2+$F$2+$A9,E$3)) -> 17119.488 | Q10: =AVERAGE(OFFSET('t172032'!$A$1,$B$2+($B10-1)*$D$2+$E$2+$A9+1,E$3):OFFSET('t172032'!$A$1,$B$2+($B10-1)*$D$2+$E$2+$F$2+$A9,E$3)) -> 26411.059 | R10: =AVERAGE(OFFSET('t344064'!$A$1,$B$2+($B10-1)*$D$2+$E$2+$A9+1,E$3):OFFSET('t344064'!$A$1,$B$2+($B10-1)*$D$2+$E$2+$F$2+$A9,E$3)) -> #DIV/0! | S10: =AVERAGE(OFFSET('t688128'!$A$1,$B$2+($B10-1)*$D$2+$E$2+$A9+1,E$3):OFFSET('t688128'!$A$1,$B$2+($B10-1)*$D$2+$E$2+$F$2+$A9,E$3)) -> #DIV/0! | T10: =AVERAGE(OFFSET(t1376256!$A$1,$B$2+($B10-1)*$D$2+$E$2+$A9+1,E$3):OFFSET(t1376256!$A$1,$B$2+($B10-1)*$D$2+$E$2+$F$2+$A9,E$3)) -> #DIV/0!
A11: 1 | B11: 8 | D11: =OFFSET('t42'!$A$1,$B$2+($B11-1)*$D$2+$A9,D$3) -> 87.136 | E11: =AVERAGE(OFFSET('t42'!$A$1,$B$2+($B11-1)*$D$2+$E$2+$A10+1,E$3):OFFSET('t42'!$A$1,$B$2+($B11-1)*$D$2+$E$2+$F$2+$A10,E$3)) -> 88.853714 | F11: =AVERAGE(OFFSET('t84'!$A$1,$B$2+($B11-1)*$D$2+$E$2+$A10+1,E$3):OFFSET('t84'!$A$1,$B$2+($B11-1)*$D$2+$E$2+$F$2+$A10,E$3)) -> 112.69649 | G11: =AVERAGE(OFFSET('t168'!$A$1,$B$2+($B11-1)*$D$2+$E$2+$A10+1,E$3):OFFSET('t168'!$A$1,$B$2+($B11-1)*$D$2+$E$2+$F$2+$A10,E$3)) -> 159.90382 | H11: =AVERAGE(OFFSET('t336'!$A$1,$B$2+($B11-1)*$D$2+$E$2+$A10+1,E$3):OFFSET('t336'!$A$1,$B$2+($B11-1)*$D$2+$E$2+$F$2+$A10,E$3)) -> 268.51514 | I11: =AVERAGE(OFFSET('t672'!$A$1,$B$2+($B11-1)*$D$2+$E$2+$A10+1,E$3):OFFSET('t672'!$A$1,$B$2+($B11-1)*$D$2+$E$2+$F$2+$A10,E$3)) -> 471.27376 | J11: =AVERAGE(OFFSET('t1344'!$A$1,$B$2+($B11-1)*$D$2+$E$2+$A10+1,E$3):OFFSET('t1344'!$A$1,$B$2+($B11-1)*$D$2+$E$2+$F$2+$A10,E$3)) -> 890.77122 | K11: =AVERAGE(OFFSET('t2688'!$A$1,$B$2+($B11-1)*$D$2+$E$2+$A10+1,E$3):OFFSET('t2688'!$A$1,$B$2+($B11-1)*$D$2+$E$2+$F$2+$A10,E$3)) -> 1714.602 | L11: =AVERAGE(OFFSET('t5376'!$A$1,$B$2+($B11-1)*$D$2+$E$2+$A10+1,E$3):OFFSET('t5376'!$A$1,$B$2+($B11-1)*$D$2+$E$2+$F$2+$A10,E$3)) -> 3411.2498 | M11: =AVERAGE(OFFSET('t10752'!$A$1,$B$2+($B11-1)*$D$2+$E$2+$A10+1,E$3):OFFSET('t10752'!$A$1,$B$2+($B11-1)*$D$2+$E$2+$F$2+$A10,E$3)) -> 6658.8229 | N11: =AVERAGE(OFFSET('t21504'!$A$1,$B$2+($B11-1)*$D$2+$E$2+$A10+1,E$3):OFFSET('t21504'!$A$1,$B$2+($B11-1)*$D$2+$E$2+$F$2+$A10,E$3)) -> 13319.6 | O11: =AVERAGE(OFFSET('t43008'!$A$1,$B$2+($B11-1)*$D$2+$E$2+$A10+1,E$3):OFFSET('t43008'!$A$1,$B$2+($B11-1)*$D$2+$E$2+$F$2+$A10,E$3)) -> 26243.465 | P11: =AVERAGE(OFFSET('t86016'!$A$1,$B$2+($B11-1)*$D$2+$E$2+$A10+1,E$3):OFFSET('t86016'!$A$1,$B$2+($B11-1)*$D$2+$E$2+$F$2+$A10,E$3)) -> 53020.798 | Q11: =AVERAGE(OFFSET('t172032'!$A$1,$B$2+($B11-1)*$D$2+$E$2+$A10+1,E$3):OFFSET('t172032'!$A$1,$B$2+($B11-1)*$D$2+$E$2+$F$2+$A10,E$3)) -> 108443.63 | R11: =AVERAGE(OFFSET('t344064'!$A$1,$B$2+($B11-1)*$D$2+$E$2+$A10+1,E$3):OFFSET('t344064'!$A$1,$B$2+($B11-1)*$D$2+$E$2+$F$2+$A10,E$3)) -> #DIV/0! | S11: =AVERAGE(OFFSET('t688128'!$A$1,$B$2+($B11-1)*$D$2+$E$2+$A10+1,E$3):OFFSET('t688128'!$A$1,$B$2+($B11-1)*$D$2+$E$2+$F$2+$A10,E$3)) -> #DIV/0! | T11: =AVERAGE(OFFSET(t1376256!$A$1,$B$2+($B11-1)*$D$2+$E$2+$A10+1,E$3):OFFSET(t1376256!$A$1,$B$2+($B11-1)*$D$2+$E$2+$F$2+$A10,E$3)) -> #DIV/0!
A12: 2 | B12: 9 | C12: 64 | D12: =OFFSET('t42'!$A$1,$B$2+($B12-1)*$D$2+$A12,D$3) -> 42.5421 | E12: =AVERAGE(OFFSET('t42'!$A$1,$B$2+($B12-1)*$D$2+$E$2+$A12,E$3):OFFSET('t42'!$A$1,$B$2+($B12-1)*$D$2+$E$2+$F$2+$A12,E$3)) -> 42.92245 | F12: =AVERAGE(OFFSET('t84'!$A$1,$B$2+($B12-1)*$D$2+$E$2+$A12,E$3):OFFSET('t84'!$A$1,$B$2+($B12-1)*$D$2+$E$2+$F$2+$A12,E$3)) -> 60.245924 | G12: =AVERAGE(OFFSET('t168'!$A$1,$B$2+($B12-1)*$D$2+$E$2+$A12,E$3):OFFSET('t168'!$A$1,$B$2+($B12-1)*$D$2+$E$2+$F$2+$A12,E$3)) -> 107.97424 | H12: =AVERAGE(OFFSET('t336'!$A$1,$B$2+($B12-1)*$D$2+$E$2+$A12,E$3):OFFSET('t336'!$A$1,$B$2+($B12-1)*$D$2+$E$2+$F$2+$A12,E$3)) -> 134.21168 | I12: =AVERAGE(OFFSET('t672'!$A$1,$B$2+($B12-1)*$D$2+$E$2+$A12,E$3):OFFSET('t672'!$A$1,$B$2+($B12-1)*$D$2+$E$2+$F$2+$A12,E$3)) -> 177.66522 | J12: =AVERAGE(OFFSET('t1344'!$A$1,$B$2+($B12-1)*$D$2+$E$2+$A12,E$3):OFFSET('t1344'!$A$1,$B$2+($B12-1)*$D$2+$E$2+$F$2+$A12,E$3)) -> 246.94008 | K12: =AVERAGE(OFFSET('t2688'!$A$1,$B$2+($B12-1)*$D$2+$E$2+$A12,E$3):OFFSET('t2688'!$A$1,$B$2+($B12-1)*$D$2+$E$2+$F$2+$A12,E$3)) -> 388.7497 | L12: =AVERAGE(OFFSET('t5376'!$A$1,$B$2+($B12-1)*$D$2+$E$2+$A12,E$3):OFFSET('t5376'!$A$1,$B$2+($B12-1)*$D$2+$E$2+$F$2+$A12,E$3)) -> 893.47018 | M12: =AVERAGE(OFFSET('t10752'!$A$1,$B$2+($B12-1)*$D$2+$E$2+$A12,E$3):OFFSET('t10752'!$A$1,$B$2+($B12-1)*$D$2+$E$2+$F$2+$A12,E$3)) -> 1668.4398 | N12: =AVERAGE(OFFSET('t21504'!$A$1,$B$2+($B12-1)*$D$2+$E$2+$A12,E$3):OFFSET('t21504'!$A$1,$B$2+($B12-1)*$D$2+$E$2+$F$2+$A12,E$3)) -> 3207.266 | O12: =AVERAGE(OFFSET('t43008'!$A$1,$B$2+($B12-1)*$D$2+$E$2+$A12,E$3):OFFSET('t43008'!$A$1,$B$2+($B12-1)*$D$2+$E$2+$F$2+$A12,E$3)) -> 8231.2544 | P12: =AVERAGE(OFFSET('t86016'!$A$1,$B$2+($B12-1)*$D$2+$E$2+$A12,E$3):OFFSET('t86016'!$A$1,$B$2+($B12-1)*$D$2+$E$2+$F$2+$A12,E$3)) -> 19653.926 | Q12: =AVERAGE(OFFSET('t172032'!$A$1,$B$2+($B12-1)*$D$2+$E$2+$A12,E$3):OFFSET('t172032'!$A$1,$B$2+($B12-1)*$D$2+$E$2+$F$2+$A12,E$3)) -> 29218.908 | R12: =AVERAGE(OFFSET('t344064'!$A$1,$B$2+($B12-1)*$D$2+$E$2+$A12,E$3):OFFSET('t344064'!$A$1,$B$2+($B12-1)*$D$2+$E$2+$F$2+$A12,E$3)) -> #DIV/0! | S12: =AVERAGE(OFFSET('t688128'!$A$1,$B$2+($B12-1)*$D$2+$E$2+$A12,E$3):OFFSET('t688128'!$A$1,$B$2+($B12-1)*$D$2+$E$2+$F$2+$A12,E$3)) -> #DIV/0! | T12: =AVERAGE(OFFSET(t1376256!$A$1,$B$2+($B12-1)*$D$2+$E$2+$A12,E$3):OFFSET(t1376256!$A$1,$B$2+($B12-1)*$D$2+$E$2+$F$2+$A12,E$3)) -> #DIV/0! | X12: 8 | Y12: << "Occupancy=" << metrics.occupancy << "% "
A13: 2 | B13: 10 | D13: =OFFSET('t42'!$A$1,$B$2+($B13-1)*$D$2+$A12,D$3) -> 47.2071 | E13: =AVERAGE(OFFSET('t42'!$A$1,$B$2+($B13-1)*$D$2+$E$2+$A12+1,E$3):OFFSET('t42'!$A$1,$B$2+($B13-1)*$D$2+$E$2+$F$2+$A12,E$3)) -> 46.662608 | F13: =AVERAGE(OFFSET('t84'!$A$1,$B$2+($B13-1)*$D$2+$E$2+$A12+1,E$3):OFFSET('t84'!$A$1,$B$2+($B13-1)*$D$2+$E$2+$F$2+$A12,E$3)) -> 61.091645 | G13: =AVERAGE(OFFSET('t168'!$A$1,$B$2+($B13-1)*$D$2+$E$2+$A12+1,E$3):OFFSET('t168'!$A$1,$B$2+($B13-1)*$D$2+$E$2+$F$2+$A12,E$3)) -> 112.82929 | H13: =AVERAGE(OFFSET('t336'!$A$1,$B$2+($B13-1)*$D$2+$E$2+$A12+1,E$3):OFFSET('t336'!$A$1,$B$2+($B13-1)*$D$2+$E$2+$F$2+$A12,E$3)) -> 143.78767 | I13: =AVERAGE(OFFSET('t672'!$A$1,$B$2+($B13-1)*$D$2+$E$2+$A12+1,E$3):OFFSET('t672'!$A$1,$B$2+($B13-1)*$D$2+$E$2+$F$2+$A12,E$3)) -> 183.04237 | J13: =AVERAGE(OFFSET('t1344'!$A$1,$B$2+($B13-1)*$D$2+$E$2+$A12+1,E$3):OFFSET('t1344'!$A$1,$B$2+($B13-1)*$D$2+$E$2+$F$2+$A12,E$3)) -> 249.10741 | K13: =AVERAGE(OFFSET('t2688'!$A$1,$B$2+($B13-1)*$D$2+$E$2+$A12+1,E$3):OFFSET('t2688'!$A$1,$B$2+($B13-1)*$D$2+$E$2+$F$2+$A12,E$3)) -> 392.40955 | L13: =AVERAGE(OFFSET('t5376'!$A$1,$B$2+($B13-1)*$D$2+$E$2+$A12+1,E$3):OFFSET('t5376'!$A$1,$B$2+($B13-1)*$D$2+$E$2+$F$2+$A12,E$3)) -> 895.62773 | M13: =AVERAGE(OFFSET('t10752'!$A$1,$B$2+($B13-1)*$D$2+$E$2+$A12+1,E$3):OFFSET('t10752'!$A$1,$B$2+($B13-1)*$D$2+$E$2+$F$2+$A12,E$3)) -> 1668.4808 | N13: =AVERAGE(OFFSET('t21504'!$A$1,$B$2+($B13-1)*$D$2+$E$2+$A12+1,E$3):OFFSET('t21504'!$A$1,$B$2+($B13-1)*$D$2+$E$2+$F$2+$A12,E$3)) -> 3152.4469 | O13: =AVERAGE(OFFSET('t43008'!$A$1,$B$2+($B13-1)*$D$2+$E$2+$A12+1,E$3):OFFSET('t43008'!$A$1,$B$2+($B13-1)*$D$2+$E$2+$F$2+$A12,E$3)) -> 8239.3273 | P13: =AVERAGE(OFFSET('t86016'!$A$1,$B$2+($B13-1)*$D$2+$E$2+$A12+1,E$3):OFFSET('t86016'!$A$1,$B$2+($B13-1)*$D$2+$E$2+$F$2+$A12,E$3)) -> 19249.853 | Q13: =AVERAGE(OFFSET('t172032'!$A$1,$B$2+($B13-1)*$D$2+$E$2+$A12+1,E$3):OFFSET('t172032'!$A$1,$B$2+($B13-1)*$D$2+$E$2+$F$2+$A12,E$3)) -> 29330.667 | R13: =AVERAGE(OFFSET('t344064'!$A$1,$B$2+($B13-1)*$D$2+$E$2+$A12+1,E$3):OFFSET('t344064'!$A$1,$B$2+($B13-1)*$D$2+$E$2+$F$2+$A12,E$3)) -> #DIV/0! | S13: =AVERAGE(OFFSET('t688128'!$A$1,$B$2+($B13-1)*$D$2+$E$2+$A12+1,E$3):OFFSET('t688128'!$A$1,$B$2+($B13-1)*$D$2+$E$2+$F$2+$A12,E$3)) -> #DIV/0! | T13: =AVERAGE(OFFSET(t1376256!$A$1,$B$2+($B13-1)*$D$2+$E$2+$A12+1,E$3):OFFSET(t1376256!$A$1,$B$2+($B13-1)*$D$2+$E$2+$F$2+$A12,E$3)) -> #DIV/0! | X13: 9 | Y13: << "memory_throughput_gbs=" << metrics.memory_throughput_gbs << " "
A14: 2 | B14: 11 | D14: =OFFSET('t42'!$A$1,$B$2+($B14-1)*$D$2+$A12,D$3) -> 34.344 | E14: =AVERAGE(OFFSET('t42'!$A$1,$B$2+($B14-1)*$D$2+$E$2+$A13+1,E$3):OFFSET('t42'!$A$1,$B$2+($B14-1)*$D$2+$E$2+$F$2+$A13,E$3)) -> 35.209461 | F14: =AVERAGE(OFFSET('t84'!$A$1,$B$2+($B14-1)*$D$2+$E$2+$A13+1,E$3):OFFSET('t84'!$A$1,$B$2+($B14-1)*$D$2+$E$2+$F$2+$A13,E$3)) -> 52.542008 | G14: =AVERAGE(OFFSET('t168'!$A$1,$B$2+($B14-1)*$D$2+$E$2+$A13+1,E$3):OFFSET('t168'!$A$1,$B$2+($B14-1)*$D$2+$E$2+$F$2+$A13,E$3)) -> 123.10869 | H14: =AVERAGE(OFFSET('t336'!$A$1,$B$2+($B14-1)*$D$2+$E$2+$A13+1,E$3):OFFSET('t336'!$A$1,$B$2+($B14-1)*$D$2+$E$2+$F$2+$A13,E$3)) -> 159.77555 | I14: =AVERAGE(OFFSET('t672'!$A$1,$B$2+($B14-1)*$D$2+$E$2+$A13+1,E$3):OFFSET('t672'!$A$1,$B$2+($B14-1)*$D$2+$E$2+$F$2+$A13,E$3)) -> 196.72669 | J14: =AVERAGE(OFFSET('t1344'!$A$1,$B$2+($B14-1)*$D$2+$E$2+$A13+1,E$3):OFFSET('t1344'!$A$1,$B$2+($B14-1)*$D$2+$E$2+$F$2+$A13,E$3)) -> 272.18847 | K14: =AVERAGE(OFFSET('t2688'!$A$1,$B$2+($B14-1)*$D$2+$E$2+$A13+1,E$3):OFFSET('t2688'!$A$1,$B$2+($B14-1)*$D$2+$E$2+$F$2+$A13,E$3)) -> 419.25012 | L14: =AVERAGE(OFFSET('t5376'!$A$1,$B$2+($B14-1)*$D$2+$E$2+$A13+1,E$3):OFFSET('t5376'!$A$1,$B$2+($B14-1)*$D$2+$E$2+$F$2+$A13,E$3)) -> 890.7669 | M14: =AVERAGE(OFFSET('t10752'!$A$1,$B$2+($B14-1)*$D$2+$E$2+$A13+1,E$3):OFFSET('t10752'!$A$1,$B$2+($B14-1)*$D$2+$E$2+$F$2+$A13,E$3)) -> 1715.9592 | N14: =AVERAGE(OFFSET('t21504'!$A$1,$B$2+($B14-1)*$D$2+$E$2+$A13+1,E$3):OFFSET('t21504'!$A$1,$B$2+($B14-1)*$D$2+$E$2+$F$2+$A13,E$3)) -> 3192.062 | O14: =AVERAGE(OFFSET('t43008'!$A$1,$B$2+($B14-1)*$D$2+$E$2+$A13+1,E$3):OFFSET('t43008'!$A$1,$B$2+($B14-1)*$D$2+$E$2+$F$2+$A13,E$3)) -> 8517.8553 | P14: =AVERAGE(OFFSET('t86016'!$A$1,$B$2+($B14-1)*$D$2+$E$2+$A13+1,E$3):OFFSET('t86016'!$A$1,$B$2+($B14-1)*$D$2+$E$2+$F$2+$A13,E$3)) -> 19057.392 | Q14: =AVERAGE(OFFSET('t172032'!$A$1,$B$2+($B14-1)*$D$2+$E$2+$A13+1,E$3):OFFSET('t172032'!$A$1,$B$2+($B14-1)*$D$2+$E$2+$F$2+$A13,E$3)) -> 30106.49 | R14: =AVERAGE(OFFSET('t344064'!$A$1,$B$2+($B14-1)*$D$2+$E$2+$A13+1,E$3):OFFSET('t344064'!$A$1,$B$2+($B14-1)*$D$2+$E$2+$F$2+$A13,E$3)) -> #DIV/0! | S14: =AVERAGE(OFFSET('t688128'!$A$1,$B$2+($B14-1)*$D$2+$E$2+$A13+1,E$3):OFFSET('t688128'!$A$1,$B$2+($B14-1)*$D$2+$E$2+$F$2+$A13,E$3)) -> #DIV/0! | T14: =AVERAGE(OFFSET(t1376256!$A$1,$B$2+($B14-1)*$D$2+$E$2+$A13+1,E$3):OFFSET(t1376256!$A$1,$B$2+($B14-1)*$D$2+$E$2+$F$2+$A13,E$3)) -> #DIV/0!
A15: 2 | B15: 12 | D15: =OFFSET('t42'!$A$1,$B$2+($B15-1)*$D$2+$A13,D$3) -> 87.461 | E15: =AVERAGE(OFFSET('t42'!$A$1,$B$2+($B15-1)*$D$2+$E$2+$A14+1,E$3):OFFSET('t42'!$A$1,$B$2+($B15-1)*$D$2+$E$2+$F$2+$A14,E$3)) -> 89.824682 | F15: =AVERAGE(OFFSET('t84'!$A$1,$B$2+($B15-1)*$D$2+$E$2+$A14+1,E$3):OFFSET('t84'!$A$1,$B$2+($B15-1)*$D$2+$E$2+$F$2+$A14,E$3)) -> 108.90963 | G15: =AVERAGE(OFFSET('t168'!$A$1,$B$2+($B15-1)*$D$2+$E$2+$A14+1,E$3):OFFSET('t168'!$A$1,$B$2+($B15-1)*$D$2+$E$2+$F$2+$A14,E$3)) -> 159.4482 | H15: =AVERAGE(OFFSET('t336'!$A$1,$B$2+($B15-1)*$D$2+$E$2+$A14+1,E$3):OFFSET('t336'!$A$1,$B$2+($B15-1)*$D$2+$E$2+$F$2+$A14,E$3)) -> 267.38869 | I15: =AVERAGE(OFFSET('t672'!$A$1,$B$2+($B15-1)*$D$2+$E$2+$A14+1,E$3):OFFSET('t672'!$A$1,$B$2+($B15-1)*$D$2+$E$2+$F$2+$A14,E$3)) -> 467.49361 | J15: =AVERAGE(OFFSET('t1344'!$A$1,$B$2+($B15-1)*$D$2+$E$2+$A14+1,E$3):OFFSET('t1344'!$A$1,$B$2+($B15-1)*$D$2+$E$2+$F$2+$A14,E$3)) -> 866.38555 | K15: =AVERAGE(OFFSET('t2688'!$A$1,$B$2+($B15-1)*$D$2+$E$2+$A14+1,E$3):OFFSET('t2688'!$A$1,$B$2+($B15-1)*$D$2+$E$2+$F$2+$A14,E$3)) -> 1666.7784 | L15: =AVERAGE(OFFSET('t5376'!$A$1,$B$2+($B15-1)*$D$2+$E$2+$A14+1,E$3):OFFSET('t5376'!$A$1,$B$2+($B15-1)*$D$2+$E$2+$F$2+$A14,E$3)) -> 3368.9 | M15: =AVERAGE(OFFSET('t10752'!$A$1,$B$2+($B15-1)*$D$2+$E$2+$A14+1,E$3):OFFSET('t10752'!$A$1,$B$2+($B15-1)*$D$2+$E$2+$F$2+$A14,E$3)) -> 6953.3171 | N15: =AVERAGE(OFFSET('t21504'!$A$1,$B$2+($B15-1)*$D$2+$E$2+$A14+1,E$3):OFFSET('t21504'!$A$1,$B$2+($B15-1)*$D$2+$E$2+$F$2+$A14,E$3)) -> 13610.731 | O15: =AVERAGE(OFFSET('t43008'!$A$1,$B$2+($B15-1)*$D$2+$E$2+$A14+1,E$3):OFFSET('t43008'!$A$1,$B$2+($B15-1)*$D$2+$E$2+$F$2+$A14,E$3)) -> 27490.553 | P15: =AVERAGE(OFFSET('t86016'!$A$1,$B$2+($B15-1)*$D$2+$E$2+$A14+1,E$3):OFFSET('t86016'!$A$1,$B$2+($B15-1)*$D$2+$E$2+$F$2+$A14,E$3)) -> 55914.949 | Q15: =AVERAGE(OFFSET('t172032'!$A$1,$B$2+($B15-1)*$D$2+$E$2+$A14+1,E$3):OFFSET('t172032'!$A$1,$B$2+($B15-1)*$D$2+$E$2+$F$2+$A14,E$3)) -> 113327.53 | R15: =AVERAGE(OFFSET('t344064'!$A$1,$B$2+($B15-1)*$D$2+$E$2+$A14+1,E$3):OFFSET('t344064'!$A$1,$B$2+($B15-1)*$D$2+$E$2+$F$2+$A14,E$3)) -> #DIV/0! | S15: =AVERAGE(OFFSET('t688128'!$A$1,$B$2+($B15-1)*$D$2+$E$2+$A14+1,E$3):OFFSET('t688128'!$A$1,$B$2+($B15-1)*$D$2+$E$2+$F$2+$A14,E$3)) -> #DIV/0! | T15: =AVERAGE(OFFSET(t1376256!$A$1,$B$2+($B15-1)*$D$2+$E$2+$A14+1,E$3):OFFSET(t1376256!$A$1,$B$2+($B15-1)*$D$2+$E$2+$F$2+$A14,E$3)) -> #DIV/0!
A16: 3 | B16: 13 | C16: 128 | D16: =OFFSET('t42'!$A$1,$B$2+($B16-1)*$D$2+$A16,D$3) -> 43.549 | E16: =AVERAGE(OFFSET('t42'!$A$1,$B$2+($B16-1)*$D$2+$E$2+$A16,E$3):OFFSET('t42'!$A$1,$B$2+($B16-1)*$D$2+$E$2+$F$2+$A16,E$3)) -> 45.378484 | F16: =AVERAGE(OFFSET('t84'!$A$1,$B$2+($B16-1)*$D$2+$E$2+$A16,E$3):OFFSET('t84'!$A$1,$B$2+($B16-1)*$D$2+$E$2+$F$2+$A16,E$3)) -> 60.429126 | G16: =AVERAGE(OFFSET('t168'!$A$1,$B$2+($B16-1)*$D$2+$E$2+$A16,E$3):OFFSET('t168'!$A$1,$B$2+($B16-1)*$D$2+$E$2+$F$2+$A16,E$3)) -> 114.31828 | H16: =AVERAGE(OFFSET('t336'!$A$1,$B$2+($B16-1)*$D$2+$E$2+$A16,E$3):OFFSET('t336'!$A$1,$B$2+($B16-1)*$D$2+$E$2+$F$2+$A16,E$3)) -> 144.97436 | I16: =AVERAGE(OFFSET('t672'!$A$1,$B$2+($B16-1)*$D$2+$E$2+$A16,E$3):OFFSET('t672'!$A$1,$B$2+($B16-1)*$D$2+$E$2+$F$2+$A16,E$3)) -> 180.323 | J16: =AVERAGE(OFFSET('t1344'!$A$1,$B$2+($B16-1)*$D$2+$E$2+$A16,E$3):OFFSET('t1344'!$A$1,$B$2+($B16-1)*$D$2+$E$2+$F$2+$A16,E$3)) -> 264.07746 | K16: =AVERAGE(OFFSET('t2688'!$A$1,$B$2+($B16-1)*$D$2+$E$2+$A16,E$3):OFFSET('t2688'!$A$1,$B$2+($B16-1)*$D$2+$E$2+$F$2+$A16,E$3)) -> 471.68424 | L16: =AVERAGE(OFFSET('t5376'!$A$1,$B$2+($B16-1)*$D$2+$E$2+$A16,E$3):OFFSET('t5376'!$A$1,$B$2+($B16-1)*$D$2+$E$2+$F$2+$A16,E$3)) -> 1039.9108 | M16: =AVERAGE(OFFSET('t10752'!$A$1,$B$2+($B16-1)*$D$2+$E$2+$A16,E$3):OFFSET('t10752'!$A$1,$B$2+($B16-1)*$D$2+$E$2+$F$2+$A16,E$3)) -> 2381.8232 | N16: =AVERAGE(OFFSET('t21504'!$A$1,$B$2+($B16-1)*$D$2+$E$2+$A16,E$3):OFFSET('t21504'!$A$1,$B$2+($B16-1)*$D$2+$E$2+$F$2+$A16,E$3)) -> 4714.7742 | O16: =AVERAGE(OFFSET('t43008'!$A$1,$B$2+($B16-1)*$D$2+$E$2+$A16,E$3):OFFSET('t43008'!$A$1,$B$2+($B16-1)*$D$2+$E$2+$F$2+$A16,E$3)) -> 8872.5884 | P16: =AVERAGE(OFFSET('t86016'!$A$1,$B$2+($B16-1)*$D$2+$E$2+$A16,E$3):OFFSET('t86016'!$A$1,$B$2+($B16-1)*$D$2+$E$2+$F$2+$A16,E$3)) -> 23164.07 | Q16: =AVERAGE(OFFSET('t172032'!$A$1,$B$2+($B16-1)*$D$2+$E$2+$A16,E$3):OFFSET('t172032'!$A$1,$B$2+($B16-1)*$D$2+$E$2+$F$2+$A16,E$3)) -> 41675.328 | R16: =AVERAGE(OFFSET('t344064'!$A$1,$B$2+($B16-1)*$D$2+$E$2+$A16,E$3):OFFSET('t344064'!$A$1,$B$2+($B16-1)*$D$2+$E$2+$F$2+$A16,E$3)) -> #DIV/0! | S16: =AVERAGE(OFFSET('t688128'!$A$1,$B$2+($B16-1)*$D$2+$E$2+$A16,E$3):OFFSET('t688128'!$A$1,$B$2+($B16-1)*$D$2+$E$2+$F$2+$A16,E$3)) -> #DIV/0! | T16: =AVERAGE(OFFSET(t1376256!$A$1,$B$2+($B16-1)*$D$2+$E$2+$A16,E$3):OFFSET(t1376256!$A$1,$B$2+($B16-1)*$D$2+$E$2+$F$2+$A16,E$3)) -> #DIV/0! | X16: 10 | Y16: << "MIN=" << metrics.min_fitness << " "
A17: 3 | B17: 14 | D17: =OFFSET('t42'!$A$1,$B$2+($B17-1)*$D$2+$A16,D$3) -> 47.4078 | E17: =AVERAGE(OFFSET('t42'!$A$1,$B$2+($B17-1)*$D$2+$E$2+$A16+1,E$3):OFFSET('t42'!$A$1,$B$2+($B17-1)*$D$2+$E$2+$F$2+$A16,E$3)) -> 46.032992 | F17: =AVERAGE(OFFSET('t84'!$A$1,$B$2+($B17-1)*$D$2+$E$2+$A16+1,E$3):OFFSET('t84'!$A$1,$B$2+($B17-1)*$D$2+$E$2+$F$2+$A16,E$3)) -> 61.35128 | G17: =AVERAGE(OFFSET('t168'!$A$1,$B$2+($B17-1)*$D$2+$E$2+$A16+1,E$3):OFFSET('t168'!$A$1,$B$2+($B17-1)*$D$2+$E$2+$F$2+$A16,E$3)) -> 116.497 | H17: =AVERAGE(OFFSET('t336'!$A$1,$B$2+($B17-1)*$D$2+$E$2+$A16+1,E$3):OFFSET('t336'!$A$1,$B$2+($B17-1)*$D$2+$E$2+$F$2+$A16,E$3)) -> 147.07861 | I17: =AVERAGE(OFFSET('t672'!$A$1,$B$2+($B17-1)*$D$2+$E$2+$A16+1,E$3):OFFSET('t672'!$A$1,$B$2+($B17-1)*$D$2+$E$2+$F$2+$A16,E$3)) -> 186.08586 | J17: =AVERAGE(OFFSET('t1344'!$A$1,$B$2+($B17-1)*$D$2+$E$2+$A16+1,E$3):OFFSET('t1344'!$A$1,$B$2+($B17-1)*$D$2+$E$2+$F$2+$A16,E$3)) -> 264.85984 | K17: =AVERAGE(OFFSET('t2688'!$A$1,$B$2+($B17-1)*$D$2+$E$2+$A16+1,E$3):OFFSET('t2688'!$A$1,$B$2+($B17-1)*$D$2+$E$2+$F$2+$A16,E$3)) -> 474.1712 | L17: =AVERAGE(OFFSET('t5376'!$A$1,$B$2+($B17-1)*$D$2+$E$2+$A16+1,E$3):OFFSET('t5376'!$A$1,$B$2+($B17-1)*$D$2+$E$2+$F$2+$A16,E$3)) -> 1042.2182 | M17: =AVERAGE(OFFSET('t10752'!$A$1,$B$2+($B17-1)*$D$2+$E$2+$A16+1,E$3):OFFSET('t10752'!$A$1,$B$2+($B17-1)*$D$2+$E$2+$F$2+$A16,E$3)) -> 2381.8059 | N17: =AVERAGE(OFFSET('t21504'!$A$1,$B$2+($B17-1)*$D$2+$E$2+$A16+1,E$3):OFFSET('t21504'!$A$1,$B$2+($B17-1)*$D$2+$E$2+$F$2+$A16,E$3)) -> 4714.7402 | O17: =AVERAGE(OFFSET('t43008'!$A$1,$B$2+($B17-1)*$D$2+$E$2+$A16+1,E$3):OFFSET('t43008'!$A$1,$B$2+($B17-1)*$D$2+$E$2+$F$2+$A16,E$3)) -> 8882.6873 | P17: =AVERAGE(OFFSET('t86016'!$A$1,$B$2+($B17-1)*$D$2+$E$2+$A16+1,E$3):OFFSET('t86016'!$A$1,$B$2+($B17-1)*$D$2+$E$2+$F$2+$A16,E$3)) -> 23167.627 | Q17: =AVERAGE(OFFSET('t172032'!$A$1,$B$2+($B17-1)*$D$2+$E$2+$A16+1,E$3):OFFSET('t172032'!$A$1,$B$2+($B17-1)*$D$2+$E$2+$F$2+$A16,E$3)) -> 41677.551 | R17: =AVERAGE(OFFSET('t344064'!$A$1,$B$2+($B17-1)*$D$2+$E$2+$A16+1,E$3):OFFSET('t344064'!$A$1,$B$2+($B17-1)*$D$2+$E$2+$F$2+$A16,E$3)) -> #DIV/0! | S17: =AVERAGE(OFFSET('t688128'!$A$1,$B$2+($B17-1)*$D$2+$E$2+$A16+1,E$3):OFFSET('t688128'!$A$1,$B$2+($B17-1)*$D$2+$E$2+$F$2+$A16,E$3)) -> #DIV/0! | T17: =AVERAGE(OFFSET(t1376256!$A$1,$B$2+($B17-1)*$D$2+$E$2+$A16+1,E$3):OFFSET(t1376256!$A$1,$B$2+($B17-1)*$D$2+$E$2+$F$2+$A16,E$3)) -> #DIV/0! | X17: 11 | Y17: << "MAX=" << metrics.max_fitness << " "
A18: 3 | B18: 15 | D18: =OFFSET('t42'!$A$1,$B$2+($B18-1)*$D$2+$A16,D$3) -> 33.7382 | E18: =AVERAGE(OFFSET('t42'!$A$1,$B$2+($B18-1)*$D$2+$E$2+$A17+1,E$3):OFFSET('t42'!$A$1,$B$2+($B18-1)*$D$2+$E$2+$F$2+$A17,E$3)) -> 34.103773 | F18: =AVERAGE(OFFSET('t84'!$A$1,$B$2+($B18-1)*$D$2+$E$2+$A17+1,E$3):OFFSET('t84'!$A$1,$B$2+($B18-1)*$D$2+$E$2+$F$2+$A17,E$3)) -> 52.602939 | G18: =AVERAGE(OFFSET('t168'!$A$1,$B$2+($B18-1)*$D$2+$E$2+$A17+1,E$3):OFFSET('t168'!$A$1,$B$2+($B18-1)*$D$2+$E$2+$F$2+$A17,E$3)) -> 126.7788 | H18: =AVERAGE(OFFSET('t336'!$A$1,$B$2+($B18-1)*$D$2+$E$2+$A17+1,E$3):OFFSET('t336'!$A$1,$B$2+($B18-1)*$D$2+$E$2+$F$2+$A17,E$3)) -> 164.21649 | I18: =AVERAGE(OFFSET('t672'!$A$1,$B$2+($B18-1)*$D$2+$E$2+$A17+1,E$3):OFFSET('t672'!$A$1,$B$2+($B18-1)*$D$2+$E$2+$F$2+$A17,E$3)) -> 202.10276 | J18: =AVERAGE(OFFSET('t1344'!$A$1,$B$2+($B18-1)*$D$2+$E$2+$A17+1,E$3):OFFSET('t1344'!$A$1,$B$2+($B18-1)*$D$2+$E$2+$F$2+$A17,E$3)) -> 289.48602 | K18: =AVERAGE(OFFSET('t2688'!$A$1,$B$2+($B18-1)*$D$2+$E$2+$A17+1,E$3):OFFSET('t2688'!$A$1,$B$2+($B18-1)*$D$2+$E$2+$F$2+$A17,E$3)) -> 501.37588 | L18: =AVERAGE(OFFSET('t5376'!$A$1,$B$2+($B18-1)*$D$2+$E$2+$A17+1,E$3):OFFSET('t5376'!$A$1,$B$2+($B18-1)*$D$2+$E$2+$F$2+$A17,E$3)) -> 1036.7796 | M18: =AVERAGE(OFFSET('t10752'!$A$1,$B$2+($B18-1)*$D$2+$E$2+$A17+1,E$3):OFFSET('t10752'!$A$1,$B$2+($B18-1)*$D$2+$E$2+$F$2+$A17,E$3)) -> 2406.0961 | N18: =AVERAGE(OFFSET('t21504'!$A$1,$B$2+($B18-1)*$D$2+$E$2+$A17+1,E$3):OFFSET('t21504'!$A$1,$B$2+($B18-1)*$D$2+$E$2+$F$2+$A17,E$3)) -> 4747.4859 | O18: =AVERAGE(OFFSET('t43008'!$A$1,$B$2+($B18-1)*$D$2+$E$2+$A17+1,E$3):OFFSET('t43008'!$A$1,$B$2+($B18-1)*$D$2+$E$2+$F$2+$A17,E$3)) -> 9154.982 | P18: =AVERAGE(OFFSET('t86016'!$A$1,$B$2+($B18-1)*$D$2+$E$2+$A17+1,E$3):OFFSET('t86016'!$A$1,$B$2+($B18-1)*$D$2+$E$2+$F$2+$A17,E$3)) -> 23338.443 | Q18: =AVERAGE(OFFSET('t172032'!$A$1,$B$2+($B18-1)*$D$2+$E$2+$A17+1,E$3):OFFSET('t172032'!$A$1,$B$2+($B18-1)*$D$2+$E$2+$F$2+$A17,E$3)) -> 41752.071 | R18: =AVERAGE(OFFSET('t344064'!$A$1,$B$2+($B18-1)*$D$2+$E$2+$A17+1,E$3):OFFSET('t344064'!$A$1,$B$2+($B18-1)*$D$2+$E$2+$F$2+$A17,E$3)) -> #DIV/0! | S18: =AVERAGE(OFFSET('t688128'!$A$1,$B$2+($B18-1)*$D$2+$E$2+$A17+1,E$3):OFFSET('t688128'!$A$1,$B$2+($B18-1)*$D$2+$E$2+$F$2+$A17,E$3)) -> #DIV/0! | T18: =AVERAGE(OFFSET(t1376256!$A$1,$B$2+($B18-1)*$D$2+$E$2+$A17+1,E$3):OFFSET(t1376256!$A$1,$B$2+($B18-1)*$D$2+$E$2+$F$2+$A17,E$3)) -> #DIV/0!
A19: 3 | B19: 16 | D19: =OFFSET('t42'!$A$1,$B$2+($B19-1)*$D$2+$A17,D$3) -> 86.441 | E19: =AVERAGE(OFFSET('t42'!$A$1,$B$2+($B19-1)*$D$2+$E$2+$A18+1,E$3):OFFSET('t42'!$A$1,$B$2+($B19-1)*$D$2+$E$2+$F$2+$A18,E$3)) -> 90.271751 | F19: =AVERAGE(OFFSET('t84'!$A$1,$B$2+($B19-1)*$D$2+$E$2+$A18+1,E$3):OFFSET('t84'!$A$1,$B$2+($B19-1)*$D$2+$E$2+$F$2+$A18,E$3)) -> 108.92739 | G19: =AVERAGE(OFFSET('t168'!$A$1,$B$2+($B19-1)*$D$2+$E$2+$A18+1,E$3):OFFSET('t168'!$A$1,$B$2+($B19-1)*$D$2+$E$2+$F$2+$A18,E$3)) -> 138.72776 | H19: =AVERAGE(OFFSET('t336'!$A$1,$B$2+($B19-1)*$D$2+$E$2+$A18+1,E$3):OFFSET('t336'!$A$1,$B$2+($B19-1)*$D$2+$E$2+$F$2+$A18,E$3)) -> 270.11124 | I19: =AVERAGE(OFFSET('t672'!$A$1,$B$2+($B19-1)*$D$2+$E$2+$A18+1,E$3):OFFSET('t672'!$A$1,$B$2+($B19-1)*$D$2+$E$2+$F$2+$A18,E$3)) -> 473.47702 | J19: =AVERAGE(OFFSET('t1344'!$A$1,$B$2+($B19-1)*$D$2+$E$2+$A18+1,E$3):OFFSET('t1344'!$A$1,$B$2+($B19-1)*$D$2+$E$2+$F$2+$A18,E$3)) -> 871.14239 | K19: =AVERAGE(OFFSET('t2688'!$A$1,$B$2+($B19-1)*$D$2+$E$2+$A18+1,E$3):OFFSET('t2688'!$A$1,$B$2+($B19-1)*$D$2+$E$2+$F$2+$A18,E$3)) -> 1673.3896 | L19: =AVERAGE(OFFSET('t5376'!$A$1,$B$2+($B19-1)*$D$2+$E$2+$A18+1,E$3):OFFSET('t5376'!$A$1,$B$2+($B19-1)*$D$2+$E$2+$F$2+$A18,E$3)) -> 3424.9986 | M19: =AVERAGE(OFFSET('t10752'!$A$1,$B$2+($B19-1)*$D$2+$E$2+$A18+1,E$3):OFFSET('t10752'!$A$1,$B$2+($B19-1)*$D$2+$E$2+$F$2+$A18,E$3)) -> 7111.9247 | N19: =AVERAGE(OFFSET('t21504'!$A$1,$B$2+($B19-1)*$D$2+$E$2+$A18+1,E$3):OFFSET('t21504'!$A$1,$B$2+($B19-1)*$D$2+$E$2+$F$2+$A18,E$3)) -> 13882.651 | O19: =AVERAGE(OFFSET('t43008'!$A$1,$B$2+($B19-1)*$D$2+$E$2+$A18+1,E$3):OFFSET('t43008'!$A$1,$B$2+($B19-1)*$D$2+$E$2+$F$2+$A18,E$3)) -> 28022.704 | P19: =AVERAGE(OFFSET('t86016'!$A$1,$B$2+($B19-1)*$D$2+$E$2+$A18+1,E$3):OFFSET('t86016'!$A$1,$B$2+($B19-1)*$D$2+$E$2+$F$2+$A18,E$3)) -> 56738.584 | Q19: =AVERAGE(OFFSET('t172032'!$A$1,$B$2+($B19-1)*$D$2+$E$2+$A18+1,E$3):OFFSET('t172032'!$A$1,$B$2+($B19-1)*$D$2+$E$2+$F$2+$A18,E$3)) -> 114349.67 | R19: =AVERAGE(OFFSET('t344064'!$A$1,$B$2+($B19-1)*$D$2+$E$2+$A18+1,E$3):OFFSET('t344064'!$A$1,$B$2+($B19-1)*$D$2+$E$2+$F$2+$A18,E$3)) -> #DIV/0! | S19: =AVERAGE(OFFSET('t688128'!$A$1,$B$2+($B19-1)*$D$2+$E$2+$A18+1,E$3):OFFSET('t688128'!$A$1,$B$2+($B19-1)*$D$2+$E$2+$F$2+$A18,E$3)) -> #DIV/0! | T19: =AVERAGE(OFFSET(t1376256!$A$1,$B$2+($B19-1)*$D$2+$E$2+$A18+1,E$3):OFFSET(t1376256!$A$1,$B$2+($B19-1)*$D$2+$E$2+$F$2+$A18,E$3)) -> #DIV/0!
A20: 4 | B20: 17 | C20: 256 | D20: =OFFSET('t42'!$A$1,$B$2+($B20-1)*$D$2+$A20,D$3) -> 45.4056 | E20: =AVERAGE(OFFSET('t42'!$A$1,$B$2+($B20-1)*$D$2+$E$2+$A20,E$3):OFFSET('t42'!$A$1,$B$2+($B20-1)*$D$2+$E$2+$F$2+$A20,E$3)) -> 43.271462 | F20: =AVERAGE(OFFSET('t84'!$A$1,$B$2+($B20-1)*$D$2+$E$2+$A20,E$3):OFFSET('t84'!$A$1,$B$2+($B20-1)*$D$2+$E$2+$F$2+$A20,E$3)) -> 64.32148 | G20: =AVERAGE(OFFSET('t168'!$A$1,$B$2+($B20-1)*$D$2+$E$2+$A20,E$3):OFFSET('t168'!$A$1,$B$2+($B20-1)*$D$2+$E$2+$F$2+$A20,E$3)) -> 122.9774 | H20: =AVERAGE(OFFSET('t336'!$A$1,$B$2+($B20-1)*$D$2+$E$2+$A20,E$3):OFFSET('t336'!$A$1,$B$2+($B20-1)*$D$2+$E$2+$F$2+$A20,E$3)) -> 172.13972 | I20: =AVERAGE(OFFSET('t672'!$A$1,$B$2+($B20-1)*$D$2+$E$2+$A20,E$3):OFFSET('t672'!$A$1,$B$2+($B20-1)*$D$2+$E$2+$F$2+$A20,E$3)) -> 233.32184 | J20: =AVERAGE(OFFSET('t1344'!$A$1,$B$2+($B20-1)*$D$2+$E$2+$A20,E$3):OFFSET('t1344'!$A$1,$B$2+($B20-1)*$D$2+$E$2+$F$2+$A20,E$3)) -> 395.14108 | K20: =AVERAGE(OFFSET('t2688'!$A$1,$B$2+($B20-1)*$D$2+$E$2+$A20,E$3):OFFSET('t2688'!$A$1,$B$2+($B20-1)*$D$2+$E$2+$F$2+$A20,E$3)) -> 765.17808 | L20: =AVERAGE(OFFSET('t5376'!$A$1,$B$2+($B20-1)*$D$2+$E$2+$A20,E$3):OFFSET('t5376'!$A$1,$B$2+($B20-1)*$D$2+$E$2+$F$2+$A20,E$3)) -> 1575.636 | M20: =AVERAGE(OFFSET('t10752'!$A$1,$B$2+($B20-1)*$D$2+$E$2+$A20,E$3):OFFSET('t10752'!$A$1,$B$2+($B20-1)*$D$2+$E$2+$F$2+$A20,E$3)) -> 3610.951 | N20: =AVERAGE(OFFSET('t21504'!$A$1,$B$2+($B20-1)*$D$2+$E$2+$A20,E$3):OFFSET('t21504'!$A$1,$B$2+($B20-1)*$D$2+$E$2+$F$2+$A20,E$3)) -> 7585.805 | O20: =AVERAGE(OFFSET('t43008'!$A$1,$B$2+($B20-1)*$D$2+$E$2+$A20,E$3):OFFSET('t43008'!$A$1,$B$2+($B20-1)*$D$2+$E$2+$F$2+$A20,E$3)) -> 15028.086 | P20: =AVERAGE(OFFSET('t86016'!$A$1,$B$2+($B20-1)*$D$2+$E$2+$A20,E$3):OFFSET('t86016'!$A$1,$B$2+($B20-1)*$D$2+$E$2+$F$2+$A20,E$3)) -> 40880.124 | Q20: =AVERAGE(OFFSET('t172032'!$A$1,$B$2+($B20-1)*$D$2+$E$2+$A20,E$3):OFFSET('t172032'!$A$1,$B$2+($B20-1)*$D$2+$E$2+$F$2+$A20,E$3)) -> 103229.2 | R20: =AVERAGE(OFFSET('t344064'!$A$1,$B$2+($B20-1)*$D$2+$E$2+$A20,E$3):OFFSET('t344064'!$A$1,$B$2+($B20-1)*$D$2+$E$2+$F$2+$A20,E$3)) -> #DIV/0! | S20: =AVERAGE(OFFSET('t688128'!$A$1,$B$2+($B20-1)*$D$2+$E$2+$A20,E$3):OFFSET('t688128'!$A$1,$B$2+($B20-1)*$D$2+$E$2+$F$2+$A20,E$3)) -> #DIV/0! | T20: =AVERAGE(OFFSET(t1376256!$A$1,$B$2+($B20-1)*$D$2+$E$2+$A20,E$3):OFFSET(t1376256!$A$1,$B$2+($B20-1)*$D$2+$E$2+$F$2+$A20,E$3)) -> #DIV/0!
A21: 4 | B21: 18 | D21: =OFFSET('t42'!$A$1,$B$2+($B21-1)*$D$2+$A20,D$3) -> 53.4414 | E21: =AVERAGE(OFFSET('t42'!$A$1,$B$2+($B21-1)*$D$2+$E$2+$A20+1,E$3):OFFSET('t42'!$A$1,$B$2+($B21-1)*$D$2+$E$2+$F$2+$A20,E$3)) -> 46.027659 | F21: =AVERAGE(OFFSET('t84'!$A$1,$B$2+($B21-1)*$D$2+$E$2+$A20+1,E$3):OFFSET('t84'!$A$1,$B$2+($B21-1)*$D$2+$E$2+$F$2+$A20,E$3)) -> 64.59312 | G21: =AVERAGE(OFFSET('t168'!$A$1,$B$2+($B21-1)*$D$2+$E$2+$A20+1,E$3):OFFSET('t168'!$A$1,$B$2+($B21-1)*$D$2+$E$2+$F$2+$A20,E$3)) -> 125.71239 | H21: =AVERAGE(OFFSET('t336'!$A$1,$B$2+($B21-1)*$D$2+$E$2+$A20+1,E$3):OFFSET('t336'!$A$1,$B$2+($B21-1)*$D$2+$E$2+$F$2+$A20,E$3)) -> 180.48459 | I21: =AVERAGE(OFFSET('t672'!$A$1,$B$2+($B21-1)*$D$2+$E$2+$A20+1,E$3):OFFSET('t672'!$A$1,$B$2+($B21-1)*$D$2+$E$2+$F$2+$A20,E$3)) -> 235.513 | J21: =AVERAGE(OFFSET('t1344'!$A$1,$B$2+($B21-1)*$D$2+$E$2+$A20+1,E$3):OFFSET('t1344'!$A$1,$B$2+($B21-1)*$D$2+$E$2+$F$2+$A20,E$3)) -> 397.625 | K21: =AVERAGE(OFFSET('t2688'!$A$1,$B$2+($B21-1)*$D$2+$E$2+$A20+1,E$3):OFFSET('t2688'!$A$1,$B$2+($B21-1)*$D$2+$E$2+$F$2+$A20,E$3)) -> 766.49478 | L21: =AVERAGE(OFFSET('t5376'!$A$1,$B$2+($B21-1)*$D$2+$E$2+$A20+1,E$3):OFFSET('t5376'!$A$1,$B$2+($B21-1)*$D$2+$E$2+$F$2+$A20,E$3)) -> 1579.2655 | M21: =AVERAGE(OFFSET('t10752'!$A$1,$B$2+($B21-1)*$D$2+$E$2+$A20+1,E$3):OFFSET('t10752'!$A$1,$B$2+($B21-1)*$D$2+$E$2+$F$2+$A20,E$3)) -> 3613.8531 | N21: =AVERAGE(OFFSET('t21504'!$A$1,$B$2+($B21-1)*$D$2+$E$2+$A20+1,E$3):OFFSET('t21504'!$A$1,$B$2+($B21-1)*$D$2+$E$2+$F$2+$A20,E$3)) -> 7587.8043 | O21: =AVERAGE(OFFSET('t43008'!$A$1,$B$2+($B21-1)*$D$2+$E$2+$A20+1,E$3):OFFSET('t43008'!$A$1,$B$2+($B21-1)*$D$2+$E$2+$F$2+$A20,E$3)) -> 15032.922 | P21: =AVERAGE(OFFSET('t86016'!$A$1,$B$2+($B21-1)*$D$2+$E$2+$A20+1,E$3):OFFSET('t86016'!$A$1,$B$2+($B21-1)*$D$2+$E$2+$F$2+$A20,E$3)) -> 40838.822 | Q21: =AVERAGE(OFFSET('t172032'!$A$1,$B$2+($B21-1)*$D$2+$E$2+$A20+1,E$3):OFFSET('t172032'!$A$1,$B$2+($B21-1)*$D$2+$E$2+$F$2+$A20,E$3)) -> 103212.18 | R21: =AVERAGE(OFFSET('t344064'!$A$1,$B$2+($B21-1)*$D$2+$E$2+$A20+1,E$3):OFFSET('t344064'!$A$1,$B$2+($B21-1)*$D$2+$E$2+$F$2+$A20,E$3)) -> #DIV/0! | S21: =AVERAGE(OFFSET('t688128'!$A$1,$B$2+($B21-1)*$D$2+$E$2+$A20+1,E$3):OFFSET('t688128'!$A$1,$B$2+($B21-1)*$D$2+$E$2+$F$2+$A20,E$3)) -> #DIV/0! | T21: =AVERAGE(OFFSET(t1376256!$A$1,$B$2+($B21-1)*$D$2+$E$2+$A20+1,E$3):OFFSET(t1376256!$A$1,$B$2+($B21-1)*$D$2+$E$2+$F$2+$A20,E$3)) -> #DIV/0!
A22: 4 | B22: 19 | D22: =OFFSET('t42'!$A$1,$B$2+($B22-1)*$D$2+$A20,D$3) -> 34.6682 | E22: =AVERAGE(OFFSET('t42'!$A$1,$B$2+($B22-1)*$D$2+$E$2+$A21+1,E$3):OFFSET('t42'!$A$1,$B$2+($B22-1)*$D$2+$E$2+$F$2+$A21,E$3)) -> 34.159253 | F22: =AVERAGE(OFFSET('t84'!$A$1,$B$2+($B22-1)*$D$2+$E$2+$A21+1,E$3):OFFSET('t84'!$A$1,$B$2+($B22-1)*$D$2+$E$2+$F$2+$A21,E$3)) -> 55.533386 | G22: =AVERAGE(OFFSET('t168'!$A$1,$B$2+($B22-1)*$D$2+$E$2+$A21+1,E$3):OFFSET('t168'!$A$1,$B$2+($B22-1)*$D$2+$E$2+$F$2+$A21,E$3)) -> 134.69939 | H22: =AVERAGE(OFFSET('t336'!$A$1,$B$2+($B22-1)*$D$2+$E$2+$A21+1,E$3):OFFSET('t336'!$A$1,$B$2+($B22-1)*$D$2+$E$2+$F$2+$A21,E$3)) -> 199.92682 | I22: =AVERAGE(OFFSET('t672'!$A$1,$B$2+($B22-1)*$D$2+$E$2+$A21+1,E$3):OFFSET('t672'!$A$1,$B$2+($B22-1)*$D$2+$E$2+$F$2+$A21,E$3)) -> 261.07847 | J22: =AVERAGE(OFFSET('t1344'!$A$1,$B$2+($B22-1)*$D$2+$E$2+$A21+1,E$3):OFFSET('t1344'!$A$1,$B$2+($B22-1)*$D$2+$E$2+$F$2+$A21,E$3)) -> 422.2478 | K22: =AVERAGE(OFFSET('t2688'!$A$1,$B$2+($B22-1)*$D$2+$E$2+$A21+1,E$3):OFFSET('t2688'!$A$1,$B$2+($B22-1)*$D$2+$E$2+$F$2+$A21,E$3)) -> 794.97843 | L22: =AVERAGE(OFFSET('t5376'!$A$1,$B$2+($B22-1)*$D$2+$E$2+$A21+1,E$3):OFFSET('t5376'!$A$1,$B$2+($B22-1)*$D$2+$E$2+$F$2+$A21,E$3)) -> 1575.8457 | M22: =AVERAGE(OFFSET('t10752'!$A$1,$B$2+($B22-1)*$D$2+$E$2+$A21+1,E$3):OFFSET('t10752'!$A$1,$B$2+($B22-1)*$D$2+$E$2+$F$2+$A21,E$3)) -> 3640.0829 | N22: =AVERAGE(OFFSET('t21504'!$A$1,$B$2+($B22-1)*$D$2+$E$2+$A21+1,E$3):OFFSET('t21504'!$A$1,$B$2+($B22-1)*$D$2+$E$2+$F$2+$A21,E$3)) -> 7624.1973 | O22: =AVERAGE(OFFSET('t43008'!$A$1,$B$2+($B22-1)*$D$2+$E$2+$A21+1,E$3):OFFSET('t43008'!$A$1,$B$2+($B22-1)*$D$2+$E$2+$F$2+$A21,E$3)) -> 15314.094 | P22: =AVERAGE(OFFSET('t86016'!$A$1,$B$2+($B22-1)*$D$2+$E$2+$A21+1,E$3):OFFSET('t86016'!$A$1,$B$2+($B22-1)*$D$2+$E$2+$F$2+$A21,E$3)) -> 41046.51 | Q22: =AVERAGE(OFFSET('t172032'!$A$1,$B$2+($B22-1)*$D$2+$E$2+$A21+1,E$3):OFFSET('t172032'!$A$1,$B$2+($B22-1)*$D$2+$E$2+$F$2+$A21,E$3)) -> 103513.9 | R22: =AVERAGE(OFFSET('t344064'!$A$1,$B$2+($B22-1)*$D$2+$E$2+$A21+1,E$3):OFFSET('t344064'!$A$1,$B$2+($B22-1)*$D$2+$E$2+$F$2+$A21,E$3)) -> #DIV/0! | S22: =AVERAGE(OFFSET('t688128'!$A$1,$B$2+($B22-1)*$D$2+$E$2+$A21+1,E$3):OFFSET('t688128'!$A$1,$B$2+($B22-1)*$D$2+$E$2+$F$2+$A21,E$3)) -> #DIV/0! | T22: =AVERAGE(OFFSET(t1376256!$A$1,$B$2+($B22-1)*$D$2+$E$2+$A21+1,E$3):OFFSET(t1376256!$A$1,$B$2+($B22-1)*$D$2+$E$2+$F$2+$A21,E$3)) -> #DIV/0!
A23: 4 | B23: 20 | D23: =OFFSET('t42'!$A$1,$B$2+($B23-1)*$D$2+$A21,D$3) -> 88.4163 | E23: =AVERAGE(OFFSET('t42'!$A$1,$B$2+($B23-1)*$D$2+$E$2+$A22+1,E$3):OFFSET('t42'!$A$1,$B$2+($B23-1)*$D$2+$E$2+$F$2+$A22,E$3)) -> 89.133555 | F23: =AVERAGE(OFFSET('t84'!$A$1,$B$2+($B23-1)*$D$2+$E$2+$A22+1,E$3):OFFSET('t84'!$A$1,$B$2+($B23-1)*$D$2+$E$2+$F$2+$A22,E$3)) -> 103.56423 | G23: =AVERAGE(OFFSET('t168'!$A$1,$B$2+($B23-1)*$D$2+$E$2+$A22+1,E$3):OFFSET('t168'!$A$1,$B$2+($B23-1)*$D$2+$E$2+$F$2+$A22,E$3)) -> 117.01549 | H23: =AVERAGE(OFFSET('t336'!$A$1,$B$2+($B23-1)*$D$2+$E$2+$A22+1,E$3):OFFSET('t336'!$A$1,$B$2+($B23-1)*$D$2+$E$2+$F$2+$A22,E$3)) -> 195.32314 | I23: =AVERAGE(OFFSET('t672'!$A$1,$B$2+($B23-1)*$D$2+$E$2+$A22+1,E$3):OFFSET('t672'!$A$1,$B$2+($B23-1)*$D$2+$E$2+$F$2+$A22,E$3)) -> 313.40312 | J23: =AVERAGE(OFFSET('t1344'!$A$1,$B$2+($B23-1)*$D$2+$E$2+$A22+1,E$3):OFFSET('t1344'!$A$1,$B$2+($B23-1)*$D$2+$E$2+$F$2+$A22,E$3)) -> 552.29469 | K23: =AVERAGE(OFFSET('t2688'!$A$1,$B$2+($B23-1)*$D$2+$E$2+$A22+1,E$3):OFFSET('t2688'!$A$1,$B$2+($B23-1)*$D$2+$E$2+$F$2+$A22,E$3)) -> 1030.0312 | L23: =AVERAGE(OFFSET('t5376'!$A$1,$B$2+($B23-1)*$D$2+$E$2+$A22+1,E$3):OFFSET('t5376'!$A$1,$B$2+($B23-1)*$D$2+$E$2+$F$2+$A22,E$3)) -> 2166.1196 | M23: =AVERAGE(OFFSET('t10752'!$A$1,$B$2+($B23-1)*$D$2+$E$2+$A22+1,E$3):OFFSET('t10752'!$A$1,$B$2+($B23-1)*$D$2+$E$2+$F$2+$A22,E$3)) -> 4644.0039 | N23: =AVERAGE(OFFSET('t21504'!$A$1,$B$2+($B23-1)*$D$2+$E$2+$A22+1,E$3):OFFSET('t21504'!$A$1,$B$2+($B23-1)*$D$2+$E$2+$F$2+$A22,E$3)) -> 9369.119 | O23: =AVERAGE(OFFSET('t43008'!$A$1,$B$2+($B23-1)*$D$2+$E$2+$A22+1,E$3):OFFSET('t43008'!$A$1,$B$2+($B23-1)*$D$2+$E$2+$F$2+$A22,E$3)) -> 19074.867 | P23: =AVERAGE(OFFSET('t86016'!$A$1,$B$2+($B23-1)*$D$2+$E$2+$A22+1,E$3):OFFSET('t86016'!$A$1,$B$2+($B23-1)*$D$2+$E$2+$F$2+$A22,E$3)) -> 38483.184 | Q23: =AVERAGE(OFFSET('t172032'!$A$1,$B$2+($B23-1)*$D$2+$E$2+$A22+1,E$3):OFFSET('t172032'!$A$1,$B$2+($B23-1)*$D$2+$E$2+$F$2+$A22,E$3)) -> 78227.835 | R23: =AVERAGE(OFFSET('t344064'!$A$1,$B$2+($B23-1)*$D$2+$E$2+$A22+1,E$3):OFFSET('t344064'!$A$1,$B$2+($B23-1)*$D$2+$E$2+$F$2+$A22,E$3)) -> #DIV/0! | S23: =AVERAGE(OFFSET('t688128'!$A$1,$B$2+($B23-1)*$D$2+$E$2+$A22+1,E$3):OFFSET('t688128'!$A$1,$B$2+($B23-1)*$D$2+$E$2+$F$2+$A22,E$3)) -> #DIV/0! | T23: =AVERAGE(OFFSET(t1376256!$A$1,$B$2+($B23-1)*$D$2+$E$2+$A22+1,E$3):OFFSET(t1376256!$A$1,$B$2+($B23-1)*$D$2+$E$2+$F$2+$A22,E$3)) -> #DIV/0!
A24: 5 | B24: 21 | C24: 64 | D24: =OFFSET('t42'!$A$1,$B$2+($B24-1)*$D$2+$A24,D$3) -> 0 | E24: =AVERAGE(OFFSET('t42'!$A$1,$B$2+($B24-1)*$D$2+$E$2+$A24,E$3):OFFSET('t42'!$A$1,$B$2+($B24-1)*$D$2+$E$2+$F$2+$A24,E$3)) -> #DIV/0! | F24: =AVERAGE(OFFSET('t84'!$A$1,$B$2+($B24-1)*$D$2+$E$2+$A24,E$3):OFFSET('t84'!$A$1,$B$2+($B24-1)*$D$2+$E$2+$F$2+$A24,E$3)) -> #DIV/0! | G24: =AVERAGE(OFFSET('t168'!$A$1,$B$2+($B24-1)*$D$2+$E$2+$A24,E$3):OFFSET('t168'!$A$1,$B$2+($B24-1)*$D$2+$E$2+$F$2+$A24,E$3)) -> #DIV/0! | H24: =AVERAGE(OFFSET('t336'!$A$1,$B$2+($B24-1)*$D$2+$E$2+$A24,E$3):OFFSET('t336'!$A$1,$B$2+($B24-1)*$D$2+$E$2+$F$2+$A24,E$3)) -> #DIV/0! | I24: =AVERAGE(OFFSET('t672'!$A$1,$B$2+($B24-1)*$D$2+$E$2+$A24,E$3):OFFSET('t672'!$A$1,$B$2+($B24-1)*$D$2+$E$2+$F$2+$A24,E$3)) -> #DIV/0! | J24: =AVERAGE(OFFSET('t1344'!$A$1,$B$2+($B24-1)*$D$2+$E$2+$A24,E$3):OFFSET('t1344'!$A$1,$B$2+($B24-1)*$D$2+$E$2+$F$2+$A24,E$3)) -> #DIV/0! | K24: =AVERAGE(OFFSET('t2688'!$A$1,$B$2+($B24-1)*$D$2+$E$2+$A24,E$3):OFFSET('t2688'!$A$1,$B$2+($B24-1)*$D$2+$E$2+$F$2+$A24,E$3)) -> #DIV/0! | L24: =AVERAGE(OFFSET('t5376'!$A$1,$B$2+($B24-1)*$D$2+$E$2+$A24,E$3):OFFSET('t5376'!$A$1,$B$2+($B24-1)*$D$2+$E$2+$F$2+$A24,E$3)) -> #DIV/0! | M24: =AVERAGE(OFFSET('t10752'!$A$1,$B$2+($B24-1)*$D$2+$E$2+$A24,E$3):OFFSET('t10752'!$A$1,$B$2+($B24-1)*$D$2+$E$2+$F$2+$A24,E$3)) -> #DIV/0! | N24: =AVERAGE(OFFSET('t21504'!$A$1,$B$2+($B24-1)*$D$2+$E$2+$A24,E$3):OFFSET('t21504'!$A$1,$B$2+($B24-1)*$D$2+$E$2+$F$2+$A24,E$3)) -> #DIV/0! | O24: =AVERAGE(OFFSET('t43008'!$A$1,$B$2+($B24-1)*$D$2+$E$2+$A24,E$3):OFFSET('t43008'!$A$1,$B$2+($B24-1)*$D$2+$E$2+$F$2+$A24,E$3)) -> #DIV/0! | P24: =AVERAGE(OFFSET('t86016'!$A$1,$B$2+($B24-1)*$D$2+$E$2+$A24,E$3):OFFSET('t86016'!$A$1,$B$2+($B24-1)*$D$2+$E$2+$F$2+$A24,E$3)) -> #DIV/0! | Q24: =AVERAGE(OFFSET('t172032'!$A$1,$B$2+($B24-1)*$D$2+$E$2+$A24,E$3):OFFSET('t172032'!$A$1,$B$2+($B24-1)*$D$2+$E$2+$F$2+$A24,E$3)) -> #DIV/0! | R24: =AVERAGE(OFFSET('t344064'!$A$1,$B$2+($B24-1)*$D$2+$E$2+$A24,E$3):OFFSET('t344064'!$A$1,$B$2+($B24-1)*$D$2+$E$2+$F$2+$A24,E$3)) -> #DIV/0! | S24: =AVERAGE(OFFSET('t688128'!$A$1,$B$2+($B24-1)*$D$2+$E$2+$A24,E$3):OFFSET('t688128'!$A$1,$B$2+($B24-1)*$D$2+$E$2+$F$2+$A24,E$3)) -> #DIV/0! | T24: =AVERAGE(OFFSET(t1376256!$A$1,$B$2+($B24-1)*$D$2+$E$2+$A24,E$3):OFFSET(t1376256!$A$1,$B$2+($B24-1)*$D$2+$E$2+$F$2+$A24,E$3)) -> #DIV/0!
A25: 5 | B25: 22 | D25: =OFFSET('t42'!$A$1,$B$2+($B25-1)*$D$2+$A24,D$3) -> 0 | E25: =AVERAGE(OFFSET('t42'!$A$1,$B$2+($B25-1)*$D$2+$E$2+$A24+1,E$3):OFFSET('t42'!$A$1,$B$2+($B25-1)*$D$2+$E$2+$F$2+$A24,E$3)) -> #DIV/0! | F25: =AVERAGE(OFFSET('t84'!$A$1,$B$2+($B25-1)*$D$2+$E$2+$A24+1,E$3):OFFSET('t84'!$A$1,$B$2+($B25-1)*$D$2+$E$2+$F$2+$A24,E$3)) -> #DIV/0! | G25: =AVERAGE(OFFSET('t168'!$A$1,$B$2+($B25-1)*$D$2+$E$2+$A24+1,E$3):OFFSET('t168'!$A$1,$B$2+($B25-1)*$D$2+$E$2+$F$2+$A24,E$3)) -> #DIV/0! | H25: =AVERAGE(OFFSET('t336'!$A$1,$B$2+($B25-1)*$D$2+$E$2+$A24+1,E$3):OFFSET('t336'!$A$1,$B$2+($B25-1)*$D$2+$E$2+$F$2+$A24,E$3)) -> #DIV/0! | I25: =AVERAGE(OFFSET('t672'!$A$1,$B$2+($B25-1)*$D$2+$E$2+$A24+1,E$3):OFFSET('t672'!$A$1,$B$2+($B25-1)*$D$2+$E$2+$F$2+$A24,E$3)) -> #DIV/0! | J25: =AVERAGE(OFFSET('t1344'!$A$1,$B$2+($B25-1)*$D$2+$E$2+$A24+1,E$3):OFFSET('t1344'!$A$1,$B$2+($B25-1)*$D$2+$E$2+$F$2+$A24,E$3)) -> #DIV/0! | K25: =AVERAGE(OFFSET('t2688'!$A$1,$B$2+($B25-1)*$D$2+$E$2+$A24+1,E$3):OFFSET('t2688'!$A$1,$B$2+($B25-1)*$D$2+$E$2+$F$2+$A24,E$3)) -> #DIV/0! | L25: =AVERAGE(OFFSET('t5376'!$A$1,$B$2+($B25-1)*$D$2+$E$2+$A24+1,E$3):OFFSET('t5376'!$A$1,$B$2+($B25-1)*$D$2+$E$2+$F$2+$A24,E$3)) -> #DIV/0! | M25: =AVERAGE(OFFSET('t10752'!$A$1,$B$2+($B25-1)*$D$2+$E$2+$A24+1,E$3):OFFSET('t10752'!$A$1,$B$2+($B25-1)*$D$2+$E$2+$F$2+$A24,E$3)) -> #DIV/0! | N25: =AVERAGE(OFFSET('t21504'!$A$1,$B$2+($B25-1)*$D$2+$E$2+$A24+1,E$3):OFFSET('t21504'!$A$1,$B$2+($B25-1)*$D$2+$E$2+$F$2+$A24,E$3)) -> #DIV/0! | O25: =AVERAGE(OFFSET('t43008'!$A$1,$B$2+($B25-1)*$D$2+$E$2+$A24+1,E$3):OFFSET('t43008'!$A$1,$B$2+($B25-1)*$D$2+$E$2+$F$2+$A24,E$3)) -> #DIV/0! | P25: =AVERAGE(OFFSET('t86016'!$A$1,$B$2+($B25-1)*$D$2+$E$2+$A24+1,E$3):OFFSET('t86016'!$A$1,$B$2+($B25-1)*$D$2+$E$2+$F$2+$A24,E$3)) -> #DIV/0! | Q25: =AVERAGE(OFFSET('t172032'!$A$1,$B$2+($B25-1)*$D$2+$E$2+$A24+1,E$3):OFFSET('t172032'!$A$1,$B$2+($B25-1)*$D$2+$E$2+$F$2+$A24,E$3)) -> #DIV/0! | R25: =AVERAGE(OFFSET('t344064'!$A$1,$B$2+($B25-1)*$D$2+$E$2+$A24+1,E$3):OFFSET('t344064'!$A$1,$B$2+($B25-1)*$D$2+$E$2+$F$2+$A24,E$3)) -> #DIV/0! | S25: =AVERAGE(OFFSET('t688128'!$A$1,$B$2+($B25-1)*$D$2+$E$2+$A24+1,E$3):OFFSET('t688128'!$A$1,$B$2+($B25-1)*$D$2+$E$2+$F$2+$A24,E$3)) -> #DIV/0! | T25: =AVERAGE(OFFSET(t1376256!$A$1,$B$2+($B25-1)*$D$2+$E$2+$A24+1,E$3):OFFSET(t1376256!$A$1,$B$2+($B25-1)*$D$2+$E$2+$F$2+$A24,E$3)) -> #DIV/0!
A26: 5 | B26: 23 | D26: =OFFSET('t42'!$A$1,$B$2+($B26-1)*$D$2+$A24,D$3) -> 0 | E26: =AVERAGE(OFFSET('t42'!$A$1,$B$2+($B26-1)*$D$2+$E$2+$A25+1,E$3):OFFSET('t42'!$A$1,$B$2+($B26-1)*$D$2+$E$2+$F$2+$A25,E$3)) -> #DIV/0! | F26: =AVERAGE(OFFSET('t84'!$A$1,$B$2+($B26-1)*$D$2+$E$2+$A25+1,E$3):OFFSET('t84'!$A$1,$B$2+($B26-1)*$D$2+$E$2+$F$2+$A25,E$3)) -> #DIV/0! | G26: =AVERAGE(OFFSET('t168'!$A$1,$B$2+($B26-1)*$D$2+$E$2+$A25+1,E$3):OFFSET('t168'!$A$1,$B$2+($B26-1)*$D$2+$E$2+$F$2+$A25,E$3)) -> #DIV/0! | H26: =AVERAGE(OFFSET('t336'!$A$1,$B$2+($B26-1)*$D$2+$E$2+$A25+1,E$3):OFFSET('t336'!$A$1,$B$2+($B26-1)*$D$2+$E$2+$F$2+$A25,E$3)) -> #DIV/0! | I26: =AVERAGE(OFFSET('t672'!$A$1,$B$2+($B26-1)*$D$2+$E$2+$A25+1,E$3):OFFSET('t672'!$A$1,$B$2+($B26-1)*$D$2+$E$2+$F$2+$A25,E$3)) -> #DIV/0! | J26: =AVERAGE(OFFSET('t1344'!$A$1,$B$2+($B26-1)*$D$2+$E$2+$A25+1,E$3):OFFSET('t1344'!$A$1,$B$2+($B26-1)*$D$2+$E$2+$F$2+$A25,E$3)) -> #DIV/0! | K26: =AVERAGE(OFFSET('t2688'!$A$1,$B$2+($B26-1)*$D$2+$E$2+$A25+1,E$3):OFFSET('t2688'!$A$1,$B$2+($B26-1)*$D$2+$E$2+$F$2+$A25,E$3)) -> #DIV/0! | L26: =AVERAGE(OFFSET('t5376'!$A$1,$B$2+($B26-1)*$D$2+$E$2+$A25+1,E$3):OFFSET('t5376'!$A$1,$B$2+($B26-1)*$D$2+$E$2+$F$2+$A25,E$3)) -> #DIV/0! | M26: =AVERAGE(OFFSET('t10752'!$A$1,$B$2+($B26-1)*$D$2+$E$2+$A25+1,E$3):OFFSET('t10752'!$A$1,$B$2+($B26-1)*$D$2+$E$2+$F$2+$A25,E$3)) -> #DIV/0! | N26: =AVERAGE(OFFSET('t21504'!$A$1,$B$2+($B26-1)*$D$2+$E$2+$A25+1,E$3):OFFSET('t21504'!$A$1,$B$2+($B26-1)*$D$2+$E$2+$F$2+$A25,E$3)) -> #DIV/0! | O26: =AVERAGE(OFFSET('t43008'!$A$1,$B$2+($B26-1)*$D$2+$E$2+$A25+1,E$3):OFFSET('t43008'!$A$1,$B$2+($B26-1)*$D$2+$E$2+$F$2+$A25,E$3)) -> #DIV/0! | P26: =AVERAGE(OFFSET('t86016'!$A$1,$B$2+($B26-1)*$D$2+$E$2+$A25+1,E$3):OFFSET('t86016'!$A$1,$B$2+($B26-1)*$D$2+$E$2+$F$2+$A25,E$3)) -> #DIV/0! | Q26: =AVERAGE(OFFSET('t172032'!$A$1,$B$2+($B26-1)*$D$2+$E$2+$A25+1,E$3):OFFSET('t172032'!$A$1,$B$2+($B26-1)*$D$2+$E$2+$F$2+$A25,E$3)) -> #DIV/0! | R26: =AVERAGE(OFFSET('t344064'!$A$1,$B$2+($B26-1)*$D$2+$E$2+$A25+1,E$3):OFFSET('t344064'!$A$1,$B$2+($B26-1)*$D$2+$E$2+$F$2+$A25,E$3)) -> #DIV/0! | S26: =AVERAGE(OFFSET('t688128'!$A$1,$B$2+($B26-1)*$D$2+$E$2+$A25+1,E$3):OFFSET('t688128'!$A$1,$B$2+($B26-1)*$D$2+$E$2+$F$2+$A25,E$3)) -> #DIV/0! | T26: =AVERAGE(OFFSET(t1376256!$A$1,$B$2+($B26-1)*$D$2+$E$2+$A25+1,E$3):OFFSET(t1376256!$A$1,$B$2+($B26-1)*$D$2+$E$2+$F$2+$A25,E$3)) -> #DIV/0!
A27: 5 | B27: 24 | D27: =OFFSET('t42'!$A$1,$B$2+($B27-1)*$D$2+$A25,D$3) -> 0 | E27: =AVERAGE(OFFSET('t42'!$A$1,$B$2+($B27-1)*$D$2+$E$2+$A26+1,E$3):OFFSET('t42'!$A$1,$B$2+($B27-1)*$D$2+$E$2+$F$2+$A26,E$3)) -> #DIV/0! | F27: =AVERAGE(OFFSET('t84'!$A$1,$B$2+($B27-1)*$D$2+$E$2+$A26+1,E$3):OFFSET('t84'!$A$1,$B$2+($B27-1)*$D$2+$E$2+$F$2+$A26,E$3)) -> #DIV/0! | G27: =AVERAGE(OFFSET('t168'!$A$1,$B$2+($B27-1)*$D$2+$E$2+$A26+1,E$3):OFFSET('t168'!$A$1,$B$2+($B27-1)*$D$2+$E$2+$F$2+$A26,E$3)) -> #DIV/0! | H27: =AVERAGE(OFFSET('t336'!$A$1,$B$2+($B27-1)*$D$2+$E$2+$A26+1,E$3):OFFSET('t336'!$A$1,$B$2+($B27-1)*$D$2+$E$2+$F$2+$A26,E$3)) -> #DIV/0! | I27: =AVERAGE(OFFSET('t672'!$A$1,$B$2+($B27-1)*$D$2+$E$2+$A26+1,E$3):OFFSET('t672'!$A$1,$B$2+($B27-1)*$D$2+$E$2+$F$2+$A26,E$3)) -> #DIV/0! | J27: =AVERAGE(OFFSET('t1344'!$A$1,$B$2+($B27-1)*$D$2+$E$2+$A26+1,E$3):OFFSET('t1344'!$A$1,$B$2+($B27-1)*$D$2+$E$2+$F$2+$A26,E$3)) -> #DIV/0! | K27: =AVERAGE(OFFSET('t2688'!$A$1,$B$2+($B27-1)*$D$2+$E$2+$A26+1,E$3):OFFSET('t2688'!$A$1,$B$2+($B27-1)*$D$2+$E$2+$F$2+$A26,E$3)) -> #DIV/0! | L27: =AVERAGE(OFFSET('t5376'!$A$1,$B$2+($B27-1)*$D$2+$E$2+$A26+1,E$3):OFFSET('t5376'!$A$1,$B$2+($B27-1)*$D$2+$E$2+$F$2+$A26,E$3)) -> #DIV/0! | M27: =AVERAGE(OFFSET('t10752'!$A$1,$B$2+($B27-1)*$D$2+$E$2+$A26+1,E$3):OFFSET('t10752'!$A$1,$B$2+($B27-1)*$D$2+$E$2+$F$2+$A26,E$3)) -> #DIV/0! | N27: =AVERAGE(OFFSET('t21504'!$A$1,$B$2+($B27-1)*$D$2+$E$2+$A26+1,E$3):OFFSET('t21504'!$A$1,$B$2+($B27-1)*$D$2+$E$2+$F$2+$A26,E$3)) -> #DIV/0! | O27: =AVERAGE(OFFSET('t43008'!$A$1,$B$2+($B27-1)*$D$2+$E$2+$A26+1,E$3):OFFSET('t43008'!$A$1,$B$2+($B27-1)*$D$2+$E$2+$F$2+$A26,E$3)) -> #DIV/0! | P27: =AVERAGE(OFFSET('t86016'!$A$1,$B$2+($B27-1)*$D$2+$E$2+$A26+1,E$3):OFFSET('t86016'!$A$1,$B$2+($B27-1)*$D$2+$E$2+$F$2+$A26,E$3)) -> #DIV/0! | Q27: =AVERAGE(OFFSET('t172032'!$A$1,$B$2+($B27-1)*$D$2+$E$2+$A26+1,E$3):OFFSET('t172032'!$A$1,$B$2+($B27-1)*$D$2+$E$2+$F$2+$A26,E$3)) -> #DIV/0! | R27: =AVERAGE(OFFSET('t344064'!$A$1,$B$2+($B27-1)*$D$2+$E$2+$A26+1,E$3):OFFSET('t344064'!$A$1,$B$2+($B27-1)*$D$2+$E$2+$F$2+$A26,E$3)) -> #DIV/0! | S27: =AVERAGE(OFFSET('t688128'!$A$1,$B$2+($B27-1)*$D$2+$E$2+$A26+1,E$3):OFFSET('t688128'!$A$1,$B$2+($B27-1)*$D$2+$E$2+$F$2+$A26,E$3)) -> #DIV/0! | T27: =AVERAGE(OFFSET(t1376256!$A$1,$B$2+($B27-1)*$D$2+$E$2+$A26+1,E$3):OFFSET(t1376256!$A$1,$B$2+($B27-1)*$D$2+$E$2+$F$2+$A26,E$3)) -> #DIV/0!
A28: 6 | B28: 25 | C28: 96 | D28: =OFFSET('t42'!$A$1,$B$2+($B28-1)*$D$2+$A28,D$3) -> 0 | E28: =AVERAGE(OFFSET('t42'!$A$1,$B$2+($B28-1)*$D$2+$E$2+$A28,E$3):OFFSET('t42'!$A$1,$B$2+($B28-1)*$D$2+$E$2+$F$2+$A28,E$3)) -> #DIV/0! | F28: =AVERAGE(OFFSET('t84'!$A$1,$B$2+($B28-1)*$D$2+$E$2+$A28,E$3):OFFSET('t84'!$A$1,$B$2+($B28-1)*$D$2+$E$2+$F$2+$A28,E$3)) -> #DIV/0! | G28: =AVERAGE(OFFSET('t168'!$A$1,$B$2+($B28-1)*$D$2+$E$2+$A28,E$3):OFFSET('t168'!$A$1,$B$2+($B28-1)*$D$2+$E$2+$F$2+$A28,E$3)) -> #DIV/0! | H28: =AVERAGE(OFFSET('t336'!$A$1,$B$2+($B28-1)*$D$2+$E$2+$A28,E$3):OFFSET('t336'!$A$1,$B$2+($B28-1)*$D$2+$E$2+$F$2+$A28,E$3)) -> #DIV/0! | I28: =AVERAGE(OFFSET('t672'!$A$1,$B$2+($B28-1)*$D$2+$E$2+$A28,E$3):OFFSET('t672'!$A$1,$B$2+($B28-1)*$D$2+$E$2+$F$2+$A28,E$3)) -> #DIV/0! | J28: =AVERAGE(OFFSET('t1344'!$A$1,$B$2+($B28-1)*$D$2+$E$2+$A28,E$3):OFFSET('t1344'!$A$1,$B$2+($B28-1)*$D$2+$E$2+$F$2+$A28,E$3)) -> #DIV/0! | K28: =AVERAGE(OFFSET('t2688'!$A$1,$B$2+($B28-1)*$D$2+$E$2+$A28,E$3):OFFSET('t2688'!$A$1,$B$2+($B28-1)*$D$2+$E$2+$F$2+$A28,E$3)) -> #DIV/0! | L28: =AVERAGE(OFFSET('t5376'!$A$1,$B$2+($B28-1)*$D$2+$E$2+$A28,E$3):OFFSET('t5376'!$A$1,$B$2+($B28-1)*$D$2+$E$2+$F$2+$A28,E$3)) -> #DIV/0! | M28: =AVERAGE(OFFSET('t10752'!$A$1,$B$2+($B28-1)*$D$2+$E$2+$A28,E$3):OFFSET('t10752'!$A$1,$B$2+($B28-1)*$D$2+$E$2+$F$2+$A28,E$3)) -> #DIV/0! | N28: =AVERAGE(OFFSET('t21504'!$A$1,$B$2+($B28-1)*$D$2+$E$2+$A28,E$3):OFFSET('t21504'!$A$1,$B$2+($B28-1)*$D$2+$E$2+$F$2+$A28,E$3)) -> #DIV/0! | O28: =AVERAGE(OFFSET('t43008'!$A$1,$B$2+($B28-1)*$D$2+$E$2+$A28,E$3):OFFSET('t43008'!$A$1,$B$2+($B28-1)*$D$2+$E$2+$F$2+$A28,E$3)) -> #DIV/0! | P28: =AVERAGE(OFFSET('t86016'!$A$1,$B$2+($B28-1)*$D$2+$E$2+$A28,E$3):OFFSET('t86016'!$A$1,$B$2+($B28-1)*$D$2+$E$2+$F$2+$A28,E$3)) -> #DIV/0! | Q28: =AVERAGE(OFFSET('t172032'!$A$1,$B$2+($B28-1)*$D$2+$E$2+$A28,E$3):OFFSET('t172032'!$A$1,$B$2+($B28-1)*$D$2+$E$2+$F$2+$A28,E$3)) -> #DIV/0! | R28: =AVERAGE(OFFSET('t344064'!$A$1,$B$2+($B28-1)*$D$2+$E$2+$A28,E$3):OFFSET('t344064'!$A$1,$B$2+($B28-1)*$D$2+$E$2+$F$2+$A28,E$3)) -> #DIV/0! | S28: =AVERAGE(OFFSET('t688128'!$A$1,$B$2+($B28-1)*$D$2+$E$2+$A28,E$3):OFFSET('t688128'!$A$1,$B$2+($B28-1)*$D$2+$E$2+$F$2+$A28,E$3)) -> #DIV/0! | T28: =AVERAGE(OFFSET(t1376256!$A$1,$B$2+($B28-1)*$D$2+$E$2+$A28,E$3):OFFSET(t1376256!$A$1,$B$2+($B28-1)*$D$2+$E$2+$F$2+$A28,E$3)) -> #DIV/0!
A29: 6 | B29: 26 | D29: =OFFSET('t42'!$A$1,$B$2+($B29-1)*$D$2+$A28,D$3) -> 0 | E29: =AVERAGE(OFFSET('t42'!$A$1,$B$2+($B29-1)*$D$2+$E$2+$A28+1,E$3):OFFSET('t42'!$A$1,$B$2+($B29-1)*$D$2+$E$2+$F$2+$A28,E$3)) -> #DIV/0! | F29: =AVERAGE(OFFSET('t84'!$A$1,$B$2+($B29-1)*$D$2+$E$2+$A28+1,E$3):OFFSET('t84'!$A$1,$B$2+($B29-1)*$D$2+$E$2+$F$2+$A28,E$3)) -> #DIV/0! | G29: =AVERAGE(OFFSET('t168'!$A$1,$B$2+($B29-1)*$D$2+$E$2+$A28+1,E$3):OFFSET('t168'!$A$1,$B$2+($B29-1)*$D$2+$E$2+$F$2+$A28,E$3)) -> #DIV/0! | H29: =AVERAGE(OFFSET('t336'!$A$1,$B$2+($B29-1)*$D$2+$E$2+$A28+1,E$3):OFFSET('t336'!$A$1,$B$2+($B29-1)*$D$2+$E$2+$F$2+$A28,E$3)) -> #DIV/0! | I29: =AVERAGE(OFFSET('t672'!$A$1,$B$2+($B29-1)*$D$2+$E$2+$A28+1,E$3):OFFSET('t672'!$A$1,$B$2+($B29-1)*$D$2+$E$2+$F$2+$A28,E$3)) -> #DIV/0! | J29: =AVERAGE(OFFSET('t1344'!$A$1,$B$2+($B29-1)*$D$2+$E$2+$A28+1,E$3):OFFSET('t1344'!$A$1,$B$2+($B29-1)*$D$2+$E$2+$F$2+$A28,E$3)) -> #DIV/0! | K29: =AVERAGE(OFFSET('t2688'!$A$1,$B$2+($B29-1)*$D$2+$E$2+$A28+1,E$3):OFFSET('t2688'!$A$1,$B$2+($B29-1)*$D$2+$E$2+$F$2+$A28,E$3)) -> #DIV/0! | L29: =AVERAGE(OFFSET('t5376'!$A$1,$B$2+($B29-1)*$D$2+$E$2+$A28+1,E$3):OFFSET('t5376'!$A$1,$B$2+($B29-1)*$D$2+$E$2+$F$2+$A28,E$3)) -> #DIV/0! | M29: =AVERAGE(OFFSET('t10752'!$A$1,$B$2+($B29-1)*$D$2+$E$2+$A28+1,E$3):OFFSET('t10752'!$A$1,$B$2+($B29-1)*$D$2+$E$2+$F$2+$A28,E$3)) -> #DIV/0! | N29: =AVERAGE(OFFSET('t21504'!$A$1,$B$2+($B29-1)*$D$2+$E$2+$A28+1,E$3):OFFSET('t21504'!$A$1,$B$2+($B29-1)*$D$2+$E$2+$F$2+$A28,E$3)) -> #DIV/0! | O29: =AVERAGE(OFFSET('t43008'!$A$1,$B$2+($B29-1)*$D$2+$E$2+$A28+1,E$3):OFFSET('t43008'!$A$1,$B$2+($B29-1)*$D$2+$E$2+$F$2+$A28,E$3)) -> #DIV/0! | P29: =AVERAGE(OFFSET('t86016'!$A$1,$B$2+($B29-1)*$D$2+$E$2+$A28+1,E$3):OFFSET('t86016'!$A$1,$B$2+($B29-1)*$D$2+$E$2+$F$2+$A28,E$3)) -> #DIV/0! | Q29: =AVERAGE(OFFSET('t172032'!$A$1,$B$2+($B29-1)*$D$2+$E$2+$A28+1,E$3):OFFSET('t172032'!$A$1,$B$2+($B29-1)*$D$2+$E$2+$F$2+$A28,E$3)) -> #DIV/0! | R29: =AVERAGE(OFFSET('t344064'!$A$1,$B$2+($B29-1)*$D$2+$E$2+$A28+1,E$3):OFFSET('t344064'!$A$1,$B$2+($B29-1)*$D$2+$E$2+$F$2+$A28,E$3)) -> #DIV/0! | S29: =AVERAGE(OFFSET('t688128'!$A$1,$B$2+($B29-1)*$D$2+$E$2+$A28+1,E$3):OFFSET('t688128'!$A$1,$B$2+($B29-1)*$D$2+$E$2+$F$2+$A28,E$3)) -> #DIV/0! | T29: =AVERAGE(OFFSET(t1376256!$A$1,$B$2+($B29-1)*$D$2+$E$2+$A28+1,E$3):OFFSET(t1376256!$A$1,$B$2+($B29-1)*$D$2+$E$2+$F$2+$A28,E$3)) -> #DIV/0!
A30: 6 | B30: 27 | D30: =OFFSET('t42'!$A$1,$B$2+($B30-1)*$D$2+$A28,D$3) -> 0 | E30: =AVERAGE(OFFSET('t42'!$A$1,$B$2+($B30-1)*$D$2+$E$2+$A29+1,E$3):OFFSET('t42'!$A$1,$B$2+($B30-1)*$D$2+$E$2+$F$2+$A29,E$3)) -> #DIV/0! | F30: =AVERAGE(OFFSET('t84'!$A$1,$B$2+($B30-1)*$D$2+$E$2+$A29+1,E$3):OFFSET('t84'!$A$1,$B$2+($B30-1)*$D$2+$E$2+$F$2+$A29,E$3)) -> #DIV/0! | G30: =AVERAGE(OFFSET('t168'!$A$1,$B$2+($B30-1)*$D$2+$E$2+$A29+1,E$3):OFFSET('t168'!$A$1,$B$2+($B30-1)*$D$2+$E$2+$F$2+$A29,E$3)) -> #DIV/0! | H30: =AVERAGE(OFFSET('t336'!$A$1,$B$2+($B30-1)*$D$2+$E$2+$A29+1,E$3):OFFSET('t336'!$A$1,$B$2+($B30-1)*$D$2+$E$2+$F$2+$A29,E$3)) -> #DIV/0! | I30: =AVERAGE(OFFSET('t672'!$A$1,$B$2+($B30-1)*$D$2+$E$2+$A29+1,E$3):OFFSET('t672'!$A$1,$B$2+($B30-1)*$D$2+$E$2+$F$2+$A29,E$3)) -> #DIV/0! | J30: =AVERAGE(OFFSET('t1344'!$A$1,$B$2+($B30-1)*$D$2+$E$2+$A29+1,E$3):OFFSET('t1344'!$A$1,$B$2+($B30-1)*$D$2+$E$2+$F$2+$A29,E$3)) -> #DIV/0! | K30: =AVERAGE(OFFSET('t2688'!$A$1,$B$2+($B30-1)*$D$2+$E$2+$A29+1,E$3):OFFSET('t2688'!$A$1,$B$2+($B30-1)*$D$2+$E$2+$F$2+$A29,E$3)) -> #DIV/0! | L30: =AVERAGE(OFFSET('t5376'!$A$1,$B$2+($B30-1)*$D$2+$E$2+$A29+1,E$3):OFFSET('t5376'!$A$1,$B$2+($B30-1)*$D$2+$E$2+$F$2+$A29,E$3)) -> #DIV/0! | M30: =AVERAGE(OFFSET('t10752'!$A$1,$B$2+($B30-1)*$D$2+$E$2+$A29+1,E$3):OFFSET('t10752'!$A$1,$B$2+($B30-1)*$D$2+$E$2+$F$2+$A29,E$3)) -> #DIV/0! | N30: =AVERAGE(OFFSET('t21504'!$A$1,$B$2+($B30-1)*$D$2+$E$2+$A29+1,E$3):OFFSET('t21504'!$A$1,$B$2+($B30-1)*$D$2+$E$2+$F$2+$A29,E$3)) -> #DIV/0! | O30: =AVERAGE(OFFSET('t43008'!$A$1,$B$2+($B30-1)*$D$2+$E$2+$A29+1,E$3):OFFSET('t43008'!$A$1,$B$2+($B30-1)*$D$2+$E$2+$F$2+$A29,E$3)) -> #DIV/0! | P30: =AVERAGE(OFFSET('t86016'!$A$1,$B$2+($B30-1)*$D$2+$E$2+$A29+1,E$3):OFFSET('t86016'!$A$1,$B$2+($B30-1)*$D$2+$E$2+$F$2+$A29,E$3)) -> #DIV/0! | Q30: =AVERAGE(OFFSET('t172032'!$A$1,$B$2+($B30-1)*$D$2+$E$2+$A29+1,E$3):OFFSET('t172032'!$A$1,$B$2+($B30-1)*$D$2+$E$2+$F$2+$A29,E$3)) -> #DIV/0! | R30: =AVERAGE(OFFSET('t344064'!$A$1,$B$2+($B30-1)*$D$2+$E$2+$A29+1,E$3):OFFSET('t344064'!$A$1,$B$2+($B30-1)*$D$2+$E$2+$F$2+$A29,E$3)) -> #DIV/0! | S30: =AVERAGE(OFFSET('t688128'!$A$1,$B$2+($B30-1)*$D$2+$E$2+$A29+1,E$3):OFFSET('t688128'!$A$1,$B$2+($B30-1)*$D$2+$E$2+$F$2+$A29,E$3)) -> #DIV/0! | T30: =AVERAGE(OFFSET(t1376256!$A$1,$B$2+($B30-1)*$D$2+$E$2+$A29+1,E$3):OFFSET(t1376256!$A$1,$B$2+($B30-1)*$D$2+$E$2+$F$2+$A29,E$3)) -> #DIV/0!
A31: 6 | B31: 28 | D31: =OFFSET('t42'!$A$1,$B$2+($B31-1)*$D$2+$A29,D$3) -> 0 | E31: =AVERAGE(OFFSET('t42'!$A$1,$B$2+($B31-1)*$D$2+$E$2+$A30+1,E$3):OFFSET('t42'!$A$1,$B$2+($B31-1)*$D$2+$E$2+$F$2+$A30,E$3)) -> #DIV/0! | F31: =AVERAGE(OFFSET('t84'!$A$1,$B$2+($B31-1)*$D$2+$E$2+$A30+1,E$3):OFFSET('t84'!$A$1,$B$2+($B31-1)*$D$2+$E$2+$F$2+$A30,E$3)) -> #DIV/0! | G31: =AVERAGE(OFFSET('t168'!$A$1,$B$2+($B31-1)*$D$2+$E$2+$A30+1,E$3):OFFSET('t168'!$A$1,$B$2+($B31-1)*$D$2+$E$2+$F$2+$A30,E$3)) -> #DIV/0! | H31: =AVERAGE(OFFSET('t336'!$A$1,$B$2+($B31-1)*$D$2+$E$2+$A30+1,E$3):OFFSET('t336'!$A$1,$B$2+($B31-1)*$D$2+$E$2+$F$2+$A30,E$3)) -> #DIV/0! | I31: =AVERAGE(OFFSET('t672'!$A$1,$B$2+($B31-1)*$D$2+$E$2+$A30+1,E$3):OFFSET('t672'!$A$1,$B$2+($B31-1)*$D$2+$E$2+$F$2+$A30,E$3)) -> #DIV/0! | J31: =AVERAGE(OFFSET('t1344'!$A$1,$B$2+($B31-1)*$D$2+$E$2+$A30+1,E$3):OFFSET('t1344'!$A$1,$B$2+($B31-1)*$D$2+$E$2+$F$2+$A30,E$3)) -> #DIV/0! | K31: =AVERAGE(OFFSET('t2688'!$A$1,$B$2+($B31-1)*$D$2+$E$2+$A30+1,E$3):OFFSET('t2688'!$A$1,$B$2+($B31-1)*$D$2+$E$2+$F$2+$A30,E$3)) -> #DIV/0! | L31: =AVERAGE(OFFSET('t5376'!$A$1,$B$2+($B31-1)*$D$2+$E$2+$A30+1,E$3):OFFSET('t5376'!$A$1,$B$2+($B31-1)*$D$2+$E$2+$F$2+$A30,E$3)) -> #DIV/0! | M31: =AVERAGE(OFFSET('t10752'!$A$1,$B$2+($B31-1)*$D$2+$E$2+$A30+1,E$3):OFFSET('t10752'!$A$1,$B$2+($B31-1)*$D$2+$E$2+$F$2+$A30,E$3)) -> #DIV/0! | N31: =AVERAGE(OFFSET('t21504'!$A$1,$B$2+($B31-1)*$D$2+$E$2+$A30+1,E$3):OFFSET('t21504'!$A$1,$B$2+($B31-1)*$D$2+$E$2+$F$2+$A30,E$3)) -> #DIV/0! | O31: =AVERAGE(OFFSET('t43008'!$A$1,$B$2+($B31-1)*$D$2+$E$2+$A30+1,E$3):OFFSET('t43008'!$A$1,$B$2+($B31-1)*$D$2+$E$2+$F$2+$A30,E$3)) -> #DIV/0! | P31: =AVERAGE(OFFSET('t86016'!$A$1,$B$2+($B31-1)*$D$2+$E$2+$A30+1,E$3):OFFSET('t86016'!$A$1,$B$2+($B31-1)*$D$2+$E$2+$F$2+$A30,E$3)) -> #DIV/0! | Q31: =AVERAGE(OFFSET('t172032'!$A$1,$B$2+($B31-1)*$D$2+$E$2+$A30+1,E$3):OFFSET('t172032'!$A$1,$B$2+($B31-1)*$D$2+$E$2+$F$2+$A30,E$3)) -> #DIV/0! | R31: =AVERAGE(OFFSET('t344064'!$A$1,$B$2+($B31-1)*$D$2+$E$2+$A30+1,E$3):OFFSET('t344064'!$A$1,$B$2+($B31-1)*$D$2+$E$2+$F$2+$A30,E$3)) -> #DIV/0! | S31: =AVERAGE(OFFSET('t688128'!$A$1,$B$2+($B31-1)*$D$2+$E$2+$A30+1,E$3):OFFSET('t688128'!$A$1,$B$2+($B31-1)*$D$2+$E$2+$F$2+$A30,E$3)) -> #DIV/0! | T31: =AVERAGE(OFFSET(t1376256!$A$1,$B$2+($B31-1)*$D$2+$E$2+$A30+1,E$3):OFFSET(t1376256!$A$1,$B$2+($B31-1)*$D$2+$E$2+$F$2+$A30,E$3)) -> #DIV/0!
E34: =E35/21 -> 2 | F34: =F35/21 -> 4 | G34: =G35/21 -> 8 | H34: =H35/21 -> 16 | I34: =I35/21 -> 32 | J34: =J35/21 -> 64 | K34: =K35/21 -> 128 | L34: =L35/21 -> 256 | ... W34: =W35/21 -> 524288
E35: 42 | F35: =E35*2 -> 84 | G35: =F35*2 -> 168 | H35: =G35*2 -> 336 | I35: =H35*2 -> 672 | J35: =I35*2 -> 1344 | K35: =J35*2 -> 2688 | L35: =K35*2 -> 5376 | M35: =L35*2 -> 10752 | ... W35: =V35*2 -> 11010048 | Y35: 42 | Z35: =Y35*2 -> 84 | AA35: =Z35*2 -> 168 | AB35: =AA35*2 -> 336 | AC35: =AB35*2 -> 672 | AD35: =AC35*2 -> 1344 | AE35: =AD35*2 -> 2688 | AF35: =AE35*2 -> 5376 | AG35: =AF35*2 -> 10752 | ... AQ35: =AP35*2 -> 11010048
A36: 0 | C36: 3 этапа | D36: 16 | E36: =OFFSET(E$4,$A36,0) -> 47.154472 | F36: =OFFSET(F$4,$A36,0) -> 62.285718 | G36: =OFFSET(G$4,$A36,0) -> 115.20932 | H36: =OFFSET(H$4,$A36,0) -> 133.81526 | I36: =OFFSET(I$4,$A36,0) -> 170.0248 | J36: =OFFSET(J$4,$A36,0) -> 231.86086 | K36: =OFFSET(K$4,$A36,0) -> 357.8891 | L36: =OFFSET(L$4,$A36,0) -> 669.12722 | ... W36: =OFFSET(W$4,$A36,0) -> 0 | Y36: =CORREL($D36:$D41,E36:E41) -> #DIV/0! | Z36: =CORREL($D36:$D41,F36:F41) -> #DIV/0! | AA36: =CORREL($D36:$D41,G36:G41) -> #DIV/0! | AB36: =CORREL($D36:$D41,H36:H41) -> #DIV/0! | AC36: =CORREL($D36:$D41,I36:I41) -> #DIV/0! | AD36: =CORREL($D36:$D41,J36:J41) -> #DIV/0! | AE36: =CORREL($D36:$D41,K36:K41) -> #DIV/0! | AF36: =CORREL($D36:$D41,L36:L41) -> #DIV/0! | AG36: =CORREL($D36:$D41,M36:M41) -> #DIV/0!
A37: 4 | D37: 32 | E37: =OFFSET(E$4,$A37,0) -> 43.67896 | F37: =OFFSET(F$4,$A37,0) -> 58.564478 | G37: =OFFSET(G$4,$A37,0) -> 107.51348 | H37: =OFFSET(H$4,$A37,0) -> 128.59174 | I37: =OFFSET(I$4,$A37,0) -> 163.77792 | J37: =OFFSET(J$4,$A37,0) -> 228.10774 | K37: =OFFSET(K$4,$A37,0) -> 350.09898 | L37: =OFFSET(L$4,$A37,0) -> 665.3512 | ... W37: =OFFSET(W$4,$A37,0) -> 0
A38: 8 | D38: 64 | E38: =OFFSET(E$4,$A38,0) -> 42.92245 | F38: =OFFSET(F$4,$A38,0) -> 60.245924 | G38: =OFFSET(G$4,$A38,0) -> 107.97424 | H38: =OFFSET(H$4,$A38,0) -> 134.21168 | I38: =OFFSET(I$4,$A38,0) -> 177.66522 | J38: =OFFSET(J$4,$A38,0) -> 246.94008 | K38: =OFFSET(K$4,$A38,0) -> 388.7497 | L38: =OFFSET(L$4,$A38,0) -> 893.47018 | ... W38: =OFFSET(W$4,$A38,0) -> 0
A39: 12 | D39: 128 | E39: =OFFSET(E$4,$A39,0) -> 45.378484 | F39: =OFFSET(F$4,$A39,0) -> 60.429126 | G39: =OFFSET(G$4,$A39,0) -> 114.31828 | H39: =OFFSET(H$4,$A39,0) -> 144.97436 | I39: =OFFSET(I$4,$A39,0) -> 180.323 | J39: =OFFSET(J$4,$A39,0) -> 264.07746 | K39: =OFFSET(K$4,$A39,0) -> 471.68424 | L39: =OFFSET(L$4,$A39,0) -> 1039.9108 | ... W39: =OFFSET(W$4,$A39,0) -> 0
A40: 16 | D40: 256 | E40: =OFFSET(E$4,$A40,0) -> 43.271462 | F40: =OFFSET(F$4,$A40,0) -> 64.32148 | G40: =OFFSET(G$4,$A40,0) -> 122.9774 | H40: =OFFSET(H$4,$A40,0) -> 172.13972 | I40: =OFFSET(I$4,$A40,0) -> 233.32184 | J40: =OFFSET(J$4,$A40,0) -> 395.14108 | K40: =OFFSET(K$4,$A40,0) -> 765.17808 | L40: =OFFSET(L$4,$A40,0) -> 1575.636 | ... W40: =OFFSET(W$4,$A40,0) -> 0
A41: 20 | D41: 64 | E41: =OFFSET(E$4,$A41,0) -> #DIV/0! | F41: =OFFSET(F$4,$A41,0) -> #DIV/0! | G41: =OFFSET(G$4,$A41,0) -> #DIV/0! | H41: =OFFSET(H$4,$A41,0) -> #DIV/0! | I41: =OFFSET(I$4,$A41,0) -> #DIV/0! | J41: =OFFSET(J$4,$A41,0) -> #DIV/0! | K41: =OFFSET(K$4,$A41,0) -> #DIV/0! | L41: =OFFSET(L$4,$A41,0) -> #DIV/0! | ... W41: =OFFSET(W$4,$A41,0) -> 0
A42: 24 | D42: 96 | E42: =OFFSET(E$4,$A42,0) -> #DIV/0! | F42: =OFFSET(F$4,$A42,0) -> #DIV/0! | G42: =OFFSET(G$4,$A42,0) -> #DIV/0! | H42: =OFFSET(H$4,$A42,0) -> #DIV/0! | I42: =OFFSET(I$4,$A42,0) -> #DIV/0! | J42: =OFFSET(J$4,$A42,0) -> #DIV/0! | K42: =OFFSET(K$4,$A42,0) -> #DIV/0! | L42: =OFFSET(L$4,$A42,0) -> #DIV/0! | ... W42: =OFFSET(W$4,$A42,0) -> 0
E44: =E45/21 -> 2 | F44: =F45/21 -> 4 | G44: =G45/21 -> 8 | H44: =H45/21 -> 16 | I44: =I45/21 -> 32 | J44: =J45/21 -> 64 | K44: =K45/21 -> 128 | L44: =L45/21 -> 256 | ... W44: =W45/21 -> 524288
E45: 42 | F45: =E45*2 -> 84 | G45: =F45*2 -> 168 | H45: =G45*2 -> 336 | I45: =H45*2 -> 672 | J45: =I45*2 -> 1344 | K45: =J45*2 -> 2688 | L45: =K45*2 -> 5376 | M45: =L45*2 -> 10752 | ... W45: =V45*2 -> 11010048
A46: 2 | C46: 2 этапа | D46: 16 | E46: =OFFSET(E$4,$A46,0) -> 36.691382 | F46: =OFFSET(F$4,$A46,0) -> 54.827639 | G46: =OFFSET(G$4,$A46,0) -> 126.55471 | H46: =OFFSET(H$4,$A46,0) -> 163.47143 | I46: =OFFSET(I$4,$A46,0) -> 198.37616 | J46: =OFFSET(J$4,$A46,0) -> 261.31184 | K46: =OFFSET(K$4,$A46,0) -> 390.14227 | L46: =OFFSET(L$4,$A46,0) -> 685.18802 | ... W46: =OFFSET(W$4,$A46,0) -> 0 | Y46: =CORREL($D46:$D51,E46:E51) -> #DIV/0! | Z46: =CORREL($D46:$D51,F46:F51) -> #DIV/0! | AA46: =CORREL($D46:$D51,G46:G51) -> #DIV/0! | AB46: =CORREL($D46:$D51,H46:H51) -> #DIV/0! | AC46: =CORREL($D46:$D51,I46:I51) -> #DIV/0! | AD46: =CORREL($D46:$D51,J46:J51) -> #DIV/0! | AE46: =CORREL($D46:$D51,K46:K51) -> #DIV/0! | AF46: =CORREL($D46:$D51,L46:L51) -> #DIV/0! | AG46: =CORREL($D46:$D51,M46:M51) -> #DIV/0!
A47: 6 | D47: 32 | E47: =OFFSET(E$4,$A47,0) -> 34.894424 | F47: =OFFSET(F$4,$A47,0) -> 50.507445 | G47: =OFFSET(G$4,$A47,0) -> 123.68096 | H47: =OFFSET(H$4,$A47,0) -> 156.92698 | I47: =OFFSET(I$4,$A47,0) -> 188.44608 | J47: =OFFSET(J$4,$A47,0) -> 253.33465 | K47: =OFFSET(K$4,$A47,0) -> 378.44929 | L47: =OFFSET(L$4,$A47,0) -> 673.05237 | ... W47: =OFFSET(W$4,$A47,0) -> 0
A48: 10 | D48: 64 | E48: =OFFSET(E$4,$A48,0) -> 35.209461 | F48: =OFFSET(F$4,$A48,0) -> 52.542008 | G48: =OFFSET(G$4,$A48,0) -> 123.10869 | H48: =OFFSET(H$4,$A48,0) -> 159.77555 | I48: =OFFSET(I$4,$A48,0) -> 196.72669 | J48: =OFFSET(J$4,$A48,0) -> 272.18847 | K48: =OFFSET(K$4,$A48,0) -> 419.25012 | L48: =OFFSET(L$4,$A48,0) -> 890.7669 | ... W48: =OFFSET(W$4,$A48,0) -> 0
A49: 14 | D49: 128 | E49: =OFFSET(E$4,$A49,0) -> 34.103773 | F49: =OFFSET(F$4,$A49,0) -> 52.602939 | G49: =OFFSET(G$4,$A49,0) -> 126.7788 | H49: =OFFSET(H$4,$A49,0) -> 164.21649 | I49: =OFFSET(I$4,$A49,0) -> 202.10276 | J49: =OFFSET(J$4,$A49,0) -> 289.48602 | K49: =OFFSET(K$4,$A49,0) -> 501.37588 | L49: =OFFSET(L$4,$A49,0) -> 1036.7796 | ... W49: =OFFSET(W$4,$A49,0) -> 0
A50: 18 | D50: 256 | E50: =OFFSET(E$4,$A50,0) -> 34.159253 | F50: =OFFSET(F$4,$A50,0) -> 55.533386 | G50: =OFFSET(G$4,$A50,0) -> 134.69939 | H50: =OFFSET(H$4,$A50,0) -> 199.92682 | I50: =OFFSET(I$4,$A50,0) -> 261.07847 | J50: =OFFSET(J$4,$A50,0) -> 422.2478 | K50: =OFFSET(K$4,$A50,0) -> 794.97843 | L50: =OFFSET(L$4,$A50,0) -> 1575.8457 | ... W50: =OFFSET(W$4,$A50,0) -> 0
A51: 22 | D51: 64 | E51: =OFFSET(E$4,$A51,0) -> #DIV/0! | F51: =OFFSET(F$4,$A51,0) -> #DIV/0! | G51: =OFFSET(G$4,$A51,0) -> #DIV/0! | H51: =OFFSET(H$4,$A51,0) -> #DIV/0! | I51: =OFFSET(I$4,$A51,0) -> #DIV/0! | J51: =OFFSET(J$4,$A51,0) -> #DIV/0! | K51: =OFFSET(K$4,$A51,0) -> #DIV/0! | L51: =OFFSET(L$4,$A51,0) -> #DIV/0! | ... W51: =OFFSET(W$4,$A51,0) -> 0
A52: 26 | D52: 96 | E52: =OFFSET(E$4,$A52,0) -> #DIV/0! | F52: =OFFSET(F$4,$A52,0) -> #DIV/0! | G52: =OFFSET(G$4,$A52,0) -> #DIV/0! | H52: =OFFSET(H$4,$A52,0) -> #DIV/0! | I52: =OFFSET(I$4,$A52,0) -> #DIV/0! | J52: =OFFSET(J$4,$A52,0) -> #DIV/0! | K52: =OFFSET(K$4,$A52,0) -> #DIV/0! | L52: =OFFSET(L$4,$A52,0) -> #DIV/0! | ... W52: =OFFSET(W$4,$A52,0) -> 0
E55: 42 | F55: =E55*2 -> 84 | G55: =F55*2 -> 168 | H55: =G55*2 -> 336 | I55: =H55*2 -> 672 | J55: =I55*2 -> 1344 | K55: =J55*2 -> 2688 | L55: =K55*2 -> 5376 | M55: =L55*2 -> 10752 | ... W55: =V55*2 -> 11010048
C56: 3 этапа | D56: 16 | E56: =E36/E$35 -> 1.1227255 | F56: =F36/F$35 -> 0.74149664 | G56: =G36/G$35 -> 0.68576976 | H56: =H36/H$35 -> 0.3982597 | I56: =I36/I$35 -> 0.2530131 | J56: =J36/J$35 -> 0.17251552 | K56: =K36/K$35 -> 0.13314327 | L56: =L36/L$35 -> 0.12446563 | ... W56: =W36/W$35 -> 0
D57: 32 | E57: =E37/E$35 -> 1.0399752 | F57: =F37/F$35 -> 0.69719617 | G57: =G37/G$35 -> 0.63996119 | H57: =H37/H$35 -> 0.38271351 | I57: =I37/I$35 -> 0.24371714 | J57: =J37/J$35 -> 0.16972302 | K57: =K37/K$35 -> 0.13024516 | L57: =L37/L$35 -> 0.12376324 | ... W57: =W37/W$35 -> 0
D58: 64 | E58: =E38/E$35 -> 1.0219631 | F58: =F38/F$35 -> 0.71721338 | G58: =G38/G$35 -> 0.64270381 | H58: =H38/H$35 -> 0.39943952 | I58: =I38/I$35 -> 0.26438277 | J58: =J38/J$35 -> 0.18373518 | K58: =K38/K$35 -> 0.14462414 | L58: =L38/L$35 -> 0.16619609 | ... W58: =W38/W$35 -> 0
D59: 128 | E59: =E39/E$35 -> 1.0804401 | F59: =F39/F$35 -> 0.71939436 | G59: =G39/G$35 -> 0.68046595 | H59: =H39/H$35 -> 0.43147131 | I59: =I39/I$35 -> 0.2683378 | J59: =J39/J$35 -> 0.19648621 | K59: =K39/K$35 -> 0.17547777 | L59: =L39/L$35 -> 0.19343579 | ... W59: =W39/W$35 -> 0
D60: 256 | E60: =E40/E$35 -> 1.0302729 | F60: =F40/F$35 -> 0.7657319 | G60: =G40/G$35 -> 0.73200833 | H60: =H40/H$35 -> 0.5123206 | I60: =I40/I$35 -> 0.34720512 | J60: =J40/J$35 -> 0.29400378 | K60: =K40/K$35 -> 0.28466446 | L60: =L40/L$35 -> 0.29308705 | ... W60: =W40/W$35 -> 0
E61: =E41/E$35 -> #DIV/0! | F61: =F41/F$35 -> #DIV/0! | G61: =G41/G$35 -> #DIV/0! | H61: =H41/H$35 -> #DIV/0! | I61: =I41/I$35 -> #DIV/0! | J61: =J41/J$35 -> #DIV/0! | K61: =K41/K$35 -> #DIV/0! | L61: =L41/L$35 -> #DIV/0! | ... W61: =W41/W$35 -> 0
E62: =E42/E$35 -> #DIV/0! | F62: =F42/F$35 -> #DIV/0! | G62: =G42/G$35 -> #DIV/0! | H62: =H42/H$35 -> #DIV/0! | I62: =I42/I$35 -> #DIV/0! | J62: =J42/J$35 -> #DIV/0! | K62: =K42/K$35 -> #DIV/0! | L62: =L42/L$35 -> #DIV/0! | ... W62: =W42/W$35 -> 0
E65: 42 | F65: =E65*2 -> 84 | G65: =F65*2 -> 168 | H65: =G65*2 -> 336 | I65: =H65*2 -> 672 | J65: =I65*2 -> 1344 | K65: =J65*2 -> 2688 | L65: =K65*2 -> 5376 | M65: =L65*2 -> 10752 | ... W65: =V65*2 -> 11010048
C66: 2 этапа | D66: 16 | E66: =E46/E$45 -> 0.87360432 | F66: =F46/F$45 -> 0.65270999 | G66: =G46/G$45 -> 0.75330187 | H66: =H46/H$45 -> 0.48652211 | I66: =I46/I$45 -> 0.29520262 | J66: =J46/J$45 -> 0.19442845 | K66: =K46/K$45 -> 0.14514221 | L66: =L46/L$45 -> 0.12745313 | ... W66: =W46/W$45 -> 0
D67: 32 | E67: =E47/E$45 -> 0.83081963 | F67: =F47/F$45 -> 0.60127911 | G67: =G47/G$45 -> 0.73619619 | H67: =H47/H$45 -> 0.46704458 | I67: =I47/I$45 -> 0.28042572 | J67: =J47/J$45 -> 0.18849305 | K67: =K47/K$45 -> 0.14079214 | L67: =L47/L$45 -> 0.12519575 | ... W67: =W47/W$45 -> 0
D68: 64 | E68: =E48/E$45 -> 0.83832051 | F68: =F48/F$45 -> 0.6255001 | G68: =G48/G$45 -> 0.73278984 | H68: =H48/H$45 -> 0.47552247 | I68: =I48/I$45 -> 0.29274806 | J68: =J48/J$45 -> 0.20252118 | K68: =K48/K$45 -> 0.15597103 | L68: =L48/L$45 -> 0.16569325 | ... W68: =W48/W$45 -> 0
D69: 128 | E69: =E49/E$45 -> 0.81199461 | F69: =F49/F$45 -> 0.62622546 | G69: =G49/G$45 -> 0.75463569 | H69: =H49/H$45 -> 0.48873955 | I69: =I49/I$45 -> 0.30074815 | J69: =J49/J$45 -> 0.21539138 | K69: =K49/K$45 -> 0.18652376 | L69: =L49/L$45 -> 0.19285335 | ... W69: =W49/W$45 -> 0
D70: 256 | E70: =E50/E$45 -> 0.81331555 | F70: =F50/F$45 -> 0.66111173 | G70: =G50/G$45 -> 0.80178207 | H70: =H50/H$45 -> 0.59502029 | I70: =I50/I$45 -> 0.38850963 | J70: =J50/J$45 -> 0.31417247 | K70: =K50/K$45 -> 0.2957509 | L70: =L50/L$45 -> 0.29312606 | ... W70: =W50/W$45 -> 0
E71: =E51/E$45 -> #DIV/0! | F71: =F51/F$45 -> #DIV/0! | G71: =G51/G$45 -> #DIV/0! | H71: =H51/H$45 -> #DIV/0! | I71: =I51/I$45 -> #DIV/0! | J71: =J51/J$45 -> #DIV/0! | K71: =K51/K$45 -> #DIV/0! | L71: =L51/L$45 -> #DIV/0! | ... W71: =W51/W$45 -> 0
E72: =E52/E$45 -> #DIV/0! | F72: =F52/F$45 -> #DIV/0! | G72: =G52/G$45 -> #DIV/0! | H72: =H52/H$45 -> #DIV/0! | I72: =I52/I$45 -> #DIV/0! | J72: =J52/J$45 -> #DIV/0! | K72: =K52/K$45 -> #DIV/0! | L72: =L52/L$45 -> #DIV/0! | ... W72: =W52/W$45 -> 0
E73: =#REF!/E$45 -> #REF! | F73: =#REF!/F$45 -> #REF! | G73: =#REF!/G$45 -> #REF! | H73: =#REF!/H$45 -> #REF! | I73: =#REF!/I$45 -> #REF! | J73: =#REF!/J$45 -> #REF! | K73: =#REF!/K$45 -> #REF! | L73: =#REF!/L$45 -> #REF! | ... W73: =#REF!/W$45 -> #REF!
E74: =#REF!/E$45 -> #REF! | F74: =#REF!/F$45 -> #REF! | G74: =#REF!/G$45 -> #REF! | H74: =#REF!/H$45 -> #REF! | I74: =#REF!/I$45 -> #REF! | J74: =#REF!/J$45 -> #REF! | K74: =#REF!/K$45 -> #REF! | L74: =#REF!/L$45 -> #REF! | ... W74: =#REF!/W$45 -> #REF!
E75: =#REF!/E$45 -> #REF! | F75: =#REF!/F$45 -> #REF! | G75: =#REF!/G$45 -> #REF! | H75: =#REF!/H$45 -> #REF! | I75: =#REF!/I$45 -> #REF! | J75: =#REF!/J$45 -> #REF! | K75: =#REF!/K$45 -> #REF! | L75: =#REF!/L$45 -> #REF! | ... W75: =#REF!/W$45 -> #REF!

Sheet t42
A1: Device 0: NVIDIA GeForce RTX 4060 Ti | B1: Max thread in blocks: 1024 Total Global Memory: 8187,5 MB GPU Global Memory Usage: 0,250568 MB GPU Global Memory Hash Table: 1024 MB Max PARAMETR_SIZE in GPU Global Memory: 3543146 Shared memory per block: 49152 bytes (48 KB) Shared memory per multiprocessor: 102400 bytes (100 KB) Data size in Shared memory per block: 336 bytes (0,328125 KB) Constant Memory: 65536 bytes Parameter data size (in Constant Memory): 1680 bytes (1,64062 KB) Registers per Block: 65536 Warp Size: 32 Compute Capability: 8,9 Can Map Host Memory: Yes Clock Rate: 2550 MHz L2 Cache Size: 33554432 bytes Multiprocessor Count: 34 | C1: Max thread in blocks by axis: (1024, 1024, 64) | D1: Max blocks by axis: (2147483647, 65535, 65535) | E1: PARAMETR_SIZE: 42 | F1: MAX_VALUE_SIZE: 5 | G1: SET_PARAMETR_SIZE_ONE_X: 21 | H1: ANT_SIZE: 500 | I1: MAX_THREAD_CUDA: 512 | J1: NAME_FILE_GRAPH: Parametr_Graph/test42,txt | K1: KOL_ITERATION: 500 | L1: KOL_PROGREV: 5 | M1: KOL_PROGON_STATISTICS: 50 | N1: PARAMETR_RO: 0,999 | O1: PARAMETR_Q: 1 | P1: PRINT_INFORMATION: 0 | Q1: MAX_PARAMETR_VALUE_TO_MIN_OPT: 1 | R1: OPTIMIZE: OPTIMIZE_MIN_1 | S1: FUNCTION: SHAFFERA GO_HASH: 0 | T1: HASH_TABLE_SIZE: 67108864 | U1: ZERO_HASH_RESULT: -1 | V1: ZERO_HASH: 18446744073709551615 | W1: MAX_PROBES: 10000 | X1: MAX_CONST: 8192 | Y1: MAX_SHARED: 6144 | Z1: BLOCK_SIZE: 256 | AA1: BIN_SEARCH: 0 | AB1: NON_WHILE_ANT: 1
A2: Run 4 function ACO 4start0 | B2: 56.3141 | C2: 48.2597 | D2: 3.5137 | E2: 7.62167 | F2: 17.9657 | G2: 8.05437 | H2: -409317 | I2: 100 | J2: 0.769348 | K2: 0.00123048 | L2: 0.999997
A3: Run 4 function ACO 4start1 | B3: 50.209 | C3: 43.6168 | D3: 2.565 | E3: 7.47038 | F3: 16.7581 | G3: 6.59224 | H3: -409317 | I3: 100 | J3: 0.862896 | K3: 0.00123059 | L3: 0.999997
A4: Run 4 function ACO 4start2 | B4: 46.5674 | C4: 41.0522 | D4: 2.55268 | E4: 7.26682 | F4: 16.5181 | G4: 5.51522 | H4: -409623 | I4: 100 | J4: 0.930375 | K4: 0.00123058 | L4: 1
A5: Run 4 function ACO 4start3 | B5: 58.6993 | C5: 48.7519 | D5: 3.77124 | E5: 8.04752 | F5: 17.7795 | G5: 9.94737 | H5: -409537 | I5: 100 | J5: 0.738086 | K5: 0.00123017 | L5: 0.999998
A6: Run 4 function ACO 4start4 | B6: 46.1332 | C6: 40.4873 | D6: 2.936 | E6: 7.60196 | F6: 16.947 | G6: 5.64594 | H6: -409178 | I6: 100 | J6: 0.939131 | K6: 0.00123014 | L6: 0.999997
A7: Run 4 function ACO 4start5 | B7: 50.6896 | C7: 43.7026 | D7: 2.78288 | E7: 7.59422 | F7: 17.0416 | G7: 6.987 | H7: -409537 | I7: 100 | J7: 0.854714 | K7: 0.00123018 | L7: 1
A8: Run 4 function ACO 4start6 | B8: 49.5739 | C8: 44.7591 | D8: 2.68234 | E8: 7.19957 | F8: 17.271 | G8: 4.81484 | H8: -409640 | I8: 100 | J8: 0.87395 | K8: 0.00123015 | L8: 1
A9: Run 4 function ACO 4start7 | B9: 46.4684 | C9: 41.3342 | D9: 2.48167 | E9: 7.38046 | F9: 16.4377 | G9: 5.13424 | H9: -409317 | I9: 100 | J9: 0.932357 | K9: 0.00123014 | L9: 1
A10: Run 4 function ACO 4start8 | B10: 45.6146 | C10: 40.3997 | D10: 3.11118 | E10: 7.93725 | F10: 16.9423 | G10: 5.21486 | H10: -409300 | I10: 100 | J10: 0.949808 | K10: 0.00123015 | L10: 1
A11: Run 4 function ACO 4start9 | B11: 46.076 | C11: 41.165 | D11: 2.52618 | E11: 7.39256 | F11: 16.998 | G11: 4.91098 | H11: -409279 | I11: 100 | J11: 0.940297 | K11: 0.00123011 | L11: 1
A12: Run 4 function ACO 4start10 | B12: 46.3826 | C12: 41.0855 | D12: 2.50996 | E12: 7.51979 | F12: 16.2237 | G12: 5.29715 | H12: -409427 | I12: 100 | J12: 0.934081 | K12: 0.00123017 | L12: 0.999994
A13: Run 4 function ACO 4start11 | B13: 46.2697 | C13: 41.0656 | D13: 2.4713 | E13: 7.40865 | F13: 16.4543 | G13: 5.20411 | H13: -409317 | I13: 100 | J13: 0.936361 | K13: 0.00123005 | L13: 1
... A201: Run 4 function ACO 4start transposed49 | B201: 90.3739 | C201: 84.5426 | D201: 2.53028 | E201: 12.7376 | F201: 54.7448 | G201: 5.83126 | H201: -415140 | I201: 100 | J201: 0.479399 | K201: 0.00123007 | L201: 0.995115
A202: Device 0: NVIDIA GeForce RTX 4060 Ti | B202: Max thread in blocks: 1024 Total Global Memory: 8187,5 MB GPU Global Memory Usage: 0,250568 MB GPU Global Memory Hash Table: 1024 MB Max PARAMETR_SIZE in GPU Global Memory: 3543146 Shared memory per block: 49152 bytes (48 KB) Shared memory per multiprocessor: 102400 bytes (100 KB) Data size in Shared memory per block: 336 bytes (0,328125 KB) Constant Memory: 65536 bytes Parameter data size (in Constant Memory): 1680 bytes (1,64062 KB) Registers per Block: 65536 Warp Size: 32 Compute Capability: 8,9 Can Map Host Memory: Yes Clock Rate: 2550 MHz L2 Cache Size: 33554432 bytes Multiprocessor Count: 34 | C202: Max thread in blocks by axis: (1024, 1024, 64) | D202: Max blocks by axis: (2147483647, 65535, 65535) | E202: PARAMETR_SIZE: 42 | F202: MAX_VALUE_SIZE: 5 | G202: SET_PARAMETR_SIZE_ONE_X: 21 | H202: ANT_SIZE: 500 | I202: MAX_THREAD_CUDA: 512 | J202: NAME_FILE_GRAPH: Parametr_Graph/test42,txt | K202: KOL_ITERATION: 500 | L202: KOL_PROGREV: 5 | M202: KOL_PROGON_STATISTICS: 50 | N202: PARAMETR_RO: 0,999 | O202: PARAMETR_Q: 1 | P202: PRINT_INFORMATION: 0 | Q202: MAX_PARAMETR_VALUE_TO_MIN_OPT: 1 | R202: OPTIMIZE: OPTIMIZE_MIN_1 | S202: FUNCTION: SHAFFERA GO_HASH: 0 | T202: HASH_TABLE_SIZE: 67108864 | U202: ZERO_HASH_RESULT: -1 | V202: ZERO_HASH: 18446744073709551615 | W202: MAX_PROBES: 10000 | X202: MAX_CONST: 8192 | Y202: MAX_SHARED: 6144 | Z202: BLOCK_SIZE: 256 | AA202: BIN_SEARCH: 0 | AB202: NON_WHILE_ANT: 1
A203: Run 4 function ACO 4start0 | B203: 42.2004 | C203: 35.8696 | D203: 2.41213 | E203: 7.16561 | F203: 14.0726 | G203: 6.33083 | H203: -408470 | I203: 100 | J203: 1.02665 | K203: 0.00123009 | L203: 0.999969
A204: Run 4 function ACO 4start1 | B204: 41.9833 | C204: 35.7285 | D204: 2.49015 | E204: 7.35937 | F204: 14.2936 | G204: 6.25485 | H204: -408491 | I204: 100 | J204: 1.03196 | K204: 0.00123005 | L204: 0.99997
A205: Run 4 function ACO 4start2 | B205: 42.4838 | C205: 36.0242 | D205: 2.541 | E205: 7.27461 | F205: 14.1451 | G205: 6.45964 | H205: -408463 | I205: 100 | J205: 1.0198 | K205: 0.00123009 | L205: 0.999969
A206: Run 4 function ACO 4start3 | B206: 42.6919 | C206: 36.3944 | D206: 2.64624 | E206: 7.37502 | F206: 14.2771 | G206: 6.29745 | H206: -408271 | I206: 100 | J206: 1.01483 | K206: 0.00123005 | L206: 0.99998
A207: Run 4 function ACO 4start4 | B207: 45.7184 | C207: 39.1371 | D207: 3.14417 | E207: 7.9814 | F207: 15.7504 | G207: 6.58131 | H207: -409150 | I207: 100 | J207: 0.947652 | K207: 0.00123005 | L207: 0.999981
A208: Run 4 function ACO 4start5 | B208: 42.8135 | C208: 36.9719 | D208: 2.53671 | E208: 7.36721 | F208: 14.3017 | G208: 5.84164 | H208: -408271 | I208: 100 | J208: 1.01195 | K208: 0.00123005 | L208: 0.999972
A209: Run 4 function ACO 4start6 | B209: 43.226 | C209: 37.3126 | D209: 2.70391 | E209: 7.33847 | F209: 14.4332 | G209: 5.91342 | H209: -408463 | I209: 100 | J209: 1.00229 | K209: 0.00123009 | L209: 0.999971
A210: Run 4 function ACO 4start7 | B210: 43.1686 | C210: 37.1787 | D210: 2.62151 | E210: 7.34899 | F210: 14.5349 | G210: 5.98994 | H210: -408291 | I210: 100 | J210: 1.00363 | K210: 0.00123005 | L210: 0.999998
A211: Run 4 function ACO 4start8 | B211: 41.93 | C211: 35.9092 | D211: 2.49635 | E211: 7.19261 | F211: 14.0762 | G211: 6.02078 | H211: -408422 | I211: 100 | J211: 1.03327 | K211: 0.00123009 | L211: 0.999987
A212: Run 4 function ACO 4start9 | B212: 41.9123 | C212: 35.7393 | D212: 2.46867 | E212: 7.08103 | F212: 13.7961 | G212: 6.17301 | H212: -408491 | I212: 100 | J212: 1.03371 | K212: 0.00123005 | L212: 0.999988
A213: Run 4 function ACO 4start10 | B213: 42.7708 | C213: 36.8111 | D213: 2.56464 | E213: 7.24819 | F213: 14.3198 | G213: 5.9597 | H213: -408491 | I213: 100 | J213: 1.01296 | K213: 0.00123009 | L213: 0.999981
A214: Run 4 function ACO 4start11 | B214: 45.9064 | C214: 39.4011 | D214: 3.12087 | E214: 7.96348 | F214: 15.4832 | G214: 6.50534 | H214: -409317 | I214: 100 | J214: 0.943771 | K214: 0.00123005 | L214: 0.999988
... A402: Run 4 function ACO 4start transposed49 | B402: 88.0723 | C402: 82.5244 | D402: 2.61969 | E402: 11.7504 | F402: 53.5641 | G402: 5.54787 | H402: -414860 | I402: 100 | J402: 0.491927 | K402: 0.00123022 | L402: 0.995116
A403: Device 0: NVIDIA GeForce RTX 4060 Ti | B403: Max thread in blocks: 1024 Total Global Memory: 8187,5 MB GPU Global Memory Usage: 0,250568 MB GPU Global Memory Hash Table: 1024 MB Max PARAMETR_SIZE in GPU Global Memory: 3543146 Shared memory per block: 49152 bytes (48 KB) Shared memory per multiprocessor: 102400 bytes (100 KB) Data size in Shared memory per block: 336 bytes (0,328125 KB) Constant Memory: 65536 bytes Parameter data size (in Constant Memory): 1680 bytes (1,64062 KB) Registers per Block: 65536 Warp Size: 32 Compute Capability: 8,9 Can Map Host Memory: Yes Clock Rate: 2550 MHz L2 Cache Size: 33554432 bytes Multiprocessor Count: 34 | C403: Max thread in blocks by axis: (1024, 1024, 64) | D403: Max blocks by axis: (2147483647, 65535, 65535) | E403: PARAMETR_SIZE: 42 | F403: MAX_VALUE_SIZE: 5 | G403: SET_PARAMETR_SIZE_ONE_X: 21 | H403: ANT_SIZE: 500 | I403: MAX_THREAD_CUDA: 512 | J403: NAME_FILE_GRAPH: Parametr_Graph/test42,txt | K403: KOL_ITERATION: 500 | L403: KOL_PROGREV: 5 | M403: KOL_PROGON_STATISTICS: 50 | N403: PARAMETR_RO: 0,999 | O403: PARAMETR_Q: 1 | P403: PRINT_INFORMATION: 0 | Q403: MAX_PARAMETR_VALUE_TO_MIN_OPT: 1 | R403: OPTIMIZE: OPTIMIZE_MIN_1 | S403: FUNCTION: SHAFFERA GO_HASH: 0 | T403: HASH_TABLE_SIZE: 67108864 | U403: ZERO_HASH_RESULT: -1 | V403: ZERO_HASH: 18446744073709551615 | W403: MAX_PROBES: 10000 | X403: MAX_CONST: 8192 | Y403: MAX_SHARED: 6144 | Z403: BLOCK_SIZE: 256 | AA403: BIN_SEARCH: 0 | AB403: NON_WHILE_ANT: 1
A404: Run 4 function ACO 4start0 | B404: 42.5421 | C404: 36.7942 | D404: 2.63629 | E404: 7.30667 | F404: 14.3098 | G404: 5.74786 | H404: -408271 | I404: 100 | J404: 1.01841 | K404: 0.00123005 | L404: 0.999998
A405: Run 4 function ACO 4start1 | B405: 42.4837 | C405: 35.8746 | D405: 2.71988 | E405: 7.03924 | F405: 13.6957 | G405: 6.60908 | H405: -408491 | I405: 100 | J405: 1.01981 | K405: 0.00123005 | L405: 0.999996
A406: Run 4 function ACO 4start2 | B406: 44.761 | C406: 39.0751 | D406: 3.1018 | E406: 7.77459 | F406: 15.0367 | G406: 5.68591 | H406: -408271 | I406: 100 | J406: 0.967921 | K406: 0.00123005 | L406: 0.999999
A407: Run 4 function ACO 4start3 | B407: 41.0289 | C407: 35.4118 | D407: 2.39498 | E407: 6.99898 | F407: 13.854 | G407: 5.61711 | H407: -408491 | I407: 100 | J407: 1.05597 | K407: 0.00123005 | L407: 0.999996
A408: Run 4 function ACO 4start4 | B408: 42.4448 | C408: 36.1743 | D408: 2.48208 | E408: 7.14609 | F408: 14.0563 | G408: 6.27048 | H408: -408422 | I408: 100 | J408: 1.02074 | K408: 0.00123005 | L408: 0.999996
A409: Run 4 function ACO 4start5 | B409: 47.7126 | C409: 40.0695 | D409: 2.6249 | E409: 7.20727 | F409: 14.2516 | G409: 7.64313 | H409: -408491 | I409: 100 | J409: 0.908044 | K409: 0.00123005 | L409: 0.999999
A410: Run 4 function ACO 4start6 | B410: 43.9054 | C410: 37.4119 | D410: 2.79002 | E410: 7.44537 | F410: 14.6229 | G410: 6.49346 | H410: -408271 | I410: 100 | J410: 0.986784 | K410: 0.00123005 | L410: 0.999999
A411: Run 4 function ACO 4start7 | B411: 43.9477 | C411: 37.9854 | D411: 2.80263 | E411: 7.55973 | F411: 15.017 | G411: 5.96228 | H411: -408271 | I411: 100 | J411: 0.985834 | K411: 0.00123005 | L411: 0.999996
A412: Run 4 function ACO 4start8 | B412: 42.6863 | C412: 36.7527 | D412: 2.62724 | E412: 7.19575 | F412: 14.5091 | G412: 5.93362 | H412: -408271 | I412: 100 | J412: 1.01497 | K412: 0.00123005 | L412: 0.999998
A413: Run 4 function ACO 4start9 | B413: 44.9123 | C413: 38.885 | D413: 2.89258 | E413: 7.5975 | F413: 14.9518 | G413: 6.0273 | H413: -408271 | I413: 100 | J413: 0.964661 | K413: 0.00123005 | L413: 0.999992
A414: Run 4 function ACO 4start10 | B414: 41.824 | C414: 36.2856 | D414: 2.43911 | E414: 7.11144 | F414: 13.9121 | G414: 5.53839 | H414: -408491 | I414: 100 | J414: 1.03589 | K414: 0.00123005 | L414: 0.999996
A415: Run 4 function ACO 4start11 | B415: 43.8754 | C415: 37.7223 | D415: 2.6905 | E415: 7.64762 | F415: 14.4766 | G415: 6.1531 | H415: -408271 | I415: 100 | J415: 0.987458 | K415: 0.00123005 | L415: 0.999993
... A603: Run 4 function ACO 4start transposed49 | B603: 96.3463 | C603: 86.8566 | D603: 2.47687 | E603: 11.5846 | F603: 52.8684 | G603: 9.48969 | H603: -414930 | I603: 100 | J603: 0.449681 | K603: 0.00123012 | L603: 0.999406
A604: Device 0: NVIDIA GeForce RTX 4060 Ti | B604: Max thread in blocks: 1024 Total Global Memory: 8187,5 MB GPU Global Memory Usage: 0,250568 MB GPU Global Memory Hash Table: 1024 MB Max PARAMETR_SIZE in GPU Global Memory: 3543146 Shared memory per block: 49152 bytes (48 KB) Shared memory per multiprocessor: 102400 bytes (100 KB) Data size in Shared memory per block: 336 bytes (0,328125 KB) Constant Memory: 65536 bytes Parameter data size (in Constant Memory): 1680 bytes (1,64062 KB) Registers per Block: 65536 Warp Size: 32 Compute Capability: 8,9 Can Map Host Memory: Yes Clock Rate: 2550 MHz L2 Cache Size: 33554432 bytes Multiprocessor Count: 34 | C604: Max thread in blocks by axis: (1024, 1024, 64) | D604: Max blocks by axis: (2147483647, 65535, 65535) | E604: PARAMETR_SIZE: 42 | F604: MAX_VALUE_SIZE: 5 | G604: SET_PARAMETR_SIZE_ONE_X: 21 | H604: ANT_SIZE: 500 | I604: MAX_THREAD_CUDA: 512 | J604: NAME_FILE_GRAPH: Parametr_Graph/test42,txt | K604: KOL_ITERATION: 500 | L604: KOL_PROGREV: 5 | M604: KOL_PROGON_STATISTICS: 50 | N604: PARAMETR_RO: 0,999 | O604: PARAMETR_Q: 1 | P604: PRINT_INFORMATION: 0 | Q604: MAX_PARAMETR_VALUE_TO_MIN_OPT: 1 | R604: OPTIMIZE: OPTIMIZE_MIN_1 | S604: FUNCTION: SHAFFERA GO_HASH: 0 | T604: HASH_TABLE_SIZE: 67108864 | U604: ZERO_HASH_RESULT: -1 | V604: ZERO_HASH: 18446744073709551615 | W604: MAX_PROBES: 10000 | X604: MAX_CONST: 8192 | Y604: MAX_SHARED: 6144 | Z604: BLOCK_SIZE: 256 | AA604: BIN_SEARCH: 0 | AB604: NON_WHILE_ANT: 1
A605: Run 4 function ACO 4start0 | B605: 43.549 | C605: 38.236 | D605: 2.39683 | E605: 7.68618 | F605: 14.2359 | G605: 5.31296 | H605: -409317 | I605: 100 | J605: 0.994859 | K605: 0.00123005 | L605: 0.999988
A606: Run 4 function ACO 4start1 | B606: 45.6768 | C606: 40.4359 | D606: 2.85581 | E606: 7.83175 | F606: 14.8258 | G606: 5.24092 | H606: -408463 | I606: 100 | J606: 0.948515 | K606: 0.0012301 | L606: 0.999988
A607: Run 4 function ACO 4start2 | B607: 45.5858 | C607: 39.9094 | D607: 2.89364 | E607: 8.40256 | F607: 15.3554 | G607: 5.67645 | H607: -408491 | I607: 100 | J607: 0.950408 | K607: 0 | L607: 0.999981
A608: Run 4 function ACO 4start3 | B608: 53.8514 | C608: 44.9398 | D608: 2.8648 | E608: 8.16563 | F608: 14.5695 | G608: 8.91162 | H608: -408312 | I608: 100 | J608: 0.804531 | K608: 0.00123006 | L608: 0.999981
A609: Run 4 function ACO 4start4 | B609: 45.6382 | C609: 39.8473 | D609: 2.79626 | E609: 8.32284 | F609: 15.1913 | G609: 5.79086 | H609: -408271 | I609: 100 | J609: 0.949317 | K609: 0.0012301 | L609: 0.999981
A610: Run 4 function ACO 4start5 | B610: 45.0381 | C610: 39.8561 | D610: 2.57543 | E610: 7.95456 | F610: 14.9677 | G610: 5.18199 | H610: -408271 | I610: 100 | J610: 0.961966 | K610: 0.00123005 | L610: 0.999988
A611: Run 4 function ACO 4start6 | B611: 44.5328 | C611: 38.8387 | D611: 2.44154 | E611: 7.58349 | F611: 14.0719 | G611: 5.69408 | H611: -408491 | I611: 100 | J611: 0.972881 | K611: 0.00123005 | L611: 0.999987
A612: Run 4 function ACO 4start7 | B612: 45.4863 | C612: 39.4883 | D612: 2.75546 | E612: 8.13315 | F612: 15.2295 | G612: 5.99797 | H612: -408491 | I612: 100 | J612: 0.952487 | K612: 0.00123009 | L612: 0.999981
A613: Run 4 function ACO 4start8 | B613: 44.6038 | C613: 39.1817 | D613: 2.56973 | E613: 7.37933 | F613: 14.1494 | G613: 5.42213 | H613: -408408 | I613: 100 | J613: 0.971333 | K613: 0 | L613: 0.999981
A614: Run 4 function ACO 4start9 | B614: 43.317 | C614: 37.8206 | D614: 2.37168 | E614: 7.1681 | F614: 13.9644 | G614: 5.49636 | H614: -408229 | I614: 100 | J614: 1.00019 | K614: 0.00123006 | L614: 0.999988
A615: Run 4 function ACO 4start10 | B615: 42 | C615: 36.3625 | D615: 2.39476 | E615: 7.05911 | F615: 13.9149 | G615: 5.63754 | H615: -408470 | I615: 100 | J615: 1.03155 | K615: 0.00123005 | L615: 0.999981
A616: Run 4 function ACO 4start11 | B616: 42.1184 | C616: 36.0394 | D616: 2.62023 | E616: 6.94436 | F616: 14.089 | G616: 6.07901 | H616: -408422 | I616: 100 | J616: 1.02865 | K616: 0.00123005 | L616: 0.999981
... A804: Run 4 function ACO 4start transposed49 | B804: 87.0344 | C804: 81.5322 | D804: 2.51725 | E804: 11.6612 | F804: 52.8861 | G804: 5.5022 | H804: -414927 | I804: 100 | J804: 0.497793 | K804: 0.00123007 | L804: 0.998417
A805: Device 0: NVIDIA GeForce RTX 4060 Ti | B805: Max thread in blocks: 1024 Total Global Memory: 8187,5 MB GPU Global Memory Usage: 0,250568 MB GPU Global Memory Hash Table: 1024 MB Max PARAMETR_SIZE in GPU Global Memory: 3543146 Shared memory per block: 49152 bytes (48 KB) Shared memory per multiprocessor: 102400 bytes (100 KB) Data size in Shared memory per block: 336 bytes (0,328125 KB) Constant Memory: 65536 bytes Parameter data size (in Constant Memory): 1680 bytes (1,64062 KB) Registers per Block: 65536 Warp Size: 32 Compute Capability: 8,9 Can Map Host Memory: Yes Clock Rate: 2550 MHz L2 Cache Size: 33554432 bytes Multiprocessor Count: 34 | C805: Max thread in blocks by axis: (1024, 1024, 64) | D805: Max blocks by axis: (2147483647, 65535, 65535) | E805: PARAMETR_SIZE: 42 | F805: MAX_VALUE_SIZE: 5 | G805: SET_PARAMETR_SIZE_ONE_X: 21 | H805: ANT_SIZE: 500 | I805: MAX_THREAD_CUDA: 512 | J805: NAME_FILE_GRAPH: Parametr_Graph/test42,txt | K805: KOL_ITERATION: 500 | L805: KOL_PROGREV: 5 | M805: KOL_PROGON_STATISTICS: 50 | N805: PARAMETR_RO: 0,999 | O805: PARAMETR_Q: 1 | P805: PRINT_INFORMATION: 0 | Q805: MAX_PARAMETR_VALUE_TO_MIN_OPT: 1 | R805: OPTIMIZE: OPTIMIZE_MIN_1 | S805: FUNCTION: SHAFFERA GO_HASH: 0 | T805: HASH_TABLE_SIZE: 67108864 | U805: ZERO_HASH_RESULT: -1 | V805: ZERO_HASH: 18446744073709551615 | W805: MAX_PROBES: 10000 | X805: MAX_CONST: 8192 | Y805: MAX_SHARED: 6144 | Z805: BLOCK_SIZE: 256 | AA805: BIN_SEARCH: 0 | AB805: NON_WHILE_ANT: 1
A806: Run 4 function ACO 4start0 | B806: 45.4056 | C806: 39.8999 | D806: 2.58532 | E806: 7.75466 | F806: 14.2137 | G806: 5.50569 | H806: -409307 | I806: 100 | J806: 0.95418 | K806: 0.0012301 | L806: 0.999971
A807: Run 4 function ACO 4start1 | B807: 43.9022 | C807: 38.3782 | D807: 2.37392 | E807: 7.46682 | F807: 14.0328 | G807: 5.52402 | H807: -408456 | I807: 100 | J807: 0.986855 | K807: 0.00123009 | L807: 0.999971
A808: Run 4 function ACO 4start2 | B808: 44.2578 | C808: 38.4243 | D808: 2.80567 | E808: 7.52109 | F808: 14.602 | G808: 5.83351 | H808: -408436 | I808: 100 | J808: 0.978926 | K808: 0.00123007 | L808: 0.999971
A809: Run 4 function ACO 4start3 | B809: 43.2395 | C809: 37.6578 | D809: 2.71466 | E809: 7.27962 | F809: 14.5951 | G809: 5.5817 | H809: -408408 | I809: 100 | J809: 1.00198 | K809: 0.0012301 | L809: 0.999971
A810: Run 4 function ACO 4start4 | B810: 43.0088 | C810: 37.0816 | D810: 2.68016 | E810: 7.29325 | F810: 14.297 | G810: 5.92724 | H810: -408271 | I810: 100 | J810: 1.00735 | K810: 0.00123009 | L810: 0.999971
A811: Run 4 function ACO 4start5 | B811: 42.3077 | C811: 36.2856 | D811: 2.70752 | E811: 7.1679 | F811: 14.2122 | G811: 6.0221 | H811: -408491 | I811: 100 | J811: 1.02405 | K811: 0.00123009 | L811: 0.999971
A812: Run 4 function ACO 4start6 | B812: 47.5716 | C812: 41.478 | D812: 3.00826 | E812: 7.87984 | F812: 15.3723 | G812: 6.09359 | H812: -409082 | I812: 100 | J812: 0.910735 | K812: 0.0012301 | L812: 0.99997
A813: Run 4 function ACO 4start7 | B813: 41.972 | C813: 35.9031 | D813: 2.71649 | E813: 6.8602 | F813: 14.096 | G813: 6.06893 | H813: -408491 | I813: 100 | J813: 1.03224 | K813: 0.00123009 | L813: 0.999971
A814: Run 4 function ACO 4start8 | B814: 44.7665 | C814: 38.6666 | D814: 2.92359 | E814: 7.33588 | F814: 14.8982 | G814: 6.09986 | H814: -409150 | I814: 100 | J814: 0.967802 | K814: 0.00123009 | L814: 0.999971
A815: Run 4 function ACO 4start9 | B815: 41.0139 | C815: 34.6294 | D815: 2.54365 | E815: 6.36372 | F815: 13.9184 | G815: 6.38445 | H815: -409150 | I815: 100 | J815: 1.05635 | K815: 0.00123009 | L815: 0.99997
A816: Run 4 function ACO 4start10 | B816: 44.2763 | C816: 37.6886 | D816: 2.83354 | E816: 7.03623 | F816: 14.6998 | G816: 6.58769 | H816: -409307 | I816: 100 | J816: 0.978517 | K816: 0.00123009 | L816: 0.999971
A817: Run 4 function ACO 4start11 | B817: 47.5008 | C817: 41.2363 | D817: 3.14106 | E817: 7.25779 | F817: 15.4133 | G817: 6.26454 | H817: -409150 | I817: 100 | J817: 0.912093 | K817: 0.00123009 | L817: 0.999971
... A1005: Run 4 function ACO 4start transposed49 | B1005: 90.8348 | C1005: 84.1855 | D1005: 2.79761 | E1005: 11.9525 | F1005: 53.3631 | G1005: 6.64935 | H1005: -414928 | I1005: 100 | J1005: 0.476966 | K1005: 0.00123005 | L1005: 0.999945

Sheet t84
A1: Device 0: NVIDIA GeForce RTX 4060 Ti | B1: Max thread in blocks: 1024 Total Global Memory: 8187,5 MB GPU Global Memory Usage: 0,497303 MB GPU Global Memory Hash Table: 1024 MB Max PARAMETR_SIZE in GPU Global Memory: 3543146 Shared memory per block: 49152 bytes (48 KB) Shared memory per multiprocessor: 102400 bytes (100 KB) Data size in Shared memory per block: 672 bytes (0,65625 KB) Constant Memory: 65536 bytes Parameter data size (in Constant Memory): 3360 bytes (3,28125 KB) Registers per Block: 65536 Warp Size: 32 Compute Capability: 8,9 Can Map Host Memory: Yes Clock Rate: 2550 MHz L2 Cache Size: 33554432 bytes Multiprocessor Count: 34 | C1: Max thread in blocks by axis: (1024, 1024, 64) | D1: Max blocks by axis: (2147483647, 65535, 65535) | E1: PARAMETR_SIZE: 84 | F1: MAX_VALUE_SIZE: 5 | G1: SET_PARAMETR_SIZE_ONE_X: 21 | H1: ANT_SIZE: 500 | I1: MAX_THREAD_CUDA: 512 | J1: NAME_FILE_GRAPH: Parametr_Graph/test84,txt | K1: KOL_ITERATION: 500 | L1: KOL_PROGREV: 5 | M1: KOL_PROGON_STATISTICS: 50 | N1: PARAMETR_RO: 0,999 | O1: PARAMETR_Q: 1 | P1: PRINT_INFORMATION: 0 | Q1: MAX_PARAMETR_VALUE_TO_MIN_OPT: 1 | R1: OPTIMIZE: OPTIMIZE_MIN_1 | S1: FUNCTION: SHAFFERA GO_HASH: 0 | T1: HASH_TABLE_SIZE: 67108864 | U1: ZERO_HASH_RESULT: -1 | V1: ZERO_HASH: 18446744073709551615 | W1: MAX_PROBES: 10000 | X1: MAX_CONST: 8192 | Y1: MAX_SHARED: 6144 | Z1: BLOCK_SIZE: 256 | AA1: BIN_SEARCH: 0 | AB1: NON_WHILE_ANT: 1
A2: Run 4 function ACO 4start0 | B2: 61.279 | C2: 56.1383 | D2: 2.93808 | E2: 10.0677 | F2: 28.7767 | G2: 5.14067 | H2: -411956 | I2: 100 | J2: 1.38363 | K2: 0.00123018 | L2: 0.995116
A3: Run 4 function ACO 4start1 | B3: 63.5501 | C3: 58.2849 | D3: 3.06352 | E3: 10.7522 | F3: 29.9362 | G3: 5.26521 | H3: -411966 | I3: 100 | J3: 1.33419 | K3: 0.00123032 | L3: 0.995116
A4: Run 4 function ACO 4start2 | B4: 62.8138 | C4: 57.4514 | D4: 2.93005 | E4: 10.5001 | F4: 29.4411 | G4: 5.36239 | H4: -411959 | I4: 100 | J4: 1.34982 | K4: 0.00123008 | L4: 0.995116
A5: Run 4 function ACO 4start3 | B5: 60.4828 | C5: 55.5401 | D5: 2.95984 | E5: 9.96546 | F5: 28.4182 | G5: 4.9427 | H5: -411942 | I5: 100 | J5: 1.40185 | K5: 0.00123019 | L5: 0.995116
A6: Run 4 function ACO 4start4 | B6: 60.1086 | C6: 54.8253 | D6: 2.55226 | E6: 9.95528 | F6: 28.695 | G6: 5.28335 | H6: -411956 | I6: 100 | J6: 1.41057 | K6: 0.00123007 | L6: 0.995116
A7: Run 4 function ACO 4start5 | B7: 62.5107 | C7: 56.9986 | D7: 2.81332 | E7: 10.4401 | F7: 29.3446 | G7: 5.51205 | H7: -411953 | I7: 100 | J7: 1.35637 | K7: 0.00123028 | L7: 0.995116
A8: Run 4 function ACO 4start6 | B8: 61.1544 | C8: 55.8874 | D8: 2.85389 | E8: 10.1552 | F8: 28.9747 | G8: 5.26701 | H8: -411963 | I8: 100 | J8: 1.38645 | K8: 0.00123136 | L8: 0.995116
A9: Run 4 function ACO 4start7 | B9: 62.5055 | C9: 57.0087 | D9: 2.80858 | E9: 10.408 | F9: 29.5643 | G9: 5.49681 | H9: -412052 | I9: 100 | J9: 1.35648 | K9: 0.00123011 | L9: 0.995116
A10: Run 4 function ACO 4start8 | B10: 61.1192 | C10: 55.8128 | D10: 2.59959 | E10: 9.9371 | F10: 28.5766 | G10: 5.30644 | H10: -411946 | I10: 100 | J10: 1.38725 | K10: 0.00123023 | L10: 0.995116
A11: Run 4 function ACO 4start9 | B11: 67.8078 | C11: 59.8781 | D11: 2.61431 | E11: 9.99621 | F11: 28.6268 | G11: 7.92971 | H11: -411949 | I11: 100 | J11: 1.25041 | K11: 0.00123016 | L11: 0.995116
A12: Run 4 function ACO 4start10 | B12: 62.076 | C12: 56.959 | D12: 2.75594 | E12: 10.3121 | F12: 29.0573 | G12: 5.11704 | H12: -411956 | I12: 100 | J12: 1.36587 | K12: 0.00123334 | L12: 0.995116
A13: Run 4 function ACO 4start11 | B13: 61.8031 | C13: 56.19 | D13: 2.6714 | E13: 10.2515 | F13: 29.0239 | G13: 5.61311 | H13: -411956 | I13: 100 | J13: 1.3719 | K13: 0.00123024 | L13: 0.995116
... A201: Run 4 function ACO 4start transposed49 | B201: 110.652 | C201: 104.894 | D201: 2.76954 | E201: 31.0549 | F201: 56.4349 | G201: 5.75732 | H201: -415141 | I201: 100 | J201: 0.766256 | K201: 0.00197842 | L201: 0.995115
A202: Device 0: NVIDIA GeForce RTX 4060 Ti | B202: Max thread in blocks: 1024 Total Global Memory: 8187,5 MB GPU Global Memory Usage: 0,497303 MB GPU Global Memory Hash Table: 1024 MB Max PARAMETR_SIZE in GPU Global Memory: 3543146 Shared memory per block: 49152 bytes (48 KB) Shared memory per multiprocessor: 102400 bytes (100 KB) Data size in Shared memory per block: 672 bytes (0,65625 KB) Constant Memory: 65536 bytes Parameter data size (in Constant Memory): 3360 bytes (3,28125 KB) Registers per Block: 65536 Warp Size: 32 Compute Capability: 8,9 Can Map Host Memory: Yes Clock Rate: 2550 MHz L2 Cache Size: 33554432 bytes Multiprocessor Count: 34 | C202: Max thread in blocks by axis: (1024, 1024, 64) | D202: Max blocks by axis: (2147483647, 65535, 65535) | E202: PARAMETR_SIZE: 84 | F202: MAX_VALUE_SIZE: 5 | G202: SET_PARAMETR_SIZE_ONE_X: 21 | H202: ANT_SIZE: 500 | I202: MAX_THREAD_CUDA: 512 | J202: NAME_FILE_GRAPH: Parametr_Graph/test84,txt | K202: KOL_ITERATION: 500 | L202: KOL_PROGREV: 5 | M202: KOL_PROGON_STATISTICS: 50 | N202: PARAMETR_RO: 0,999 | O202: PARAMETR_Q: 1 | P202: PRINT_INFORMATION: 0 | Q202: MAX_PARAMETR_VALUE_TO_MIN_OPT: 1 | R202: OPTIMIZE: OPTIMIZE_MIN_1 | S202: FUNCTION: SHAFFERA GO_HASH: 0 | T202: HASH_TABLE_SIZE: 67108864 | U202: ZERO_HASH_RESULT: -1 | V202: ZERO_HASH: 18446744073709551615 | W202: MAX_PROBES: 10000 | X202: MAX_CONST: 8192 | Y202: MAX_SHARED: 6144 | Z202: BLOCK_SIZE: 256 | AA202: BIN_SEARCH: 0 | AB202: NON_WHILE_ANT: 1
A203: Run 4 function ACO 4start0 | B203: 57.5064 | C203: 52.4046 | D203: 3.00516 | E203: 9.90386 | F203: 25.1855 | G203: 5.10181 | H203: -411186 | I203: 100 | J203: 1.4744 | K203: 0.00123006 | L203: 0.995116
A204: Run 4 function ACO 4start1 | B204: 58.5198 | C204: 53.1814 | D204: 2.7897 | E204: 10.2719 | F204: 25.7017 | G204: 5.33844 | H204: -411186 | I204: 100 | J204: 1.44887 | K204: 0.00123036 | L204: 0.995116
A205: Run 4 function ACO 4start2 | B205: 59.148 | C205: 53.807 | D205: 2.70602 | E205: 10.4065 | F205: 26.1357 | G205: 5.34105 | H205: -411276 | I205: 100 | J205: 1.43348 | K205: 0.00123521 | L205: 0.998354
A206: Run 4 function ACO 4start3 | B206: 57.332 | C206: 52.2555 | D206: 2.46727 | E206: 9.8469 | F206: 24.8961 | G206: 5.07651 | H206: -411207 | I206: 100 | J206: 1.47889 | K206: 0.00125646 | L206: 0.995116
A207: Run 4 function ACO 4start4 | B207: 58.1124 | C207: 52.5132 | D207: 2.68455 | E207: 10.1317 | F207: 25.453 | G207: 5.59924 | H207: -411186 | I207: 100 | J207: 1.45903 | K207: 0.00123038 | L207: 0.995116
A208: Run 4 function ACO 4start5 | B208: 57.6951 | C208: 52.7792 | D208: 2.71108 | E208: 9.93749 | F208: 25.0994 | G208: 4.91592 | H208: -411186 | I208: 100 | J208: 1.46958 | K208: 0.00123294 | L208: 0.995116
A209: Run 4 function ACO 4start6 | B209: 57.9383 | C209: 52.3701 | D209: 2.5346 | E209: 10.0365 | F209: 25.3282 | G209: 5.56818 | H209: -411186 | I209: 100 | J209: 1.46341 | K209: 0.0012305 | L209: 0.995116
A210: Run 4 function ACO 4start7 | B210: 58.6977 | C210: 53.2224 | D210: 2.83092 | E210: 10.1657 | F210: 25.8593 | G210: 5.47528 | H210: -411186 | I210: 100 | J210: 1.44448 | K210: 0.00123008 | L210: 0.995253
A211: Run 4 function ACO 4start8 | B211: 57.3335 | C211: 52.1852 | D211: 2.47613 | E211: 9.78306 | F211: 24.8807 | G211: 5.14829 | H211: -411186 | I211: 100 | J211: 1.47885 | K211: 0.00123109 | L211: 0.995116
A212: Run 4 function ACO 4start9 | B212: 58.1759 | C212: 52.8315 | D212: 2.59703 | E212: 10.1421 | F212: 25.4189 | G212: 5.34444 | H212: -411255 | I212: 100 | J212: 1.45744 | K212: 0.00123223 | L212: 0.995116
A213: Run 4 function ACO 4start10 | B213: 57.1926 | C213: 51.6805 | D213: 2.49741 | E213: 9.8084 | F213: 24.8405 | G213: 5.51207 | H213: -411186 | I213: 100 | J213: 1.48249 | K213: 0.00123072 | L213: 0.995116
A214: Run 4 function ACO 4start11 | B214: 57.8659 | C214: 52.4761 | D214: 2.67124 | E214: 10.0338 | F214: 25.7122 | G214: 5.38983 | H214: -411186 | I214: 100 | J214: 1.46524 | K214: 0.00123008 | L214: 0.995116
... A402: Run 4 function ACO 4start transposed49 | B402: 119.87 | C402: 109.114 | D402: 2.70432 | E402: 30.8684 | F402: 53.9615 | G402: 10.7564 | H402: -414982 | I402: 100 | J402: 0.707328 | K402: 0.00127064 | L402: 0.995102
A403: Device 0: NVIDIA GeForce RTX 4060 Ti | B403: Max thread in blocks: 1024 Total Global Memory: 8187,5 MB GPU Global Memory Usage: 0,497303 MB GPU Global Memory Hash Table: 1024 MB Max PARAMETR_SIZE in GPU Global Memory: 3543146 Shared memory per block: 49152 bytes (48 KB) Shared memory per multiprocessor: 102400 bytes (100 KB) Data size in Shared memory per block: 672 bytes (0,65625 KB) Constant Memory: 65536 bytes Parameter data size (in Constant Memory): 3360 bytes (3,28125 KB) Registers per Block: 65536 Warp Size: 32 Compute Capability: 8,9 Can Map Host Memory: Yes Clock Rate: 2550 MHz L2 Cache Size: 33554432 bytes Multiprocessor Count: 34 | C403: Max thread in blocks by axis: (1024, 1024, 64) | D403: Max blocks by axis: (2147483647, 65535, 65535) | E403: PARAMETR_SIZE: 84 | F403: MAX_VALUE_SIZE: 5 | G403: SET_PARAMETR_SIZE_ONE_X: 21 | H403: ANT_SIZE: 500 | I403: MAX_THREAD_CUDA: 512 | J403: NAME_FILE_GRAPH: Parametr_Graph/test84,txt | K403: KOL_ITERATION: 500 | L403: KOL_PROGREV: 5 | M403: KOL_PROGON_STATISTICS: 50 | N403: PARAMETR_RO: 0,999 | O403: PARAMETR_Q: 1 | P403: PRINT_INFORMATION: 0 | Q403: MAX_PARAMETR_VALUE_TO_MIN_OPT: 1 | R403: OPTIMIZE: OPTIMIZE_MIN_1 | S403: FUNCTION: SHAFFERA GO_HASH: 0 | T403: HASH_TABLE_SIZE: 67108864 | U403: ZERO_HASH_RESULT: -1 | V403: ZERO_HASH: 18446744073709551615 | W403: MAX_PROBES: 10000 | X403: MAX_CONST: 8192 | Y403: MAX_SHARED: 6144 | Z403: BLOCK_SIZE: 256 | AA403: BIN_SEARCH: 0 | AB403: NON_WHILE_ANT: 1
A404: Run 4 function ACO 4start0 | B404: 71.5979 | C404: 60.4726 | D404: 2.48391 | E404: 11.0927 | F404: 25.4643 | G404: 11.1253 | H404: -411186 | I404: 100 | J404: 1.18422 | K404: 0.00123013 | L404: 0.995116
A405: Run 4 function ACO 4start1 | B405: 59.3156 | C405: 53.7248 | D405: 2.60541 | E405: 11.3428 | F405: 25.3507 | G405: 5.59079 | H405: -411176 | I405: 100 | J405: 1.42943 | K405: 0.00123035 | L405: 0.995116
A406: Run 4 function ACO 4start2 | B406: 58.8982 | C406: 53.8184 | D406: 2.5136 | E406: 11.5059 | F406: 25.1542 | G406: 5.07978 | H406: -411265 | I406: 100 | J406: 1.43956 | K406: 0.00123035 | L406: 0.995116
A407: Run 4 function ACO 4start3 | B407: 58.7326 | C407: 53.5636 | D407: 2.48714 | E407: 11.1402 | F407: 25.3344 | G407: 5.16899 | H407: -411179 | I407: 100 | J407: 1.44362 | K407: 0.00123067 | L407: 0.995116
A408: Run 4 function ACO 4start4 | B408: 61.0269 | C408: 55.3736 | D408: 3.13485 | E408: 11.9485 | F408: 26.2634 | G408: 5.6533 | H408: -411197 | I408: 100 | J408: 1.38935 | K408: 0.00123156 | L408: 0.995116
A409: Run 4 function ACO 4start5 | B409: 58.9283 | C409: 53.9855 | D409: 2.5393 | E409: 11.2208 | F409: 25.3677 | G409: 4.94279 | H409: -411186 | I409: 100 | J409: 1.43883 | K409: 0.00123006 | L409: 0.995116
A410: Run 4 function ACO 4start6 | B410: 59.6782 | C410: 53.9827 | D410: 2.70877 | E410: 11.4957 | F410: 25.5273 | G410: 5.69553 | H410: -411269 | I410: 100 | J410: 1.42075 | K410: 0.00123061 | L410: 0.995116
A411: Run 4 function ACO 4start7 | B411: 59.9222 | C411: 54.8543 | D411: 2.69639 | E411: 11.5365 | F411: 25.5753 | G411: 5.06794 | H411: -411176 | I411: 100 | J411: 1.41496 | K411: 0.00123005 | L411: 0.995116
A412: Run 4 function ACO 4start8 | B412: 62.6108 | C412: 56.0127 | D412: 2.57232 | E412: 11.3224 | F412: 25.339 | G412: 6.59806 | H412: -411155 | I412: 100 | J412: 1.3542 | K412: 0.00123051 | L412: 0.995116
A413: Run 4 function ACO 4start9 | B413: 60.5294 | C413: 55.1129 | D413: 2.91812 | E413: 11.7649 | F413: 25.9527 | G413: 5.41648 | H413: -411186 | I413: 100 | J413: 1.40077 | K413: 0.00123011 | L413: 0.995116
A414: Run 4 function ACO 4start10 | B414: 59.0035 | C414: 54.0387 | D414: 2.56266 | E414: 11.252 | F414: 25.2942 | G414: 4.96482 | H414: -411076 | I414: 100 | J414: 1.43699 | K414: 0.00123225 | L414: 0.995116
A415: Run 4 function ACO 4start11 | B415: 59.4112 | C415: 53.8575 | D415: 2.55261 | E415: 11.3447 | F415: 25.4754 | G415: 5.55375 | H415: -411076 | I415: 100 | J415: 1.42713 | K415: 0.00123006 | L415: 0.995116
... A603: Run 4 function ACO 4start transposed49 | B603: 106.086 | C603: 100.498 | D603: 2.88122 | E603: 28.9545 | F603: 54.3187 | G603: 5.58715 | H603: -414978 | I603: 100 | J603: 0.799238 | K603: 0.00180827 | L603: 0.995115
A604: Device 0: NVIDIA GeForce RTX 4060 Ti | B604: Max thread in blocks: 1024 Total Global Memory: 8187,5 MB GPU Global Memory Usage: 0,497303 MB GPU Global Memory Hash Table: 1024 MB Max PARAMETR_SIZE in GPU Global Memory: 3543146 Shared memory per block: 49152 bytes (48 KB) Shared memory per multiprocessor: 102400 bytes (100 KB) Data size in Shared memory per block: 672 bytes (0,65625 KB) Constant Memory: 65536 bytes Parameter data size (in Constant Memory): 3360 bytes (3,28125 KB) Registers per Block: 65536 Warp Size: 32 Compute Capability: 8,9 Can Map Host Memory: Yes Clock Rate: 2550 MHz L2 Cache Size: 33554432 bytes Multiprocessor Count: 34 | C604: Max thread in blocks by axis: (1024, 1024, 64) | D604: Max blocks by axis: (2147483647, 65535, 65535) | E604: PARAMETR_SIZE: 84 | F604: MAX_VALUE_SIZE: 5 | G604: SET_PARAMETR_SIZE_ONE_X: 21 | H604: ANT_SIZE: 500 | I604: MAX_THREAD_CUDA: 512 | J604: NAME_FILE_GRAPH: Parametr_Graph/test84,txt | K604: KOL_ITERATION: 500 | L604: KOL_PROGREV: 5 | M604: KOL_PROGON_STATISTICS: 50 | N604: PARAMETR_RO: 0,999 | O604: PARAMETR_Q: 1 | P604: PRINT_INFORMATION: 0 | Q604: MAX_PARAMETR_VALUE_TO_MIN_OPT: 1 | R604: OPTIMIZE: OPTIMIZE_MIN_1 | S604: FUNCTION: SHAFFERA GO_HASH: 0 | T604: HASH_TABLE_SIZE: 67108864 | U604: ZERO_HASH_RESULT: -1 | V604: ZERO_HASH: 18446744073709551615 | W604: MAX_PROBES: 10000 | X604: MAX_CONST: 8192 | Y604: MAX_SHARED: 6144 | Z604: BLOCK_SIZE: 256 | AA604: BIN_SEARCH: 0 | AB604: NON_WHILE_ANT: 1
A605: Run 4 function ACO 4start0 | B605: 58.8636 | C605: 53.7134 | D605: 2.41882 | E605: 11.1263 | F605: 24.9419 | G605: 5.15023 | H605: -411186 | I605: 100 | J605: 1.44041 | K605: 0.00123094 | L605: 0.995116
A606: Run 4 function ACO 4start1 | B606: 58.9084 | C606: 53.3904 | D606: 2.49095 | E606: 11.2839 | F606: 25.1485 | G606: 5.51802 | H606: -411296 | I606: 100 | J606: 1.43931 | K606: 0.00123019 | L606: 0.995116
A607: Run 4 function ACO 4start2 | B607: 59.5296 | C607: 53.859 | D607: 2.68448 | E607: 11.8847 | F607: 25.6208 | G607: 5.67064 | H607: -411186 | I607: 100 | J607: 1.42429 | K607: 0.00123174 | L607: 0.995116
A608: Run 4 function ACO 4start3 | B608: 61.1301 | C608: 55.3516 | D608: 2.7914 | E608: 12.0313 | F608: 26.0454 | G608: 5.77854 | H608: -411265 | I608: 100 | J608: 1.387 | K608: 0.00123043 | L608: 0.995116
A609: Run 4 function ACO 4start4 | B609: 60.2608 | C609: 55.1226 | D609: 2.79101 | E609: 11.7787 | F609: 25.7123 | G609: 5.13824 | H609: -411186 | I609: 100 | J609: 1.40701 | K609: 0.00123006 | L609: 0.995116
A610: Run 4 function ACO 4start5 | B610: 61.2517 | C610: 55.9123 | D610: 3.13056 | E610: 12.0223 | F610: 26.0876 | G610: 5.3394 | H610: -411166 | I610: 100 | J610: 1.38425 | K610: 0.00123007 | L610: 0.995116
A611: Run 4 function ACO 4start6 | B611: 59.5179 | C611: 54.1798 | D611: 2.55744 | E611: 11.5327 | F611: 25.2527 | G611: 5.33811 | H611: -411296 | I611: 100 | J611: 1.42457 | K611: 0.00123005 | L611: 0.995116
A612: Run 4 function ACO 4start7 | B612: 61.0961 | C612: 55.3386 | D612: 2.85796 | E612: 12.0697 | F612: 26.0765 | G612: 5.75749 | H612: -411186 | I612: 100 | J612: 1.38777 | K612: 0.00123036 | L612: 0.995116
A613: Run 4 function ACO 4start8 | B613: 60.2772 | C613: 54.5966 | D613: 2.79805 | E613: 11.8055 | F613: 25.7086 | G613: 5.68057 | H613: -411186 | I613: 100 | J613: 1.40663 | K613: 0.00123471 | L613: 0.995116
A614: Run 4 function ACO 4start9 | B614: 59.1306 | C614: 53.5637 | D614: 2.59684 | E614: 11.5076 | F614: 25.2773 | G614: 5.56686 | H614: -411265 | I614: 100 | J614: 1.4339 | K614: 0.00123043 | L614: 0.995116
A615: Run 4 function ACO 4start10 | B615: 62.9275 | C615: 55.8682 | D615: 2.69744 | E615: 11.2575 | F615: 25.3267 | G615: 7.05928 | H615: -411186 | I615: 100 | J615: 1.34739 | K615: 0.0012307 | L615: 0.995116
A616: Run 4 function ACO 4start11 | B616: 62.3908 | C616: 56.8279 | D616: 2.9362 | E616: 12.4198 | F616: 26.5299 | G616: 5.56286 | H616: -411626 | I616: 100 | J616: 1.35898 | K616: 0.00123367 | L616: 0.995116
... A804: Run 4 function ACO 4start transposed49 | B804: 107.307 | C804: 101.03 | D804: 2.82621 | E804: 28.3308 | F804: 53.959 | G804: 6.27689 | H804: -414982 | I804: 100 | J804: 0.79014 | K804: 0.00140119 | L804: 0.995115
A805: Device 0: NVIDIA GeForce RTX 4060 Ti | B805: Max thread in blocks: 1024 Total Global Memory: 8187,5 MB GPU Global Memory Usage: 0,497303 MB GPU Global Memory Hash Table: 1024 MB Max PARAMETR_SIZE in GPU Global Memory: 3543146 Shared memory per block: 49152 bytes (48 KB) Shared memory per multiprocessor: 102400 bytes (100 KB) Data size in Shared memory per block: 672 bytes (0,65625 KB) Constant Memory: 65536 bytes Parameter data size (in Constant Memory): 3360 bytes (3,28125 KB) Registers per Block: 65536 Warp Size: 32 Compute Capability: 8,9 Can Map Host Memory: Yes Clock Rate: 2550 MHz L2 Cache Size: 33554432 bytes Multiprocessor Count: 34 | C805: Max thread in blocks by axis: (1024, 1024, 64) | D805: Max blocks by axis: (2147483647, 65535, 65535) | E805: PARAMETR_SIZE: 84 | F805: MAX_VALUE_SIZE: 5 | G805: SET_PARAMETR_SIZE_ONE_X: 21 | H805: ANT_SIZE: 500 | I805: MAX_THREAD_CUDA: 512 | J805: NAME_FILE_GRAPH: Parametr_Graph/test84,txt | K805: KOL_ITERATION: 500 | L805: KOL_PROGREV: 5 | M805: KOL_PROGON_STATISTICS: 50 | N805: PARAMETR_RO: 0,999 | O805: PARAMETR_Q: 1 | P805: PRINT_INFORMATION: 0 | Q805: MAX_PARAMETR_VALUE_TO_MIN_OPT: 1 | R805: OPTIMIZE: OPTIMIZE_MIN_1 | S805: FUNCTION: SHAFFERA GO_HASH: 0 | T805: HASH_TABLE_SIZE: 67108864 | U805: ZERO_HASH_RESULT: -1 | V805: ZERO_HASH: 18446744073709551615 | W805: MAX_PROBES: 10000 | X805: MAX_CONST: 8192 | Y805: MAX_SHARED: 6144 | Z805: BLOCK_SIZE: 256 | AA805: BIN_SEARCH: 0 | AB805: NON_WHILE_ANT: 1
A806: Run 4 function ACO 4start0 | B806: 63.7545 | C806: 58.356 | D806: 2.47459 | E806: 16.1001 | F806: 25.2463 | G806: 5.39849 | H806: -411186 | I806: 100 | J806: 1.32991 | K806: 0.00123133 | L806: 0.995116
A807: Run 4 function ACO 4start1 | B807: 62.6417 | C807: 57.6282 | D807: 2.4441 | E807: 15.9695 | F807: 25.2777 | G807: 5.01348 | H807: -411186 | I807: 100 | J807: 1.35353 | K807: 0.00123015 | L807: 0.995116
A808: Run 4 function ACO 4start2 | B808: 69.3346 | C808: 61.6381 | D808: 2.58631 | E808: 15.9612 | F808: 25.9475 | G808: 7.69654 | H808: -411258 | I808: 100 | J808: 1.22288 | K808: 0.0012312 | L808: 0.995116
A809: Run 4 function ACO 4start3 | B809: 64.3343 | C809: 58.984 | D809: 2.70365 | E809: 16.1659 | F809: 25.574 | G809: 5.35028 | H809: -411087 | I809: 100 | J809: 1.31792 | K809: 0.00123012 | L809: 0.995116
A810: Run 4 function ACO 4start4 | B810: 70.2691 | C810: 61.7716 | D810: 2.74551 | E810: 15.811 | F810: 25.0901 | G810: 8.49752 | H810: -411626 | I810: 100 | J810: 1.20661 | K810: 0.00123018 | L810: 0.995116
A811: Run 4 function ACO 4start5 | B811: 63.4352 | C811: 58.2649 | D811: 2.66817 | E811: 15.7914 | F811: 25.2283 | G811: 5.17031 | H811: -411296 | I811: 100 | J811: 1.3366 | K811: 0.00123015 | L811: 0.995116
A812: Run 4 function ACO 4start6 | B812: 63.4976 | C812: 57.7742 | D812: 2.96737 | E812: 16.0389 | F812: 25.6214 | G812: 5.72342 | H812: -411186 | I812: 100 | J812: 1.33529 | K812: 0.00123015 | L812: 0.995116
A813: Run 4 function ACO 4start7 | B813: 62.8064 | C813: 57.5139 | D813: 2.52282 | E813: 15.5118 | F813: 25.2596 | G813: 5.29253 | H813: -411252 | I813: 100 | J813: 1.34998 | K813: 0.00123079 | L813: 0.995116
A814: Run 4 function ACO 4start8 | B814: 62.4689 | C814: 57.4122 | D814: 2.79636 | E814: 15.3934 | F814: 25.2644 | G814: 5.05667 | H814: -411272 | I814: 100 | J814: 1.35728 | K814: 0.00123876 | L814: 0.995116
A815: Run 4 function ACO 4start9 | B815: 66.1616 | C815: 59.427 | D815: 2.47517 | E815: 15.3123 | F815: 24.9947 | G815: 6.7346 | H815: -411186 | I815: 100 | J815: 1.28152 | K815: 0.00123015 | L815: 0.995116
A816: Run 4 function ACO 4start10 | B816: 62.379 | C816: 57.205 | D816: 2.57904 | E816: 15.5413 | F816: 25.3894 | G816: 5.17403 | H816: -411293 | I816: 100 | J816: 1.35923 | K816: 0.00123009 | L816: 0.995116
A817: Run 4 function ACO 4start11 | B817: 77.1748 | C817: 65.5375 | D817: 2.65873 | E817: 15.2857 | F817: 25.713 | G817: 11.6373 | H817: -411186 | I817: 100 | J817: 1.09864 | K817: 0.00123523 | L817: 0.995116
... A1005: Run 4 function ACO 4start transposed49 | B1005: 99.878 | C1005: 94.201 | D1005: 2.87277 | E1005: 21.4417 | F1005: 54.8782 | G1005: 5.67699 | H1005: -415091 | I1005: 100 | J1005: 0.848912 | K1005: 0.00123438 | L1005: 0.995113

Sheet t168
A1: Device 0: NVIDIA GeForce RTX 4060 Ti | B1: Max thread in blocks: 1024 Total Global Memory: 8187,5 MB GPU Global Memory Usage: 0,990772 MB GPU Global Memory Hash Table: 1024 MB Max PARAMETR_SIZE in GPU Global Memory: 3543146 Shared memory per block: 49152 bytes (48 KB) Shared memory per multiprocessor: 102400 bytes (100 KB) Data size in Shared memory per block: 1344 bytes (1,3125 KB) Constant Memory: 65536 bytes Parameter data size (in Constant Memory): 6720 bytes (6,5625 KB) Registers per Block: 65536 Warp Size: 32 Compute Capability: 8,9 Can Map Host Memory: Yes Clock Rate: 2550 MHz L2 Cache Size: 33554432 bytes Multiprocessor Count: 34 | C1: Max thread in blocks by axis: (1024, 1024, 64) | D1: Max blocks by axis: (2147483647, 65535, 65535) | E1: PARAMETR_SIZE: 168 | F1: MAX_VALUE_SIZE: 5 | G1: SET_PARAMETR_SIZE_ONE_X: 21 | H1: ANT_SIZE: 500 | I1: MAX_THREAD_CUDA: 512 | J1: NAME_FILE_GRAPH: Parametr_Graph/test168,txt | K1: KOL_ITERATION: 500 | L1: KOL_PROGREV: 5 | M1: KOL_PROGON_STATISTICS: 50 | N1: PARAMETR_RO: 0,999 | O1: PARAMETR_Q: 1 | P1: PRINT_INFORMATION: 0 | Q1: MAX_PARAMETR_VALUE_TO_MIN_OPT: 1 | R1: OPTIMIZE: OPTIMIZE_MIN_1 | S1: FUNCTION: SHAFFERA GO_HASH: 0 | T1: HASH_TABLE_SIZE: 67108864 | U1: ZERO_HASH_RESULT: -1 | V1: ZERO_HASH: 18446744073709551615 | W1: MAX_PROBES: 10000 | X1: MAX_CONST: 8192 | Y1: MAX_SHARED: 6144 | Z1: BLOCK_SIZE: 256 | AA1: BIN_SEARCH: 0 | AB1: NON_WHILE_ANT: 1
A2: Run 4 function ACO 4start0 | B2: 119.688 | C2: 112.396 | D2: 3.13239 | E2: 18.8896 | F2: 75.1463 | G2: 7.29238 | H2: -416603 | I2: 100 | J2: 1.40125 | K2: 0.0109398 | L2: 0.994531
A3: Run 4 function ACO 4start1 | B3: 116.788 | C3: 110.214 | D3: 3.30442 | E3: 19.1406 | F3: 75.3816 | G3: 6.57343 | H3: -416573 | I3: 100 | J3: 1.43605 | K3: 0.0108879 | L3: 0.987867
A4: Run 4 function ACO 4start2 | B4: 113.656 | C4: 108.207 | D4: 3.07278 | E4: 18.8901 | F4: 74.8353 | G4: 5.44868 | H4: -416624 | I4: 100 | J4: 1.47562 | K4: 0.0109494 | L4: 0.981019
A5: Run 4 function ACO 4start3 | B5: 114.681 | C5: 109.151 | D5: 3.08388 | E5: 18.9979 | F5: 74.9805 | G5: 5.52975 | H5: -416627 | I5: 100 | J5: 1.46242 | K5: 0.0108717 | L5: 0.994877
A6: Run 4 function ACO 4start4 | B6: 115.224 | C6: 109.417 | D6: 3.25476 | E6: 19.18 | F6: 75.2149 | G6: 5.80699 | H6: -416550 | I6: 100 | J6: 1.45554 | K6: 0.0108671 | L6: 0.988408
A7: Run 4 function ACO 4start5 | B7: 113.557 | C7: 108.002 | D7: 3.20715 | E7: 19.0623 | F7: 75.2648 | G7: 5.55427 | H7: -416605 | I7: 100 | J7: 1.47691 | K7: 0.0108622 | L7: 0.985014
A8: Run 4 function ACO 4start6 | B8: 113.303 | C8: 108.014 | D8: 3.10484 | E8: 18.9654 | F8: 74.8622 | G8: 5.2887 | H8: -416660 | I8: 100 | J8: 1.48022 | K8: 0.0108912 | L8: 0.989204
A9: Run 4 function ACO 4start7 | B9: 114.546 | C9: 108.963 | D9: 3.24068 | E9: 19.096 | F9: 75.3358 | G9: 5.58266 | H9: -416660 | I9: 100 | J9: 1.46415 | K9: 0.0108572 | L9: 0.991113
A10: Run 4 function ACO 4start8 | B10: 116.101 | C10: 109.795 | D10: 3.17166 | E10: 18.9493 | F10: 74.9156 | G10: 6.30626 | H10: -416627 | I10: 100 | J10: 1.44454 | K10: 0.0108595 | L10: 0.995105
A11: Run 4 function ACO 4start9 | B11: 116.684 | C11: 110.177 | D11: 3.23604 | E11: 19.1249 | F11: 75.3903 | G11: 6.50739 | H11: -416605 | I11: 100 | J11: 1.43732 | K11: 0.0109115 | L11: 0.992299
A12: Run 4 function ACO 4start10 | B12: 113.982 | C12: 108.358 | D12: 3.19418 | E12: 19.1009 | F12: 75.1688 | G12: 5.6237 | H12: -416605 | I12: 100 | J12: 1.4714 | K12: 0.0109011 | L12: 0.995048
A13: Run 4 function ACO 4start11 | B13: 116.858 | C13: 110.383 | D13: 3.21098 | E13: 18.9719 | F13: 74.992 | G13: 6.47469 | H13: -416688 | I13: 100 | J13: 1.43518 | K13: 0.0108643 | L13: 0.995105
... A201: Run 4 function ACO 4start transposed49 | B201: 166.203 | C201: 160.749 | D201: 3.0385 | E201: 92.3658 | F201: 55.0971 | G201: 5.45314 | H201: -415189 | I201: 100 | J201: 1.00909 | K201: 0.0175358 | L201: 0.981007
A202: Device 0: NVIDIA GeForce RTX 4060 Ti | B202: Max thread in blocks: 1024 Total Global Memory: 8187,5 MB GPU Global Memory Usage: 0,990772 MB GPU Global Memory Hash Table: 1024 MB Max PARAMETR_SIZE in GPU Global Memory: 3543146 Shared memory per block: 49152 bytes (48 KB) Shared memory per multiprocessor: 102400 bytes (100 KB) Data size in Shared memory per block: 1344 bytes (1,3125 KB) Constant Memory: 65536 bytes Parameter data size (in Constant Memory): 6720 bytes (6,5625 KB) Registers per Block: 65536 Warp Size: 32 Compute Capability: 8,9 Can Map Host Memory: Yes Clock Rate: 2550 MHz L2 Cache Size: 33554432 bytes Multiprocessor Count: 34 | C202: Max thread in blocks by axis: (1024, 1024, 64) | D202: Max blocks by axis: (2147483647, 65535, 65535) | E202: PARAMETR_SIZE: 168 | F202: MAX_VALUE_SIZE: 5 | G202: SET_PARAMETR_SIZE_ONE_X: 21 | H202: ANT_SIZE: 500 | I202: MAX_THREAD_CUDA: 512 | J202: NAME_FILE_GRAPH: Parametr_Graph/test168,txt | K202: KOL_ITERATION: 500 | L202: KOL_PROGREV: 5 | M202: KOL_PROGON_STATISTICS: 50 | N202: PARAMETR_RO: 0,999 | O202: PARAMETR_Q: 1 | P202: PRINT_INFORMATION: 0 | Q202: MAX_PARAMETR_VALUE_TO_MIN_OPT: 1 | R202: OPTIMIZE: OPTIMIZE_MIN_1 | S202: FUNCTION: SHAFFERA GO_HASH: 0 | T202: HASH_TABLE_SIZE: 67108864 | U202: ZERO_HASH_RESULT: -1 | V202: ZERO_HASH: 18446744073709551615 | W202: MAX_PROBES: 10000 | X202: MAX_CONST: 8192 | Y202: MAX_SHARED: 6144 | Z202: BLOCK_SIZE: 256 | AA202: BIN_SEARCH: 0 | AB202: NON_WHILE_ANT: 1
A203: Run 4 function ACO 4start0 | B203: 114.229 | C203: 106.119 | D203: 3.28289 | E203: 18.0721 | F203: 68.6382 | G203: 8.11041 | H203: -416269 | I203: 100 | J203: 1.46821 | K203: 0.0108683 | L203: 0.995109
A204: Run 4 function ACO 4start1 | B204: 114.772 | C204: 106.251 | D204: 3.27553 | E204: 18.213 | F204: 68.8859 | G204: 8.52127 | H204: -416275 | I204: 100 | J204: 1.46127 | K204: 0.0108644 | L204: 0.981019
A205: Run 4 function ACO 4start2 | B205: 106.399 | C205: 100.827 | D205: 3.19159 | E205: 18.1356 | F205: 68.4413 | G205: 5.57281 | H205: -416275 | I205: 100 | J205: 1.57625 | K205: 0.0109236 | L205: 0.981019
A206: Run 4 function ACO 4start3 | B206: 106.205 | C206: 100.544 | D206: 3.27111 | E206: 18.1579 | F206: 68.6355 | G206: 5.66088 | H206: -416303 | I206: 100 | J206: 1.57915 | K206: 0.0112903 | L206: 0.993228
A207: Run 4 function ACO 4start4 | B207: 107.639 | C207: 102.307 | D207: 3.2435 | E207: 18.4475 | F207: 68.9152 | G207: 5.3321 | H207: -416386 | I207: 100 | J207: 1.5581 | K207: 0.0108783 | L207: 0.990535
A208: Run 4 function ACO 4start5 | B208: 108.654 | C208: 102.302 | D208: 3.24113 | E208: 18.0824 | F208: 68.7307 | G208: 6.35226 | H208: -416276 | I208: 100 | J208: 1.54354 | K208: 0.0108739 | L208: 0.994822
A209: Run 4 function ACO 4start6 | B209: 107.279 | C209: 101.723 | D209: 3.13773 | E209: 17.9553 | F209: 68.3268 | G209: 5.55592 | H209: -416273 | I209: 100 | J209: 1.56333 | K209: 0.0111159 | L209: 0.981014
A210: Run 4 function ACO 4start7 | B210: 106.148 | C210: 100.772 | D210: 3.22756 | E210: 18.0326 | F210: 68.7258 | G210: 5.37651 | H210: -416275 | I210: 100 | J210: 1.57999 | K210: 0.0108594 | L210: 0.995051
A211: Run 4 function ACO 4start8 | B211: 106.808 | C211: 101.154 | D211: 3.37687 | E211: 18.2035 | F211: 69.0531 | G211: 5.65408 | H211: -416303 | I211: 100 | J211: 1.57023 | K211: 0.010857 | L211: 0.994506
A212: Run 4 function ACO 4start9 | B212: 109.094 | C212: 102.454 | D212: 3.2697 | E212: 18.093 | F212: 68.7191 | G212: 6.64051 | H212: -416275 | I212: 100 | J212: 1.53732 | K212: 0.0108917 | L212: 0.994127
A213: Run 4 function ACO 4start10 | B213: 105.318 | C213: 99.9893 | D213: 3.14222 | E213: 17.8911 | F213: 68.5127 | G213: 5.32842 | H213: -416322 | I213: 100 | J213: 1.59244 | K213: 0.0108635 | L213: 0.995094
A214: Run 4 function ACO 4start11 | B214: 106.007 | C214: 100.232 | D214: 3.16305 | E214: 17.9606 | F214: 68.4845 | G214: 5.77452 | H214: -416253 | I214: 100 | J214: 1.58209 | K214: 0.0108644 | L214: 0.992645
... A402: Run 4 function ACO 4start transposed49 | B402: 161.584 | C402: 156.196 | D402: 3.21012 | E402: 85.5329 | F402: 55.0815 | G402: 5.3876 | H402: -415037 | I402: 100 | J402: 1.03793 | K402: 0.0118971 | L402: 0.980873
A403: Device 0: NVIDIA GeForce RTX 4060 Ti | B403: Max thread in blocks: 1024 Total Global Memory: 8187,5 MB GPU Global Memory Usage: 0,990772 MB GPU Global Memory Hash Table: 1024 MB Max PARAMETR_SIZE in GPU Global Memory: 3543146 Shared memory per block: 49152 bytes (48 KB) Shared memory per multiprocessor: 102400 bytes (100 KB) Data size in Shared memory per block: 1344 bytes (1,3125 KB) Constant Memory: 65536 bytes Parameter data size (in Constant Memory): 6720 bytes (6,5625 KB) Registers per Block: 65536 Warp Size: 32 Compute Capability: 8,9 Can Map Host Memory: Yes Clock Rate: 2550 MHz L2 Cache Size: 33554432 bytes Multiprocessor Count: 34 | C403: Max thread in blocks by axis: (1024, 1024, 64) | D403: Max blocks by axis: (2147483647, 65535, 65535) | E403: PARAMETR_SIZE: 168 | F403: MAX_VALUE_SIZE: 5 | G403: SET_PARAMETR_SIZE_ONE_X: 21 | H403: ANT_SIZE: 500 | I403: MAX_THREAD_CUDA: 512 | J403: NAME_FILE_GRAPH: Parametr_Graph/test168,txt | K403: KOL_ITERATION: 500 | L403: KOL_PROGREV: 5 | M403: KOL_PROGON_STATISTICS: 50 | N403: PARAMETR_RO: 0,999 | O403: PARAMETR_Q: 1 | P403: PRINT_INFORMATION: 0 | Q403: MAX_PARAMETR_VALUE_TO_MIN_OPT: 1 | R403: OPTIMIZE: OPTIMIZE_MIN_1 | S403: FUNCTION: SHAFFERA GO_HASH: 0 | T403: HASH_TABLE_SIZE: 67108864 | U403: ZERO_HASH_RESULT: -1 | V403: ZERO_HASH: 18446744073709551615 | W403: MAX_PROBES: 10000 | X403: MAX_CONST: 8192 | Y403: MAX_SHARED: 6144 | Z403: BLOCK_SIZE: 256 | AA403: BIN_SEARCH: 0 | AB403: NON_WHILE_ANT: 1
A404: Run 4 function ACO 4start0 | B404: 106.748 | C404: 101.489 | D404: 3.14961 | E404: 18.467 | F404: 68.3682 | G404: 5.25881 | H404: -416275 | I404: 100 | J404: 1.5711 | K404: 0.0110302 | L404: 0.981019
A405: Run 4 function ACO 4start1 | B405: 105.799 | C405: 100.502 | D405: 3.19262 | E405: 18.4713 | F405: 68.2901 | G405: 5.29688 | H405: -416274 | I405: 100 | J405: 1.58521 | K405: 0.0109719 | L405: 0.991154
A406: Run 4 function ACO 4start2 | B406: 105.468 | C406: 99.9423 | D406: 3.17578 | E406: 18.4359 | F406: 68.3012 | G406: 5.5261 | H406: -416303 | I406: 100 | J406: 1.59017 | K406: 0.0108648 | L406: 0.993918
A407: Run 4 function ACO 4start3 | B407: 106.485 | C407: 101.105 | D407: 3.24881 | E407: 18.5188 | F407: 68.5939 | G407: 5.38017 | H407: -416269 | I407: 100 | J407: 1.57499 | K407: 0.0109268 | L407: 0.987653
A408: Run 4 function ACO 4start4 | B408: 115.571 | C408: 107.403 | D408: 3.50657 | E408: 18.9953 | F408: 68.6557 | G408: 8.16847 | H408: -416275 | I408: 100 | J408: 1.45116 | K408: 0.0108891 | L408: 0.981019
A409: Run 4 function ACO 4start5 | B409: 108.8 | C409: 102.967 | D409: 3.48199 | E409: 18.846 | F409: 68.9964 | G409: 5.83235 | H409: -416275 | I409: 100 | J409: 1.54148 | K409: 0.0108583 | L409: 0.994706
A410: Run 4 function ACO 4start6 | B410: 106.549 | C410: 100.96 | D410: 3.21223 | E410: 18.5106 | F410: 68.414 | G410: 5.58903 | H410: -416281 | I410: 100 | J410: 1.57404 | K410: 0.010867 | L410: 0.991912
A411: Run 4 function ACO 4start7 | B411: 106.708 | C411: 101.34 | D411: 3.13242 | E411: 18.5065 | F411: 68.3114 | G411: 5.36796 | H411: -416382 | I411: 100 | J411: 1.5717 | K411: 0.0108572 | L411: 0.981018
A412: Run 4 function ACO 4start8 | B412: 106.944 | C412: 101.633 | D412: 3.16698 | E412: 18.587 | F412: 68.1573 | G412: 5.31057 | H412: -416296 | I412: 100 | J412: 1.56823 | K412: 0.0108589 | L412: 0.994869
A413: Run 4 function ACO 4start9 | B413: 115.11 | C413: 106.506 | D413: 3.31217 | E413: 18.754 | F413: 68.8688 | G413: 8.60419 | H413: -416275 | I413: 100 | J413: 1.45698 | K413: 0.0108807 | L413: 0.983199
A414: Run 4 function ACO 4start10 | B414: 109.113 | C414: 102.876 | D414: 3.17687 | E414: 18.7379 | F414: 68.3329 | G414: 6.23695 | H414: -416275 | I414: 100 | J414: 1.53705 | K414: 0.0112857 | L414: 0.993253
A415: Run 4 function ACO 4start11 | B415: 108.558 | C415: 102.757 | D415: 3.75447 | E415: 19.1485 | F415: 69.144 | G415: 5.80136 | H415: -416275 | I415: 100 | J415: 1.54491 | K415: 0.0124241 | L415: 0.987596
... A603: Run 4 function ACO 4start transposed49 | B603: 157.991 | C603: 152.758 | D603: 3.19579 | E603: 84.3245 | F603: 53.7261 | G603: 5.2323 | H603: -415024 | I603: 100 | J603: 1.06154 | K603: 0.0135136 | L603: 0.980982
A604: Device 0: NVIDIA GeForce RTX 4060 Ti | B604: Max thread in blocks: 1024 Total Global Memory: 8187,5 MB GPU Global Memory Usage: 0,990772 MB GPU Global Memory Hash Table: 1024 MB Max PARAMETR_SIZE in GPU Global Memory: 3543146 Shared memory per block: 49152 bytes (48 KB) Shared memory per multiprocessor: 102400 bytes (100 KB) Data size in Shared memory per block: 1344 bytes (1,3125 KB) Constant Memory: 65536 bytes Parameter data size (in Constant Memory): 6720 bytes (6,5625 KB) Registers per Block: 65536 Warp Size: 32 Compute Capability: 8,9 Can Map Host Memory: Yes Clock Rate: 2550 MHz L2 Cache Size: 33554432 bytes Multiprocessor Count: 34 | C604: Max thread in blocks by axis: (1024, 1024, 64) | D604: Max blocks by axis: (2147483647, 65535, 65535) | E604: PARAMETR_SIZE: 168 | F604: MAX_VALUE_SIZE: 5 | G604: SET_PARAMETR_SIZE_ONE_X: 21 | H604: ANT_SIZE: 500 | I604: MAX_THREAD_CUDA: 512 | J604: NAME_FILE_GRAPH: Parametr_Graph/test168,txt | K604: KOL_ITERATION: 500 | L604: KOL_PROGREV: 5 | M604: KOL_PROGON_STATISTICS: 50 | N604: PARAMETR_RO: 0,999 | O604: PARAMETR_Q: 1 | P604: PRINT_INFORMATION: 0 | Q604: MAX_PARAMETR_VALUE_TO_MIN_OPT: 1 | R604: OPTIMIZE: OPTIMIZE_MIN_1 | S604: FUNCTION: SHAFFERA GO_HASH: 0 | T604: HASH_TABLE_SIZE: 67108864 | U604: ZERO_HASH_RESULT: -1 | V604: ZERO_HASH: 18446744073709551615 | W604: MAX_PROBES: 10000 | X604: MAX_CONST: 8192 | Y604: MAX_SHARED: 6144 | Z604: BLOCK_SIZE: 256 | AA604: BIN_SEARCH: 0 | AB604: NON_WHILE_ANT: 1
A605: Run 4 function ACO 4start0 | B605: 112.85 | C605: 107.589 | D605: 3.22407 | E605: 25.1361 | F605: 68.5364 | G605: 5.26099 | H605: -416358 | I605: 100 | J605: 1.48615 | K605: 0.0108574 | L605: 0.992206
A606: Run 4 function ACO 4start1 | B606: 126.46 | C606: 116.39 | D606: 3.40474 | E606: 25.7376 | F606: 68.7289 | G606: 10.0693 | H606: -416250 | I606: 100 | J606: 1.32621 | K606: 0.0108631 | L606: 0.982512
A607: Run 4 function ACO 4start2 | B607: 123.697 | C607: 114.959 | D607: 3.58033 | E607: 26.4101 | F607: 69.1679 | G607: 8.73805 | H607: -416275 | I607: 100 | J607: 1.35583 | K607: 0.0113923 | L607: 0.994139
A608: Run 4 function ACO 4start3 | B608: 115.806 | C608: 110.57 | D608: 3.25598 | E608: 26.6534 | F608: 68.7576 | G608: 5.23526 | H608: -416303 | I608: 100 | J608: 1.44822 | K608: 0.0109487 | L608: 0.981012
A609: Run 4 function ACO 4start4 | B609: 116.872 | C609: 110.337 | D609: 3.24647 | E609: 26.0567 | F609: 68.8771 | G609: 6.5353 | H609: -416303 | I609: 100 | J609: 1.43501 | K609: 0.0108731 | L609: 0.994105
A610: Run 4 function ACO 4start5 | B610: 114.216 | C610: 108.634 | D610: 3.20686 | E610: 25.7492 | F610: 68.9505 | G610: 5.58289 | H610: -416303 | I610: 100 | J610: 1.46837 | K610: 0.010859 | L610: 0.995035
A611: Run 4 function ACO 4start6 | B611: 113.173 | C611: 107.563 | D611: 3.2074 | E611: 25.4134 | F611: 68.6796 | G611: 5.61001 | H611: -416277 | I611: 100 | J611: 1.48192 | K611: 0.0109048 | L611: 0.994706
A612: Run 4 function ACO 4start7 | B612: 113.96 | C612: 108.831 | D612: 3.21566 | E612: 25.2115 | F612: 68.8039 | G612: 5.12943 | H612: -416303 | I612: 100 | J612: 1.47167 | K612: 0.0108591 | L612: 0.981003
A613: Run 4 function ACO 4start8 | B613: 120.849 | C613: 113.339 | D613: 3.8506 | E613: 25.2271 | F613: 69.6926 | G613: 7.50992 | H613: -416299 | I613: 100 | J613: 1.38779 | K613: 0.0108614 | L613: 0.994429
A614: Run 4 function ACO 4start9 | B614: 113.57 | C614: 108.54 | D614: 3.23057 | E614: 24.7838 | F614: 68.8081 | G614: 5.03053 | H614: -416303 | I614: 100 | J614: 1.47673 | K614: 0.0108882 | L614: 0.986786
A615: Run 4 function ACO 4start10 | B615: 114.106 | C615: 108.629 | D615: 3.36807 | E615: 24.491 | F615: 68.4578 | G615: 5.47705 | H615: -416275 | I615: 100 | J615: 1.46979 | K615: 0.0115399 | L615: 0.981018
A616: Run 4 function ACO 4start11 | B616: 112.588 | C616: 107.064 | D616: 3.24602 | E616: 24.2648 | F616: 68.5584 | G616: 5.5248 | H616: -416302 | I616: 100 | J616: 1.48961 | K616: 0.0109286 | L616: 0.988789
... A804: Run 4 function ACO 4start transposed49 | B804: 137.895 | C804: 132.944 | D804: 3.14126 | E804: 64.2276 | F804: 53.5892 | G804: 4.95059 | H804: -414970 | I804: 100 | J804: 1.21623 | K804: 0 | L804: 0.9809
A805: Device 0: NVIDIA GeForce RTX 4060 Ti | B805: Max thread in blocks: 1024 Total Global Memory: 8187,5 MB GPU Global Memory Usage: 0,990772 MB GPU Global Memory Hash Table: 1024 MB Max PARAMETR_SIZE in GPU Global Memory: 3543146 Shared memory per block: 49152 bytes (48 KB) Shared memory per multiprocessor: 102400 bytes (100 KB) Data size in Shared memory per block: 1344 bytes (1,3125 KB) Constant Memory: 65536 bytes Parameter data size (in Constant Memory): 6720 bytes (6,5625 KB) Registers per Block: 65536 Warp Size: 32 Compute Capability: 8,9 Can Map Host Memory: Yes Clock Rate: 2550 MHz L2 Cache Size: 33554432 bytes Multiprocessor Count: 34 | C805: Max thread in blocks by axis: (1024, 1024, 64) | D805: Max blocks by axis: (2147483647, 65535, 65535) | E805: PARAMETR_SIZE: 168 | F805: MAX_VALUE_SIZE: 5 | G805: SET_PARAMETR_SIZE_ONE_X: 21 | H805: ANT_SIZE: 500 | I805: MAX_THREAD_CUDA: 512 | J805: NAME_FILE_GRAPH: Parametr_Graph/test168,txt | K805: KOL_ITERATION: 500 | L805: KOL_PROGREV: 5 | M805: KOL_PROGON_STATISTICS: 50 | N805: PARAMETR_RO: 0,999 | O805: PARAMETR_Q: 1 | P805: PRINT_INFORMATION: 0 | Q805: MAX_PARAMETR_VALUE_TO_MIN_OPT: 1 | R805: OPTIMIZE: OPTIMIZE_MIN_1 | S805: FUNCTION: SHAFFERA GO_HASH: 0 | T805: HASH_TABLE_SIZE: 67108864 | U805: ZERO_HASH_RESULT: -1 | V805: ZERO_HASH: 18446744073709551615 | W805: MAX_PROBES: 10000 | X805: MAX_CONST: 8192 | Y805: MAX_SHARED: 6144 | Z805: BLOCK_SIZE: 256 | AA805: BIN_SEARCH: 0 | AB805: NON_WHILE_ANT: 1
A806: Run 4 function ACO 4start0 | B806: 123.128 | C806: 117.586 | D806: 3.1522 | E806: 32.86 | F806: 68.508 | G806: 5.5415 | H806: -416275 | I806: 100 | J806: 1.3621 | K806: 0.0108888 | L806: 0.991915
A807: Run 4 function ACO 4start1 | B807: 125.332 | C807: 118.305 | D807: 3.18241 | E807: 32.0224 | F807: 68.3611 | G807: 7.02717 | H807: -416275 | I807: 100 | J807: 1.33815 | K807: 0.0108586 | L807: 0.995046
A808: Run 4 function ACO 4start2 | B808: 120.402 | C808: 115.137 | D808: 3.20401 | E808: 31.7251 | F808: 68.6257 | G808: 5.2649 | H808: -416299 | I808: 100 | J808: 1.39294 | K808: 0.0108925 | L808: 0.989387
A809: Run 4 function ACO 4start3 | B809: 121.589 | C809: 116.458 | D809: 3.15082 | E809: 32.5813 | F809: 68.6413 | G809: 5.13078 | H809: -416303 | I809: 100 | J809: 1.37934 | K809: 0.0108816 | L809: 0.993556
A810: Run 4 function ACO 4start4 | B810: 127.585 | C810: 121.231 | D810: 3.35441 | E810: 35.7252 | F810: 69.1993 | G810: 6.35464 | H810: -416275 | I810: 100 | J810: 1.31451 | K810: 0.0108569 | L810: 0.994311
A811: Run 4 function ACO 4start5 | B811: 131.207 | C811: 124.018 | D811: 3.30746 | E811: 37.116 | F811: 69.3185 | G811: 7.18945 | H811: -416272 | I811: 100 | J811: 1.27823 | K811: 0.0108571 | L811: 0.992998
A812: Run 4 function ACO 4start6 | B812: 128.267 | C812: 121.162 | D812: 3.31898 | E812: 35.5029 | F812: 68.9419 | G812: 7.10471 | H812: -416293 | I812: 100 | J812: 1.30753 | K812: 0.0109088 | L812: 0.989437
A813: Run 4 function ACO 4start7 | B813: 122.656 | C813: 117.148 | D813: 3.09889 | E813: 34.1554 | F813: 68.3301 | G813: 5.50784 | H813: -416435 | I813: 100 | J813: 1.36734 | K813: 0.0108843 | L813: 0.995033
A814: Run 4 function ACO 4start8 | B814: 123.591 | C814: 118.042 | D814: 3.39341 | E814: 33.4744 | F814: 68.6966 | G814: 5.54897 | H814: -416324 | I814: 100 | J814: 1.357 | K814: 0.0110011 | L814: 0.981019
A815: Run 4 function ACO 4start9 | B815: 121.544 | C815: 116.13 | D815: 3.26673 | E815: 32.7298 | F815: 68.5759 | G815: 5.4138 | H815: -416303 | I815: 100 | J815: 1.37985 | K815: 0.0109276 | L815: 0.994414
A816: Run 4 function ACO 4start10 | B816: 121.192 | C816: 115.816 | D816: 3.16794 | E816: 32.1522 | F816: 68.54 | G816: 5.37662 | H816: -416276 | I816: 100 | J816: 1.38385 | K816: 0.0108675 | L816: 0.994954
A817: Run 4 function ACO 4start11 | B817: 120.248 | C817: 114.641 | D817: 3.22302 | E817: 31.8656 | F817: 68.8436 | G817: 5.60701 | H817: -416275 | I817: 100 | J817: 1.39472 | K817: 0.0108631 | L817: 0.981019
... A1005: Run 4 function ACO 4start transposed49 | B1005: 118.558 | C1005: 112.823 | D1005: 3.28999 | E1005: 42.725 | F1005: 54.2744 | G1005: 5.73534 | H1005: -414982 | I1005: 100 | J1005: 1.4146 | K1005: 0.0133463 | L1005: 0.980926

Sheet t336
A1: Device 0: NVIDIA GeForce RTX 4060 Ti | B1: Max thread in blocks: 1024 Total Global Memory: 8187,5 MB GPU Global Memory Usage: 1,97771 MB GPU Global Memory Hash Table: 1024 MB Max PARAMETR_SIZE in GPU Global Memory: 3543146 Shared memory per block: 49152 bytes (48 KB) Shared memory per multiprocessor: 102400 bytes (100 KB) Data size in Shared memory per block: 2688 bytes (2,625 KB) Constant Memory: 65536 bytes Parameter data size (in Constant Memory): 13440 bytes (13,125 KB) Registers per Block: 65536 Warp Size: 32 Compute Capability: 8,9 Can Map Host Memory: Yes Clock Rate: 2550 MHz L2 Cache Size: 33554432 bytes Multiprocessor Count: 34 | C1: Max thread in blocks by axis: (1024, 1024, 64) | D1: Max blocks by axis: (2147483647, 65535, 65535) | E1: PARAMETR_SIZE: 336 | F1: MAX_VALUE_SIZE: 5 | G1: SET_PARAMETR_SIZE_ONE_X: 21 | H1: ANT_SIZE: 500 | I1: MAX_THREAD_CUDA: 512 | J1: NAME_FILE_GRAPH: Parametr_Graph/test336,txt | K1: KOL_ITERATION: 500 | L1: KOL_PROGREV: 5 | M1: KOL_PROGON_STATISTICS: 50 | N1: PARAMETR_RO: 0,999 | O1: PARAMETR_Q: 1 | P1: PRINT_INFORMATION: 0 | Q1: MAX_PARAMETR_VALUE_TO_MIN_OPT: 1 | R1: OPTIMIZE: OPTIMIZE_MIN_1 | S1: FUNCTION: SHAFFERA GO_HASH: 0 | T1: HASH_TABLE_SIZE: 67108864 | U1: ZERO_HASH_RESULT: -1 | V1: ZERO_HASH: 18446744073709551615 | W1: MAX_PROBES: 10000 | X1: MAX_CONST: 8192 | Y1: MAX_SHARED: 6144 | Z1: BLOCK_SIZE: 256 | AA1: BIN_SEARCH: 0 | AB1: NON_WHILE_ANT: 1
A2: Run 4 function ACO 4start0 | B2: 132.78 | C2: 127.566 | D2: 3.68679 | E2: 33.4311 | F2: 80.2019 | G2: 5.21349 | H2: -416908 | I2: 100 | J2: 2.51215 | K2: 0.0548003 | L2: 0.959093
A3: Run 4 function ACO 4start1 | B3: 133.049 | C3: 127.488 | D3: 3.69912 | E3: 33.5692 | F3: 80.3253 | G3: 5.56016 | H3: -416935 | I3: 100 | J3: 2.50707 | K3: 0.0552761 | L3: 0.931833
A4: Run 4 function ACO 4start2 | B4: 132.607 | C4: 127.057 | D4: 3.61716 | E4: 33.4566 | F4: 80.2196 | G4: 5.55032 | H4: -416880 | I4: 100 | J4: 2.51542 | K4: 0.0591019 | L4: 0.931798
A5: Run 4 function ACO 4start3 | B5: 132.878 | C5: 127.243 | D5: 3.64513 | E5: 33.5398 | F5: 80.0218 | G5: 5.63509 | H5: -416935 | I5: 100 | J5: 2.51029 | K5: 0.0546661 | L5: 0.958093
A6: Run 4 function ACO 4start4 | B6: 132.809 | C6: 127.252 | D6: 3.67819 | E6: 33.5505 | F6: 80.1529 | G6: 5.55661 | H6: -416886 | I6: 100 | J6: 2.5116 | K6: 0.0549455 | L6: 0.931631
A7: Run 4 function ACO 4start5 | B7: 137.646 | C7: 131.048 | D7: 3.70081 | E7: 33.794 | F7: 80.4282 | G7: 6.59784 | H7: -416898 | I7: 100 | J7: 2.42333 | K7: 0.0618897 | L7: 0.959016
A8: Run 4 function ACO 4start6 | B8: 138.278 | C8: 130.947 | D8: 3.93172 | E8: 33.6331 | F8: 80.7394 | G8: 7.3315 | H8: -416880 | I8: 100 | J8: 2.41225 | K8: 0.0295636 | L8: 0.931829
A9: Run 4 function ACO 4start7 | B9: 132.919 | C9: 127.625 | D9: 3.67857 | E9: 33.5738 | F9: 80.1605 | G9: 5.29393 | H9: -416908 | I9: 100 | J9: 2.50952 | K9: 0.0543039 | L9: 0.955964
A10: Run 4 function ACO 4start8 | B10: 132.6 | C10: 127.316 | D10: 3.63118 | E10: 33.6683 | F10: 80.006 | G10: 5.28377 | H10: -416935 | I10: 100 | J10: 2.51555 | K10: 0.0539296 | L10: 0.931814
A11: Run 4 function ACO 4start9 | B11: 132.115 | C11: 127.228 | D11: 3.5434 | E11: 33.5769 | F11: 79.8592 | G11: 4.88727 | H11: -416885 | I11: 100 | J11: 2.52478 | K11: 0.0539398 | L11: 0.952695
A12: Run 4 function ACO 4start10 | B12: 142.464 | C12: 133.4 | D12: 3.69627 | E12: 33.6183 | F12: 80.0858 | G12: 9.06433 | H12: -416908 | I12: 100 | J12: 2.34138 | K12: 0.0554126 | L12: 0.931823
A13: Run 4 function ACO 4start11 | B13: 132.932 | C13: 127.772 | D13: 3.67118 | E13: 33.6662 | F13: 80.1157 | G13: 5.15991 | H13: -416880 | I13: 100 | J13: 2.50926 | K13: 0.0544141 | L13: 0.931834
... A201: Run 4 function ACO 4start transposed49 | B201: 290.425 | C201: 285.226 | D201: 4.11646 | E201: 210.907 | F201: 56.5307 | G201: 5.19958 | H201: -415743 | I201: 100 | J201: 1.14853 | K201: 0.055783 | L201: 0.931476
A202: Device 0: NVIDIA GeForce RTX 4060 Ti | B202: Max thread in blocks: 1024 Total Global Memory: 8187,5 MB GPU Global Memory Usage: 1,97771 MB GPU Global Memory Hash Table: 1024 MB Max PARAMETR_SIZE in GPU Global Memory: 3543146 Shared memory per block: 49152 bytes (48 KB) Shared memory per multiprocessor: 102400 bytes (100 KB) Data size in Shared memory per block: 2688 bytes (2,625 KB) Constant Memory: 65536 bytes Parameter data size (in Constant Memory): 13440 bytes (13,125 KB) Registers per Block: 65536 Warp Size: 32 Compute Capability: 8,9 Can Map Host Memory: Yes Clock Rate: 2550 MHz L2 Cache Size: 33554432 bytes Multiprocessor Count: 34 | C202: Max thread in blocks by axis: (1024, 1024, 64) | D202: Max blocks by axis: (2147483647, 65535, 65535) | E202: PARAMETR_SIZE: 336 | F202: MAX_VALUE_SIZE: 5 | G202: SET_PARAMETR_SIZE_ONE_X: 21 | H202: ANT_SIZE: 500 | I202: MAX_THREAD_CUDA: 512 | J202: NAME_FILE_GRAPH: Parametr_Graph/test336,txt | K202: KOL_ITERATION: 500 | L202: KOL_PROGREV: 5 | M202: KOL_PROGON_STATISTICS: 50 | N202: PARAMETR_RO: 0,999 | O202: PARAMETR_Q: 1 | P202: PRINT_INFORMATION: 0 | Q202: MAX_PARAMETR_VALUE_TO_MIN_OPT: 1 | R202: OPTIMIZE: OPTIMIZE_MIN_1 | S202: FUNCTION: SHAFFERA GO_HASH: 0 | T202: HASH_TABLE_SIZE: 67108864 | U202: ZERO_HASH_RESULT: -1 | V202: ZERO_HASH: 18446744073709551615 | W202: MAX_PROBES: 10000 | X202: MAX_CONST: 8192 | Y202: MAX_SHARED: 6144 | Z202: BLOCK_SIZE: 256 | AA202: BIN_SEARCH: 0 | AB202: NON_WHILE_ANT: 1
A203: Run 4 function ACO 4start0 | B203: 132.678 | C203: 125.349 | D203: 3.68347 | E203: 29.9195 | F203: 78.4005 | G203: 7.32812 | H203: -416798 | I203: 100 | J203: 2.51408 | K203: 0.0539327 | L203: 0.931836
A204: Run 4 function ACO 4start1 | B204: 128.347 | C204: 122.959 | D204: 3.81927 | E204: 30.0571 | F204: 78.7788 | G204: 5.38823 | H204: -416825 | I204: 100 | J204: 2.59891 | K204: 0.0340043 | L204: 0.959029
A205: Run 4 function ACO 4start2 | B205: 133.878 | C205: 127.058 | D205: 4.0499 | E205: 30.2917 | F205: 79.2581 | G205: 6.81978 | H205: -416800 | I205: 100 | J205: 2.49154 | K205: 0.0561712 | L205: 0.94518
A206: Run 4 function ACO 4start3 | B206: 128.857 | C206: 123.409 | D206: 4.01947 | E206: 30.2291 | F206: 78.8738 | G206: 5.44775 | H206: -416900 | I206: 100 | J206: 2.58862 | K206: 0.0539174 | L206: 0.931835
A207: Run 4 function ACO 4start4 | B207: 127.284 | C207: 121.865 | D207: 3.7018 | E207: 30.0026 | F207: 78.3238 | G207: 5.41888 | H207: -416822 | I207: 100 | J207: 2.62062 | K207: 0.0541389 | L207: 0.931825
A208: Run 4 function ACO 4start5 | B208: 127.055 | C208: 121.671 | D208: 3.68123 | E208: 29.9478 | F208: 78.1877 | G208: 5.38441 | H208: -416841 | I208: 100 | J208: 2.62534 | K208: 0.0539236 | L208: 0.931618
A209: Run 4 function ACO 4start6 | B209: 127.618 | C209: 122.053 | D209: 3.71732 | E209: 30.0565 | F209: 78.5256 | G209: 5.56435 | H209: -416819 | I209: 100 | J209: 2.61376 | K209: 0.0540574 | L209: 0.931701
A210: Run 4 function ACO 4start7 | B210: 130.647 | C210: 124.202 | D210: 3.95806 | E210: 30.1116 | F210: 79.0433 | G210: 6.44525 | H210: -416823 | I210: 100 | J210: 2.55316 | K210: 0.0585909 | L210: 0.931818
A211: Run 4 function ACO 4start8 | B211: 127.368 | C211: 122.063 | D211: 3.70823 | E211: 30.0588 | F211: 78.3759 | G211: 5.30502 | H211: -416790 | I211: 100 | J211: 2.61889 | K211: 0.054295 | L211: 0.931826
A212: Run 4 function ACO 4start9 | B212: 128.085 | C212: 122.645 | D212: 3.87511 | E212: 30.1718 | F212: 78.7847 | G212: 5.44011 | H212: -416798 | I212: 100 | J212: 2.60423 | K212: 0.0584656 | L212: 0.931821
A213: Run 4 function ACO 4start10 | B213: 127.611 | C213: 122.287 | D213: 3.76043 | E213: 29.9746 | F213: 78.4733 | G213: 5.32439 | H213: -416825 | I213: 100 | J213: 2.6139 | K213: 0.0541474 | L213: 0.953646
A214: Run 4 function ACO 4start11 | B214: 134.55 | C214: 127.325 | D214: 4.11086 | E214: 30.3661 | F214: 79.5998 | G214: 7.22482 | H214: -416850 | I214: 100 | J214: 2.4791 | K214: 0.057008 | L214: 0.931836
... A402: Run 4 function ACO 4start transposed49 | B402: 268.485 | C402: 262.829 | D402: 3.8705 | E402: 192.443 | F402: 54.8883 | G402: 5.65552 | H402: -415078 | I402: 100 | J402: 1.24239 | K402: 0.0595457 | L402: 0.931776
A403: Device 0: NVIDIA GeForce RTX 4060 Ti | B403: Max thread in blocks: 1024 Total Global Memory: 8187,5 MB GPU Global Memory Usage: 1,97771 MB GPU Global Memory Hash Table: 1024 MB Max PARAMETR_SIZE in GPU Global Memory: 3543146 Shared memory per block: 49152 bytes (48 KB) Shared memory per multiprocessor: 102400 bytes (100 KB) Data size in Shared memory per block: 2688 bytes (2,625 KB) Constant Memory: 65536 bytes Parameter data size (in Constant Memory): 13440 bytes (13,125 KB) Registers per Block: 65536 Warp Size: 32 Compute Capability: 8,9 Can Map Host Memory: Yes Clock Rate: 2550 MHz L2 Cache Size: 33554432 bytes Multiprocessor Count: 34 | C403: Max thread in blocks by axis: (1024, 1024, 64) | D403: Max blocks by axis: (2147483647, 65535, 65535) | E403: PARAMETR_SIZE: 336 | F403: MAX_VALUE_SIZE: 5 | G403: SET_PARAMETR_SIZE_ONE_X: 21 | H403: ANT_SIZE: 500 | I403: MAX_THREAD_CUDA: 512 | J403: NAME_FILE_GRAPH: Parametr_Graph/test336,txt | K403: KOL_ITERATION: 500 | L403: KOL_PROGREV: 5 | M403: KOL_PROGON_STATISTICS: 50 | N403: PARAMETR_RO: 0,999 | O403: PARAMETR_Q: 1 | P403: PRINT_INFORMATION: 0 | Q403: MAX_PARAMETR_VALUE_TO_MIN_OPT: 1 | R403: OPTIMIZE: OPTIMIZE_MIN_1 | S403: FUNCTION: SHAFFERA GO_HASH: 0 | T403: HASH_TABLE_SIZE: 67108864 | U403: ZERO_HASH_RESULT: -1 | V403: ZERO_HASH: 18446744073709551615 | W403: MAX_PROBES: 10000 | X403: MAX_CONST: 8192 | Y403: MAX_SHARED: 6144 | Z403: BLOCK_SIZE: 256 | AA403: BIN_SEARCH: 0 | AB403: NON_WHILE_ANT: 1
A404: Run 4 function ACO 4start0 | B404: 132.161 | C404: 126.988 | D404: 3.6442 | E404: 35.2635 | F404: 77.839 | G404: 5.17285 | H404: -416798 | I404: 100 | J404: 2.52391 | K404: 0.0539112 | L404: 0.948824
A405: Run 4 function ACO 4start1 | B405: 132.393 | C405: 127.076 | D405: 3.76107 | E405: 35.3579 | F405: 78.0066 | G405: 5.3176 | H405: -416798 | I405: 100 | J405: 2.51948 | K405: 0.054663 | L405: 0.931794
A406: Run 4 function ACO 4start2 | B406: 141.712 | C406: 132.828 | D406: 3.83207 | E406: 35.4341 | F406: 78.0161 | G406: 8.88383 | H406: -416787 | I406: 100 | J406: 2.35381 | K406: 0.0544058 | L406: 0.957187
A407: Run 4 function ACO 4start3 | B407: 131.839 | C407: 126.606 | D407: 3.68359 | E407: 35.3152 | F407: 77.8112 | G407: 5.23226 | H407: -416818 | I407: 100 | J407: 2.53008 | K407: 0.0548582 | L407: 0.938722
A408: Run 4 function ACO 4start4 | B408: 133.446 | C408: 128.148 | D408: 3.94142 | E408: 35.5196 | F408: 78.2703 | G408: 5.29784 | H408: -416770 | I408: 100 | J408: 2.4996 | K408: 0.0539296 | L408: 0.931782
A409: Run 4 function ACO 4start5 | B409: 132.385 | C409: 126.634 | D409: 3.69671 | E409: 35.3896 | F409: 77.811 | G409: 5.75111 | H409: -416798 | I409: 100 | J409: 2.51963 | K409: 0.0549589 | L409: 0.956309
A410: Run 4 function ACO 4start6 | B410: 134.614 | C410: 128.639 | D410: 3.88516 | E410: 35.4405 | F410: 77.9116 | G410: 5.97429 | H410: -416798 | I410: 100 | J410: 2.47792 | K410: 0.0539197 | L410: 0.951136
A411: Run 4 function ACO 4start7 | B411: 136.534 | C411: 130.235 | D411: 3.93796 | E411: 35.6511 | F411: 78.8193 | G411: 6.2986 | H411: -416844 | I411: 100 | J411: 2.44308 | K411: 0.0414301 | L411: 0.955447
A412: Run 4 function ACO 4start8 | B412: 135.03 | C412: 128.612 | D412: 3.7876 | E412: 35.4226 | F412: 78.2441 | G412: 6.41742 | H412: -416791 | I412: 100 | J412: 2.47029 | K412: 0.0551834 | L412: 0.931834
A413: Run 4 function ACO 4start9 | B413: 132.487 | C413: 127.002 | D413: 3.71835 | E413: 35.3807 | F413: 78.049 | G413: 5.48492 | H413: -416790 | I413: 100 | J413: 2.51771 | K413: 0.0832561 | L413: 0.937548
A414: Run 4 function ACO 4start10 | B414: 133.94 | C414: 128.256 | D414: 3.87451 | E414: 35.6224 | F414: 78.8536 | G414: 5.6837 | H414: -416798 | I414: 100 | J414: 2.49039 | K414: 0.0539237 | L414: 0.931787
A415: Run 4 function ACO 4start11 | B415: 132.791 | C415: 127.593 | D415: 3.70395 | E415: 35.4892 | F415: 78.2898 | G415: 5.19836 | H415: -416798 | I415: 100 | J415: 2.51193 | K415: 0.0541994 | L415: 0.931819
... A603: Run 4 function ACO 4start transposed49 | B603: 264.824 | C603: 259.546 | D603: 3.80043 | E603: 191.385 | F603: 54.1441 | G603: 5.2778 | H603: -415201 | I603: 100 | J603: 1.25956 | K603: 0.0546342 | L603: 0.930067
A604: Device 0: NVIDIA GeForce RTX 4060 Ti | B604: Max thread in blocks: 1024 Total Global Memory: 8187,5 MB GPU Global Memory Usage: 1,97771 MB GPU Global Memory Hash Table: 1024 MB Max PARAMETR_SIZE in GPU Global Memory: 3543146 Shared memory per block: 49152 bytes (48 KB) Shared memory per multiprocessor: 102400 bytes (100 KB) Data size in Shared memory per block: 2688 bytes (2,625 KB) Constant Memory: 65536 bytes Parameter data size (in Constant Memory): 13440 bytes (13,125 KB) Registers per Block: 65536 Warp Size: 32 Compute Capability: 8,9 Can Map Host Memory: Yes Clock Rate: 2550 MHz L2 Cache Size: 33554432 bytes Multiprocessor Count: 34 | C604: Max thread in blocks by axis: (1024, 1024, 64) | D604: Max blocks by axis: (2147483647, 65535, 65535) | E604: PARAMETR_SIZE: 336 | F604: MAX_VALUE_SIZE: 5 | G604: SET_PARAMETR_SIZE_ONE_X: 21 | H604: ANT_SIZE: 500 | I604: MAX_THREAD_CUDA: 512 | J604: NAME_FILE_GRAPH: Parametr_Graph/test336,txt | K604: KOL_ITERATION: 500 | L604: KOL_PROGREV: 5 | M604: KOL_PROGON_STATISTICS: 50 | N604: PARAMETR_RO: 0,999 | O604: PARAMETR_Q: 1 | P604: PRINT_INFORMATION: 0 | Q604: MAX_PARAMETR_VALUE_TO_MIN_OPT: 1 | R604: OPTIMIZE: OPTIMIZE_MIN_1 | S604: FUNCTION: SHAFFERA GO_HASH: 0 | T604: HASH_TABLE_SIZE: 67108864 | U604: ZERO_HASH_RESULT: -1 | V604: ZERO_HASH: 18446744073709551615 | W604: MAX_PROBES: 10000 | X604: MAX_CONST: 8192 | Y604: MAX_SHARED: 6144 | Z604: BLOCK_SIZE: 256 | AA604: BIN_SEARCH: 0 | AB604: NON_WHILE_ANT: 1
A605: Run 4 function ACO 4start0 | B605: 150.289 | C605: 142.906 | D605: 3.86427 | E605: 47.4002 | F605: 78.6197 | G605: 7.38341 | H605: -416845 | I605: 100 | J605: 2.21947 | K605: 0.0539102 | L605: 0.931826
A606: Run 4 function ACO 4start1 | B606: 145.313 | C606: 140.078 | D606: 3.80747 | E606: 47.4602 | F606: 78.6048 | G606: 5.23506 | H606: -416797 | I606: 100 | J606: 2.29548 | K606: 0.0565467 | L606: 0.9522
A607: Run 4 function ACO 4start2 | B607: 144.647 | C607: 139.101 | D607: 3.75044 | E607: 47.4535 | F607: 78.2154 | G607: 5.54576 | H607: -416798 | I607: 100 | J607: 2.30605 | K607: 0.054837 | L607: 0.931818
A608: Run 4 function ACO 4start3 | B608: 144.719 | C608: 139.604 | D608: 3.7987 | E608: 47.3413 | F608: 78.1828 | G608: 5.11499 | H608: -416817 | I608: 100 | J608: 2.3049 | K608: 0.0307753 | L608: 0.931749
A609: Run 4 function ACO 4start4 | B609: 144.88 | C609: 139.905 | D609: 3.77851 | E609: 47.3669 | F609: 78.4211 | G609: 4.97437 | H609: -416798 | I609: 100 | J609: 2.30234 | K609: 0.0572202 | L609: 0.956363
A610: Run 4 function ACO 4start5 | B610: 144.565 | C610: 139.071 | D610: 3.68126 | E610: 47.3043 | F610: 78.1549 | G610: 5.49432 | H610: -416786 | I610: 100 | J610: 2.30735 | K610: 0.0539548 | L610: 0.95269
A611: Run 4 function ACO 4start6 | B611: 144.89 | C611: 139.88 | D611: 3.7475 | E611: 47.3218 | F611: 78.4549 | G611: 5.00989 | H611: -416798 | I611: 100 | J611: 2.30218 | K611: 0.0600741 | L611: 0.931814
A612: Run 4 function ACO 4start7 | B612: 144.72 | C612: 139.21 | D612: 3.7531 | E612: 47.3041 | F612: 78.2258 | G612: 5.50961 | H612: -416801 | I612: 100 | J612: 2.30488 | K612: 0.0539846 | L612: 0.931836
A613: Run 4 function ACO 4start8 | B613: 145.334 | C613: 139.787 | D613: 3.76433 | E613: 47.3422 | F613: 78.37 | G613: 5.54773 | H613: -416820 | I613: 100 | J613: 2.29514 | K613: 0.0551858 | L613: 0.931797
A614: Run 4 function ACO 4start9 | B614: 145.167 | C614: 140.15 | D614: 3.82372 | E614: 47.3621 | F614: 78.5738 | G614: 5.0172 | H614: -416798 | I614: 100 | J614: 2.29778 | K614: 0.0542899 | L614: 0.931637
A615: Run 4 function ACO 4start10 | B615: 144.508 | C615: 139.213 | D615: 3.73732 | E615: 47.3053 | F615: 78.2414 | G615: 5.29482 | H615: -416771 | I615: 100 | J615: 2.30827 | K615: 0.0539409 | L615: 0.931417
A616: Run 4 function ACO 4start11 | B616: 157.358 | C616: 147.544 | D616: 3.90337 | E616: 47.2737 | F616: 78.4839 | G616: 9.81421 | H616: -416825 | I616: 100 | J616: 2.11977 | K616: 0.0547932 | L616: 0.931836
... A804: Run 4 function ACO 4start transposed49 | B804: 268.357 | C804: 262.95 | D804: 3.75639 | E804: 194.599 | F804: 54.2418 | G804: 5.40701 | H804: -415037 | I804: 100 | J804: 1.24298 | K804: 0.0832604 | L804: 0.932133
A805: Device 0: NVIDIA GeForce RTX 4060 Ti | B805: Max thread in blocks: 1024 Total Global Memory: 8187,5 MB GPU Global Memory Usage: 1,97771 MB GPU Global Memory Hash Table: 1024 MB Max PARAMETR_SIZE in GPU Global Memory: 3543146 Shared memory per block: 49152 bytes (48 KB) Shared memory per multiprocessor: 102400 bytes (100 KB) Data size in Shared memory per block: 2688 bytes (2,625 KB) Constant Memory: 65536 bytes Parameter data size (in Constant Memory): 13440 bytes (13,125 KB) Registers per Block: 65536 Warp Size: 32 Compute Capability: 8,9 Can Map Host Memory: Yes Clock Rate: 2550 MHz L2 Cache Size: 33554432 bytes Multiprocessor Count: 34 | C805: Max thread in blocks by axis: (1024, 1024, 64) | D805: Max blocks by axis: (2147483647, 65535, 65535) | E805: PARAMETR_SIZE: 336 | F805: MAX_VALUE_SIZE: 5 | G805: SET_PARAMETR_SIZE_ONE_X: 21 | H805: ANT_SIZE: 500 | I805: MAX_THREAD_CUDA: 512 | J805: NAME_FILE_GRAPH: Parametr_Graph/test336,txt | K805: KOL_ITERATION: 500 | L805: KOL_PROGREV: 5 | M805: KOL_PROGON_STATISTICS: 50 | N805: PARAMETR_RO: 0,999 | O805: PARAMETR_Q: 1 | P805: PRINT_INFORMATION: 0 | Q805: MAX_PARAMETR_VALUE_TO_MIN_OPT: 1 | R805: OPTIMIZE: OPTIMIZE_MIN_1 | S805: FUNCTION: SHAFFERA GO_HASH: 0 | T805: HASH_TABLE_SIZE: 67108864 | U805: ZERO_HASH_RESULT: -1 | V805: ZERO_HASH: 18446744073709551615 | W805: MAX_PROBES: 10000 | X805: MAX_CONST: 8192 | Y805: MAX_SHARED: 6144 | Z805: BLOCK_SIZE: 256 | AA805: BIN_SEARCH: 0 | AB805: NON_WHILE_ANT: 1
A806: Run 4 function ACO 4start0 | B806: 183.893 | C806: 173.64 | D806: 3.80904 | E806: 73.2865 | F806: 78.297 | G806: 10.2529 | H806: -416798 | I806: 100 | J806: 1.8139 | K806: 0.0539469 | L806: 0.948679
A807: Run 4 function ACO 4start1 | B807: 171.135 | C807: 165.745 | D807: 3.84148 | E807: 73.3755 | F807: 78.4306 | G807: 5.39043 | H807: -416798 | I807: 100 | J807: 1.94912 | K807: 0.0539128 | L807: 0.959222
A808: Run 4 function ACO 4start2 | B808: 171.996 | C808: 166.267 | D808: 3.85236 | E808: 73.3976 | F808: 78.6944 | G808: 5.72975 | H808: -416798 | I808: 100 | J808: 1.93936 | K808: 0.0539121 | L808: 0.956957
A809: Run 4 function ACO 4start3 | B809: 170.445 | C809: 165.149 | D809: 3.74539 | E809: 73.3169 | F809: 78.1741 | G809: 5.29646 | H809: -416798 | I809: 100 | J809: 1.95701 | K809: 0.0540803 | L809: 0.931736
A810: Run 4 function ACO 4start4 | B810: 172.855 | C810: 166.954 | D810: 3.77691 | E810: 73.4257 | F810: 78.4592 | G810: 5.90152 | H810: -416825 | I810: 100 | J810: 1.92972 | K810: 0.0548058 | L810: 0.958678
A811: Run 4 function ACO 4start5 | B811: 171.477 | C811: 165.957 | D811: 3.80382 | E811: 73.4378 | F811: 78.6784 | G811: 5.52029 | H811: -416825 | I811: 100 | J811: 1.94523 | K811: 0.0539128 | L811: 0.931836
A812: Run 4 function ACO 4start6 | B812: 170.456 | C812: 165.193 | D812: 3.71937 | E812: 73.3344 | F812: 78.2526 | G812: 5.26295 | H812: -416844 | I812: 100 | J812: 1.95688 | K812: 0.0555335 | L812: 0.931835
A813: Run 4 function ACO 4start7 | B813: 170.304 | C813: 165.166 | D813: 3.65787 | E813: 73.3396 | F813: 78.1807 | G813: 5.13858 | H813: -416798 | I813: 100 | J813: 1.95863 | K813: 0.0634285 | L813: 0.955447
A814: Run 4 function ACO 4start8 | B814: 171.049 | C814: 165.696 | D814: 3.7594 | E814: 73.4029 | F814: 78.5548 | G814: 5.35242 | H814: -416798 | I814: 100 | J814: 1.9501 | K814: 0.0545389 | L814: 0.959088
A815: Run 4 function ACO 4start9 | B815: 170.874 | C815: 165.239 | D815: 3.71323 | E815: 73.3815 | F815: 78.2907 | G815: 5.63493 | H815: -416825 | I815: 100 | J815: 1.95209 | K815: 0.0601697 | L815: 0.942574
A816: Run 4 function ACO 4start10 | B816: 170.341 | C816: 165.452 | D816: 3.83406 | E816: 73.303 | F816: 78.15 | G816: 4.88844 | H816: -416798 | I816: 100 | J816: 1.95821 | K816: 0.0832558 | L816: 0.931802
A817: Run 4 function ACO 4start11 | B817: 171.325 | C817: 165.989 | D817: 3.74421 | E817: 73.431 | F817: 78.6554 | G817: 5.33545 | H817: -416825 | I817: 100 | J817: 1.94696 | K817: 0.0557233 | L817: 0.948791
... A1005: Run 4 function ACO 4start transposed49 | B1005: 191.791 | C1005: 186.818 | D1005: 3.59729 | E1005: 118.93 | F1005: 53.8285 | G1005: 4.97237 | H1005: -415016 | I1005: 100 | J1005: 1.7392 | K1005: 0.0832557 | L1005: 0.931212

Sheet t672
A1: Device 0: NVIDIA GeForce RTX 4060 Ti | B1: Max thread in blocks: 1024 Total Global Memory: 8187,5 MB GPU Global Memory Usage: 3,95159 MB GPU Global Memory Hash Table: 1024 MB Max PARAMETR_SIZE in GPU Global Memory: 3543146 Shared memory per block: 49152 bytes (48 KB) Shared memory per multiprocessor: 102400 bytes (100 KB) Data size in Shared memory per block: 5376 bytes (5,25 KB) Constant Memory: 65536 bytes Parameter data size (in Constant Memory): 26880 bytes (26,25 KB) Registers per Block: 65536 Warp Size: 32 Compute Capability: 8,9 Can Map Host Memory: Yes Clock Rate: 2550 MHz L2 Cache Size: 33554432 bytes Multiprocessor Count: 34 | C1: Max thread in blocks by axis: (1024, 1024, 64) | D1: Max blocks by axis: (2147483647, 65535, 65535) | E1: PARAMETR_SIZE: 672 | F1: MAX_VALUE_SIZE: 5 | G1: SET_PARAMETR_SIZE_ONE_X: 21 | H1: ANT_SIZE: 500 | I1: MAX_THREAD_CUDA: 512 | J1: NAME_FILE_GRAPH: Parametr_Graph/test672,txt | K1: KOL_ITERATION: 500 | L1: KOL_PROGREV: 5 | M1: KOL_PROGON_STATISTICS: 50 | N1: PARAMETR_RO: 0,999 | O1: PARAMETR_Q: 1 | P1: PRINT_INFORMATION: 0 | Q1: MAX_PARAMETR_VALUE_TO_MIN_OPT: 1 | R1: OPTIMIZE: OPTIMIZE_MIN_1 | S1: FUNCTION: SHAFFERA GO_HASH: 0 | T1: HASH_TABLE_SIZE: 67108864 | U1: ZERO_HASH_RESULT: -1 | V1: ZERO_HASH: 18446744073709551615 | W1: MAX_PROBES: 10000 | X1: MAX_CONST: 8192 | Y1: MAX_SHARED: 6144 | Z1: BLOCK_SIZE: 256 | AA1: BIN_SEARCH: 0 | AB1: NON_WHILE_ANT: 1
A2: Run 4 function ACO 4start0 | B2: 172.605 | C2: 165.977 | D2: 3.70564 | E2: 68.2573 | F2: 81.0327 | G2: 6.6284 | H2: -416935 | I2: 100 | J2: 3.85424 | K2: 0.178458 | L2: 0.836962
A3: Run 4 function ACO 4start1 | B3: 170.572 | C3: 163.808 | D3: 3.5546 | E3: 68.2086 | F3: 80.7113 | G3: 6.76474 | H3: -416957 | I3: 100 | J3: 3.90017 | K3: 0.147854 | L3: 0.837027
A4: Run 4 function ACO 4start2 | B4: 169.017 | C4: 163.72 | D4: 3.71553 | E4: 68.4122 | F4: 80.7409 | G4: 5.29672 | H4: -416955 | I4: 100 | J4: 3.93608 | K4: 0.148601 | L4: 0.868515
A5: Run 4 function ACO 4start3 | B5: 176.858 | C5: 169.043 | D5: 3.99835 | E5: 68.329 | F5: 81.5265 | G5: 7.81488 | H5: -416930 | I5: 100 | J5: 3.76157 | K5: 0.14825 | L5: 0.836928
A6: Run 4 function ACO 4start4 | B6: 177.304 | C6: 169.084 | D6: 3.77665 | E6: 68.3196 | F6: 80.8541 | G6: 8.22005 | H6: -416934 | I6: 100 | J6: 3.75209 | K6: 0.152473 | L6: 0.836962
A7: Run 4 function ACO 4start5 | B7: 172.387 | C7: 164.719 | D7: 3.57719 | E7: 68.2336 | F7: 80.7265 | G7: 7.66725 | H7: -416953 | I7: 100 | J7: 3.85913 | K7: 0.157866 | L7: 0.837038
A8: Run 4 function ACO 4start6 | B8: 170.464 | C8: 164.233 | D8: 3.62843 | E8: 68.197 | F8: 80.7401 | G8: 6.23026 | H8: -416962 | I8: 100 | J8: 3.90266 | K8: 0.16907 | L8: 0.836621
A9: Run 4 function ACO 4start7 | B9: 168.702 | C9: 163.525 | D9: 3.79044 | E9: 68.2611 | F9: 80.7616 | G9: 5.17677 | H9: -416982 | I9: 100 | J9: 3.94343 | K9: 0.158189 | L9: 0.868943
A10: Run 4 function ACO 4start8 | B10: 168.168 | C10: 162.688 | D10: 3.55604 | E10: 68.1728 | F10: 80.6832 | G10: 5.48042 | H10: -416963 | I10: 100 | J10: 3.95593 | K10: 0.147778 | L10: 0.864567
A11: Run 4 function ACO 4start9 | B11: 169.495 | C11: 163.366 | D11: 3.57998 | E11: 68.2329 | F11: 80.7291 | G11: 6.12874 | H11: -416960 | I11: 100 | J11: 3.92496 | K11: 0.147103 | L11: 0.837005
A12: Run 4 function ACO 4start10 | B12: 171.064 | C12: 165.241 | D12: 3.77371 | E12: 68.1966 | F12: 81.247 | G12: 5.82286 | H12: -416963 | I12: 100 | J12: 3.88896 | K12: 0.147108 | L12: 0.855998
A13: Run 4 function ACO 4start11 | B13: 175.352 | C13: 167.28 | D13: 3.96292 | E13: 68.4104 | F13: 81.3344 | G13: 8.0726 | H13: -416963 | I13: 100 | J13: 3.79386 | K13: 0.169027 | L13: 0.836811
... A201: Run 4 function ACO 4start transposed49 | B201: 506.324 | C201: 500.856 | D201: 3.9915 | E201: 429.338 | F201: 56.7922 | G201: 5.46774 | H201: -415421 | I201: 100 | J201: 1.31391 | K201: 0.157409 | L201: 0.837052
A202: Device 0: NVIDIA GeForce RTX 4060 Ti | B202: Max thread in blocks: 1024 Total Global Memory: 8187,5 MB GPU Global Memory Usage: 3,95159 MB GPU Global Memory Hash Table: 1024 MB Max PARAMETR_SIZE in GPU Global Memory: 3543146 Shared memory per block: 49152 bytes (48 KB) Shared memory per multiprocessor: 102400 bytes (100 KB) Data size in Shared memory per block: 5376 bytes (5,25 KB) Constant Memory: 65536 bytes Parameter data size (in Constant Memory): 26880 bytes (26,25 KB) Registers per Block: 65536 Warp Size: 32 Compute Capability: 8,9 Can Map Host Memory: Yes Clock Rate: 2550 MHz L2 Cache Size: 33554432 bytes Multiprocessor Count: 34 | C202: Max thread in blocks by axis: (1024, 1024, 64) | D202: Max blocks by axis: (2147483647, 65535, 65535) | E202: PARAMETR_SIZE: 672 | F202: MAX_VALUE_SIZE: 5 | G202: SET_PARAMETR_SIZE_ONE_X: 21 | H202: ANT_SIZE: 500 | I202: MAX_THREAD_CUDA: 512 | J202: NAME_FILE_GRAPH: Parametr_Graph/test672,txt | K202: KOL_ITERATION: 500 | L202: KOL_PROGREV: 5 | M202: KOL_PROGON_STATISTICS: 50 | N202: PARAMETR_RO: 0,999 | O202: PARAMETR_Q: 1 | P202: PRINT_INFORMATION: 0 | Q202: MAX_PARAMETR_VALUE_TO_MIN_OPT: 1 | R202: OPTIMIZE: OPTIMIZE_MIN_1 | S202: FUNCTION: SHAFFERA GO_HASH: 0 | T202: HASH_TABLE_SIZE: 67108864 | U202: ZERO_HASH_RESULT: -1 | V202: ZERO_HASH: 18446744073709551615 | W202: MAX_PROBES: 10000 | X202: MAX_CONST: 8192 | Y202: MAX_SHARED: 6144 | Z202: BLOCK_SIZE: 256 | AA202: BIN_SEARCH: 0 | AB202: NON_WHILE_ANT: 1
A203: Run 4 function ACO 4start0 | B203: 162.985 | C203: 157.629 | D203: 3.62094 | E203: 65.2032 | F203: 78.7358 | G203: 5.35577 | H203: -416825 | I203: 100 | J203: 4.08175 | K203: 0.153642 | L203: 0.836689
A204: Run 4 function ACO 4start1 | B204: 165.185 | C204: 158.931 | D204: 3.92583 | E204: 65.4623 | F204: 78.697 | G204: 6.25394 | H204: -416828 | I204: 100 | J204: 4.02739 | K204: 0.178476 | L204: 0.850047
A205: Run 4 function ACO 4start2 | B205: 165.228 | C205: 159.167 | D205: 3.80843 | E205: 65.325 | F205: 78.7391 | G205: 6.06136 | H205: -416825 | I205: 100 | J205: 4.02633 | K205: 0.14956 | L205: 0.837048
A206: Run 4 function ACO 4start3 | B206: 162.697 | C206: 157.198 | D206: 3.73563 | E206: 65.2857 | F206: 78.5868 | G206: 5.49913 | H206: -416829 | I206: 100 | J206: 4.08897 | K206: 0.147325 | L206: 0.861043
A207: Run 4 function ACO 4start4 | B207: 163.035 | C207: 158.062 | D207: 3.74212 | E207: 65.3431 | F207: 78.6623 | G207: 4.97302 | H207: -416853 | I207: 100 | J207: 4.08048 | K207: 0.150651 | L207: 0.836856
A208: Run 4 function ACO 4start5 | B208: 163.518 | C208: 158.252 | D208: 3.78836 | E208: 65.3621 | F208: 78.5835 | G208: 5.26569 | H208: -416825 | I208: 100 | J208: 4.06845 | K208: 0.149643 | L208: 0.850225
A209: Run 4 function ACO 4start6 | B209: 162.931 | C209: 157.573 | D209: 3.76494 | E209: 65.3 | F209: 78.5812 | G209: 5.35774 | H209: -416825 | I209: 100 | J209: 4.08309 | K209: 0.178531 | L209: 0.837052
A210: Run 4 function ACO 4start7 | B210: 163.253 | C210: 158.019 | D210: 3.78542 | E210: 65.3984 | F210: 78.6316 | G210: 5.23369 | H210: -416825 | I210: 100 | J210: 4.07505 | K210: 0.178461 | L210: 0.83699
A211: Run 4 function ACO 4start8 | B211: 162.802 | C211: 157.75 | D211: 3.70702 | E211: 65.2196 | F211: 78.7643 | G211: 5.05138 | H211: -416819 | I211: 100 | J211: 4.08634 | K211: 0.147164 | L211: 0.857733
A212: Run 4 function ACO 4start9 | B212: 162.81 | C212: 157.512 | D212: 3.71659 | E212: 65.3029 | F212: 78.5319 | G212: 5.29781 | H212: -416843 | I212: 100 | J212: 4.08614 | K212: 0.147389 | L212: 0.837051
A213: Run 4 function ACO 4start10 | B213: 162.394 | C213: 157.042 | D213: 3.63848 | E213: 65.1778 | F213: 78.5044 | G213: 5.35245 | H213: -416824 | I213: 100 | J213: 4.09658 | K213: 0.155071 | L213: 0.86764
A214: Run 4 function ACO 4start11 | B214: 162.838 | C214: 157.063 | D214: 3.70196 | E214: 65.2782 | F214: 78.5174 | G214: 5.77496 | H214: -416816 | I214: 100 | J214: 4.08542 | K214: 0.153737 | L214: 0.83704
... A402: Run 4 function ACO 4start transposed49 | B402: 473.457 | C402: 466.678 | D402: 3.70145 | E402: 394.73 | F402: 55.3506 | G402: 6.77972 | H402: -415146 | I402: 100 | J402: 1.40512 | K402: 0.178454 | L402: 0.83514
A403: Device 0: NVIDIA GeForce RTX 4060 Ti | B403: Max thread in blocks: 1024 Total Global Memory: 8187,5 MB GPU Global Memory Usage: 3,95159 MB GPU Global Memory Hash Table: 1024 MB Max PARAMETR_SIZE in GPU Global Memory: 3543146 Shared memory per block: 49152 bytes (48 KB) Shared memory per multiprocessor: 102400 bytes (100 KB) Data size in Shared memory per block: 5376 bytes (5,25 KB) Constant Memory: 65536 bytes Parameter data size (in Constant Memory): 26880 bytes (26,25 KB) Registers per Block: 65536 Warp Size: 32 Compute Capability: 8,9 Can Map Host Memory: Yes Clock Rate: 2550 MHz L2 Cache Size: 33554432 bytes Multiprocessor Count: 34 | C403: Max thread in blocks by axis: (1024, 1024, 64) | D403: Max blocks by axis: (2147483647, 65535, 65535) | E403: PARAMETR_SIZE: 672 | F403: MAX_VALUE_SIZE: 5 | G403: SET_PARAMETR_SIZE_ONE_X: 21 | H403: ANT_SIZE: 500 | I403: MAX_THREAD_CUDA: 512 | J403: NAME_FILE_GRAPH: Parametr_Graph/test672,txt | K403: KOL_ITERATION: 500 | L403: KOL_PROGREV: 5 | M403: KOL_PROGON_STATISTICS: 50 | N403: PARAMETR_RO: 0,999 | O403: PARAMETR_Q: 1 | P403: PRINT_INFORMATION: 0 | Q403: MAX_PARAMETR_VALUE_TO_MIN_OPT: 1 | R403: OPTIMIZE: OPTIMIZE_MIN_1 | S403: FUNCTION: SHAFFERA GO_HASH: 0 | T403: HASH_TABLE_SIZE: 67108864 | U403: ZERO_HASH_RESULT: -1 | V403: ZERO_HASH: 18446744073709551615 | W403: MAX_PROBES: 10000 | X403: MAX_CONST: 8192 | Y403: MAX_SHARED: 6144 | Z403: BLOCK_SIZE: 256 | AA403: BIN_SEARCH: 0 | AB403: NON_WHILE_ANT: 1
A404: Run 4 function ACO 4start0 | B404: 180.912 | C404: 174.311 | D404: 3.89329 | E404: 78.7392 | F404: 79.1572 | G404: 6.60088 | H404: -416825 | I404: 100 | J404: 3.67727 | K404: 0.148978 | L404: 0.837032
A405: Run 4 function ACO 4start1 | B405: 176.954 | C405: 171.91 | D405: 3.80395 | E405: 78.7958 | F405: 78.7923 | G405: 5.04405 | H405: -416853 | I405: 100 | J405: 3.75953 | K405: 0.154962 | L405: 0.837047
A406: Run 4 function ACO 4start2 | B406: 176.623 | C406: 171.652 | D406: 3.72651 | E406: 78.5845 | F406: 78.7878 | G406: 4.97128 | H406: -416825 | I406: 100 | J406: 3.76657 | K406: 0.147601 | L406: 0.836891
A407: Run 4 function ACO 4start3 | B407: 176.532 | C407: 171.22 | D407: 3.70231 | E407: 78.8603 | F407: 78.7803 | G407: 5.31122 | H407: -416849 | I407: 100 | J407: 3.76852 | K407: 0.147441 | L407: 0.836481
A408: Run 4 function ACO 4start4 | B408: 176.76 | C408: 171.552 | D408: 3.75652 | E408: 78.5683 | F408: 78.819 | G408: 5.20876 | H408: -416853 | I408: 100 | J408: 3.76364 | K408: 0.127547 | L408: 0.836983
A409: Run 4 function ACO 4start5 | B409: 181.891 | C409: 174.778 | D409: 3.90699 | E409: 78.6107 | F409: 78.8899 | G409: 7.1124 | H409: -416853 | I409: 100 | J409: 3.65748 | K409: 0.147391 | L409: 0.837046
A410: Run 4 function ACO 4start6 | B410: 175.753 | C410: 170.245 | D410: 3.6874 | E410: 78.2905 | F410: 78.7449 | G410: 5.50824 | H410: -416825 | I410: 100 | J410: 3.78521 | K410: 0.147301 | L410: 0.837029
A411: Run 4 function ACO 4start7 | B411: 176.319 | C411: 171.118 | D411: 3.72808 | E411: 78.4647 | F411: 78.7796 | G411: 5.20087 | H411: -416853 | I411: 100 | J411: 3.77305 | K411: 0.148347 | L411: 0.836661
A412: Run 4 function ACO 4start8 | B412: 176.215 | C412: 170.907 | D412: 3.68916 | E412: 78.417 | F412: 78.7939 | G412: 5.30798 | H412: -416853 | I412: 100 | J412: 3.77528 | K412: 0.164601 | L412: 0.836905
A413: Run 4 function ACO 4start9 | B413: 178.881 | C413: 172.698 | D413: 3.85991 | E413: 78.6293 | F413: 78.9028 | G413: 6.18214 | H413: -416853 | I413: 100 | J413: 3.71903 | K413: 0.149573 | L413: 0.837025
A414: Run 4 function ACO 4start10 | B414: 180.176 | C414: 173.598 | D414: 3.86788 | E414: 78.3849 | F414: 78.8213 | G414: 6.57861 | H414: -416825 | I414: 100 | J414: 3.69229 | K414: 0.178454 | L414: 0.83334
A415: Run 4 function ACO 4start11 | B415: 179.073 | C415: 172.591 | D415: 3.6698 | E415: 78.2225 | F415: 78.9285 | G415: 6.48187 | H415: -416819 | I415: 100 | J415: 3.71504 | K415: 0.178456 | L415: 0.836659
... A603: Run 4 function ACO 4start transposed49 | B603: 467.099 | C603: 461.1 | D603: 3.77422 | E603: 391.319 | F603: 54.7305 | G603: 5.99887 | H603: -415091 | I603: 100 | J603: 1.42424 | K603: 0.155734 | L603: 0.828446
A604: Device 0: NVIDIA GeForce RTX 4060 Ti | B604: Max thread in blocks: 1024 Total Global Memory: 8187,5 MB GPU Global Memory Usage: 3,95159 MB GPU Global Memory Hash Table: 1024 MB Max PARAMETR_SIZE in GPU Global Memory: 3543146 Shared memory per block: 49152 bytes (48 KB) Shared memory per multiprocessor: 102400 bytes (100 KB) Data size in Shared memory per block: 5376 bytes (5,25 KB) Constant Memory: 65536 bytes Parameter data size (in Constant Memory): 26880 bytes (26,25 KB) Registers per Block: 65536 Warp Size: 32 Compute Capability: 8,9 Can Map Host Memory: Yes Clock Rate: 2550 MHz L2 Cache Size: 33554432 bytes Multiprocessor Count: 34 | C604: Max thread in blocks by axis: (1024, 1024, 64) | D604: Max blocks by axis: (2147483647, 65535, 65535) | E604: PARAMETR_SIZE: 672 | F604: MAX_VALUE_SIZE: 5 | G604: SET_PARAMETR_SIZE_ONE_X: 21 | H604: ANT_SIZE: 500 | I604: MAX_THREAD_CUDA: 512 | J604: NAME_FILE_GRAPH: Parametr_Graph/test672,txt | K604: KOL_ITERATION: 500 | L604: KOL_PROGREV: 5 | M604: KOL_PROGON_STATISTICS: 50 | N604: PARAMETR_RO: 0,999 | O604: PARAMETR_Q: 1 | P604: PRINT_INFORMATION: 0 | Q604: MAX_PARAMETR_VALUE_TO_MIN_OPT: 1 | R604: OPTIMIZE: OPTIMIZE_MIN_1 | S604: FUNCTION: SHAFFERA GO_HASH: 0 | T604: HASH_TABLE_SIZE: 67108864 | U604: ZERO_HASH_RESULT: -1 | V604: ZERO_HASH: 18446744073709551615 | W604: MAX_PROBES: 10000 | X604: MAX_CONST: 8192 | Y604: MAX_SHARED: 6144 | Z604: BLOCK_SIZE: 256 | AA604: BIN_SEARCH: 0 | AB604: NON_WHILE_ANT: 1
A605: Run 4 function ACO 4start0 | B605: 180.079 | C605: 174.827 | D605: 3.71201 | E605: 81.9361 | F605: 78.9866 | G605: 5.25201 | H605: -416853 | I605: 100 | J605: 3.69428 | K605: 0.178457 | L605: 0.836866
A606: Run 4 function ACO 4start1 | B606: 180.207 | C606: 174.633 | D606: 3.81304 | E606: 81.9908 | F606: 78.9612 | G606: 5.57474 | H606: -416825 | I606: 100 | J606: 3.69165 | K606: 0.167302 | L606: 0.836969
A607: Run 4 function ACO 4start2 | B607: 180.617 | C607: 175.305 | D607: 3.86033 | E607: 82.0702 | F607: 78.9261 | G607: 5.31128 | H607: -416853 | I607: 100 | J607: 3.68328 | K607: 0.149961 | L607: 0.837052
A608: Run 4 function ACO 4start3 | B608: 180.296 | C608: 175.083 | D608: 3.86171 | E608: 81.9797 | F608: 78.9475 | G608: 5.2133 | H608: -416841 | I608: 100 | J608: 3.68984 | K608: 0.147124 | L608: 0.836978
A609: Run 4 function ACO 4start4 | B609: 181.737 | C609: 175.93 | D609: 3.76616 | E609: 81.9503 | F609: 78.917 | G609: 5.80753 | H609: -416844 | I609: 100 | J609: 3.66057 | K609: 0.156446 | L609: 0.83705
A610: Run 4 function ACO 4start5 | B610: 182.431 | C610: 176.061 | D610: 3.91825 | E610: 82.0293 | F610: 79.0738 | G610: 6.36963 | H610: -416853 | I610: 100 | J610: 3.64666 | K610: 0.149508 | L610: 0.837009
A611: Run 4 function ACO 4start6 | B611: 181.956 | C611: 176.075 | D611: 3.79323 | E611: 81.8853 | F611: 78.888 | G611: 5.88083 | H611: -416845 | I611: 100 | J611: 3.65617 | K611: 0.178457 | L611: 0.837014
A612: Run 4 function ACO 4start7 | B612: 179.51 | C612: 174.037 | D612: 3.67582 | E612: 81.9069 | F612: 78.7448 | G612: 5.47272 | H612: -416825 | I612: 100 | J612: 3.706 | K612: 0.152066 | L612: 0.837023
A613: Run 4 function ACO 4start8 | B613: 179.38 | C613: 174.498 | D613: 3.70091 | E613: 81.8554 | F613: 78.7907 | G613: 4.88234 | H613: -416872 | I613: 100 | J613: 3.70867 | K613: 0.178454 | L613: 0.837049
A614: Run 4 function ACO 4start9 | B614: 183.375 | C614: 176.858 | D614: 3.77739 | E614: 81.8401 | F614: 78.9334 | G614: 6.51698 | H614: -416825 | I614: 100 | J614: 3.62788 | K614: 0.147182 | L614: 0.867678
A615: Run 4 function ACO 4start10 | B615: 180.575 | C615: 174.925 | D615: 3.88718 | E615: 81.7071 | F615: 78.9193 | G615: 5.64969 | H615: -416853 | I615: 100 | J615: 3.68414 | K615: 0.14715 | L615: 0.835533
A616: Run 4 function ACO 4start11 | B616: 179.692 | C616: 174.433 | D616: 3.70456 | E616: 82.0623 | F616: 78.8176 | G616: 5.25865 | H616: -416853 | I616: 100 | J616: 3.70224 | K616: 0.147103 | L616: 0.837051
... A804: Run 4 function ACO 4start transposed49 | B804: 471.775 | C804: 466.582 | D804: 3.5785 | E804: 397.768 | F804: 54.5044 | G804: 5.19241 | H804: -415256 | I804: 100 | J804: 1.41013 | K804: 0.178468 | L804: 0.831118
A805: Device 0: NVIDIA GeForce RTX 4060 Ti | B805: Max thread in blocks: 1024 Total Global Memory: 8187,5 MB GPU Global Memory Usage: 3,95159 MB GPU Global Memory Hash Table: 1024 MB Max PARAMETR_SIZE in GPU Global Memory: 3543146 Shared memory per block: 49152 bytes (48 KB) Shared memory per multiprocessor: 102400 bytes (100 KB) Data size in Shared memory per block: 5376 bytes (5,25 KB) Constant Memory: 65536 bytes Parameter data size (in Constant Memory): 26880 bytes (26,25 KB) Registers per Block: 65536 Warp Size: 32 Compute Capability: 8,9 Can Map Host Memory: Yes Clock Rate: 2550 MHz L2 Cache Size: 33554432 bytes Multiprocessor Count: 34 | C805: Max thread in blocks by axis: (1024, 1024, 64) | D805: Max blocks by axis: (2147483647, 65535, 65535) | E805: PARAMETR_SIZE: 672 | F805: MAX_VALUE_SIZE: 5 | G805: SET_PARAMETR_SIZE_ONE_X: 21 | H805: ANT_SIZE: 500 | I805: MAX_THREAD_CUDA: 512 | J805: NAME_FILE_GRAPH: Parametr_Graph/test672,txt | K805: KOL_ITERATION: 500 | L805: KOL_PROGREV: 5 | M805: KOL_PROGON_STATISTICS: 50 | N805: PARAMETR_RO: 0,999 | O805: PARAMETR_Q: 1 | P805: PRINT_INFORMATION: 0 | Q805: MAX_PARAMETR_VALUE_TO_MIN_OPT: 1 | R805: OPTIMIZE: OPTIMIZE_MIN_1 | S805: FUNCTION: SHAFFERA GO_HASH: 0 | T805: HASH_TABLE_SIZE: 67108864 | U805: ZERO_HASH_RESULT: -1 | V805: ZERO_HASH: 18446744073709551615 | W805: MAX_PROBES: 10000 | X805: MAX_CONST: 8192 | Y805: MAX_SHARED: 6144 | Z805: BLOCK_SIZE: 256 | AA805: BIN_SEARCH: 0 | AB805: NON_WHILE_ANT: 1
A806: Run 4 function ACO 4start0 | B806: 233.15 | C806: 226.687 | D806: 3.70868 | E806: 132.072 | F806: 79.0048 | G806: 6.46346 | H806: -416853 | I806: 100 | J806: 2.85336 | K806: 0.147719 | L806: 0.83681
A807: Run 4 function ACO 4start1 | B807: 229.927 | C807: 224.4 | D807: 3.75364 | E807: 132.086 | F807: 78.9523 | G807: 5.52731 | H807: -416825 | I807: 100 | J807: 2.89336 | K807: 0.150601 | L807: 0.836968
A808: Run 4 function ACO 4start2 | B808: 230.03 | C808: 225.092 | D808: 3.69044 | E808: 132.106 | F808: 78.8897 | G808: 4.93784 | H808: -416880 | I808: 100 | J808: 2.89207 | K808: 0.159389 | L808: 0.837045
A809: Run 4 function ACO 4start3 | B809: 231.568 | C809: 226.013 | D809: 3.68836 | E809: 132.063 | F809: 78.8432 | G809: 5.5544 | H809: -416841 | I809: 100 | J809: 2.87286 | K809: 0.147189 | L809: 0.836975
A810: Run 4 function ACO 4start4 | B810: 229.69 | C810: 224.548 | D810: 3.66808 | E810: 132.08 | F810: 78.7426 | G810: 5.14166 | H810: -416874 | I810: 100 | J810: 2.89635 | K810: 0.151214 | L810: 0.83695
A811: Run 4 function ACO 4start5 | B811: 229.873 | C811: 224.738 | D811: 3.70532 | E811: 132.091 | F811: 78.8321 | G811: 5.13489 | H811: -416850 | I811: 100 | J811: 2.89405 | K811: 0.148875 | L811: 0.836967
A812: Run 4 function ACO 4start6 | B812: 236.281 | C812: 229.047 | D812: 4.13812 | E812: 132.244 | F812: 79.5409 | G812: 7.23378 | H812: -416853 | I812: 100 | J812: 2.81556 | K812: 0.147904 | L812: 0.837049
A813: Run 4 function ACO 4start7 | B813: 230.247 | C813: 224.875 | D813: 3.68887 | E813: 132.134 | F813: 78.7676 | G813: 5.37181 | H813: -416831 | I813: 100 | J813: 2.88934 | K813: 0.147103 | L813: 0.837045
A814: Run 4 function ACO 4start8 | B814: 230.342 | C814: 225.221 | D814: 3.79118 | E814: 132.232 | F814: 78.8949 | G814: 5.12091 | H814: -416880 | I814: 100 | J814: 2.88816 | K814: 0.147404 | L814: 0.836956
A815: Run 4 function ACO 4start9 | B815: 231.714 | C815: 225.85 | D815: 3.84129 | E815: 132.24 | F815: 78.885 | G815: 5.86417 | H815: -416880 | I815: 100 | J815: 2.87104 | K815: 0.147654 | L815: 0.837052
A816: Run 4 function ACO 4start10 | B816: 238.274 | C816: 230.253 | D816: 3.78324 | E816: 132.166 | F816: 79.0278 | G816: 8.02177 | H816: -416880 | I816: 100 | J816: 2.792 | K816: 0.15057 | L816: 0.867078
A817: Run 4 function ACO 4start11 | B817: 230.663 | C817: 225.453 | D817: 3.82308 | E817: 132.276 | F817: 78.9719 | G817: 5.21037 | H817: -416853 | I817: 100 | J817: 2.88413 | K817: 0.146481 | L817: 0.836904
... A1005: Run 4 function ACO 4start transposed49 | B1005: 313.673 | C1005: 307.98 | D1005: 3.81009 | E1005: 237.999 | F1005: 54.8078 | G1005: 5.69357 | H1005: -415091 | I1005: 100 | J1005: 2.12088 | K1005: 0.178462 | L1005: 0.836633

Sheet t1344
A1: Device 0: NVIDIA GeForce RTX 4060 Ti | B1: Max thread in blocks: 1024 Total Global Memory: 8187,5 MB GPU Global Memory Usage: 7,89934 MB GPU Global Memory Hash Table: 1024 MB Max PARAMETR_SIZE in GPU Global Memory: 3543146 Shared memory per block: 49152 bytes (48 KB) Shared memory per multiprocessor: 102400 bytes (100 KB) Data size in Shared memory per block: 10752 bytes (10,5 KB) Constant Memory: 65536 bytes Parameter data size (in Constant Memory): 53760 bytes (52,5 KB) Registers per Block: 65536 Warp Size: 32 Compute Capability: 8,9 Can Map Host Memory: Yes Clock Rate: 2550 MHz L2 Cache Size: 33554432 bytes Multiprocessor Count: 34 | C1: Max thread in blocks by axis: (1024, 1024, 64) | D1: Max blocks by axis: (2147483647, 65535, 65535) | E1: PARAMETR_SIZE: 1344 | F1: MAX_VALUE_SIZE: 5 | G1: SET_PARAMETR_SIZE_ONE_X: 21 | H1: ANT_SIZE: 500 | I1: MAX_THREAD_CUDA: 512 | J1: NAME_FILE_GRAPH: Parametr_Graph/test1344,txt | K1: KOL_ITERATION: 500 | L1: KOL_PROGREV: 5 | M1: KOL_PROGON_STATISTICS: 50 | N1: PARAMETR_RO: 0,999 | O1: PARAMETR_Q: 1 | P1: PRINT_INFORMATION: 0 | Q1: MAX_PARAMETR_VALUE_TO_MIN_OPT: 1 | R1: OPTIMIZE: OPTIMIZE_MIN_1 | S1: FUNCTION: SHAFFERA GO_HASH: 0 | T1: HASH_TABLE_SIZE: 67108864 | U1: ZERO_HASH_RESULT: -1 | V1: ZERO_HASH: 18446744073709551615 | W1: MAX_PROBES: 10000 | X1: MAX_CONST: 8192 | Y1: MAX_SHARED: 6144 | Z1: BLOCK_SIZE: 256 | AA1: BIN_SEARCH: 0 | AB1: NON_WHILE_ANT: 1
A2: Run 4 function ACO 4start0 | B2: 229.573 | C2: 224.359 | D2: 3.61854 | E2: 128.186 | F2: 82.3516 | G2: 5.21388 | H2: -417045 | I2: 100 | J2: 5.78753 | K2: 0.283079 | L2: 0.724613
A3: Run 4 function ACO 4start1 | B3: 229.595 | C3: 224.701 | D3: 3.60993 | E3: 128.382 | F3: 82.2955 | G3: 4.89435 | H3: -417018 | I3: 100 | J3: 5.78697 | K3: 0.262728 | L3: 0.727899
A4: Run 4 function ACO 4start2 | B4: 229.175 | C4: 223.666 | D4: 3.6499 | E4: 128.02 | F4: 82.264 | G4: 5.50925 | H4: -417039 | I4: 100 | J4: 5.79759 | K4: 0.283192 | L4: 0.706531
A5: Run 4 function ACO 4start3 | B5: 229.641 | C5: 224.356 | D5: 3.65508 | E5: 128.497 | F5: 82.329 | G5: 5.28525 | H5: -417018 | I5: 100 | J5: 5.78581 | K5: 0.283078 | L5: 0.726046
A6: Run 4 function ACO 4start4 | B6: 232.82 | C6: 226.405 | D6: 3.73121 | E6: 128.502 | F6: 82.4189 | G6: 6.41487 | H6: -417048 | I6: 100 | J6: 5.70682 | K6: 0.283078 | L6: 0.727559
A7: Run 4 function ACO 4start5 | B7: 230.743 | C7: 224.766 | D7: 3.59771 | E7: 128.228 | F7: 82.3728 | G7: 5.97743 | H7: -417035 | I7: 100 | J7: 5.75818 | K7: 0.283212 | L7: 0.72789
A8: Run 4 function ACO 4start6 | B8: 232.132 | C8: 226.02 | D8: 3.66942 | E8: 128.317 | F8: 82.2852 | G8: 6.11243 | H8: -417038 | I8: 100 | J8: 5.72373 | K8: 0.262573 | L8: 0.727724
A9: Run 4 function ACO 4start7 | B9: 229.793 | C9: 224.439 | D9: 3.66321 | E9: 128.267 | F9: 82.3214 | G9: 5.35411 | H9: -417045 | I9: 100 | J9: 5.782 | K9: 0.283078 | L9: 0.727881
A10: Run 4 function ACO 4start8 | B10: 230.28 | C10: 224.992 | D10: 3.80296 | E10: 128.361 | F10: 82.3877 | G10: 5.2876 | H10: -417018 | I10: 100 | J10: 5.76977 | K10: 0.28308 | L10: 0.727547
A11: Run 4 function ACO 4start9 | B11: 229.75 | C11: 224.378 | D11: 3.67537 | E11: 128.316 | F11: 82.3054 | G11: 5.37193 | H11: -417045 | I11: 100 | J11: 5.78308 | K11: 0.283095 | L11: 0.726638
A12: Run 4 function ACO 4start10 | B12: 231.778 | C12: 225.842 | D12: 3.80424 | E12: 128.278 | F12: 82.5087 | G12: 5.9362 | H12: -417045 | I12: 100 | J12: 5.73248 | K12: 0.260614 | L12: 0.727704
A13: Run 4 function ACO 4start11 | B13: 239.874 | C13: 230.948 | D13: 3.75537 | E13: 128.416 | F13: 82.4811 | G13: 8.92505 | H13: -417015 | I13: 100 | J13: 5.53901 | K13: 0.264109 | L13: 0.727389
... A201: Run 4 function ACO 4start transposed49 | B201: 916.203 | C201: 910.694 | D201: 3.90091 | E201: 836.737 | F201: 57.2187 | G201: 5.50897 | H201: -415370 | I201: 100 | J201: 1.45018 | K201: 0.270571 | L201: 0.722743
A202: Device 0: NVIDIA GeForce RTX 4060 Ti | B202: Max thread in blocks: 1024 Total Global Memory: 8187,5 MB GPU Global Memory Usage: 7,89934 MB GPU Global Memory Hash Table: 1024 MB Max PARAMETR_SIZE in GPU Global Memory: 3543146 Shared memory per block: 49152 bytes (48 KB) Shared memory per multiprocessor: 102400 bytes (100 KB) Data size in Shared memory per block: 10752 bytes (10,5 KB) Constant Memory: 65536 bytes Parameter data size (in Constant Memory): 53760 bytes (52,5 KB) Registers per Block: 65536 Warp Size: 32 Compute Capability: 8,9 Can Map Host Memory: Yes Clock Rate: 2550 MHz L2 Cache Size: 33554432 bytes Multiprocessor Count: 34 | C202: Max thread in blocks by axis: (1024, 1024, 64) | D202: Max blocks by axis: (2147483647, 65535, 65535) | E202: PARAMETR_SIZE: 1344 | F202: MAX_VALUE_SIZE: 5 | G202: SET_PARAMETR_SIZE_ONE_X: 21 | H202: ANT_SIZE: 500 | I202: MAX_THREAD_CUDA: 512 | J202: NAME_FILE_GRAPH: Parametr_Graph/test1344,txt | K202: KOL_ITERATION: 500 | L202: KOL_PROGREV: 5 | M202: KOL_PROGON_STATISTICS: 50 | N202: PARAMETR_RO: 0,999 | O202: PARAMETR_Q: 1 | P202: PRINT_INFORMATION: 0 | Q202: MAX_PARAMETR_VALUE_TO_MIN_OPT: 1 | R202: OPTIMIZE: OPTIMIZE_MIN_1 | S202: FUNCTION: SHAFFERA GO_HASH: 0 | T202: HASH_TABLE_SIZE: 67108864 | U202: ZERO_HASH_RESULT: -1 | V202: ZERO_HASH: 18446744073709551615 | W202: MAX_PROBES: 10000 | X202: MAX_CONST: 8192 | Y202: MAX_SHARED: 6144 | Z202: BLOCK_SIZE: 256 | AA202: BIN_SEARCH: 0 | AB202: NON_WHILE_ANT: 1
A203: Run 4 function ACO 4start0 | B203: 227.384 | C203: 220.945 | D203: 3.76567 | E203: 125.183 | F203: 80.4676 | G203: 6.43958 | H203: -416908 | I203: 100 | J203: 5.84325 | K203: 0.275397 | L203: 0.727883
A204: Run 4 function ACO 4start1 | B204: 226.965 | C204: 220.89 | D204: 3.65748 | E204: 125.208 | F204: 80.1739 | G204: 6.07494 | H204: -416913 | I204: 100 | J204: 5.85404 | K204: 0.263524 | L204: 0.736702
A205: Run 4 function ACO 4start2 | B205: 229.211 | C205: 222.18 | D205: 3.86532 | E205: 125.411 | F205: 80.2374 | G205: 7.0307 | H205: -416908 | I205: 100 | J205: 5.79668 | K205: 0.283078 | L205: 0.727861
A206: Run 4 function ACO 4start3 | B206: 224.248 | C206: 219.085 | D206: 3.64536 | E206: 125.507 | F206: 80.0164 | G206: 5.16335 | H206: -416898 | I206: 100 | J206: 5.92496 | K206: 0.283078 | L206: 0.71629
A207: Run 4 function ACO 4start4 | B207: 224.623 | C207: 219.319 | D207: 4.07591 | E207: 125.385 | F207: 80.0889 | G207: 5.30342 | H207: -416880 | I207: 100 | J207: 5.91508 | K207: 0.263749 | L207: 0.727887
A208: Run 4 function ACO 4start5 | B208: 224.325 | C208: 219.022 | D208: 3.73585 | E208: 125.294 | F208: 80.1228 | G208: 5.30299 | H208: -416899 | I208: 100 | J208: 5.92294 | K208: 0.283079 | L208: 0.727491
A209: Run 4 function ACO 4start6 | B209: 224.434 | C209: 219.291 | D209: 3.80043 | E209: 125.193 | F209: 80.0724 | G209: 5.1425 | H209: -417012 | I209: 100 | J209: 5.92006 | K209: 0.264431 | L209: 0.726866
A210: Run 4 function ACO 4start7 | B210: 224.262 | C210: 218.743 | D210: 3.6955 | E210: 125.33 | F210: 80.0793 | G210: 5.51945 | H210: -416880 | I210: 100 | J210: 5.9246 | K210: 0.283099 | L210: 0.726669
A211: Run 4 function ACO 4start8 | B211: 224.925 | C211: 219.576 | D211: 3.75115 | E211: 125.391 | F211: 80.1451 | G211: 5.34885 | H211: -416928 | I211: 100 | J211: 5.90713 | K211: 0.283086 | L211: 0.747115
A212: Run 4 function ACO 4start9 | B212: 225.947 | C212: 220.355 | D212: 3.74136 | E212: 125.286 | F212: 80.1884 | G212: 5.59229 | H212: -416880 | I212: 100 | J212: 5.8804 | K212: 0.263711 | L212: 0.714804
A213: Run 4 function ACO 4start10 | B213: 228.421 | C213: 221.789 | D213: 3.78273 | E213: 125.412 | F213: 80.0648 | G213: 6.63167 | H213: -416951 | I213: 100 | J213: 5.81673 | K213: 0.283091 | L213: 0.727434
A214: Run 4 function ACO 4start11 | B214: 224.6 | C214: 219.673 | D214: 3.72193 | E214: 125.301 | F214: 80.1025 | G214: 4.92717 | H214: -416908 | I214: 100 | J214: 5.91568 | K214: 0.262785 | L214: 0.725438
... A402: Run 4 function ACO 4start transposed49 | B402: 889.605 | C402: 884.663 | D402: 3.50971 | E402: 813.093 | F402: 55.7644 | G402: 4.94159 | H402: -415256 | I402: 100 | J402: 1.49354 | K402: 0.283409 | L402: 0.719562
A403: Device 0: NVIDIA GeForce RTX 4060 Ti | B403: Max thread in blocks: 1024 Total Global Memory: 8187,5 MB GPU Global Memory Usage: 7,89934 MB GPU Global Memory Hash Table: 1024 MB Max PARAMETR_SIZE in GPU Global Memory: 3543146 Shared memory per block: 49152 bytes (48 KB) Shared memory per multiprocessor: 102400 bytes (100 KB) Data size in Shared memory per block: 10752 bytes (10,5 KB) Constant Memory: 65536 bytes Parameter data size (in Constant Memory): 53760 bytes (52,5 KB) Registers per Block: 65536 Warp Size: 32 Compute Capability: 8,9 Can Map Host Memory: Yes Clock Rate: 2550 MHz L2 Cache Size: 33554432 bytes Multiprocessor Count: 34 | C403: Max thread in blocks by axis: (1024, 1024, 64) | D403: Max blocks by axis: (2147483647, 65535, 65535) | E403: PARAMETR_SIZE: 1344 | F403: MAX_VALUE_SIZE: 5 | G403: SET_PARAMETR_SIZE_ONE_X: 21 | H403: ANT_SIZE: 500 | I403: MAX_THREAD_CUDA: 512 | J403: NAME_FILE_GRAPH: Parametr_Graph/test1344,txt | K403: KOL_ITERATION: 500 | L403: KOL_PROGREV: 5 | M403: KOL_PROGON_STATISTICS: 50 | N403: PARAMETR_RO: 0,999 | O403: PARAMETR_Q: 1 | P403: PRINT_INFORMATION: 0 | Q403: MAX_PARAMETR_VALUE_TO_MIN_OPT: 1 | R403: OPTIMIZE: OPTIMIZE_MIN_1 | S403: FUNCTION: SHAFFERA GO_HASH: 0 | T403: HASH_TABLE_SIZE: 67108864 | U403: ZERO_HASH_RESULT: -1 | V403: ZERO_HASH: 18446744073709551615 | W403: MAX_PROBES: 10000 | X403: MAX_CONST: 8192 | Y403: MAX_SHARED: 6144 | Z403: BLOCK_SIZE: 256 | AA403: BIN_SEARCH: 0 | AB403: NON_WHILE_ANT: 1
A404: Run 4 function ACO 4start0 | B404: 247.002 | C404: 240.35 | D404: 3.76392 | E404: 144.223 | F404: 80.2129 | G404: 6.65222 | H404: -416900 | I404: 100 | J404: 5.37915 | K404: 0.283095 | L404: 0.72703
A405: Run 4 function ACO 4start1 | B405: 243.608 | C405: 238.431 | D405: 3.68753 | E405: 144.718 | F405: 79.9512 | G405: 5.1767 | H405: -416879 | I405: 100 | J405: 5.4541 | K405: 0.283078 | L405: 0.727705
A406: Run 4 function ACO 4start2 | B406: 243.844 | C406: 238.308 | D406: 3.729 | E406: 144.676 | F406: 80.0316 | G406: 5.53677 | H406: -416879 | I406: 100 | J406: 5.44881 | K406: 0.283083 | L406: 0.727858
A407: Run 4 function ACO 4start3 | B407: 243.106 | C407: 237.98 | D407: 3.65348 | E407: 144.34 | F407: 79.9863 | G407: 5.12631 | H407: -416908 | I407: 100 | J407: 5.46535 | K407: 0.271691 | L407: 0.725878
A408: Run 4 function ACO 4start4 | B408: 243.701 | C408: 238.202 | D408: 3.7018 | E408: 144.608 | F408: 80.0056 | G408: 5.4989 | H408: -416927 | I408: 100 | J408: 5.45201 | K408: 0.260683 | L408: 0.727139
A409: Run 4 function ACO 4start5 | B409: 248.531 | C409: 241.49 | D409: 3.76663 | E409: 145.036 | F409: 80.2854 | G409: 7.04077 | H409: -416908 | I409: 100 | J409: 5.34607 | K409: 0.276399 | L409: 0.725109
A410: Run 4 function ACO 4start6 | B410: 244.815 | C410: 239.617 | D410: 3.76596 | E410: 145.428 | F410: 80.0225 | G410: 5.19771 | H410: -416925 | I410: 100 | J410: 5.42721 | K410: 0.264444 | L410: 0.72787
A411: Run 4 function ACO 4start7 | B411: 246.499 | C411: 240.256 | D411: 3.91841 | E411: 144.606 | F411: 80.0919 | G411: 6.24315 | H411: -416908 | I411: 100 | J411: 5.39012 | K411: 0.267572 | L411: 0.727764
A412: Run 4 function ACO 4start8 | B412: 247.852 | C412: 241.115 | D412: 3.85019 | E412: 144.309 | F412: 80.1117 | G412: 6.73788 | H412: -416931 | I412: 100 | J412: 5.3607 | K412: 0.28308 | L412: 0.721556
A413: Run 4 function ACO 4start9 | B413: 243.766 | C413: 238.862 | D413: 3.71121 | E413: 144.916 | F413: 79.9875 | G413: 4.90419 | H413: -416930 | I413: 100 | J413: 5.45056 | K413: 0.283078 | L413: 0.727555
A414: Run 4 function ACO 4start10 | B414: 244.094 | C414: 239.102 | D414: 3.76811 | E414: 144.856 | F414: 80.0196 | G414: 4.9921 | H414: -416908 | I414: 100 | J414: 5.44325 | K414: 0.283079 | L414: 0.72783
A415: Run 4 function ACO 4start11 | B415: 244.154 | C415: 239.095 | D415: 3.82411 | E415: 144.848 | F415: 80.1332 | G415: 5.05968 | H415: -416908 | I415: 100 | J415: 5.4419 | K415: 0.283088 | L415: 0.727516
... A603: Run 4 function ACO 4start transposed49 | B603: 863.899 | C603: 858.973 | D603: 3.49166 | E603: 788.313 | F603: 55.3037 | G603: 4.92627 | H603: -415200 | I603: 100 | J603: 1.53798 | K603: 0.283496 | L603: 0.70649
A604: Device 0: NVIDIA GeForce RTX 4060 Ti | B604: Max thread in blocks: 1024 Total Global Memory: 8187,5 MB GPU Global Memory Usage: 7,89934 MB GPU Global Memory Hash Table: 1024 MB Max PARAMETR_SIZE in GPU Global Memory: 3543146 Shared memory per block: 49152 bytes (48 KB) Shared memory per multiprocessor: 102400 bytes (100 KB) Data size in Shared memory per block: 10752 bytes (10,5 KB) Constant Memory: 65536 bytes Parameter data size (in Constant Memory): 53760 bytes (52,5 KB) Registers per Block: 65536 Warp Size: 32 Compute Capability: 8,9 Can Map Host Memory: Yes Clock Rate: 2550 MHz L2 Cache Size: 33554432 bytes Multiprocessor Count: 34 | C604: Max thread in blocks by axis: (1024, 1024, 64) | D604: Max blocks by axis: (2147483647, 65535, 65535) | E604: PARAMETR_SIZE: 1344 | F604: MAX_VALUE_SIZE: 5 | G604: SET_PARAMETR_SIZE_ONE_X: 21 | H604: ANT_SIZE: 500 | I604: MAX_THREAD_CUDA: 512 | J604: NAME_FILE_GRAPH: Parametr_Graph/test1344,txt | K604: KOL_ITERATION: 500 | L604: KOL_PROGREV: 5 | M604: KOL_PROGON_STATISTICS: 50 | N604: PARAMETR_RO: 0,999 | O604: PARAMETR_Q: 1 | P604: PRINT_INFORMATION: 0 | Q604: MAX_PARAMETR_VALUE_TO_MIN_OPT: 1 | R604: OPTIMIZE: OPTIMIZE_MIN_1 | S604: FUNCTION: SHAFFERA GO_HASH: 0 | T604: HASH_TABLE_SIZE: 67108864 | U604: ZERO_HASH_RESULT: -1 | V604: ZERO_HASH: 18446744073709551615 | W604: MAX_PROBES: 10000 | X604: MAX_CONST: 8192 | Y604: MAX_SHARED: 6144 | Z604: BLOCK_SIZE: 256 | AA604: BIN_SEARCH: 0 | AB604: NON_WHILE_ANT: 1
A605: Run 4 function ACO 4start0 | B605: 264.373 | C605: 258.275 | D605: 3.75825 | E605: 162.122 | F605: 80.2868 | G605: 6.09769 | H605: -416908 | I605: 100 | J605: 5.02571 | K605: 0.283079 | L605: 0.727856
A606: Run 4 function ACO 4start1 | B606: 260.452 | C606: 255.416 | D606: 3.67828 | E606: 161.656 | F606: 80.0826 | G606: 5.03644 | H606: -416908 | I606: 100 | J606: 5.10136 | K606: 0.283078 | L606: 0.727851
A607: Run 4 function ACO 4start2 | B607: 262.612 | C607: 256.969 | D607: 3.74392 | E607: 162.042 | F607: 80.1849 | G607: 5.64285 | H607: -416926 | I607: 100 | J607: 5.05941 | K607: 0.264029 | L607: 0.727862
A608: Run 4 function ACO 4start3 | B608: 263.644 | C608: 257.307 | D608: 3.7523 | E608: 162.344 | F608: 80.1627 | G608: 6.33691 | H608: -416880 | I608: 100 | J608: 5.03961 | K608: 0.283088 | L608: 0.727896
A609: Run 4 function ACO 4start4 | B609: 264.614 | C609: 258.138 | D609: 3.78603 | E609: 161.969 | F609: 80.1329 | G609: 6.47617 | H609: -416906 | I609: 100 | J609: 5.02114 | K609: 0.262021 | L609: 0.719691
A610: Run 4 function ACO 4start5 | B610: 262.695 | C610: 257.078 | D610: 3.86779 | E610: 162.163 | F610: 80.0997 | G610: 5.61707 | H610: -416911 | I610: 100 | J610: 5.05782 | K610: 0.283081 | L610: 0.724065
A611: Run 4 function ACO 4start6 | B611: 261.039 | C611: 255.83 | D611: 3.75063 | E611: 161.926 | F611: 80.1312 | G611: 5.20938 | H611: -416905 | I611: 100 | J611: 5.08989 | K611: 0.283107 | L611: 0.727571
A612: Run 4 function ACO 4start7 | B612: 266.148 | C612: 259.111 | D612: 3.85025 | E612: 161.913 | F612: 80.1795 | G612: 7.03656 | H612: -416908 | I612: 100 | J612: 4.9922 | K612: 0.26739 | L612: 0.72769
A613: Run 4 function ACO 4start8 | B613: 260.768 | C613: 255.529 | D613: 3.65425 | E613: 162.038 | F613: 80.0455 | G613: 5.23924 | H613: -416897 | I613: 100 | J613: 5.09518 | K613: 0.271804 | L613: 0.72783
A614: Run 4 function ACO 4start9 | B614: 261.639 | C614: 256.411 | D614: 3.81716 | E614: 162.121 | F614: 80.1734 | G614: 5.22791 | H614: -416880 | I614: 100 | J614: 5.07822 | K614: 0.283079 | L614: 0.726157
A615: Run 4 function ACO 4start10 | B615: 261.376 | C615: 256.426 | D615: 3.71153 | E615: 162.312 | F615: 80.3784 | G615: 4.95004 | H615: -416902 | I615: 100 | J615: 5.08334 | K615: 0.268039 | L615: 0.727343
A616: Run 4 function ACO 4start11 | B616: 262.47 | C616: 256.793 | D616: 3.69288 | E616: 162.037 | F616: 80.2058 | G616: 5.67712 | H616: -416905 | I616: 100 | J616: 5.06215 | K616: 0.260857 | L616: 0.727322
... A804: Run 4 function ACO 4start transposed49 | B804: 872.401 | C804: 865.932 | D804: 3.63473 | E804: 792.703 | F804: 55.7228 | G804: 6.46869 | H804: -415201 | I804: 100 | J804: 1.523 | K804: 0.261505 | L804: 0.727881
